,feature,gbr,rf,xgb,BayesianRidge,mean,true_position,TMD,amino_acid
0,1,0.0193285355262784,0.0194337880993602,0.0091566257178783,0.2550073418947439,0.0757315728095652,1,CT/EC,M
1,2,0.0032467029456531,0.0064333781274993,0.0015312142204493,0.2092716564321357,0.0551207379314343,2,CT/EC,N
2,3,0.0027154900305626,0.0055538350380037,0.0003528334782458,0.1486795445613779,0.0393254257770475,3,N-Termina,G
3,4,0.0330419760455905,0.0489038611934369,0.0321957729756832,0.1591774425597125,0.0683297631936057,4,N-Termina,T
4,5,0.0027814688449225,0.0075204542147335,0.0023924747947603,0.1305559012512727,0.0358125747764223,5,N-Termina,E
5,6,0.0004523047344581,0.0080912330698971,0.0005082132993265,0.1336955562930764,0.0356868268491896,6,N-Termina,G
6,7,0.0012147006235057,0.0040331178485197,0.000350391579559,0.1299021459003669,0.0338750889879878,7,N-Termina,P
7,8,0.1790367049465264,0.0055859450852503,0.0002757803595159,0.1484396411426287,0.0833345178834803,8,N-Termina,N
8,9,0.0028886106760571,0.0027840496849976,0.0006087023066356,0.149691061838629,0.0389931061265798,9,N-Termina,F
9,10,0.0027053070002743,0.0386224404481771,0.0016259629046544,0.2222261146629885,0.0662949562540236,10,N-Termina,Y
10,11,0.003211132597496,0.0511699663535509,0.0005930323968641,0.142327653966747,0.0493254463286645,11,N-Termina,V
11,12,0.009723623860818,0.020996114745503,0.0002483930147718,0.0152696825113466,0.0115594535331099,12,N-Termina,P
12,13,0.0024757323307618,0.0081490198478782,0.0007432015263475,0.1337526894134519,0.0362801607796099,13,N-Termina,F
13,14,0.0054809739281405,0.0281156084159496,0.0011925213038921,0.1349694385327445,0.0424396355451817,14,N-Termina,S
14,15,0.0006718868153111,0.0107599967663367,0.0087606515735387,0.1671278345337178,0.0468300924222261,15,N-Termina,N
15,16,0.0023525933052877,0.0461340049469393,0.0020187515765428,0.1580515991170937,0.0521392372364659,16,N-Termina,K
16,17,0.0330519448031212,0.1179558929885911,0.0017507713055238,0.1880454343525711,0.0852010108624518,17,N-Termina,T
17,18,0.0014792538621232,0.0183480639386659,0.0017935025971382,0.2038640380106957,0.0563712146021558,18,N-Termina,G
18,19,0.129808595330699,0.0416155249935614,0.000687682069838,0.1359194963248392,0.0770078246797344,19,N-Termina,V
19,20,0.0244269891474039,0.104925157849122,3.9570877561345696e-05,0.0695692644935624,0.0497402455919124,20,N-Termina,V
20,21,0.0006572932314828,0.0076719091864349,0.006670500151813,0.2650551815302017,0.0700137210249831,21,N-Termina,R
21,22,0.0,0.0,0.0,0.0,0.0,22,N-Termina,S
22,23,0.0,0.0,0.0,0.0,0.0,23,N-Termina,P
23,24,0.014510339497262,0.0224422100238627,0.0,0.4797937317376452,0.1291865703146925,24,N-Termina,F
24,25,0.0226531618837145,0.0088730122167153,0.0013804702321067,0.1675604061600448,0.0501167626231453,25,N-Termina,E
25,26,0.0016471915438427,0.0253373706480365,0.000530490418896,0.1475551075255916,0.0437675400340917,26,N-Termina,A
26,27,0.0110725656616926,0.0028753997180961,0.0010536899790167,0.0809276571046334,0.0239823281158597,27,N-Termina,P
27,28,0.0003532380573426,0.0630265853339846,0.0003533153794705,0.1614142286447835,0.0562868418538953,28,N-Termina,Q
28,29,0.0028337697294894,0.0107247013969185,0.002360763028264,0.1677400455212883,0.0459148199189901,29,N-Termina,Y
29,30,0.0152561310266638,0.0351833393798018,0.0002941289858426,0.3506095722387825,0.1003357929077727,30,N-Termina,Y
30,31,0.0194698525010944,0.0306649394324861,0.0651535540819168,0.1187680384733062,0.0585140961222009,31,N-Termina,L
31,32,0.1592845698501496,0.0584319154225643,0.0002349502465222,0.1223836774586304,0.0850837782444666,32,N-Termina,A
32,33,0.0002767968367842,0.034944404460221,0.0013574080076068,0.0636732421707022,0.0250629628688285,33,N-Termina,E
33,34,0.0104990837725574,0.0464410206620353,0.0046702725812792,0.2237862925031857,0.0713491673797644,34,N-Termina,P
34,35,0.0003781438135685,0.0104761359224977,0.0009757038205862,0.1920030940308933,0.0509582693968864,35,N-Termina,W
35,36,0.0073346681877684,0.055203736678931,0.0283110775053501,0.2048626616921114,0.0739280360160402,36,N-Termina,Q
36,37,0.0507315776860378,0.0451248715592029,0.024384181946516,0.1289405849859561,0.0622953040444282,37,1,F
37,38,0.0057070071983522,0.023351479503935,0.0022630782332271,0.2011392956669035,0.0581152151506044,38,1,S
38,39,0.0051315393731217,0.0061124251768708,0.0005735784652642,0.2341467114040047,0.0614910636048154,39,1,M
39,40,0.0060890649321176,0.1067725950988459,0.3879424631595611,0.1712356074779827,0.1680099326671268,40,1,L
40,41,0.0181064381802848,0.0120519577972331,0.0020952632185071,0.176668192333129,0.0522304628822885,41,1,A
41,42,0.0024546096760225,0.0067523008270707,0.0019488062243908,0.2497858460315983,0.0652353906897706,42,1,A
42,43,0.0032045892992592,0.1123522273980685,0.0083343982696533,0.2641923125422043,0.0970208818772963,43,1,Y
43,44,0.2464965237033417,0.150521032634822,0.0001549307198729,0.2623888167875298,0.1648903259613916,44,1,M
44,45,0.0146326129282746,0.0184202732838714,0.0006817451794631,0.158301208309953,0.0480089599253905,45,1,F
45,46,0.0049004773722379,0.0135107872483858,0.0042145010083913,0.2180790164714329,0.060176195525112,46,1,L
46,47,0.3098428851794325,0.0304495165355768,0.0627755224704742,0.0144796805573782,0.1043869011857154,47,1,L
47,48,0.0087523272269074,0.0211405375159751,0.0038661900907754,0.2221258640554985,0.0639712297222891,48,1,I
48,49,0.0054256297470467,0.0114654504486814,0.0027388543821871,0.1961539235304494,0.0539459645270911,49,1,M
49,50,0.0023989862059494,0.0070388409115077,0.0021998300217092,0.2400610246237502,0.0629246704407291,50,1,L
50,51,0.006640074578141,0.0244392940337671,0.002190591301769,0.2467186127373294,0.0699971431627516,51,1,G
51,52,0.0077051378188921,0.0210531663983252,0.0024555376730859,0.1500863998993377,0.0453250604474102,52,1,F
52,53,0.0019495525039587,0.0105957183065018,0.0002066684683086,0.0762336828513755,0.0222464055325362,53,1,P
53,54,0.0269770112202351,0.5198554454968269,0.0,0.1680981276129566,0.1787326460825046,54,1,I
54,55,0.0,0.0,0.0,0.0,0.0,55,1,N
55,56,0.0004225209129447,0.0063954371300299,0.000244860566454,0.0976156702008496,0.0261696222025695,56,1,F
56,57,0.0075566374539997,0.0105559347883896,0.0011480486718937,0.2256575677064633,0.0612295471551866,57,1,L
57,58,0.0,0.0512518974341106,0.0,0.1871606368003496,0.059603133558615,58,1,T
58,59,0.0344079950899057,0.0212538264581503,0.0,0.0959133379343883,0.0378937898706111,59,1,L
59,60,0.0030029221011841,0.0079453624743176,0.0002295978192705,0.1890921406851643,0.0500675057699841,60,1,Y
60,61,0.0,0.0299575671926587,0.0,0.0696626679228199,0.0249050587788696,61,1,V
61,62,0.0,0.0,0.0,0.0,0.0,62,CT/EC,T
62,63,0.0046434392409914,0.0056417666838534,0.0034977602772414,0.2562144791927127,0.0674993613486997,63,CT/EC,V
63,64,0.0131153408715822,0.0271579687159208,0.0164201632142066,0.3405293639017654,0.0993057091758688,64,CT/EC,Q
64,65,0.0462285169342478,0.1796021881717753,0.170133575797081,0.1380835446387076,0.1335119563854529,65,CT/EC,H
65,66,0.0,0.0,0.0,0.0,0.0,66,CT/EC,K
66,67,0.0012232399233079,0.006768715448394,0.0157643910497427,0.6478815806161855,0.1679094817594075,67,CT/EC,K
67,68,0.0,0.0,0.0,0.0,0.0,68,CT/EC,L
68,69,0.0021502102329204,0.0052759797086506,0.0,0.1308471779526584,0.0345683419735573,69,CT/EC,R
69,70,0.005144358862012,0.0263300897918479,0.0,0.2039092359477541,0.0588459211504035,70,CT/EC,T
70,71,0.000200505924074,0.02657026131023,0.0015200395137071,0.0944776749139045,0.0306921204154789,71,CT/EC,P
71,72,0.0072666330443923,0.042885673350083,0.0,0.1776144921929514,0.0569416996468567,72,CT/EC,L
72,73,0.0,0.0102269164820893,0.0,0.0429757512506818,0.0133006669331928,73,CT/EC,N
73,74,0.0036917926967301,0.1193651631238072,0.0019884798675775,0.1905671924843482,0.0789031570431158,74,2,Y
74,75,0.0366038518599664,0.0301298443894633,0.0599719695746898,0.2912241911758058,0.1044824642499814,75,2,I
75,76,0.0030315687617162,0.015383815282384,0.0,0.1280578684186451,0.0366183131156863,76,2,L
76,77,0.0,0.0,0.0,0.0,0.0,77,2,L
77,78,0.0,0.0,0.0,0.0,0.0,78,2,N
78,79,0.0321341826423778,0.1803198058926481,0.0001007981409202,0.1968294779473272,0.1023460661558183,79,2,L
79,80,0.0010824352078718,0.3704449940276023,0.0,0.1555499470075657,0.1317693440607599,80,2,A
80,81,0.0062710599046591,0.0106806771003056,0.0015822371933609,0.1092733241593562,0.0319518245894205,81,2,V
81,82,0.0040388031456023,0.0168208144624377,0.0035891232546418,0.2066819995859222,0.057782685112151,82,2,A
82,83,0.002898704336413,0.0558505518331036,0.0048989420756697,0.2960626018139199,0.0899277000147766,83,2,D
83,84,0.0531234816968517,0.0326935007404587,0.3788811862468719,0.314623085851139,0.1948303136338303,84,2,L
84,85,0.0082696908069917,0.0108122174997141,0.0011075076181441,0.0993321121801799,0.0298803820262574,85,2,F
85,86,0.1175081957164891,0.1669849905067275,0.0379262529313564,1.0,0.3306048597886433,86,2,M
86,87,0.0011231987495734,0.0234606008404921,0.0001647800236241,0.21761693960005,0.0605913798034349,87,2,V
87,88,0.0045700630294653,0.0128200565011751,0.0015139362076297,0.2539105399820405,0.0682036489300776,88,2,F
88,89,0.2263931513103126,0.0584786015520326,0.0108923623338341,0.1832300089619909,0.1197485310395426,89,2,G
89,90,0.0546475779455354,0.1691086929657581,0.013204388320446,0.4595863730262476,0.1741367580644968,90,2,G
90,91,0.3983377820309408,0.235336180627858,0.001614122535102,0.1627951938180441,0.1995208197529862,91,2,F
91,92,0.0075165684397585,0.0420790381274736,0.0032493255566805,0.1693986789050387,0.0555609027572378,92,2,T
92,93,0.0138619320827711,0.0347551200381308,0.0348242335021495,0.2615171982511154,0.0862396209685417,93,2,T
93,94,1.0,0.0976655721750362,0.0776763558387756,0.1974632736342843,0.343201300412024,94,2,T
94,95,0.0250135209524973,0.0675211958911279,0.0035009940620511,0.1954114633967142,0.0728617935755976,95,2,L
95,96,0.0213036554773424,0.0308760160650342,0.0277899503707885,0.1733601553664382,0.0633324443199008,96,CT/EC,Y
96,97,0.0058797124759238,0.0264274581877631,0.1102228760719299,0.2936870901023447,0.1090542842094904,97,CT/EC,T
97,98,0.0319272654964134,0.1499985893549916,0.0691797658801078,0.0789358756912447,0.0825103741056894,98,CT/EC,S
98,99,0.0733528262820449,0.0153163970340541,0.0781025141477584,0.0723945129218673,0.0597915625964312,99,CT/EC,L
99,100,0.0065359793275396,0.0173149875233911,0.0021079813595861,0.1953458960501769,0.0553262110651734,100,CT/EC,H
100,101,0.0450447154513368,0.0363612026450734,0.0018848559120669,0.1535528233902708,0.059210899349687,101,CT/EC,G
101,102,0.0567034489060257,0.0404232818839139,0.0,0.0974047530037584,0.0486328709484245,102,CT/EC,Y
102,103,0.0859623826397307,0.0268176725256167,0.092105783522129,0.274768763170222,0.1199136504644246,103,CT/EC,F
103,104,0.0179200394383017,0.0082141887909649,0.0013940503122285,0.1344987105358409,0.040506747269334,104,CT/EC,V
104,105,0.0051250154710841,0.0094198628727718,0.0006879344000481,0.182605773874972,0.049459646654719,105,CT/EC,F
105,106,0.0342443200178987,0.0182309753771515,0.0011965561425313,0.1501830655558495,0.0509637292733578,106,CT/EC,G
106,107,0.0040582882773805,0.0198054027473842,0.0015663366066291,0.1506540356516177,0.0440210158207529,107,CT/EC,P
107,108,0.0038362681984364,0.0958394502236123,0.000469504710054,0.2077199273893586,0.0769662876303653,108,CT/EC,T
108,109,0.0075350102974993,0.0183744674584115,0.1050627008080482,0.2530373448105493,0.0960023808436271,109,CT/EC,G
109,110,0.0,0.0,0.0,0.0,0.0,110,CT/EC,C
110,111,0.0115529405976663,0.0157056761038132,0.0050875791348516,0.1199353648785343,0.0380703901787164,111,3,N
111,112,0.0020791965798378,0.0085204820978646,0.0007184584974311,0.1967031230316531,0.0520053150516967,112,3,L
112,113,0.0418133954904098,0.1503700867605776,0.0,0.2585081476801222,0.1126729074827774,113,3,E
113,114,0.0011241398897383,0.0147818893764406,0.0,0.2392942152142669,0.0638000611201114,114,3,G
114,115,0.0015936442747201,0.0051688639111827,0.001265283790417,0.1808464121803095,0.0472185510391573,115,3,F
115,116,0.0076990362020786,0.0109755504455343,0.0010560319060459,0.3063935198937329,0.0815310346118479,116,3,F
116,117,0.0002894544788595,0.0579786641146079,0.0386453457176685,0.2637414333385949,0.0901637244124327,117,3,A
117,118,0.0112956912711542,0.0290206735113964,0.458163857460022,0.0497112724795669,0.1370478736805349,118,3,T
118,119,0.010728817085518,0.0170425565862416,0.0188900828361511,0.1046036494640184,0.0378162764929823,119,3,L
119,120,0.1190556431418355,0.0811537272854881,0.0,0.0453306847788453,0.0613850138015422,120,3,G
120,121,0.0,0.0,0.0,0.0,0.0,121,3,G
121,122,0.0065655016956582,0.0660806375508289,0.0166507512331008,0.2370511068588141,0.0815869993346005,122,3,E
122,123,0.0044867413535825,0.0220484421982096,0.0003230497823096,0.0923991683771303,0.029814350427808,123,3,I
123,124,0.4739192981024735,0.1535587473767399,0.0134769976139068,0.1140741735938152,0.1887573041717339,124,3,A
124,125,0.3788618797127313,0.1759599327022682,0.0,0.1865270321192821,0.1853372111335704,125,3,L
125,126,0.0002949966177366,0.0610524965109118,0.0003446851042099,0.0280269901188213,0.0224297920879199,126,3,W
126,127,0.0,0.0,0.0,0.0,0.0,127,3,S
127,128,0.0004260169996342,0.220828703195473,0.0,0.0995153689238456,0.0801925222797382,128,3,L
128,129,0.0001504584728987,0.0087963592645662,0.0004229737096466,0.2582294839436598,0.0668998188476928,129,3,V
129,130,0.0004323613539383,0.0064206912736637,0.0011180334258824,0.1399050219757877,0.036969027007318,130,3,V
130,131,3.4190836291632222e-06,0.0187995767289304,0.0,0.1972679196815335,0.0540177288735232,131,3,L
131,132,0.0003887904480225,0.0059724434674204,0.0,0.0987082499770931,0.026267370973134,132,3,A
132,133,0.0302758990344852,0.0766029371509603,0.401144802570343,0.1853532303827646,0.1733442172846383,133,CT/EC,I
133,134,0.0,0.0,0.0,0.0,0.0,134,CT/EC,E
134,135,0.0,0.0,0.0,0.0,0.0,135,CT/EC,R
135,136,0.0010957147896323,0.0099866589435184,0.0,0.1653804310572137,0.0441157011975911,136,CT/EC,Y
136,137,0.0113334255705939,0.023001962720815,0.0004092612362001,0.1074556516493736,0.0355500752942457,137,CT/EC,V
137,138,0.3661153513670587,0.1404348399098268,0.0019026930676773,0.261739414144427,0.1925480746222474,138,CT/EC,V
138,139,0.0106976543157004,0.1243925488946335,0.0,0.0904511404288417,0.0563853359097939,139,CT/EC,V
139,140,0.0051818747376209,0.0255108570309346,0.0990643873810768,0.1217114287908651,0.0628671369851243,140,CT/EC,C
140,141,0.4316118877224201,0.1041263942460877,0.0001861654309323,0.3125274072189739,0.2121129636546035,141,CT/EC,K
141,142,0.0012333561494609,0.0247758189039396,0.0,0.1439352142998664,0.0424860973383167,142,CT/EC,P
142,143,0.0048814523378205,0.0123479406885135,0.0040764333680272,0.1424501960281567,0.0409390056056294,143,CT/EC,M
143,144,0.0864167172650977,0.0192952217730572,0.0,0.0788066550961965,0.0461296485335878,144,CT/EC,S
144,145,0.0305169122812188,0.0057536012356136,0.012261220254004,0.1349728429175638,0.0458761441721,145,CT/EC,N
145,146,0.003608328835163,0.0245564119154436,0.0004607198934536,0.1206713192700684,0.0373241949785322,146,CT/EC,F
146,147,0.0390752943132581,0.0578128836513676,0.0018914900720119,0.1883725458392691,0.0717880534689767,147,CT/EC,R
147,148,0.0008403663990305,0.0049040816065699,0.0013181393733248,0.0926329599385382,0.0249238868293658,148,CT/EC,F
148,149,0.0183185671150765,0.0242741963931763,0.0016050897538661,0.1699995006116062,0.0535493384684313,149,CT/EC,G
149,150,0.0106861657086244,0.0171864338765198,0.0117387594655156,0.1383231471945065,0.0444836265612916,150,CT/EC,E
150,151,0.0012199840816309,0.0089001918366501,0.000872790988069,0.1264520254322424,0.0343612480846481,151,CT/EC,N
151,152,0.0029274301380808,0.0107916763842136,0.0009470809018239,0.2018913842956231,0.0541393929299354,152,CT/EC,H
152,153,0.0038782277970651,0.0147376920698385,0.0054878760129213,0.0233328187075087,0.0118591536468334,153,4,A
153,154,0.0055979452459051,0.0114770987555556,0.0014583837473765,0.1925744063827243,0.0527769585328904,154,4,I
154,155,0.012088109034056,0.00658813938559,0.0018356094369664,0.1563547746819286,0.0442166581346352,155,4,M
155,156,0.0005771440879353,0.0239604877846444,0.0003054645203519,0.1018944159771903,0.0316843780925305,156,4,G
156,157,0.0103520616854259,0.0390824070730081,0.0004688639892265,0.1169728607598583,0.0417190483768797,157,4,V
157,158,0.0105530578703508,0.0070224148772172,0.0105365617200732,0.2199475299555879,0.0620148911058073,158,4,A
158,159,0.0021637941607837,0.0078822293140728,0.012374491430819,0.1724842039592486,0.048726179716231,159,4,F
159,160,0.0616693124019812,0.0310762223703763,0.0001976365310838,0.1329338923240506,0.056469265906873,160,4,T
160,161,0.0,0.0,0.0,0.0,0.0,161,4,W
161,162,0.0101626631692654,0.0086536603610233,0.0011632642708718,0.1125770405732553,0.0331391570936039,162,4,V
162,163,0.1298807689256433,0.0634890783748604,0.0001263299491256,0.1024758521348992,0.0739930073461321,163,4,M
163,164,0.0486322103739624,0.1959866028978457,0.2082400918006897,0.203311312755708,0.1640425544570514,164,4,A
164,165,0.0036265970900035,0.0130318763173364,0.0009715035557746,0.2201065391072105,0.0594341290175812,165,4,L
165,166,0.0016571258367665,0.1229595491009042,0.0012704300461336,0.2826578471526442,0.1021362380341121,166,4,A
166,167,0.0251485488239242,0.082327404436956,0.2042338252067566,0.1190393191886027,0.1076872744140599,167,4,C
167,168,0.0044217741774235,0.0178737459579543,0.001334223547019,0.1343674905221068,0.0394993085511259,168,4,A
168,169,0.0034239756905992,0.0048494226424986,0.0018292132299393,0.2418340265583255,0.0629841595303407,169,4,A
169,170,0.0094760878309519,0.0108340009638147,0.0253519341349601,0.1437323860887249,0.0473486022546129,170,4,P
170,171,0.0,0.0,0.0,0.0,0.0,171,4,P
171,172,0.0018308744406609,0.023610566102089,0.001868872786872,0.1593328786666001,0.0466607979990555,172,4,L
172,173,0.005498692524896,0.0066066095317784,0.000690896413289,0.1185074667515646,0.032825916305382,173,4,V
173,174,0.0468527608930471,0.1479833574507609,0.4829173684120178,0.4287335358213273,0.2766217556442883,174,CT/EC,G
174,175,0.0742507361869816,0.0488224137494112,0.0283712148666381,0.3046060230776021,0.1140125969701582,175,CT/EC,W
175,176,0.0016115435027896,0.011420112439998,0.0038188132457435,0.2585121391545024,0.0688406520857583,176,CT/EC,S
176,177,0.0,0.0,0.0,0.0,0.0,177,CT/EC,R
177,178,0.0070157489622716,0.0201032145153093,0.00365607207641,0.5591868276507179,0.1474904658011772,178,CT/EC,Y
178,179,0.0202059918939364,0.2481927119425105,0.017686067149043,0.2170453669855719,0.1257825344927655,179,CT/EC,I
179,180,0.0,0.0,0.0,0.0,0.0,180,CT/EC,P
180,181,0.6434633653478842,0.3091329892861277,0.0004423671925906,0.8103151878927287,0.4408384774298328,181,CT/EC,E
181,182,0.0,0.0114171814957271,0.0,0.041063838635592,0.0131202550328297,182,CT/EC,G
182,183,0.1304426531059312,0.0423697862785244,0.0005541726131923,0.2242161089967932,0.0993956802486103,183,CT/EC,M
183,184,0.0280836174761448,0.1654630436845842,0.0,0.0889305925656788,0.0706193134316019,184,CT/EC,Q
184,185,0.0019725976292354,0.0177046233293283,0.0,0.4074545728268364,0.10678294844635,185,CT/EC,C
185,186,0.002289196636749,0.0238184141233622,0.0,0.2171476837450953,0.0608138236263016,186,CT/EC,S
186,187,0.0,0.0,0.0,0.0,0.0,187,CT/EC,C
187,188,0.1057258327638367,0.0452655584083946,0.3567174077033996,0.110785707265886,0.1546236265353792,188,CT/EC,G
188,189,0.0065112313202063,0.0182797790739455,0.0108776949346065,0.2247428669615769,0.0651028930725838,189,CT/EC,I
189,190,0.0,0.0,0.0,0.0,0.0,190,CT/EC,D
190,191,0.5713574231436631,0.2779835225935229,0.3306853473186493,0.038940587227177,0.3047417200707531,191,CT/EC,Y
191,192,0.0046992171223568,0.0306476935104827,0.0,0.2778563159776478,0.0783008066526218,192,CT/EC,Y
192,193,0.90076804985531,0.0462069352800873,0.0127987498417496,0.1672920400228963,0.2817664437500108,193,CT/EC,T
193,194,0.0036261187939071,0.0365202991846793,0.0007591088651679,0.1772485354759958,0.0545385155799375,194,CT/EC,P
194,195,0.0400895589753534,0.0755997967338793,0.0377049036324024,0.2032709545271331,0.0891663034671921,195,CT/EC,H
195,196,0.0012812562269907,0.0137072536694341,0.0,0.0799749935265712,0.023740875855749,196,CT/EC,E
196,197,0.0473768325679971,0.0740565201715331,0.0002695134025998,0.0715656731490703,0.0483171348228001,197,CT/EC,E
197,198,0.0018797206191801,0.0272001924226123,0.0007788683869875,0.0703448662699919,0.025050911924693,198,CT/EC,T
198,199,0.0087297565541243,0.0121623745929173,0.0010302340378984,0.1291883727175996,0.0377776844756349,199,CT/EC,N
199,200,0.0123745063371741,0.0499336020330378,0.0006094426498748,0.1628840142652253,0.056450391321328,200,CT/EC,N
200,201,0.0189986653971505,0.0109353593352687,0.0010567473946139,0.1711014573497528,0.0505230573691965,201,CT/EC,E
201,202,0.0680657302515573,0.29656560793117,0.4802361726760864,0.1893951511818348,0.2585656655101621,202,CT/EC,S
202,203,0.0014424206865253,0.0507623776377106,0.0059011178091168,0.3996052509314171,0.1144277917661924,203,5,F
203,204,0.0014647458199173,0.070868585483126,0.0047249118797481,0.1766143460974245,0.063418147320054,204,5,V
204,205,0.00596349007508,0.0124973385954234,0.0107279596850276,0.3411597764522634,0.0925871412019486,205,5,I
205,206,0.5749069511203854,0.1618577842000548,0.1681122630834579,0.2390234870954018,0.285975121374825,206,5,Y
206,207,0.0065657777551036,0.0937888091056601,0.0097796404734253,0.1591451066527631,0.067319833496738,207,5,M
207,208,0.0283405620097191,0.118375939577932,0.176006868481636,0.3293747349482859,0.1630245262543933,208,5,F
208,209,0.0087107854888332,0.0242838269479909,0.0022224944550544,0.0637606856573691,0.0247444481373119,209,5,V
209,210,0.0007975857149734,0.043140194521465,0.000215006963117,0.2012840000970859,0.0613591968241603,210,5,V
210,211,0.0319781095966148,0.0751398850377103,0.1682760864496231,0.1409093765913937,0.1040758644188354,211,5,H
211,212,0.0076267941498157,0.0444926372063483,0.0,0.033919196089682,0.0215096568614615,212,5,F
212,213,0.0181993133297408,0.0149877538907249,0.0123629169538617,0.115350484559819,0.0402251171835366,213,5,I
213,214,0.0025430934617571,0.0118210184473423,0.0010971946176141,0.1848120098628863,0.0500683290974,214,5,I
214,215,0.0,0.0,0.0,0.0,0.0,215,5,P
215,216,0.004978163544673,0.0184880035608968,0.0030200546607375,0.0983484255111729,0.03120866181937,216,5,L
216,217,0.0093285536411832,0.0117654271853298,0.0036887510214,0.1732429173888499,0.0495064123091907,217,5,I
217,218,0.010278243755583,0.0093439318710961,0.0019742094445973,0.0565388644187107,0.0195338123724968,218,5,V
218,219,0.0002055848477505,0.0007341841815611,0.0,0.2199240329314418,0.0552159504901883,219,5,I
219,220,0.0003325064213083,0.0022798131125712,0.0081699378788471,0.2194302608696001,0.0575531295705816,220,5,F
220,221,0.0042018539098434,0.00213098054822,0.0,0.0003055109822943,0.0016595863600894,221,5,F
221,222,0.0067296523568704,0.0113147302561447,0.001411372097209,0.1295379980246236,0.0372484381837119,222,5,C
222,223,0.0,0.0,0.0,0.0,0.0,223,5,Y
223,224,0.1807009090793661,0.2736155129590702,0.390215665102005,0.2682477912418171,0.2781949695955646,224,5,G
224,225,0.0033084948462509,0.0084995541860164,0.0013927682302892,0.1332072557178048,0.0366020182450903,225,CT/EC,Q
225,226,0.0003952187553592,0.0162207388003755,0.0,0.0659225385935723,0.0206346240373267,226,CT/EC,L
226,227,0.0054526866869542,0.0714703099649603,0.0003569568798411,0.1160764503548686,0.0483391009716561,227,CT/EC,V
227,228,0.0021531381399425,0.016358728718625,0.0089976787567138,0.1232435500905262,0.0376882739264519,228,CT/EC,F
228,229,0.0004147948794815,0.1028881650876658,0.0,0.217692187746653,0.0802487869284501,229,CT/EC,T
229,230,0.0004602594237343,0.2908349497498121,0.0,0.0311863504541369,0.0806203899069208,230,CT/EC,V
230,231,0.0149847628438049,0.025752377198951,0.0022545920219272,0.3192250708088797,0.0905542007183907,231,CT/EC,K
231,232,0.0021359884914199,0.007744690692507,0.0009771202458068,0.2521151830635125,0.0657432456233116,232,CT/EC,E
232,233,0.0,0.0202766303405248,0.0,0.2288578171363853,0.0622836118692275,233,CT/EC,A
233,234,0.0,0.0,0.0,0.0,0.0,234,CT/EC,A
234,235,0.0037889255076521,0.0170305681289188,0.0014349506236612,0.1065811505016178,0.0322088986904625,235,CT/EC,A
235,236,0.019163771844895,0.0142557627385647,0.0002531970385462,0.2455252262553498,0.0697994894693389,236,CT/EC,Q
236,237,0.0003156622844459,0.0022027617779326,0.0,0.1865290875219842,0.0472618778960907,237,CT/EC,Q
237,238,0.0666457178301803,0.023511356795967,0.0002445011923555,0.0497973184173562,0.0350497235589647,238,CT/EC,Q
238,239,0.0363243114445926,0.0383199109097286,0.2864842116832733,0.3648179181691233,0.1814865880516794,239,CT/EC,E
239,240,0.0,0.0,0.0,0.0,0.0,240,CT/EC,S
240,241,0.0281272698384367,0.0043733075513182,0.0075841508805751,0.2707967182214887,0.0777203616229547,241,CT/EC,A
241,242,0.0003717842859975,0.0056003780596962,0.0004694768867921,0.2243694608830242,0.0577027750288775,242,CT/EC,T
242,243,0.00456143622394,0.0051248491436095,0.0005530731286853,0.0855786110343565,0.0239544923826478,243,CT/EC,T
243,244,0.003057254574869,0.0136550893341009,0.0122201461344957,0.1538138152779905,0.045686576330364,244,CT/EC,Q
244,245,0.0003611922378609,0.0035271803268973,0.0009981977054849,0.1656157981938066,0.0426255921160124,245,CT/EC,K
245,246,0.0010037514028063,0.0052812797174105,0.0,0.0608323130690081,0.0167793360473062,246,CT/EC,A
246,247,0.0,0.0,0.0,0.0,0.0,247,CT/EC,E
247,248,0.0133048531545071,0.0112644844318453,0.017515717074275,0.1529846828360049,0.0487674343741581,248,CT/EC,K
248,249,0.0019607905137551,0.0346627904617055,0.0,0.280336800327882,0.0792400953258356,249,CT/EC,E
249,250,1.3748556266111794e-07,0.0219314206746962,0.0,0.0750582391058164,0.0242474493165188,250,CT/EC,V
250,251,0.0025643588966987,0.0284695418207859,0.0,0.0693968909272152,0.0251076979111749,251,CT/EC,T
251,252,0.0005126119850085,0.0045890262775853,0.0,0.3451790087575768,0.0875701617550426,252,CT/EC,R
252,253,0.0015322211894917,0.0087762285002959,0.0280186776071786,0.2371558648584303,0.0688707480388491,253,6,M
253,254,0.0050464983330627,0.0152647524053136,8.864703704603016e-05,0.145711797281408,0.0415279237642076,254,6,V
254,255,0.0129453381388294,0.0207169310824382,0.0002345826796954,0.0627191082405946,0.0241539900353894,255,6,I
255,256,0.0172457591145217,0.0322914773431025,0.0035304951015859,0.2789008533265166,0.0829921462214317,256,6,I
256,257,0.057136825818532,0.0134384958827045,0.0,0.3135726156948847,0.0960369843490303,257,6,M
257,258,0.1965456051191935,0.1049922879067521,0.0336742959916591,0.1497065291154775,0.1212296795332705,258,6,V
258,259,0.1443602167731746,0.0600921941970695,0.0010359723819419,0.0740008404473968,0.0698723059498957,259,6,I
259,260,0.0237348485057912,0.0163632057133795,0.0,0.2655675662218857,0.0764164051102641,260,6,A
260,261,0.0465548767522429,0.0647475773061139,0.0102065587416291,0.5125188930798924,0.1585069764699695,261,6,F
261,262,0.0034352221820501,0.0732484210396347,0.0,0.276035671760937,0.0881798287456554,262,6,L
262,263,0.0048146954684186,0.0131144420445761,0.0047222985886037,0.1494709669314605,0.0430306007582647,263,6,I
263,264,0.2168457196445053,0.0565581702641387,0.0069124707952141,0.2491357384647626,0.1323630247921552,264,6,C
264,265,0.3517537039262672,1.0,1.0,0.406761236339195,0.6896287350663655,265,6,W
265,266,0.0036263817074126,0.0096255158534893,0.0036361326929181,0.1886604791827894,0.0513871273591524,266,6,L
266,267,0.0,0.0,0.0,0.0,0.0,267,6,P
267,268,0.0,0.0,0.0,0.0,0.0,268,6,Y
268,269,0.0168119689255795,0.056487841788615,0.0024900038260966,0.5157319851181171,0.147880449914602,269,6,A
269,270,0.0018244645489794,0.0036553645102538,0.0035873518791049,0.1420377623185894,0.0377762358142319,270,6,G
270,271,0.0231547945539988,0.0179532612172916,0.0006472670356743,0.2961881213329,0.0844858610349662,271,6,V
271,272,0.0043543301915519,0.0251082598617855,0.0002001562679652,0.0828876677889218,0.0281376035275561,272,6,A
272,273,0.03468063802421,0.0698257806030403,0.0027935199905186,0.2350935485164902,0.0855983717835648,273,6,F
273,274,0.0016175094734711,0.0657587232819208,0.0003644255048129,0.1767643787401889,0.0611262592500984,274,6,Y
274,275,0.0041688899269159,0.070873615681461,0.0002006839495152,0.2218634205757627,0.0742766525334137,275,CT/EC,I
275,276,0.0006529394992582,0.0093921957491209,0.0003978657769039,0.1233431701921863,0.0334465428043673,276,CT/EC,F
276,277,0.0002562688280341,0.0597443772115387,0.0004814942658413,0.1112757777334741,0.0429394795097221,277,CT/EC,T
277,278,0.0068219529248122,0.0084425885986035,0.001048183767125,0.0508695183529976,0.0167955609108846,278,CT/EC,H
278,279,0.0861930523713612,0.0481043643607284,0.0325252339243888,0.092008801684526,0.0647078630852511,279,CT/EC,Q
279,280,0.0035245498891088,0.0306352813382749,0.0048180855810642,0.131449562301669,0.0426068697775292,280,CT/EC,G
280,281,0.0020882103243316,0.0415510286548542,0.0007179311360232,0.1186814787349929,0.0407596622125505,281,CT/EC,S
281,282,0.0039668763660421,0.0556166444534829,0.0005146493786014,0.0863458332080572,0.0366110008515459,282,CT/EC,D
282,283,0.00794589790031,0.0385775811168688,0.0028352714143693,0.2136785899207139,0.0657593350880655,283,CT/EC,F
283,284,0.0016380098621598,0.060279535146946,0.0014221325982362,0.1058750184192028,0.0423036740066362,284,CT/EC,G
284,285,0.0313888145711142,0.1020715779684934,0.0019262541318312,0.1393043696224121,0.0686727540734628,285,CT/EC,P
285,286,0.2925216954237754,0.3964463723293953,0.4871027767658233,0.2013969052256318,0.3443669374361564,286,CT/EC,I
286,287,0.0347101210777286,0.095161515719432,0.0006648898124694,0.0791137144234137,0.0524125602582609,287,7,F
287,288,0.3282459218584656,0.4057614412999944,0.0002312595315743,0.2405957873810364,0.2437086025177677,288,7,M
288,289,0.0052808388979766,0.1035302852686067,0.2365874946117401,0.2617132530657713,0.1517779679610237,289,7,T
289,290,0.003087679870366,0.0546968455145654,0.030148385092616,0.1561752042365695,0.0610270286785293,290,7,I
290,291,0.0510021983395883,0.0178374506234856,0.0,0.1319140850726153,0.0501884335089223,291,7,P
291,292,0.0,0.0,0.0,0.0,0.0,292,7,A
292,293,0.0312958641557232,0.1007416501659841,0.0008115642704069,0.1059987306458389,0.0597119523094883,293,7,F
293,294,0.0149123353670643,0.0149968403103794,0.0401414260268211,0.131141347549762,0.0502979873135067,294,7,F
294,295,0.1482587273445448,0.2730783911643215,0.3442049622535705,0.407223555857749,0.2931914091550465,295,7,A
295,296,0.0,0.0,0.0,0.0,0.0,296,7,K
296,297,0.0009181267804159,0.0063722642827282,0.000132368892082,0.2197720580609782,0.0567987045040511,297,7,T
297,298,0.0366690204529308,0.1584049177898253,0.0003149699768982,0.2597593587144469,0.1137870667335253,298,7,S
298,299,0.0459260716596804,0.3512273736814666,0.002081204438582,0.0583415347850404,0.1143940461411923,299,7,A
299,300,0.0029227902421913,0.0120522772166878,0.0022833398543298,0.0556566862420463,0.0182287733888138,300,7,V
300,301,0.0068044578092063,0.0751579795108281,0.1111055389046669,0.077999553831974,0.0677668825141688,301,7,Y
301,302,0.0005391920543898,0.3577181624128516,0.0,0.0487510135265358,0.1017520919984443,302,7,N
302,303,0.0,0.0,0.0,0.0,0.0,303,7,P
303,304,0.0076987624948419,0.0122474155362707,0.0003487986105028,0.1724618056897376,0.0481891955828382,304,7,V
304,305,0.0,0.0,0.0,0.0,0.0,305,7,I
305,306,0.0,0.0,0.0,0.0,0.0,306,7,Y
306,307,0.005063546576282,0.012218678930091,0.0008203065372072,0.1931677598730544,0.0528175729791586,307,7,I
307,308,0.0,0.0,0.0,0.0,0.0,308,7,M
308,309,0.0004444059754761,0.0085579016108102,0.0018314577173441,0.1055456636871854,0.029094857247704,309,CT/EC,M
309,310,0.0,0.0,0.0,0.0,0.0,310,CT/EC,N
310,311,0.0301761009479284,0.0178376666301042,0.0,0.0751407800649132,0.0307886369107364,311,CT/EC,K
311,312,0.0004060548035404,0.0206515396890043,0.0,0.1784279360326121,0.0498713826312892,312,CT/EC,Q
312,313,0.0,0.0,0.0,0.0,0.0,313,CT/EC,F
313,314,0.0009291414080475,0.007241099878483,0.0,0.0741417123279212,0.0205779884036129,314,CT/EC,R
314,315,0.0383928095632448,0.0057213407508757,0.0013818624429404,0.1786556111755401,0.0560379059831502,315,CT/EC,N
315,316,3.794170330164556e-05,0.3622895988859175,0.0,0.2585872771120607,0.1552287044253199,316,CT/EC,C
316,317,0.0108833605385073,0.0063001343569141,0.0047905300743877,0.3848883981567828,0.101715605781648,317,CT/EC,M
317,318,0.0170194143344469,0.0264385827129777,0.0036407953593879,0.1046556837329021,0.0379386190349286,318,CT/EC,V
318,319,0.0646223276160972,0.0680687680444604,0.2699660956859588,0.1988035099420301,0.1503651753221366,319,CT/EC,T
319,320,0.0011439874775847,0.0240560051183604,0.0030404978897422,0.0989550837362815,0.0317988935554922,320,CT/EC,T
320,321,0.0019225892803782,0.0052643373061165,0.0003454941906966,0.1339108278931806,0.035360812167593,321,CT/EC,L
321,322,0.0033548957569782,0.099172326037998,0.0019739097915589,0.1453935128744811,0.062473661115254,322,CT/EC,C
322,323,0.1561314575988469,0.0403598183186176,0.0,0.1899521821950449,0.0966108645281273,323,CT/EC,C
323,324,0.0015981272392559,0.0227304299670139,0.0006578962202183,0.1375131537967162,0.0406249018058011,324,CT/EC,G
324,325,0.0034613054052238,0.0600084165555801,0.0302478354424238,0.212019245357971,0.0764342006902997,325,CT/EC,K
325,326,0.008267784852329,0.0220392476228584,0.0001261893921764,0.1375276341946466,0.0419902140155026,326,CT/EC,N
326,327,0.0028982821755585,0.163808679931173,0.0007348714862018,0.304503163261999,0.1179862492137331,327,CT/EC,P
327,328,0.0016339124793471,0.0073009100491283,0.0005464941496029,0.1092944022970278,0.0296939297437765,328,CT/EC,L
328,329,0.0017072498271319,0.0229626301344453,0.0018468296620994,0.1448785663052147,0.0428488189822228,329,CT/EC,G
329,330,0.0183186764754046,0.0067830210151299,0.0017287391237914,0.078476699653229,0.0263267840668887,330,CT/EC,D
330,331,0.0153755805336857,0.0149862238584302,0.0036486918106675,0.178126799967119,0.0530343240424756,331,CT/EC,D
331,332,0.0,0.0,0.0,0.0,0.0,332,CT/EC,E
332,333,0.0061773753369401,0.0233983193790345,0.0061336401849985,0.224664534240248,0.0650934672853052,333,CT/EC,A
333,334,0.0028537069204877,0.0088914540492901,0.0074846190400421,0.2092631110843435,0.0571232227735408,334,CT/EC,S
334,335,0.0020975569165881,0.0063822174987265,0.001015270827338,0.1383622896842911,0.036964333731736,335,CT/EC,T
335,336,0.0459407902688681,0.0104748817109968,0.0002994046953972,0.1501982093757803,0.0517283215127606,336,CT/EC,T
336,337,0.0011473117531502,0.0110323700416846,0.0006646324764005,0.1389514619166144,0.0379489440469624,NA,NA,-
337,338,0.0124564222253144,0.0224147332189478,0.0164673663675785,0.0879801765147004,0.0348296745816353,337,CT/EC,V
338,339,0.0020167915032021,0.0248807035937125,0.0,0.2047666598981437,0.0579160387487645,338,CT/EC,S
339,340,0.0041757824257095,0.0158498337963147,0.0008198569994419,0.1594597405884041,0.0450763034524675,339,CT/EC,K
340,341,0.0007345597326013,0.0020028580598227,0.0003667919372674,0.1398434249793691,0.0357369086772651,340,CT/EC,T
341,342,0.0029577332135827,0.0046358974621508,0.0014396117767319,0.2017409640885701,0.0526935516352589,341,CT/EC,E
342,343,0.0006363616116851,0.004094033738306,0.0,0.011968323331187,0.0041746796702945,NA,NA,-
343,344,0.0001260765319209,0.0087449266700395,0.0071413610130548,0.0168696134678034,0.0082204944207046,NA,NA,-
344,345,0.0115649967895794,0.0084591646288939,0.0008166877087205,0.1117395199805941,0.033145092276947,NA,NA,-
345,346,0.0217604701677946,0.0124338331018322,0.0003958659362979,0.0280265921432741,0.0156541903372997,NA,NA,-
346,347,0.022062577145549,0.0242345086177352,0.0,0.0681776504483198,0.028618684052901,NA,NA,-
347,348,0.0013505143975622,0.0144698602014182,0.0025614381302148,0.2743894488291037,0.0731928153895747,342,CT/EC,T
348,349,0.0004003455691288,0.0072686664388459,0.0026153505314141,0.1058072760254657,0.0290229096412136,343,CT/EC,S
349,350,0.0006652833343607,0.0041325226462062,0.0,0.0455855321732592,0.0125958345384565,344,CT/EC,Q
350,351,0.0006347261217957,0.003613308763788,0.0,0.191549476219604,0.0489493777762969,345,CT/EC,V
351,352,0.0009131011332229,0.0061081105861714,0.0005268806708045,0.1953351702285027,0.0507208156546754,346,CT/EC,A
352,353,0.0032467761660922,0.012549712961651,0.0,0.0264074854789723,0.0105509936516789,347,CT/EC,P
