,feature,BayesianRidge,lgbm,xgb,mean,true_position,TMD,amino_acid
0,1,0.133196841,0.363636364,3.02E-05,0.165621143,1,CT/EC,M
1,2,0.131793444,0.116883117,0.000260049,0.08297887,2,CT/EC,N
2,3,0.150524846,0.090909091,0.004403152,0.081945696,3,N-Termina,G
3,4,0.179790332,0.045454545,0.001356288,0.075533722,4,N-Termina,T
4,5,0.157558923,0.045454545,5.03E-05,0.067687927,5,N-Termina,E
5,6,0.110647883,0,4.66E-05,0.036898176,6,N-Termina,G
6,7,0.277518472,0.090909091,7.62E-05,0.122834583,7,N-Termina,P
7,8,0.174881358,0.121212121,0.000131147,0.098741542,8,N-Termina,N
8,9,0,0,0,0,9,N-Termina,F
9,10,0.227871732,0,0.000639267,0.076170333,10,N-Termina,Y
10,11,0.212623248,0.363636364,2.20E-05,0.192093854,11,N-Termina,V
11,12,0.054965565,0.03030303,4.77E-06,0.028424456,12,N-Termina,P
12,13,0.148082519,0.036363636,0.000100552,0.061515569,13,N-Termina,F
13,14,0.121734546,0.068181818,3.99E-05,0.06331874,14,N-Termina,S
14,15,0.175036935,0.242424242,1,0.472487059,15,N-Termina,N
15,16,0.274914663,0.090909091,0.000484703,0.122102819,16,N-Termina,K
16,17,0.173505843,0,0.009069179,0.060858341,17,N-Termina,T
17,18,0.156035297,0,7.14E-06,0.052014145,18,N-Termina,G
18,19,0.282503711,0.236363636,4.61E-05,0.17297114,19,N-Termina,V
19,20,0.29773818,0.045454545,0.013707701,0.118966809,20,N-Termina,V
20,21,0.370413445,0.090909091,2.53E-05,0.15378261,21,N-Termina,R
21,22,0.084893318,0,0,0.028297773,22,N-Termina,S
22,23,0.089251451,0,0,0.029750484,23,N-Termina,P
23,24,0.22665898,0.090909091,7.70E-05,0.105881675,24,N-Termina,F
24,25,0.146657498,0.272727273,3.33E-05,0.139806023,25,N-Termina,E
25,26,0.071551496,0,0,0.023850499,26,N-Termina,A
26,27,0.215641611,0,0,0.071880537,27,N-Termina,P
27,28,0.235887221,0,1.72E-05,0.078634811,28,N-Termina,Q
28,29,0,0,0,0,29,N-Termina,Y
29,30,0.117343423,0,0,0.039114474,30,N-Termina,Y
30,31,0.124882644,0,7.01E-07,0.041627782,31,N-Termina,L
31,32,0.256815773,0.036363636,0.032064497,0.108414636,32,N-Termina,A
32,33,0.256286957,0.5,3.08E-05,0.252105903,33,N-Termina,E
33,34,0.1356611,0.103896104,0.00048283,0.080013345,34,N-Termina,P
34,35,0.182116173,0,0,0.060705391,35,N-Termina,W
35,36,0.349926913,0,1.57E-06,0.116642829,36,N-Termina,Q
36,37,0.245256933,0.181818182,3.78E-05,0.14237096,37,1,F
37,38,0.362987105,0.090909091,0.001245781,0.151713992,38,1,S
38,39,0.33121469,0.327272727,0.000132247,0.219539888,39,1,M
39,40,0.222861924,0.022727273,1.44E-06,0.081863545,40,1,L
40,41,0.204593431,0.333333333,9.21E-05,0.179339633,41,1,A
41,42,0.475782105,0.090909091,0.000188893,0.18896003,42,1,A
42,43,0.212048504,0.068181818,0,0.093410107,43,1,Y
43,44,0.15894138,0,0,0.05298046,44,1,M
44,45,0.155916813,0,0.000122022,0.052012945,45,1,F
45,46,0,0,0,0,46,1,L
46,47,0.150136625,0,0,0.050045542,47,1,L
47,48,0.157359681,0.136363636,0.00051865,0.098080656,48,1,I
48,49,0.418779532,0.212121212,0.000315667,0.21040547,49,1,M
49,50,0.184283506,0.054545455,4.37E-05,0.079624232,50,1,L
50,51,0.040666629,0.045454545,0,0.028707058,51,1,G
51,52,0.131126713,0.022727273,0.001078601,0.051644195,52,1,F
52,53,0.200709143,0.060606061,0,0.087105068,53,1,P
53,54,0.207167337,0,0,0.069055779,54,1,I
54,55,0,0,0,0,55,1,N
55,56,0.240564028,0.045454545,0.000634802,0.095551125,56,1,F
56,57,0.182416104,0.090909091,0.005318552,0.092881249,57,1,L
57,58,0.09620364,0.090909091,0,0.06237091,58,1,T
58,59,0.072066516,0.363636364,0,0.145234293,59,1,L
59,60,0.151062368,0.045454545,3.22E-05,0.065516365,60,1,Y
60,61,0.027951347,0,0,0.009317116,61,1,V
61,62,0,0,0,0,62,CT/EC,T
62,63,0.219384122,0.045454545,0.002037188,0.088958618,63,CT/EC,V
63,64,0.177885783,0,0,0.059295261,64,CT/EC,Q
64,65,0.1655466,0.054545455,0.003433715,0.07450859,65,CT/EC,H
65,66,0,0,0,0,66,CT/EC,K
66,67,0,0,0,0,67,CT/EC,K
67,68,0,0,0,0,68,CT/EC,L
68,69,0.005891401,0,1.92E-05,0.001970194,69,CT/EC,R
69,70,0.323898572,0.212121212,4.11E-06,0.17867463,70,CT/EC,T
70,71,0.028187115,0,2.88E-06,0.009396664,71,CT/EC,P
71,72,0,0,0,0,72,CT/EC,L
72,73,0,0,0,0,73,CT/EC,N
73,74,0.121257503,0.068181818,4.87E-05,0.063162684,74,2,Y
74,75,0,0,0,0,75,2,I
75,76,0,0,0,0,76,2,L
76,77,0.13920227,0.090909091,0.002851285,0.077654215,77,2,L
77,78,0,0,0,0,78,2,N
78,79,0.122468333,0,0,0.040822778,79,2,L
79,80,0.317206281,0,0,0.105735427,80,2,A
80,81,0.057040365,0.113636364,0.001664659,0.057447129,81,2,V
81,82,0.190788306,0,3.11E-07,0.063596206,82,2,A
82,83,0.030510318,0,0,0.010170106,83,2,D
83,84,0.056973773,0.181818182,0.000100836,0.07963093,84,2,L
84,85,0.386290986,0.212121212,0.000380212,0.19959747,85,2,F
85,86,0.647608783,0.318181818,0.009904625,0.325231742,86,2,M
86,87,0.114279152,0,0,0.038093051,87,2,V
87,88,0.363025796,0.290909091,0.00053303,0.218155973,88,2,F
88,89,0.249523508,0.025974026,3.37E-05,0.091843731,89,2,G
89,90,0.321550583,0,0.007361204,0.109637262,90,2,G
90,91,0.288798723,0,0,0.096266241,91,2,F
91,92,0.279809445,0.181818182,0,0.153875876,92,2,T
92,93,0.330165888,0.272727273,0.003261838,0.202051666,93,2,T
93,94,0.274453423,0.090909091,0.001674389,0.122345634,94,2,T
94,95,0.219643314,0.121212121,0.000594002,0.113816479,95,2,L
95,96,0.307513997,0,0.00010403,0.102539342,96,CT/EC,Y
96,97,0.341968072,0.090909091,0.004193131,0.145690098,97,CT/EC,T
97,98,0.083905336,0.272727273,2.66E-05,0.118886408,98,CT/EC,S
98,99,0.157331838,0.03030303,6.47E-05,0.062566507,99,CT/EC,L
99,100,0.358480943,0.018181818,0.000452884,0.125705215,100,CT/EC,H
100,101,0.22394154,0.072727273,0.002801263,0.099823359,101,CT/EC,G
101,102,0.030160532,0,0,0.010053511,102,CT/EC,Y
102,103,0.514691888,0.295454545,0.00629458,0.272147005,103,CT/EC,F
103,104,0.32182598,0.090909091,0.000201166,0.137645412,104,CT/EC,V
104,105,0.227825418,0.424242424,0.000831573,0.217633138,105,CT/EC,F
105,106,0.015507798,0,0,0.005169266,106,CT/EC,G
106,107,0.148440912,0,0.000161986,0.049534299,107,CT/EC,P
107,108,0.14981617,0,0,0.049938723,108,CT/EC,T
108,109,0.222383638,0.242424242,3.37E-06,0.154937084,109,CT/EC,G
109,110,0,0,0,0,110,CT/EC,C
110,111,0.236182954,0.018181818,0.000499687,0.08495482,111,3,N
111,112,0.367589583,0.090909091,0.003315517,0.153938064,112,3,L
112,113,0.313354675,0.045454545,0,0.119603073,113,3,E
113,114,0.164260948,0,1.26E-05,0.054757838,114,3,G
114,115,0.24122502,0.340909091,7.68E-05,0.194070301,115,3,F
115,116,0.544597002,0.196969697,0.000222891,0.247263197,116,3,F
116,117,0.176428877,0.045454545,0,0.073961141,117,3,A
117,118,0.277719267,0.272727273,0.00026946,0.183572,118,3,T
118,119,0.221286805,0.121212121,0.001181398,0.114560108,119,3,L
119,120,0.167054643,0,0,0.055684881,120,3,G
120,121,0,0,0,0,121,3,G
121,122,0.284601128,0.236363636,0.000551466,0.173838743,122,3,E
122,123,0.230435065,0.045454545,8.40E-06,0.091966004,123,3,I
123,124,0.103092904,0.181818182,0.000794812,0.095235299,124,3,A
124,125,0.303314475,0.272727273,0.786200285,0.454080678,125,3,L
125,126,0.146815604,0.272727273,2.05E-06,0.13984831,126,3,W
126,127,0,0,0,0,127,3,S
127,128,0.266627842,0,0,0.088875947,128,3,L
128,129,0.275914882,0,6.72E-06,0.091973867,129,3,V
129,130,0.079959957,0,9.58E-06,0.026656514,130,3,V
130,131,0.129962076,0,0,0.043320692,131,3,L
131,132,0.471233969,0,0,0.15707799,132,3,A
132,133,0.231018448,0.318181818,0.000953809,0.183384692,133,CT/EC,I
133,134,0,0,0,0,134,CT/EC,E
134,135,0,0,0,0,135,CT/EC,R
135,136,0.103907539,0.181818182,4.66E-06,0.095243459,136,CT/EC,Y
136,137,0.175518087,0,2.43E-06,0.058506838,137,CT/EC,V
137,138,0.340648152,0,0,0.113549384,138,CT/EC,V
138,139,0.01152311,0,0,0.003841037,139,CT/EC,V
139,140,0.281846179,0,0,0.093948726,140,CT/EC,C
140,141,0.273270911,0,6.87E-06,0.091092593,141,CT/EC,K
141,142,0.324080015,0,0,0.108026672,142,CT/EC,P
142,143,0.203632971,0,1.24E-05,0.067881806,143,CT/EC,M
143,144,0.210124259,0.113636364,0.004883647,0.10954809,144,CT/EC,S
144,145,0.06249396,0,0,0.02083132,145,CT/EC,N
145,146,0.172741493,0,4.15E-06,0.057581882,146,CT/EC,F
146,147,0.208761856,0,0,0.069587285,147,CT/EC,R
147,148,0.167303958,0,0,0.055767986,148,CT/EC,F
148,149,0.32312707,0.333333333,0.000714976,0.21905846,149,CT/EC,G
149,150,0.136956105,0.054545455,1.00E-04,0.063867185,150,CT/EC,E
150,151,0.214740887,0.484848485,0.003940234,0.234509869,151,CT/EC,N
151,152,0.153618835,0.018181818,0,0.057266884,152,CT/EC,H
152,153,0,0,0,0,153,4,A
153,154,0.283938958,0.227272727,0.000809216,0.170673634,154,4,I
154,155,0.236248247,0.409090909,9.04E-06,0.215116066,155,4,M
155,156,0.292874619,0.054545455,0.000314628,0.115911567,156,4,G
156,157,0.153489665,0.636363636,0.00025625,0.26336985,157,4,V
157,158,0.24379353,0.090909091,0.002275919,0.11232618,158,4,A
158,159,0.357559395,1,0.000560255,0.45270655,159,4,F
159,160,0.253392663,0.181818182,0.000110867,0.145107237,160,4,T
160,161,0,0,0,0,161,4,W
161,162,0.267545865,0.4,0.001157086,0.222900984,162,4,V
162,163,0.227510649,0.090909091,5.15E-05,0.106157084,163,4,M
163,164,0.26218811,0.060606061,0.002509094,0.108434421,164,4,A
164,165,0.202328037,0,3.35E-05,0.067453849,165,4,L
165,166,0.595620803,0.03030303,4.36E-05,0.208655818,166,4,A
166,167,0.202579746,0.181818182,0.045740664,0.143379531,167,4,C
167,168,0.229393787,0.136363636,2.09E-06,0.121919838,168,4,A
168,169,0.465894237,0.151515152,0.001418144,0.206275844,169,4,A
169,170,0.079453198,0.181818182,0,0.08709046,170,4,P
170,171,0,0,0,0,171,4,P
171,172,0.329652161,0,2.37E-07,0.109884133,172,4,L
172,173,0.3032624,0.227272727,0.000133366,0.176889498,173,4,V
173,174,0.209175668,0,0,0.069725223,174,CT/EC,G
174,175,0,0,0,0,175,CT/EC,W
175,176,0.072354356,0,0,0.024118119,176,CT/EC,S
176,177,0,0,0,0,177,CT/EC,R
177,178,0.731861002,0,0.000247501,0.244036168,178,CT/EC,Y
178,179,0.177829014,0.545454545,0.001482747,0.241588769,179,CT/EC,I
179,180,0,0,0,0,180,CT/EC,P
180,181,0.555135628,0.227272727,0.004640722,0.262349692,181,CT/EC,E
181,182,0,0,0,0,182,CT/EC,G
182,183,0.227555175,0.113636364,9.85E-06,0.113733798,183,CT/EC,M
183,184,0.158771521,0.090909091,0,0.083226871,184,CT/EC,Q
184,185,0.226736694,0,0,0.075578898,185,CT/EC,C
185,186,0.292175608,0,0,0.097391869,186,CT/EC,S
186,187,0,0,0,0,187,CT/EC,C
187,188,0.116964677,0,0,0.038988226,188,CT/EC,G
188,189,0.253965104,0.060606061,1.66E-05,0.104862591,189,CT/EC,I
189,190,0,0,0,0,190,CT/EC,D
190,191,0.144525755,0,0,0.048175252,191,CT/EC,Y
191,192,0.039842293,0.090909091,0,0.043583795,192,CT/EC,Y
192,193,0.275550723,0.272727273,0.245762065,0.26468002,193,CT/EC,T
193,194,0.14662723,0.015151515,0.000215909,0.053998218,194,CT/EC,P
194,195,0.171768965,0.121212121,4.79E-05,0.097676344,195,CT/EC,H
195,196,0.085192224,0.090909091,1.84E-05,0.058706576,196,CT/EC,E
196,197,0.22970868,0,0.009825352,0.079844677,197,CT/EC,E
197,198,0.220843315,0.181818182,1.17E-05,0.134224404,198,CT/EC,T
198,199,0.186787332,0,3.12E-05,0.062272846,199,CT/EC,N
199,200,0.16964358,0.045454545,5.88E-07,0.071699571,200,CT/EC,N
200,201,0.580643126,0.181818182,0,0.254153769,201,CT/EC,E
201,202,0.313815077,0.060606061,0.004244767,0.126221968,202,CT/EC,S
202,203,0,0,0,0,203,5,F
203,204,0.135907488,0,0,0.045302496,204,5,V
204,205,0.316055327,0.295454545,0.001400319,0.204303397,205,5,I
205,206,0.208767071,0,0.018471254,0.075746108,206,5,Y
206,207,0.176522335,0,2.42E-05,0.058848833,207,5,M
207,208,0.110946895,0,0,0.036982298,208,5,F
208,209,0.291771412,0.909090909,0.000106972,0.400323098,209,5,V
209,210,0.254543854,0.272727273,0.000727793,0.17599964,210,5,V
210,211,0.237451302,0,0,0.079150434,211,5,H
211,212,0.039842293,0.090909091,0,0.043583795,212,5,F
212,213,0.374800685,0.090909091,0.012621,0.159443592,213,5,I
213,214,0.230701643,0.393939394,0.000500639,0.208380559,214,5,I
214,215,0,0,0,0,215,5,P
215,216,0.04197979,0,3.94E-07,0.013993395,216,5,L
216,217,0.470866598,0.454545455,0.003567231,0.309659761,217,5,I
217,218,0.15678826,0.303030303,0.000134287,0.153317616,218,5,V
218,219,0.01383769,0.090909091,3.55E-05,0.034927425,219,5,I
219,220,0.016712133,0.181818182,1.73E-05,0.066182534,220,5,F
220,221,0.069790229,0,0,0.02326341,221,5,F
221,222,0.350880964,0.045454545,2.82E-07,0.132111931,222,5,C
222,223,0,0,0,0,223,5,Y
223,224,0.241726091,0.386363636,0.228558943,0.285549557,224,5,G
224,225,0.276642583,0.068181818,0.000138492,0.114987631,225,CT/EC,Q
225,226,0.220960167,0.363636364,0.091481328,0.225359286,226,CT/EC,L
226,227,0.131800896,0.068181818,0,0.066660905,227,CT/EC,V
227,228,0.277356204,0.145454545,0.000797674,0.141202808,228,CT/EC,F
228,229,0.213216232,0,0,0.071072077,229,CT/EC,T
229,230,0.144525755,0,0,0.048175252,230,CT/EC,V
230,231,0.194674201,0.545454545,2.26E-05,0.246717123,231,CT/EC,K
231,232,0.242844025,0.045454545,1.25E-07,0.096099565,232,CT/EC,E
232,233,0.044933866,0,0,0.014977955,233,CT/EC,A
233,234,0,0,0,0,234,CT/EC,A
234,235,0.287549788,0,0.00023364,0.095927809,235,CT/EC,A
235,236,0.092114309,0,0,0.03070477,236,CT/EC,Q
236,237,0.324080015,0,0,0.108026672,237,CT/EC,Q
237,238,0.159105838,0.045454545,0,0.068186794,238,CT/EC,Q
238,239,0.141029245,0,0,0.047009748,239,CT/EC,E
239,240,0.669311904,0,0,0.223103968,240,CT/EC,S
240,241,0.379624856,0,0,0.126541619,241,CT/EC,A
241,242,0.252421865,0.060606061,1.08E-06,0.104343003,242,CT/EC,T
242,243,0.465748178,0.363636364,0.001599499,0.27699468,243,CT/EC,T
243,244,0.283524851,0,0,0.094508284,244,CT/EC,Q
244,245,0.101869812,0,0,0.033956604,245,CT/EC,K
245,246,0,0,0,0,246,CT/EC,A
246,247,0,0,0,0,247,CT/EC,E
247,248,0.212530138,0.113636364,0,0.108722167,248,CT/EC,K
248,249,0.226001745,0,0,0.075333915,249,CT/EC,E
249,250,0.324080015,0,0,0.108026672,250,CT/EC,V
250,251,0.224666138,0.136363636,6.23E-07,0.120343466,251,CT/EC,T
251,252,0.197569865,0.454545455,4.60E-06,0.217373307,252,CT/EC,R
252,253,0.476156768,0.272727273,0.048474524,0.265786188,253,6,M
253,254,0,0,0,0,254,6,V
254,255,0.166982061,0.242424242,1.93E-05,0.1364752,255,6,I
255,256,0.266884407,0.113636364,0.000201776,0.126907516,256,6,I
256,257,0.03098446,0,0,0.010328153,257,6,M
257,258,0.314220124,0.227272727,0.050851405,0.197448085,258,6,V
258,259,0.201840498,0.227272727,0.005590259,0.144901161,259,6,I
259,260,0.407673095,0,0.001302128,0.136325074,260,6,A
260,261,0.67497412,0.590909091,0.00213914,0.422674117,261,6,F
261,262,0.249164108,0,0,0.083054703,262,6,L
262,263,0.076234058,0.290909091,0.000724074,0.122622407,263,6,I
263,264,0.752882522,0,0.044910736,0.265931086,264,6,C
264,265,0.423764038,0.090909091,0.690082967,0.401585365,265,6,W
265,266,0.175942029,0.151515152,1.98E-05,0.109158981,266,6,L
266,267,0,0,0,0,267,6,P
267,268,0,0,0,0,268,6,Y
268,269,0.442396748,0.03030303,0.000129043,0.157609607,269,6,A
269,270,0.255386157,0.181818182,0.000955987,0.146053442,270,6,G
270,271,0.223110817,0.113636364,0.056480005,0.131075729,271,6,V
271,272,0.187236098,0,1.11E-06,0.062412403,272,6,A
272,273,0.171404796,0.106060606,1.15E-05,0.09249231,273,6,F
273,274,0.162152918,0.303030303,0.000136212,0.155106478,274,6,Y
274,275,0.323686765,0.113636364,0.000902467,0.146075199,275,CT/EC,I
275,276,0.219620217,0.036363636,0.003845444,0.086609766,276,CT/EC,F
276,277,0.251230704,0.218181818,6.04E-06,0.156472854,277,CT/EC,T
277,278,0.400162681,0.545454545,0.001597518,0.315738248,278,CT/EC,H
278,279,0.199493447,0.159090909,0.000552073,0.119712143,279,CT/EC,Q
279,280,0.22900121,0.290909091,0.002420435,0.174110245,280,CT/EC,G
280,281,0.067145978,0,7.90E-07,0.022382256,281,CT/EC,S
281,282,0.319246544,0,0.000196983,0.106481176,282,CT/EC,D
282,283,0.313675645,0.181818182,0.00015061,0.165214813,283,CT/EC,F
283,284,0.119973261,0.090909091,2.49E-06,0.070294947,284,CT/EC,G
284,285,0.161881618,0.03030303,0,0.06406155,285,CT/EC,P
285,286,0.161441269,0.151515152,0.058476109,0.123810843,286,CT/EC,I
286,287,0.160748868,0.090909091,0.002554054,0.084737338,287,7,F
287,288,0.124763744,0.090909091,0,0.071890945,288,7,M
288,289,0.188367277,0.03030303,0,0.072890102,289,7,T
289,290,0.285588474,0.151515152,1.77E-05,0.145707124,290,7,I
290,291,0.264381598,0,0,0.088127199,291,7,P
291,292,0,0,0,0,292,7,A
292,293,0.217622597,0.227272727,2.53E-05,0.14830689,293,7,F
293,294,0.190122583,0.181818182,0.000158098,0.124032954,294,7,F
294,295,0.407270887,0.090909091,0.000184225,0.166121401,295,7,A
295,296,0,0,0,0,296,7,K
296,297,0.187658341,0,5.47E-05,0.062571019,297,7,T
297,298,0.203263467,0.272727273,5.43E-05,0.158681691,298,7,S
298,299,0.184918255,0.424242424,4.18E-05,0.203067495,299,7,A
299,300,0.217935172,0.363636364,0.000582086,0.194051207,300,7,V
300,301,0.119432317,0,0,0.039810772,301,7,Y
301,302,0.209175668,0,0,0.069725223,302,7,N
302,303,0,0,0,0,303,7,P
303,304,0.160313447,0.159090909,0.004579588,0.107994648,304,7,V
304,305,0,0,0,0,305,7,I
305,306,0,0,0,0,306,7,Y
306,307,0.125093477,0.159090909,6.25E-06,0.094730211,307,7,I
307,308,1,0,0.002529527,0.334176509,308,7,M
308,309,0,0,0,0,309,CT/EC,M
309,310,0,0,0,0,310,CT/EC,N
310,311,0.484584994,0,0.000609118,0.161731371,311,CT/EC,K
311,312,0.392905388,0,7.08E-05,0.130992057,312,CT/EC,Q
312,313,0,0,0,0,313,CT/EC,F
313,314,0,0,0,0,314,CT/EC,R
314,315,0.133053939,0.136363636,0.000636173,0.090017916,315,CT/EC,N
315,316,0.209175668,0,0,0.069725223,316,CT/EC,C
316,317,0.261164536,0,0,0.087054845,317,CT/EC,M
317,318,0.248011064,0.163636364,0.000427608,0.137358345,318,CT/EC,V
318,319,0.410189415,0.159090909,0,0.189760108,319,CT/EC,T
319,320,0.170866258,0.090909091,0.004418106,0.088731152,320,CT/EC,T
320,321,0.286469526,0.045454545,2.25E-05,0.110648865,321,CT/EC,L
321,322,0.171879929,0,2.84E-05,0.057302791,322,CT/EC,C
322,323,0.196815468,0.022727273,0.000357223,0.073299988,323,CT/EC,C
323,324,0.043318276,0,0,0.014439425,324,CT/EC,G
324,325,0.275769762,0,0.006801383,0.094190382,325,CT/EC,K
325,326,0.113622927,0,1.87E-06,0.037874933,326,CT/EC,N
326,327,0.127763513,0.090909091,0.001389449,0.073354018,327,CT/EC,P
327,328,0.123055256,0.151515152,4.05E-05,0.091536977,328,CT/EC,L
328,329,0.214646974,0.03030303,0.000163955,0.081704653,329,CT/EC,G
329,330,0.388336552,0,0,0.129445517,330,CT/EC,D
330,331,0.220098966,0.045454545,6.88E-06,0.088520132,331,CT/EC,D
331,332,0.166556055,0,0.003173737,0.056576597,332,CT/EC,E
332,333,0.201615005,0.121212121,4.04E-06,0.107610389,333,CT/EC,A
333,334,0.157373927,0.236363636,0.000116581,0.131284715,334,CT/EC,S
334,335,0.248326266,0.136363636,1.53E-05,0.128235067,335,CT/EC,T
335,336,0.249508947,0,3.73E-07,0.083169773,336,CT/EC,T
336,337,0.107817747,0.5,0.001431791,0.203083179,337,CT/EC,V
337,338,0.193430075,0,0.000837481,0.064755852,338,CT/EC,S
338,339,0.229871662,0.363636364,1.02E-05,0.197839422,339,CT/EC,K
339,340,0.138856351,0,0,0.04628545,340,CT/EC,T
340,341,0.325863413,0,0.000232524,0.108698646,341,CT/EC,E
341,342,0.13160826,0,0,0.04386942,342,CT/EC,T
342,343,0,0,0,0,NA,NA,-
343,344,0.094868199,0,0.000674645,0.031847615,NA,NA,-
344,345,0,0,0,0,NA,NA,-
345,346,0,0,0,0,NA,NA,-
346,347,0.221133133,0.181818182,4.65E-05,0.134332615,NA,NA,-
347,348,0.282257017,0.484848485,1.36E-05,0.255706353,343,CT/EC,S
348,349,0.155400309,0.181818182,7.96E-06,0.112408818,344,CT/EC,Q
349,350,0.020131043,0,0,0.006710348,345,CT/EC,V
350,351,0.088859633,0.212121212,0.00313581,0.101372219,346,CT/EC,A
351,352,0.257869613,0.363636364,6.54E-05,0.207190458,347,CT/EC,P
