,feature,gbc,xgb,rf,mean,true_position,TMD,amino_acid
0,1,0.0090964189370246,1.5753510069771437e-06,0.0036002505926543,0.0042327482935619,1,CT/EC,M
1,2,0.0004317845867836,9.735975254443474e-06,0.0273933232960308,0.0092782812860229,2,CT/EC,N
2,3,0.0015814465340985,3.780376800932572e-06,0.0260488181909481,0.0092113483672825,3,N-Termina,G
3,4,0.0056852776344264,8.424243560511968e-07,0.0172986170585082,0.0076615790390969,4,N-Termina,T
4,5,0.0032756813750311,3.46767751580046e-06,0.0136373870527295,0.0056388453684254,5,N-Termina,E
5,6,0.0019547865818396,7.62384934205329e-06,0.0158043158433313,0.0059222420915043,6,N-Termina,G
6,7,0.0021555987741156,3.5749013477470726e-05,0.003620045437271,0.0019371310749546,7,N-Termina,P
7,8,0.0185389387394414,1.1511930324559216e-06,0.0241972058944645,0.0142457652756461,8,N-Termina,N
8,9,0.0045493663456959,2.982752903335495e-06,0.0122256281148646,0.0055926590711546,9,N-Termina,F
9,10,4.591924699813428e-05,3.0959793093643384e-06,0.0012698575921326,0.0004396242728133,10,N-Termina,Y
10,11,0.0063012429821019,4.024357622256503e-05,0.0353646139789372,0.0139020335124205,11,N-Termina,V
11,12,0.0002255399764494,0.0,0.0295063053757741,0.0099106151174078,12,N-Termina,P
12,13,0.1220927142613788,1.0373723853263073e-05,0.0668932340076195,0.0629987739976172,13,N-Termina,F
13,14,0.1989425602818571,0.014596483670175,0.0487854336347823,0.0874414925289381,NA,NA,-
14,15,0.0099148248245123,8.552304279874079e-06,0.026825962052435,0.0122497797270757,14,N-Termina,S
15,16,0.0,0.0,0.0,0.0,15,N-Termina,N
16,17,0.0404876086334014,0.0083562787622213,0.0267770200922769,0.0252069691626332,16,N-Termina,K
17,18,0.0749790802236488,1.813928429328371e-05,0.2510870042331051,0.1086947412470157,17,N-Termina,T
18,19,0.149302454325519,0.003760932246223,0.0274918096250748,0.060185065398939,18,N-Termina,G
19,20,0.0936411881702153,0.0194828882813453,0.0538720543994306,0.0556653769503304,19,N-Termina,V
20,21,0.5159437279893924,0.0,0.0354581414830149,0.1838006231574691,20,N-Termina,V
21,22,1.0,0.5999842286109924,1.0,0.8666614095369974,21,N-Termina,R
22,23,0.0006683384035235,1.0570865924819373e-05,0.0020401055961872,0.0009063382885451,22,N-Termina,S
23,24,0.0,0.0,0.0,0.0,23,N-Termina,P
24,25,7.93998516846158e-05,1.2686381012372294e-07,0.0612696420529705,0.0204497229228217,24,N-Termina,F
25,26,0.0346078893929856,1.7314516298938543e-05,0.0667446976516688,0.0337899671869844,25,N-Termina,E
26,27,0.2728582198384684,0.0,0.0293949419618012,0.1007510539334232,26,N-Termina,A
27,28,0.0,0.0,0.0,0.0,27,N-Termina,P
28,29,0.279725223452238,0.0583859346807003,0.1483307180832216,0.1621472920720533,28,N-Termina,Q
29,30,0.0,0.0,0.0,0.0,29,N-Termina,Y
30,31,0.5159437279893924,0.0,0.0354581414830149,0.1838006231574691,30,N-Termina,Y
31,32,0.0012007612408976,1.239399693986343e-07,0.0033682311271382,0.0015230387693351,31,N-Termina,L
32,33,0.003376588142029,1.460201247027726e-06,0.0112483868579331,0.004875478400403,32,N-Termina,A
33,34,0.1829649773374824,1.5850731642785831e-06,0.0980439922217464,0.0936701848774643,33,N-Termina,E
34,35,0.0498894141710781,0.0097322333604097,0.0298356094196032,0.0298190856503636,34,N-Termina,P
35,36,0.0003951198543996,5.098889232613146e-05,0.0070507381323699,0.0024989489596985,35,N-Termina,W
36,37,0.0031902070627757,2.0192217561998405e-05,0.0224280284639187,0.0085461425814188,36,N-Termina,Q
37,38,0.3418851452702747,1.6522902797078132e-06,0.1022184946033298,0.1480350973879614,37,1,F
38,39,0.0711416979944173,0.0001662734721321,0.058918833335209,0.0434089349339195,38,1,S
39,40,0.004875549827834,4.630042894859798e-05,0.0039769384064793,0.002966262887754,39,1,M
40,41,0.0068040466869364,2.495513058420329e-07,0.0327304758506385,0.0131782573629602,40,1,L
41,42,0.0023652710080223,3.099285095231608e-06,0.0100304747283136,0.004132948340477,41,1,A
42,43,0.0006981287547609,1.0611120160319842e-05,0.0078431076301074,0.0028506158350095,42,1,A
43,44,0.2829568414983278,0.0292551759630441,0.1575350910459811,0.156582369502451,43,1,Y
44,45,0.0,0.0,0.0,0.0,44,1,M
45,46,0.0603715670933649,1.741421510814689e-05,0.0325003692568849,0.0309631168551193,45,1,F
46,47,0.0012234277384003,2.2501170349187305e-07,0.0024821383930681,0.0012352637143906,46,1,L
47,48,0.363960527479632,0.0,0.1951252000281439,0.1863619091692586,47,1,L
48,49,0.0046293578942165,1.5418789189425297e-05,0.0531589532954765,0.0192679099929608,48,1,I
49,50,0.0118679987253721,4.688178523792885e-05,0.0081393266064127,0.0066847357056742,49,1,M
50,51,0.004207055533414,6.782006039429689e-06,0.0070736306899133,0.0037624894097889,50,1,L
51,52,0.279725223452238,0.0583859346807003,0.1483307180832216,0.1621472920720533,51,1,G
52,53,0.003272862232088,0.0002653805131558,0.0064691342275593,0.0033357923242677,52,1,F
53,54,0.139879147877952,0.0291929673403501,0.0811723814753052,0.0834148322312024,53,1,P
54,55,0.2121048730832258,0.0291929673403501,0.2667078856345449,0.1693352420193735,54,1,I
55,56,0.0,0.0,0.0,0.0,55,1,N
56,57,0.000435863478675,0.0003560737532097,0.0136717065416976,0.0048212145911941,56,1,F
57,58,0.004085237899563,2.7729026896849973e-06,0.0598439037425822,0.0213106381816116,57,1,L
58,59,0.363960527479632,0.0,0.1951252000281439,0.1863619091692586,58,1,T
59,60,0.0629122813307766,5.583608981396537e-06,0.0055605740749833,0.0228261463382471,59,1,L
60,61,0.0006040585889172,6.9394122874655295e-06,0.0057747590045437,0.0021285856685828,60,1,Y
61,62,2.145566135449515e-06,0.0,0.014944174048327,0.0049821065381541,61,1,V
62,63,0.0,0.0,0.0,0.0,62,CT/EC,T
63,64,0.0003808276690778,2.436691465845797e-05,0.0030720080027092,0.0011590675288151,63,CT/EC,V
64,65,0.0301429787311399,2.694349177545518e-06,0.0210527224846189,0.0170661318549788,64,CT/EC,Q
65,66,0.4440134091037802,0.0,0.4502274162279996,0.2980802751105932,65,CT/EC,H
66,67,0.0,0.0,0.0,0.0,66,CT/EC,K
67,68,0.0,0.0,0.0,0.0,67,CT/EC,K
68,69,0.0,0.0,0.0,0.0,68,CT/EC,L
69,70,0.0,0.0,0.0,0.0,69,CT/EC,R
70,71,0.0100811736198304,1.8657914552022703e-05,0.0120419288909406,0.007380586808441,70,CT/EC,T
71,72,0.0185212162789637,2.522224349377211e-07,0.0225972830091421,0.0137062505035136,71,CT/EC,P
72,73,0.0,0.0,0.0,0.0,72,CT/EC,L
73,74,0.0,0.0,0.0,0.0,73,CT/EC,N
74,75,0.1399512251603548,0.0293800551444292,0.0755156175536006,0.0816156326194615,74,2,Y
75,76,0.0,0.0,0.0,0.0,75,2,I
76,77,0.0,0.0,0.0,0.0,76,2,L
77,78,0.0001710745239304,5.2563546404371664e-08,0.0102214006979305,0.0034641759284691,77,2,L
78,79,0.0,0.0,0.0,0.0,78,2,N
79,80,4.1991475387849743e-05,0.0,0.058528312736366,0.0195234347372513,79,2,L
80,81,0.5016902981421172,0.000111110319267,0.2556665807578978,0.2524893297397607,80,2,A
81,82,0.0021668915823724,8.946013622335158e-06,0.0043676413387223,0.0021811596449057,81,2,V
82,83,0.0128600788284344,0.0001303449098486,0.0033354948111878,0.0054419728498236,82,2,A
83,84,0.0308385407149979,1.4592222214560024e-05,0.0147403955033589,0.0151978428135238,83,2,D
84,85,0.0017034976529019,1.197408209918649e-06,0.0017276988550596,0.0011441313053905,84,2,L
85,86,0.0052324087036271,0.0003873195964843,0.0056876726876921,0.0037691336626012,85,2,F
86,87,0.2088592898192715,0.0142218535766005,0.0699183294703241,0.0976664909553987,86,2,M
87,88,0.0559932160768714,0.0116926254704594,0.039865730364648,0.0358505239706596,87,2,V
88,89,0.0041327953860953,4.182251814199844e-06,0.0069654625305743,0.0037008133894946,88,2,F
89,90,0.0041728179950516,0.0002412763569736,0.0072304574273717,0.003881517259799,89,2,G
90,91,0.1924605659451081,0.0,0.225890278469932,0.13945028147168,90,2,G
91,92,0.0128182518208293,0.0,0.13973571849059,0.0508513234371397,91,2,F
92,93,0.3153470047742367,7.915940614111605e-08,0.2198133575115071,0.17838681381505,92,2,T
93,94,0.019004612749451,0.0002483317221049,0.0295131853060408,0.0162553765925322,93,2,T
94,95,0.0134055009508668,0.0003165769157931,0.0650933786919739,0.0262718188528779,94,2,T
95,96,0.0056891650651825,3.803868821705692e-06,0.0371952626989922,0.0142960772109988,95,2,L
96,97,0.0129084108055892,0.0002419281809125,0.0102337931140203,0.007794710700174,96,CT/EC,Y
97,98,0.0729601511081038,0.0146001586690545,0.0463157144830488,0.044625341420069,97,CT/EC,T
98,99,0.1035615176090089,0.0194620657712221,0.0675588369314697,0.0635274734372336,98,CT/EC,S
99,100,0.0014918179207119,1.8263750462210737e-05,0.0051209118220948,0.0022103311644229,99,CT/EC,L
100,101,0.0007700174807291,4.732722572953207e-06,0.0236879642727271,0.0081542381586763,100,CT/EC,H
101,102,0.0079135591584027,0.0,0.0052652895082511,0.0043929495555513,101,CT/EC,G
102,103,0.0,0.0,0.0,0.0,102,CT/EC,Y
103,104,0.0025905474963985,0.0,0.0119993939525569,0.0048633138163185,103,CT/EC,F
104,105,0.0129490312765852,9.132104423770215e-06,0.0075400875489111,0.0068327503099734,104,CT/EC,V
105,106,0.006119025342631,0.0,0.0030394805987295,0.0030528353137868,105,CT/EC,F
106,107,0.0,0.0,0.0,0.0,106,CT/EC,G
107,108,0.002116931086805,5.6999691878445446e-05,0.0069240601887559,0.0030326636558131,107,CT/EC,P
108,109,0.1409196092803535,0.0291929673403501,0.0790689126785069,0.0830604964330701,108,CT/EC,T
109,110,0.0169683964425782,8.652442375023384e-06,0.0210087126985335,0.0126619205278289,109,CT/EC,G
110,111,0.0,0.0,0.0,0.0,110,CT/EC,C
111,112,0.0101971771708988,5.902343673369614e-06,0.0339176573419113,0.0147069122854945,111,3,N
112,113,0.0098380857215485,1.7943386410479434e-05,0.004121255299454,0.004659094802471,112,3,L
113,114,0.0,0.0,0.0,0.0,113,3,E
114,115,0.0174351212513238,0.0034122318029403,0.0063505503142206,0.0090659677894949,114,3,G
115,116,0.0033860293646975,3.314625246275682e-06,0.0327641656280641,0.0120511698726693,115,3,F
116,117,0.0036820775025537,1.9571603843360208e-05,0.0140873788144761,0.0059296759736244,116,3,F
117,118,0.139862611726119,0.0291929673403501,0.1324797647633683,0.1005117812766124,117,3,A
118,119,0.157570464710999,0.0038669791538268,0.1344885470232914,0.0986419969627057,118,3,T
119,120,0.0020391819949792,0.0002444179262965,0.010362083532219,0.0042152278178316,119,3,L
120,121,0.279725223452238,0.0583859346807003,0.1483307180832216,0.1621472920720533,120,3,G
121,122,0.0,0.0,0.0,0.0,121,3,G
122,123,0.0952148672751377,0.0194619782269001,0.0993945342030411,0.0713571265683596,122,3,E
123,124,0.0107676347532862,0.0005039604147896,0.0354801537941219,0.0155839163207326,123,3,I
124,125,0.0244856795368547,5.387790679378668e-06,0.0467072279149815,0.0237327650808385,124,3,A
125,126,0.0,0.0,0.1166288114435149,0.0388762704811716,125,3,L
126,127,0.0,0.0,0.0,0.0,126,3,W
127,128,0.0,0.0,0.0,0.0,127,3,S
128,129,0.0,0.0,0.0,0.0,128,3,L
129,130,0.0003914512239003,0.0,0.0003577430187501,0.0002497314142168,129,3,V
130,131,7.656391344310514e-05,2.226937922955585e-08,0.027268390683791,0.0091149922888711,130,3,V
131,132,0.0023379496155371,0.0005772899021394,0.0127324970812997,0.0052159121996587,131,3,L
132,133,0.279725223452238,0.0583859346807003,0.1483307180832216,0.1621472920720533,132,3,A
133,134,0.0939332696828686,0.0194737408310174,0.0529088878436372,0.0554386327858411,133,CT/EC,I
134,135,0.0,0.0,0.0,0.0,134,CT/EC,E
135,136,0.0,0.0,0.0,0.0,135,CT/EC,R
136,137,4.277803984894116e-05,0.0,0.0124680331548087,0.0041702703982192,136,CT/EC,Y
137,138,0.0013983686634339,0.0002003284025704,0.0022808223339166,0.001293173133307,137,CT/EC,V
138,139,0.0,0.0,0.0,0.0,138,CT/EC,V
139,140,0.0014641738996255,0.0,0.346404650953427,0.1159562749510175,139,CT/EC,V
140,141,0.0,0.0,0.0,0.0,140,CT/EC,C
141,142,0.0,0.0,0.0,0.0,141,CT/EC,K
142,143,0.0,0.0,0.0,0.0,142,CT/EC,P
143,144,0.0006252318647429,2.7237170741045705e-08,0.0049045372304887,0.0018432654441341,143,CT/EC,M
144,145,8.994513972506379e-05,4.768324117776501e-07,0.0072122731217609,0.0024342316979659,144,CT/EC,S
145,146,0.0,0.0,0.0,0.0,145,CT/EC,N
146,147,0.0009049415872742,0.0,0.0063045480630213,0.0024031632167651,146,CT/EC,F
147,148,0.0001875592122501,0.0,0.0148763007040484,0.0050212866387662,147,CT/EC,R
148,149,0.0,0.0,0.0,0.0,148,CT/EC,F
149,150,0.0056817470093622,2.779146416287404e-05,0.0058733408702453,0.0038609597812568,149,CT/EC,G
150,151,0.0115013576693537,1.4096759741732967e-06,0.0045898630005402,0.0053642101152893,150,CT/EC,E
151,152,4.058279414986779e-05,1.0294385788256475e-08,0.0035212929381705,0.0011872953422354,151,CT/EC,N
152,153,0.0271453553037129,0.0,0.0058928437579226,0.0110127330205452,152,CT/EC,H
153,154,0.0,0.0,0.0,0.0,153,4,A
154,155,0.0021061791077403,2.3790311388438568e-05,0.0248046999096604,0.0089782231095964,154,4,I
155,156,0.0068209284738587,4.038070073875133e-06,0.007166079699148,0.0046636820810269,155,4,M
156,157,4.038576440174748e-06,0.0,0.1208067467762773,0.0402702617842391,156,4,G
157,158,0.0015503590160309,4.147098479734268e-06,0.0162662008001593,0.0059402356382233,157,4,V
158,159,0.0023057576869787,3.629916591307847e-06,0.0058334519129301,0.0027142798388334,158,4,A
159,160,0.0127685324106604,8.188572246581316e-05,0.0750421505336578,0.029297522888928,159,4,F
160,161,0.0078054021436829,0.0,0.0427257559527209,0.0168437193654679,160,4,T
161,162,0.0,0.0,0.0,0.0,161,4,W
162,163,0.007331908130854,1.447062095394358e-05,0.0066602485928095,0.0046688757815391,162,4,V
163,164,0.0562248970929132,0.0116791911423206,0.0559764824888155,0.0412935235746831,163,4,M
164,165,0.0101663242217274,0.0001106360941776,0.0701960858632625,0.0268243487263892,164,4,A
165,166,0.0028514791794317,6.027531981089851e-06,0.0085307498942968,0.0037960855352365,165,4,L
166,167,0.0185661421500095,1.3594520169135649e-05,0.0808484113092099,0.0331427159931295,166,4,A
167,168,0.2652229838138768,0.0194619782269001,0.1001392236699171,0.1282747285702313,167,4,C
168,169,0.0019287602846169,6.022882735123858e-05,0.0034387969674352,0.0018092620264678,168,4,A
169,170,0.0204521079138703,3.3280309619243553e-09,0.0059110274699762,0.0087877129039591,169,4,A
170,171,0.0,0.0,0.0,0.0,170,4,P
171,172,0.0,0.0,0.0,0.0,171,4,P
172,173,0.1410500851479001,0.0291929673403501,0.0778074529482777,0.082683501812176,172,4,L
173,174,0.0017230706645653,6.816715085733449e-06,0.0023537690379753,0.0013612188058754,173,4,V
174,175,0.0,0.0,0.0,0.0,174,CT/EC,G
175,176,0.0,0.0,0.0,0.0,175,CT/EC,W
176,177,0.0,0.0,0.0,0.0,176,CT/EC,S
177,178,0.0,0.0,0.0,0.0,177,CT/EC,R
178,179,0.0064230326503326,4.056953912368044e-05,0.0111631119840311,0.0058755713911624,178,CT/EC,Y
179,180,0.142643581848717,0.0291936192661523,0.0778893263762745,0.0832421758303813,179,CT/EC,I
180,181,0.0,0.0,0.0,0.0,180,CT/EC,P
181,182,0.0514076070913357,0.0004177411901764,0.1147952399323098,0.055540196071274,181,CT/EC,E
182,183,0.0,0.0,0.0,0.0,182,CT/EC,G
183,184,0.0007560965199483,2.9133911283452107e-08,0.0149601512319794,0.0052387589619463,183,CT/EC,M
184,185,0.279725223452238,0.0583859346807003,0.1483307180832216,0.1621472920720533,184,CT/EC,Q
185,186,0.2019582840319591,0.0,0.0377976523423593,0.0799186454581061,185,CT/EC,C
186,187,0.0,0.0,0.0,0.0,186,CT/EC,S
187,188,0.0,0.0,0.0,0.0,187,CT/EC,C
188,189,0.0,0.0,0.0,0.0,188,CT/EC,G
189,190,0.0001836285666975,1.672805956332013e-05,0.0054816398386613,0.0018939988216407,189,CT/EC,I
190,191,0.0,0.0,0.0,0.0,190,CT/EC,D
191,192,0.7579718639946962,0.2999921143054962,0.5177290707415075,0.5252310163472332,191,CT/EC,Y
192,193,0.279725223452238,0.0583859346807003,0.1483307180832216,0.1621472920720533,192,CT/EC,Y
193,194,0.279725223452238,0.0583859346807003,0.1483307180832216,0.1621472920720533,193,CT/EC,T
194,195,0.0065330721757914,1.3937341236669456e-07,0.0284792897500664,0.0116708337664234,194,CT/EC,P
195,196,0.0083046055800302,3.882792043441441e-07,0.1517493038261654,0.0533514325617999,195,CT/EC,H
196,197,0.0063409358196306,4.056066700286465e-06,0.0297010609749424,0.0120153509537578,196,CT/EC,E
197,198,0.6071893844084965,2.758602022367995e-07,0.1376766989791764,0.2482887864159584,197,CT/EC,E
198,199,0.1406014886596038,0.029283057898283,0.0804033653747856,0.0834293039775575,198,CT/EC,T
199,200,0.0001337807946798,4.923498408970772e-08,0.0076666818884041,0.002600170639356,199,CT/EC,N
200,201,0.0933753838053953,0.0194619782269001,0.0976331051216079,0.0701568223846344,200,CT/EC,N
201,202,0.070616780108377,4.132464255235391e-06,0.0884578055512436,0.0530262393746253,201,CT/EC,E
202,203,0.000306363825994,1.1525224863362382e-06,0.0058008696795704,0.0020361286760169,202,CT/EC,S
203,204,0.0170156401842111,5.214844804868335e-07,0.0042617754612852,0.0070926457099922,203,5,F
204,205,0.181980263739816,0.0,0.1558770057358294,0.1126190898252151,204,5,V
205,206,0.0001176586278027,2.8148494948254665e-06,0.0585966931760848,0.0195723888844608,205,5,I
206,207,0.3978344757208152,0.0291929673403501,0.0918944297831183,0.1729739576147612,206,5,Y
207,208,0.5159437279893924,0.0,0.0354581414830149,0.1838006231574691,207,5,M
208,209,0.279725223452238,0.0583859346807003,0.1483307180832216,0.1621472920720533,208,5,F
209,210,0.0055858177167721,5.407954176916974e-06,0.0189895957989324,0.0081936071566271,209,5,V
210,211,0.0948919634119663,0.0194625221192836,0.1285594060537718,0.0809712971950072,210,5,V
211,212,0.5159437279893924,0.0,0.0354581414830149,0.1838006231574691,211,5,H
212,213,0.279725223452238,0.0583859346807003,0.1483307180832216,0.1621472920720533,212,5,F
213,214,0.0066015476155195,2.6140533009311184e-06,0.0111504614394257,0.0059182077027487,213,5,I
214,215,0.0054612171309503,8.662696927785873e-05,0.0187830738858308,0.008110305995353,214,5,I
215,216,0.0,0.0,0.0,0.0,215,5,P
216,217,0.0001622973866636,2.1596358692477224e-06,0.0023437984471841,0.0008360851565723,216,5,L
217,218,0.0244820536218102,6.862258305773139e-05,0.0140849573888711,0.0128785445312464,217,5,I
218,219,0.0010294035813354,1.0550444130785763e-05,0.011285446219516,0.0041084667483274,218,5,V
219,220,8.992198884597674e-05,4.224929739393701e-08,0.000223677304579,0.0001045471809074,219,5,I
220,221,0.0027035214540473,1.477160935792199e-07,0.0188529799733938,0.0071855497145115,220,5,F
221,222,0.279725223452238,0.0583859346807003,0.1483307180832216,0.1621472920720533,221,5,F
222,223,0.023409149788956,6.587593759377341e-08,0.0051876647140505,0.009532293459648,222,5,C
223,224,0.0,0.0,0.0,0.0,223,5,Y
224,225,0.5969132266862381,0.0194619819521904,0.1724394420235918,0.2629382168873401,224,5,G
225,226,0.0005863800762248,8.571573744120542e-06,0.0131633738323198,0.0045861084940962,225,CT/EC,Q
226,227,0.279725223452238,0.0583859346807003,0.1483307180832216,0.1621472920720533,226,CT/EC,L
227,228,0.0933528466177463,0.0195377990603446,0.0988527490326267,0.0705811315702392,227,CT/EC,V
228,229,0.0019117282286954,1.173966120404657e-05,0.0166406089117124,0.0061880256005373,228,CT/EC,F
229,230,0.0,0.0,0.0,0.0,229,CT/EC,T
230,231,0.7579718639946962,0.2999921143054962,0.5177290707415075,0.5252310163472332,230,CT/EC,V
231,232,0.0020877825262697,1.815486029954627e-05,0.0054547748706807,0.0025202374190833,231,CT/EC,K
232,233,0.0049400891072677,0.0,0.0043675036158134,0.0031025309076937,232,CT/EC,E
233,234,0.0006266664129531,0.0,0.1792612701447348,0.0599626455192293,233,CT/EC,A
234,235,0.0,0.0,0.0,0.0,234,CT/EC,A
235,236,1.5706740668110365e-05,2.528032183590767e-08,8.269964466783032e-05,3.281055521925887e-05,235,CT/EC,A
236,237,0.0,0.0,0.0,0.0,236,CT/EC,Q
237,238,0.0,0.0,0.0,0.0,237,CT/EC,Q
238,239,0.1403227100764285,0.0291929673403501,0.1045930284979037,0.0913695686382274,238,CT/EC,Q
239,240,0.0,0.0,0.0,0.0,239,CT/EC,E
240,241,0.0,0.0,0.0,0.0,240,CT/EC,S
241,242,8.219584192742258e-05,0.0,0.0089596640249328,0.0030139532889534,241,CT/EC,A
242,243,0.0112614479276596,0.0,0.006235323557801,0.0058322571618202,242,CT/EC,T
243,244,0.0,0.0,0.0,0.0,243,CT/EC,T
244,245,0.0,0.0,0.0,0.0,244,CT/EC,Q
245,246,4.140937895928491e-07,0.0,0.0004193960483602,0.0001399367140499,245,CT/EC,K
246,247,0.0,0.0,0.0,0.0,246,CT/EC,A
247,248,0.0,0.0,0.0,0.0,247,CT/EC,E
248,249,0.0472254518336682,4.655917564377887e-06,0.0027107562723272,0.0166469546745199,248,CT/EC,K
249,250,0.0,0.0,0.0,0.0,249,CT/EC,E
250,251,0.0,0.0,0.0,0.0,250,CT/EC,V
251,252,0.0003602806476325,0.0,0.0592594408864382,0.0198732405113569,251,CT/EC,T
252,253,0.0,0.0,0.0,0.0,252,CT/EC,R
253,254,0.0,0.0,0.0,0.0,253,6,M
254,255,0.0,0.0,0.0,0.0,254,6,V
255,256,0.0009717496843674,4.890049604000524e-05,0.0047660658209921,0.0019289053337998,255,6,I
256,257,0.1738185298335784,2.00687122742238e-06,0.0140777132558848,0.0626327499868969,256,6,I
257,258,0.0,0.0,0.0,0.0,257,6,M
258,259,0.1366849080907917,2.0969571323803397e-06,0.1123668515209598,0.0830179521896279,258,6,V
259,260,0.0021797088724746,5.406251148087904e-06,0.0883193249696002,0.0301681466977409,259,6,I
260,261,6.822890001409163e-05,3.120802318790084e-07,0.0124947300321025,0.0041877570041161,260,6,A
261,262,0.013246413633164,0.0005689576501026,0.0706400278439218,0.0281517997090628,261,6,F
262,263,0.363960527479632,0.0,0.1951252000281439,0.1863619091692586,262,6,L
263,264,0.0054278224680438,0.0001174851204268,0.0092145792635881,0.0049199622840196,263,6,I
264,265,0.001076327726521,8.773351873969659e-05,0.0024886846343324,0.0012175819598644,264,6,C
265,266,0.0280923054788461,1.0,0.6169270603489745,0.5483397886092736,265,6,W
266,267,0.0306020244473466,2.204028351115994e-05,0.0181335165424385,0.0162525270910987,266,6,L
267,268,0.0,0.0,0.0,0.0,267,6,P
268,269,0.0,0.0,0.0,0.0,268,6,Y
269,270,0.1541537216982731,0.0002743620425462,0.0764767306120192,0.0769682714509462,269,6,A
270,271,0.0933497020976112,0.0194624029099941,0.0501463090295148,0.0543194713457067,270,6,G
271,272,0.0058584460854436,0.0006457936251536,0.0332816959608833,0.0132619785571601,271,6,V
272,273,0.0,0.0,0.0,0.0,272,6,A
273,274,0.0473359984328048,0.0097318412736058,0.0477629706999755,0.0349436034687954,273,6,F
274,275,0.0073311971703798,0.0003271171299275,0.0019186581069167,0.0031923241357413,274,6,Y
275,276,0.0128209181520516,0.0001145750502473,0.0514501714569661,0.021461888219755,275,CT/EC,I
276,277,0.1720294793361559,0.0,0.0810634882467494,0.0843643225276351,276,CT/EC,F
277,278,0.0760739915595871,4.1056347981793806e-05,0.1064040682968322,0.060839705401467,277,CT/EC,T
278,279,0.0114020204344889,0.000107502186438,0.0059340442059123,0.0058145222756131,278,CT/EC,H
279,280,0.3597460358695198,0.0433207191526889,0.1471370478889967,0.1834012676370685,279,CT/EC,Q
280,281,9.579278780796912e-05,0.0,0.1894502194035136,0.0631820040637738,280,CT/EC,G
281,282,0.0565304271242131,0.0116773517802357,0.0544550596948994,0.0408876128664494,281,CT/EC,S
282,283,0.0009016551506604,3.912196552846581e-05,0.0215127506695434,0.0074845092619107,282,CT/EC,D
283,284,0.000705370300838,0.0,0.0120832890175174,0.0042628864394518,283,CT/EC,F
284,285,0.0933156556704645,0.0194621253758668,0.0535167873962251,0.0554315228141855,284,CT/EC,G
285,286,0.7788022724081276,0.0,0.0784506000947738,0.2857509575009671,285,CT/EC,P
286,287,0.1833111406623669,0.0759170278906822,0.1804084379783934,0.1465455355104808,286,CT/EC,I
287,288,0.0004070617805709,9.048844731296413e-06,0.0273967534294805,0.0092709546849276,287,7,F
288,289,0.0124668791105433,0.0,0.0622516522242707,0.0249061771116046,288,7,M
289,290,0.0062003504422302,0.0,0.0021813979895652,0.0027939161439318,289,7,T
290,291,0.0006315004571429,3.620174902607687e-05,0.0030205189036618,0.0012294070366102,290,7,I
291,292,0.0,0.0,0.0,0.0,291,7,P
292,293,0.15943764229167,0.0009579861653037,0.0506735789059105,0.0703564024542947,292,7,A
293,294,0.1422005613416561,0.0291929673403501,0.0855733990763407,0.0856556425861156,293,7,F
294,295,0.007326818608895,0.0,0.0036547709370421,0.0036605298486457,294,7,F
295,296,0.0093004026519427,0.0,0.1805178193220512,0.0632727406579979,295,7,A
296,297,0.0,0.0,0.0,0.0,296,7,K
297,298,0.0,0.0,0.0,0.0,297,7,T
298,299,0.0318370861544517,2.6890698791248724e-05,0.0241971084940525,0.0186870284490985,298,7,S
299,300,0.0022574472624488,6.280396519287024e-06,0.0475465415355473,0.0166034230648384,299,7,A
300,301,0.0107668514058913,4.848588559980271e-06,0.0958529251666761,0.0355415417203758,300,7,V
301,302,0.0,0.0,0.0,0.0,301,7,Y
302,303,0.0,0.0,0.0,0.0,302,7,N
303,304,0.0,0.0,0.0,0.0,303,7,P
304,305,0.0013986062939611,1.0140304766537156e-05,0.0137044827429642,0.0050377431138973,304,7,V
305,306,0.0,0.0,0.0,0.0,305,7,I
306,307,0.0,0.0,0.0,0.0,306,7,Y
307,308,0.000104949785237,1.7256435967283323e-05,0.0056534123576293,0.0019252061929445,307,7,I
308,309,0.363960527479632,0.0,0.1951252000281439,0.1863619091692586,308,7,M
309,310,0.0,0.0,0.0,0.0,309,CT/EC,M
310,311,0.0,0.0,0.0,0.0,310,CT/EC,N
311,312,0.279725223452238,0.0583859346807003,0.1483307180832216,0.1621472920720533,311,CT/EC,K
312,313,0.0,0.0,0.0,0.0,312,CT/EC,Q
313,314,0.0,0.0,0.0,0.0,313,CT/EC,F
314,315,1.6959005991526334e-05,0.0,0.0044138319628015,0.001476930322931,314,CT/EC,R
315,316,0.0006915070655514,2.827896707913169e-07,0.0033566361902515,0.0013494753484912,315,CT/EC,N
316,317,0.0,0.0,0.0,0.0,316,CT/EC,C
317,318,0.363960527479632,0.0,0.1951252000281439,0.1863619091692586,317,CT/EC,M
318,319,0.0059689474673991,0.0001636739616515,0.0037382881764721,0.0032903032018409,318,CT/EC,V
319,320,0.0823562992830182,0.0145981516689062,0.0698283755713101,0.0555942755077448,319,CT/EC,T
320,321,0.0468617231899492,7.599597395824276e-09,0.0314425270763622,0.0261014192886363,320,CT/EC,T
321,322,1.2212257238800291e-05,0.0,0.3283181788157722,0.1094434636910036,321,CT/EC,L
322,323,0.0002255399764494,0.0,0.0295063053757741,0.0099106151174078,322,CT/EC,C
323,324,0.0030078116999399,0.0,0.0030140545476889,0.0020072887492096,323,CT/EC,C
324,325,0.0101364208738692,0.0,0.0067297604718351,0.0056220604485681,324,CT/EC,G
325,326,0.0007378915200113,2.806758381268537e-09,0.008798833988576,0.0031789094384485,325,CT/EC,K
326,327,0.0004756956600655,1.0471659152244683e-05,0.0118153470650592,0.004100504794759,326,CT/EC,N
327,328,0.0345152070261392,1.978935904034529e-09,0.010775805187406,0.015097004730827,327,CT/EC,P
328,329,0.147262523893907,0.0291929673403501,0.1801601851587356,0.1188718921309976,328,CT/EC,L
329,330,0.0042794415383536,0.0079841213300824,0.0316881011133721,0.0146505546606027,329,CT/EC,G
330,331,0.0015169441976617,1.8470312568297234e-07,0.002952502212125,0.0014898770376374,NA,NA,-
331,332,0.0216452629477941,0.0008262523915618,0.0251801505362843,0.0158838886252134,330,CT/EC,D
332,333,0.363960527479632,0.0,0.1951252000281439,0.1863619091692586,331,CT/EC,D
333,334,0.0001588403901226,5.490352577908197e-06,0.0058877669705329,0.0020173659044111,332,CT/EC,E
334,335,0.011640681891749,0.0004565065319184,0.0063430675097842,0.0061467519778172,NA,NA,-
335,336,0.0008550898207574,7.547414861619473e-05,0.0070769806016351,0.0026691815236695,333,CT/EC,A
336,337,0.010705591925568,0.0004471639986149,0.0070330915143793,0.0060619491461874,334,CT/EC,S
337,338,0.0036186620267715,1.1541316780494526e-05,0.0037106234397915,0.0024469422611145,335,CT/EC,T
338,339,0.0021693829246033,4.295397593523376e-05,0.003138243586699,0.0017835268290792,336,CT/EC,T
339,340,0.4569525470991153,3.925606222310307e-07,0.1166301410591401,0.1911943602396259,337,CT/EC,S
340,341,8.138894609807909e-05,8.389876597902912e-07,0.014831672127604,0.0049713000204539,338,CT/EC,K
341,342,0.0,0.0,0.0,0.0,339,CT/EC,T
342,343,0.0003457363021356,0.0,0.0015593720251475,0.0006350361090943,340,CT/EC,E
343,344,0.0001584699114262,4.59597094959463e-06,0.0038633689033058,0.0013421449285605,NA,NA,-
344,345,0.0003467829092635,5.428152007880271e-07,0.0011852285827749,0.0005108514357464,NA,NA,-
345,346,0.0006314549397113,0.0001328435173491,0.0061598714212652,0.0023080566261085,NA,NA,-
346,347,0.0011045015659451,3.2787018426461145e-05,0.0011202048694902,0.0007524978179539,NA,NA,-
347,348,0.0100740178548981,1.876674468803685e-05,0.0027149510575956,0.0042692452190606,NA,NA,-
348,349,0.0034290552220152,8.646642527310178e-06,0.0024726949058445,0.0019701322567957,341,CT/EC,T
349,350,2.011348115333544e-05,0.0,0.0031671598040502,0.0010624244284011,342,CT/EC,S
350,351,0.000386409436973,0.0,0.0028638365983849,0.0010834153451193,343,CT/EC,Q
351,352,0.0010324011999938,0.0,0.0107048710821754,0.0039124240940564,344,CT/EC,V
352,353,0.000433202851117,0.0007408867240883,0.0135299917093378,0.004901360428181,345,CT/EC,A
353,354,0.0,0.0,0.0,0.0,346,CT/EC,P
