,feature,et,xgb,lgbm,rf,gbr,mean,feat_pos,true_position,TMD,amino_acid
0,1_H1,0.0004651527826803,9.155316547548864e-06,0.0,0.005912828271179,0.0,0.0012774272740813,1,1,CT/EC,M
1,1_H3,0.001831165932097,1.0262823479934011e-06,0.0,0.0050182520179801,0.0,0.001370088846485,1,1,CT/EC,M
2,3_H3,0.0006946114280957,7.4556055551511236e-06,0.0833333333333333,0.0042019686285921,0.0,0.0176474737991152,3,3,N-Termina,G
3,4_H1,0.0017450957417297,4.325307600083761e-05,0.1111111111111111,0.0324651960342415,0.0001018075385246,0.0290932927003215,4,4,N-Termina,T
4,4_H3,0.0008936964708391,7.333751455007587e-06,0.0555555555555555,0.0046557034374675,7.918669945719877e-05,0.0122382951829548,4,4,N-Termina,T
5,4_NCI,0.002328432745504,4.438707765075378e-05,0.1944444444444444,0.0057093625736472,0.0023183501918801,0.0409689954066253,4,4,N-Termina,T
6,5_H1,0.0028939787785488,0.0002791596634779,0.1666666666666666,0.0905790270628081,0.0026895937804386,0.052621685190388,5,5,N-Termina,E
7,5_H3,0.0006573762977395,0.0001540223456686,0.0277777777777777,0.0054384788989601,1.2292554210498502e-06,0.0068057769151134,5,5,N-Termina,E
8,5_NCI,0.0010962374308647,5.098933615954593e-05,0.0555555555555555,0.0061048625894717,0.0002939680928513,0.0126203226009805,5,5,N-Termina,E
9,6_NCI,0.0003460292823348,2.7194799258722924e-05,0.3055555555555556,0.012334009145336,0.0,0.063652557756497,6,6,N-Termina,G
10,6_H1,0.000244596328077,1.0251712410536127e-05,0.1388888888888889,0.0043340834548034,6.053832499818212e-05,0.0287076717418356,6,6,N-Termina,G
11,6_H3,0.0003244290251066,0.0001677075924817,0.0833333333333333,0.0120052095939301,0.0010466264692291,0.0193754612028161,6,6,N-Termina,G
12,7_H1,0.0006935179882567,6.676676548522664e-06,0.4166666666666667,0.0125886561005489,0.0,0.0859911034864041,7,7,N-Termina,P
13,7_H3,0.0006877887541801,5.894667629036121e-05,0.0,0.0067124423616723,0.0,0.0014918355584285,7,7,N-Termina,P
14,7_NCI,0.0012014227474957,3.29298636643216e-05,0.1944444444444444,0.0091439421518224,0.0081664782114522,0.0425978434837758,7,7,N-Termina,P
15,8_H1,0.0004803404106368,2.0547033273032863e-05,0.2222222222222222,0.0088250481350669,0.0001376812316086,0.0463371678065615,8,8,N-Termina,N
16,8_H3,0.0007758872229624,9.361634511151353e-06,0.0555555555555555,0.0040944625935346,0.0003779013876105,0.0121626336788348,8,8,N-Termina,N
17,9_NCI,0.0011888426027054,0.0001442115171812,0.25,0.0099189192446749,1.1452587250960255e-05,0.0522526851903625,9,9,N-Termina,F
18,9_H3,0.0007319877745864,1.3943572412244976e-05,0.25,0.0039850039323417,9.784802783354844e-05,0.0509657566614348,9,9,N-Termina,F
19,10_NCI,0.0008115145397174,0.0002520527923479,0.0277777777777777,0.006153873273662,0.0002662062453562,0.0070522849257723,10,10,N-Termina,Y
20,10_H1,0.0006583619283773,5.705921466869768e-06,0.0,0.0322743200552998,0.0007073606893014,0.0067291497188891,10,10,N-Termina,Y
21,10_H3,0.0024868568186452,1.7765072470865562e-06,0.0,0.0051970656373659,2.706868695357284e-06,0.0015376811663907,10,10,N-Termina,Y
22,11_H1,0.0010202750120298,0.0001033734806696,0.1666666666666666,0.0158089081811788,0.0002978260232435,0.0367794098727577,11,11,N-Termina,V
23,11_H3,0.0003121155192536,0.0,0.0555555555555555,0.0019503775750977,0.0,0.0115636097299813,11,11,N-Termina,V
24,11_NCI,0.0006695634981134,4.793141852132976e-05,0.0277777777777777,0.0108615402092198,0.0,0.0078713625807264,11,11,N-Termina,V
25,12_NCI,0.0049995095913619,0.009512367658317,0.0,0.0127378193234978,0.0,0.0054499393146353,12,12,N-Termina,P
26,14_H1,0.0022220633603506,9.68899912550114e-05,0.6111111111111112,0.0660078770744074,0.0003780783360981,0.1359632039746445,14,14,N-Termina,S
27,14_H3,0.0007011187900079,5.020422122470336e-06,0.0,0.0038618947297248,0.000120736269671,0.0009377540423052,14,14,N-Termina,S
28,14_NCI,0.000884703381559,2.263032365590334e-05,0.2777777777777778,0.0135464333788575,0.000100918178005,0.058466492607971,14,14,N-Termina,S
29,15_H3,2.255248235043734e-05,0.0,0.0,5.791747837912163e-05,0.0,1.6093992145911793e-05,15,15,N-Termina,N
30,15_NCI,6.678269289613417e-05,0.0,0.0,0.0038503332665406,0.0,0.0007834231918873,15,15,N-Termina,N
31,15_H1,0.000112538987874,3.055812953789428e-07,0.0,0.0041320153625478,0.0,0.0008489719863434,15,15,N-Termina,N
32,16_H1,0.0043257449921386,6.88521540723741e-05,0.0277777777777777,0.6524631425464591,0.0,0.1369271034940896,16,16,N-Termina,K
33,16_H3,0.0006722524167551,0.0,0.0,0.0031383651275887,2.876144278104564e-05,0.000767875797425,16,16,N-Termina,K
34,16_NCI,0.0006689657078159,0.0003350084007252,0.0833333333333333,0.0116862638862947,0.0,0.0192047142656338,16,16,N-Termina,K
35,17_H1,0.0064723071332501,0.0186266079545021,0.0833333333333333,0.0710111651884067,0.0084226987922366,0.0375732224803458,17,17,N-Termina,T
36,17_H3,0.0001107926731206,0.0,0.0,0.0023126204876399,0.0,0.0004846826321521,17,17,N-Termina,T
37,17_NCI,0.0004346500474575,0.0,0.0,0.0230614625919379,0.0,0.004699222527879,17,17,N-Termina,T
38,18_NCI,0.0015950129842952,0.0003108973032794,0.0,0.1025359442610974,1.894639672793104e-05,0.02089216018908,18,18,N-Termina,G
39,19_NCI,0.0001543750765044,1.4138456663204124e-06,0.0277777777777777,0.0111059007221548,0.0,0.0078078934844206,19,19,N-Termina,V
40,19_H1,0.0004577013975779,2.6120522306882776e-05,0.0,0.0161729405023448,0.0,0.0033313524844459,19,19,N-Termina,V
41,19_H3,0.0001118866143705,0.0,0.0,0.0094497268682718,0.0,0.0019123226965284,19,19,N-Termina,V
42,20_H1,0.002242621016847,3.4818094718502834e-05,0.0,0.0244461660263891,0.0,0.0053447210275909,20,20,N-Termina,V
43,20_H3,0.0002348933463252,0.0,0.0,0.0486279294397358,5.249408108864958e-05,0.0097830633734299,20,20,N-Termina,V
44,20_NCI,0.0001572304769315,2.09195331990486e-06,0.0,0.0398235283243038,0.0,0.007996570150911,20,20,N-Termina,V
45,21_H1,0.3803048328371342,9.408528967469463e-06,0.1666666666666666,0.7387619712855408,0.0010032509780814,0.2573492260592781,21,21,N-Termina,R
46,21_H3,0.0002733199155816,6.27118151896866e-06,0.0277777777777777,0.1955422455331102,0.0,0.0447199228815977,21,21,N-Termina,R
47,21_NCI,0.0446169270097265,0.0,0.0833333333333333,0.5245992673229845,2.8871618082825105e-06,0.1305104829655705,21,21,N-Termina,R
48,22_H3,0.0015709022714232,0.0,0.0,0.0071261263311144,0.0,0.0017394057205075,22,22,N-Termina,S
49,22_NCI,0.0005081528591116,5.339450126484735e-06,0.0555555555555555,0.0100361058891887,0.0,0.0132210307507964,22,22,N-Termina,S
50,22_H1,0.0007429410250437,1.6009214959922247e-05,0.1388888888888889,0.0143470223144729,0.0,0.0307989722886731,22,22,N-Termina,S
51,23_H1,0.0004551798191529,0.0004970987793058,0.0,0.0022762355237107,0.0008946557738392,0.0008246339792017,23,23,N-Termina,P
52,23_H3,9.80393698107682e-05,0.0,0.0,0.0004423503129284,0.0,0.0001080779365478,23,23,N-Termina,P
53,24_H1,0.0020282292413719,8.17154796095565e-05,0.0833333333333333,0.0089773874912373,0.0001192962014246,0.0189079923493953,24,24,N-Termina,F
54,24_H3,0.002301719143129,0.0001695277896942,0.0277777777777777,0.009217185953447,0.0,0.0078932421328096,24,24,N-Termina,F
55,25_H1,0.00476060566533,3.7028687074780464e-05,0.25,0.0504811567814573,0.0,0.0610557582267724,25,25,N-Termina,E
56,25_H3,0.0236048431383123,0.0,0.0,0.0210401868505966,0.0,0.0089290059977818,25,25,N-Termina,E
57,26_H3,8.450941906498732e-05,0.0,0.0,0.0140282999325232,0.0,0.0028225618703176,26,26,N-Termina,A
58,26_H1,0.0002481141515746,1.7083740431189651e-06,0.0,0.019630584993211,0.0,0.0039760815037657,26,26,N-Termina,A
59,26_NCI,0.0032403480230667,2.411441755612032e-06,0.0,0.1057992686423427,0.0,0.021808405621433,26,26,N-Termina,A
60,27_NCI,0.0005236771789866,2.1460728021338585e-05,0.0555555555555555,0.0052620102161232,0.0008743928096065,0.0124474192976586,27,27,N-Termina,P
61,28_H1,0.0017252545473856,0.0010829006787389,0.0,0.0305908422408757,0.0,0.0066797994934,28,28,N-Termina,Q
62,28_H3,0.0001445899269183,0.0,0.0,0.0020133518005597,0.0,0.0004315883454956,28,28,N-Termina,Q
63,28_NCI,0.0022922374512188,0.0011552477953955,0.0,0.0892733408932184,0.0008606246871601,0.0187162901653985,28,28,N-Termina,Q
64,29_H1,0.0007829944163902,1.1129779522889294e-05,0.0833333333333333,0.0428463429854073,0.0004048969127438,0.0254757394854795,29,29,N-Termina,Y
65,29_H3,0.0009770961481888,0.0,0.0277777777777777,0.0312003556828097,0.0,0.0119910459217552,29,29,N-Termina,Y
66,29_NCI,0.0001621195354781,9.505148454991286e-07,0.0,0.0033480968764318,0.0,0.0007022333853511,29,29,N-Termina,Y
67,30_H3,0.0083221841466711,0.0,0.0,0.0239534161667557,0.0,0.0064551200626853,30,30,N-Termina,Y
68,30_NCI,0.0041848311348883,0.0,0.1111111111111111,0.0398050374639499,0.0,0.0310201959419898,30,30,N-Termina,Y
69,30_H1,0.0157808698549917,0.0,0.0277777777777777,0.0214450825880276,0.0001081334674622,0.0130223727376519,30,30,N-Termina,Y
70,31_NCI,0.0009561462022271,0.0012221597135066,0.1388888888888889,0.0198255537302881,0.0152785673497607,0.0352342631769343,31,31,N-Termina,L
71,32_H3,0.0006329825026009,0.0,0.0,0.0075489159775401,0.0,0.0016363796960282,32,32,N-Termina,A
72,32_NCI,0.0002950227225585,2.6264298867317848e-05,0.0277777777777777,0.0886090107767161,1.947929902090668e-06,0.0233420047011643,32,32,N-Termina,A
73,34_H1,0.015649305902224,5.310802589519881e-05,0.4166666666666667,0.0724597151199607,0.0045199932859989,0.1018697578001491,34,34,N-Termina,P
74,34_H3,0.0731810533912101,0.0,0.0,0.0460034738517031,0.0,0.0238369054485826,34,34,N-Termina,P
75,34_NCI,0.0004368832857228,2.7808686354546808e-05,0.0833333333333333,0.0185277003854159,0.0,0.0204651451381653,34,34,N-Termina,P
76,35_H1,0.0001389375212106,3.1468807719647884e-05,0.0277777777777777,0.0078937589631747,1.444205570990769e-06,0.0071686774550907,35,35,N-Termina,W
77,35_NCI,6.286464723900454e-05,6.133413990028203e-05,0.0,0.0048306949452552,0.0,0.0009909787464789,35,35,N-Termina,W
78,36_NCI,0.0002921163385037,6.55023759463802e-05,0.1388888888888889,0.0102526312457993,3.967630771478997e-05,0.0299077630313706,36,36,N-Termina,Q
79,37_NCI,0.0001755396385047,3.0297460398287512e-06,0.0,0.0065921715689271,0.0,0.0013541481906943,37,37,1,F
80,37_H1,0.0003872323470869,0.0001990889286389,0.2777777777777778,0.0031192882493758,0.0,0.0562966774605758,37,37,1,F
81,37_H3,0.0003872323470869,0.0001990889286389,0.2777777777777778,0.0031192882493758,0.0,0.0562966774605758,37,37,1,F
82,38_H1,0.0003027211204774,3.455134719843045e-05,0.0555555555555555,0.0117969565772202,0.000696318124774,0.0136772205450451,38,38,1,S
83,39_H3,9.412168406931132e-05,7.615129288751632e-05,0.0,0.0019514405898687,0.0,0.0004243427133651,39,39,1,M
84,39_H1,0.0029161719466947,0.0001946590928127,0.7222222222222222,0.0211326991125502,0.0009804167223728,0.1494892338193305,39,39,1,M
85,40_NCI,0.0003990847297321,1.2107428119634278e-05,0.0,0.0106915942125863,0.0,0.0022205572740876,40,40,1,L
86,40_H1,0.0032963057674707,1.918782072607428e-05,0.0833333333333333,0.1622928165129815,0.0,0.0497883286869023,40,40,1,L
87,41_H3,0.0026884863307564,0.0,0.0,0.0059697809077857,5.235328301571263e-05,0.0017421241043115,41,41,1,A
88,41_NCI,0.0006265423350861,2.976231598950108e-06,0.0277777777777777,0.0137771693274597,0.0013075179828901,0.0086983967309625,41,41,1,A
89,41_H1,0.0013044580373528,4.776708465215052e-06,0.0555555555555555,0.0100476412290875,0.0,0.0133824863060922,41,41,1,A
90,42_H1,0.0007973176322215,5.137022890266962e-05,0.1388888888888889,0.0113039329440061,9.163979457383209e-05,0.0302266298977186,42,42,1,A
91,42_NCI,0.0005591821900724,6.47518245386891e-05,0.2222222222222222,0.0131996343212064,0.000141794527781,0.0472375170171641,42,42,1,A
92,43_H1,0.0419337397823823,1.7936281437869184e-05,0.0555555555555555,0.579386404876521,0.0136719657354059,0.1381131204462605,43,43,1,Y
93,43_H3,0.2658572658347781,0.0225271210074424,0.0,0.439477573156282,0.0,0.1455723919997005,43,43,1,Y
94,43_NCI,0.0039206816914937,0.0028616650961339,0.25,0.0463185815081901,0.0004774196471571,0.060715669588595,43,43,1,Y
95,44_H1,0.0011466391208966,0.0002370218135183,0.1944444444444444,0.0569635387498364,0.0002927571800478,0.0506168802617487,44,44,1,M
96,44_H3,0.0001353659081669,0.0,0.0,9.062941534350792e-05,0.0,4.519906470208511e-05,44,44,1,M
97,45_NCI,0.0029203915023276,1.5936868294375017e-05,0.2777777777777778,0.0372494287704928,0.0,0.0635927069837785,45,45,1,F
98,45_H1,0.0042059762436552,8.441800673608668e-06,0.2777777777777778,0.0177213311353286,7.851519485404723e-05,0.0599584084304578,45,45,1,F
99,46_NCI,0.0114499259369983,5.336757385521196e-05,0.3055555555555556,0.0385427929215796,0.0132466826751045,0.0737696649326186,46,46,1,L
100,47_NCI,0.0004358911680316,5.726334393330035e-07,0.0277777777777777,0.0113624517486299,0.0,0.0079153386655757,47,47,1,L
101,48_H1,0.0011365734520268,6.292406760621816e-05,0.2222222222222222,0.0156897958321271,0.0,0.0478223031147964,48,48,1,I
102,48_H3,0.0001416244841735,0.0,0.0,0.0113148474568486,0.0,0.0022912943882044,48,48,1,I
103,48_NCI,0.003929301723908,2.9362039640545845e-05,0.1944444444444444,0.0572847018723622,0.0,0.051137562016071,48,48,1,I
104,49_NCI,0.0026488909994488,0.0001033424196066,0.4722222222222222,0.0171131391774033,0.0005323739548525,0.0985239937547067,49,49,1,M
105,50_H3,7.104163356202484e-05,2.500632092505839e-07,0.0,0.0012573946922246,0.0,0.0002657372777991,50,50,1,L
106,51_H1,0.0018107971504537,0.0,0.0,0.0160703095321435,0.001482509249194,0.0038727231863582,51,51,1,G
107,51_NCI,0.0009001472224869,3.373114304849878e-05,0.0,0.0358881666561764,0.0002127331661676,0.0074069556375759,51,51,1,G
108,51_H3,0.0018107971504537,0.0,0.0,0.0160703095321435,0.001482509249194,0.0038727231863582,51,51,1,G
109,52_H3,0.0006166306681997,0.0,0.0,0.0069140023994199,0.0,0.0015061266135239,52,52,1,F
110,52_H1,0.0007214778209376,1.8437636754242703e-05,0.1666666666666666,0.0127023298944591,0.0,0.0360217824037635,52,52,1,F
111,52_NCI,0.0006369970415773,6.189787200128194e-06,0.0555555555555555,0.0085658606709018,2.5916096331996427e-05,0.0129581038303133,52,52,1,F
112,53_H1,0.0003160829381319,0.0,0.0,0.018001338205201,0.0,0.0036634842286665,53,53,1,P
113,53_NCI,0.0002396766328538,4.683282895712182e-05,0.0277777777777777,0.0134515209042435,0.0,0.0083031616287664,53,53,1,P
114,54_H3,3.68495353867407e-05,0.0,0.0,0.0227344958319961,0.0,0.0045542690734765,54,54,1,I
115,54_NCI,0.0001971535596609,0.0001449470000807,0.0277777777777777,0.0485285221117668,0.0,0.0153296800898572,54,54,1,I
116,54_H1,0.0001707939975986,2.2593621906707995e-06,0.0555555555555555,0.1035425997248094,0.0,0.0318542417280308,54,54,1,I
117,56_H3,8.657603528028329e-05,2.893283408411662e-06,0.0,0.0008334394182191,0.0,0.0001845817473815,56,56,1,F
118,56_NCI,0.0010228910706918,6.572299025719985e-05,0.2222222222222222,0.00806155102308,9.253934125116844e-05,0.0462929853295005,56,56,1,F
119,57_H1,0.0004800306155518,0.0,0.1111111111111111,0.0093925262897482,0.0005378244983743,0.0243042985029571,57,57,1,L
120,57_H3,2.923675815143905e-05,0.0,0.0,0.0007260809988136,0.0,0.000151063551393,57,57,1,L
121,57_NCI,0.0007087402007464,0.0001000881529762,0.0,0.0101824994998906,0.0003325487017896,0.0022647753110806,57,57,1,L
122,58_H1,0.0013345972378972,7.262764938786859e-06,0.0,0.0447250772598207,0.0,0.0092133874525313,58,58,1,T
123,59_H1,0.0029249826981397,0.0,0.0555555555555555,0.0279182686802625,0.0295003800942419,0.0231798374056399,59,59,1,L
124,59_NCI,4.922984834053011e-05,0.0001280958531424,0.0,0.0024539602964231,0.0,0.0005262571995812,59,59,1,L
125,60_H1,0.0021905828959246,2.381913691351656e-05,0.1111111111111111,0.0198583336690029,0.0003788322050475,0.0267125358035999,60,60,1,Y
126,60_H3,0.000118356975757,0.0,0.0,0.0043757080214705,0.0,0.0008988129994455,60,60,1,Y
127,62_H1,4.391917222472743e-05,0.0,0.0,0.0041029824467522,0.0,0.0008293803237953,62,62,CT/EC,T
128,62_H3,2.4780821895620044e-05,0.0,0.0,6.146406745361797e-05,0.0,1.7248977869847604e-05,62,62,CT/EC,T
129,62_NCI,0.0001182019985296,0.0,0.0,0.0016542492097517,0.0,0.0003544902416562,62,62,CT/EC,T
130,63_H1,0.000671347576476,0.0002342167572351,0.1111111111111111,0.0087467838356486,0.0,0.0241526918560941,63,63,CT/EC,V
131,63_NCI,0.0004474284679206,3.437980922171846e-05,0.5277777777777778,0.0104014839690984,0.0,0.1077322140048037,63,63,CT/EC,V
132,65_H3,0.0023292664664893,0.0,0.0,0.0358432971949523,0.0,0.0076345127322883,65,65,CT/EC,H
133,65_H1,0.0012404818177279,3.398967965040356e-05,0.0833333333333333,0.0540790659480022,0.0,0.0277373741557427,65,65,CT/EC,H
134,66_H1,0.0002183391971183,2.25658982344612e-06,0.0,0.0021603879803519,0.0,0.0004761967534587,66,66,CT/EC,K
135,66_H3,0.0001537436740867,8.694091775396373e-06,0.0,0.0020437448095475,0.0,0.0004412365150819,66,66,CT/EC,K
136,66_NCI,0.0001071531915593,0.0,0.0,0.0032619355051746,0.0,0.0006738177393467,66,66,CT/EC,K
137,67_H1,0.000178150119615,5.638094444293529e-05,0.0,0.004832488812311,9.482226771818556e-06,0.0010153004206281,67,67,CT/EC,K
138,67_H3,0.0001381217368911,7.33518463675864e-05,0.0,0.0008528284442846,0.0,0.0002128604055086,67,67,CT/EC,K
139,69_NCI,0.0002697561921814,0.0,0.0,0.0027028224594795,0.0,0.0005945157303322,69,69,CT/EC,R
140,69_H1,0.0002218792474467,4.441439216407162e-07,0.0,0.0025415326141749,0.0,0.0005527712011086,69,69,CT/EC,R
141,69_H3,0.0001519539505932,0.0,0.0,0.0010061990145934,0.0,0.0002316305930373,69,69,CT/EC,R
142,70_H3,0.0003390097656401,0.0,0.0,0.0017182815817584,0.0,0.0004114582694797,70,70,CT/EC,T
143,70_NCI,0.0010446257232465,0.0003991166304331,0.0,0.0921372566968084,0.0,0.0187161998100976,70,70,CT/EC,T
144,71_H1,0.0021036422142658,3.0643201171187684e-05,0.0,0.0187935955009641,0.0,0.0041855761832802,71,71,CT/EC,P
145,71_H3,0.014538215930111,0.0,0.0,0.0196086383753049,0.0,0.0068293708610832,71,71,CT/EC,P
146,71_NCI,0.001690910052937,0.0,0.0,0.0082584205025239,0.0,0.0019898661110921,71,71,CT/EC,P
147,72_H3,8.203282179337549e-05,0.0,0.0,0.0020174528260311,0.0,0.0004198971295649,72,72,CT/EC,L
148,72_NCI,4.214420102455566e-05,0.0,0.0,0.001114132067179,0.0,0.0002312552536407,72,72,CT/EC,L
149,74_H3,0.0001298257122352,0.0,0.0,0.0026370532258543,3.97742856830551e-05,0.0005613306447545,74,74,2,Y
150,74_NCI,0.0001580605816608,0.0,0.0,0.0074020366714191,0.0,0.0015120194506159,74,74,2,Y
151,74_H1,0.0005088353456369,0.0003584839578252,0.0,0.0072331059033996,0.0,0.0016200850413723,74,74,2,Y
152,76_NCI,9.457241321142778e-05,0.0,0.1388888888888889,0.0039424270731811,0.0,0.0285851776750562,76,76,2,L
153,78_NCI,2.6206235113026486e-05,0.0004222635761834,0.0,0.0002498464514447,0.0,0.0001396632525482,78,78,2,N
154,79_H1,0.0002279912464566,0.0,0.0,0.1730098638845213,0.0,0.0346475710261956,79,79,2,L
155,79_NCI,0.0010157822366791,0.0,0.0,0.0046779109248997,0.0,0.0011387386323157,79,79,2,L
156,80_NCI,0.0004454240464968,0.0,0.0277777777777777,0.0805747094691247,3.6307465158150445e-05,0.0217668437517115,80,80,2,A
157,80_H1,0.0001400466464708,0.0002322461659787,0.0555555555555555,0.1647606023031206,0.0,0.0441376901342251,80,80,2,A
158,80_H3,0.0002135537787779,0.0,0.0,0.2512612368628153,0.0,0.0502949581283186,80,80,2,A
159,81_H1,0.0010061156484954,7.520845247199759e-05,0.5,0.0079183441488826,0.0,0.10179993364997,81,81,2,V
160,82_NCI,0.000379210024978,3.021258089574985e-05,0.0277777777777777,0.0054269440379412,0.0020746657509182,0.0071377620345022,82,82,2,A
161,83_NCI,0.0062518553235444,8.474311471218243e-05,0.2777777777777778,0.0220944378645789,0.0,0.0612417628161226,83,83,2,D
162,83_H1,0.0062518553235444,8.474311471218243e-05,0.2777777777777778,0.0220944378645789,0.0,0.0612417628161226,83,83,2,D
163,83_H3,0.0062518553235444,8.474311471218243e-05,0.2777777777777778,0.0220944378645789,0.0,0.0612417628161226,83,83,2,D
164,84_H1,0.0048943105221897,9.630602289689703e-05,0.5,0.029080529046912,0.0031085032989148,0.1074359297781827,84,84,2,L
165,84_NCI,0.0068722900389649,4.343098771641962e-05,0.0555555555555555,0.006970653464239,0.0006175947242309,0.0140119049541413,84,84,2,L
166,85_H1,0.0017580308478539,1.753320248099044e-05,0.1388888888888889,0.0176126771318919,0.0012527405983881,0.0319059741339007,85,85,2,F
167,85_NCI,0.0009024947464001,6.983472849242389e-05,0.0555555555555555,0.0100987165735911,0.0,0.0133253203208078,85,85,2,F
168,86_H1,0.0146274484880665,0.0022144804242998,1.0,0.2204771476545492,0.0460968409358384,0.2566831835005508,86,86,2,M
169,86_H3,0.0303103145430084,0.0,0.0,0.0520752354755622,0.0021234184661244,0.016901793696939,86,86,2,M
170,86_NCI,0.0060769226516643,2.386013875366189e-05,0.0,0.0522720078298593,0.0,0.0116745581240554,86,86,2,M
171,87_NCI,0.0016011475490136,0.04269964620471,0.0555555555555555,0.0467734680328697,0.1321365580127272,0.0557532750709752,87,87,2,V
172,87_H3,0.000105153666356,0.0,0.0,0.0003103573759283,0.0,8.310220845688641e-05,87,87,2,V
173,88_H3,0.0001293474977325,0.0,0.0,0.0069798241293995,0.0,0.0014218343254264,88,88,2,F
174,88_NCI,0.0008559217285143,5.241714825388044e-05,0.25,0.0087546577723133,0.0021245992519481,0.0523575191802059,88,88,2,F
175,88_H1,0.0008037812111222,1.9134206013404764e-05,0.3888888888888889,0.0154974384212153,0.0,0.0810418485454479,88,88,2,F
176,89_H1,0.0020588459693236,0.0002408652653684,0.0833333333333333,0.0448058124911117,0.0,0.0260877714118274,89,89,2,G
177,90_H1,0.0088755355844604,0.0,0.0277777777777777,0.1986167528779117,0.0003824448615353,0.047130502220337,90,90,2,G
178,90_H3,0.0016830345718275,0.0,0.0,0.0287552728501164,0.0,0.0060876614843887,90,90,2,G
179,90_NCI,0.0260997374102071,0.0024752533063292,0.1388888888888889,0.0498228055685594,0.0035101614068035,0.0441593693161576,90,90,2,G
180,91_NCI,0.1161034067286213,0.0,0.1388888888888889,1.0,0.0,0.250998459123502,91,91,2,F
181,91_H1,0.0014933729311372,0.0,0.0277777777777777,0.0660828918591194,5.941725981346035e-05,0.0190826919655695,91,91,2,F
182,91_H3,0.0005472990977651,0.0,0.0,0.0409650173883989,2.873129753287745e-05,0.0083082095567393,91,91,2,F
183,92_NCI,0.0002612237987435,1.760861778166145e-05,0.1944444444444444,0.0585436609813984,0.0,0.0506533875684736,92,92,2,T
184,92_H1,0.0003256062256031,0.0018828330794349,0.2222222222222222,0.0032995366802975,0.0,0.0455460396415115,92,92,2,T
185,92_H3,0.0003005539251299,0.0,0.0,0.0062568044246543,3.2677962140909444e-05,0.001318007262385,92,92,2,T
186,93_H3,0.0150289993260821,0.0,0.0,0.025996614031433,0.0,0.008205122671503,93,93,2,T
187,93_H1,0.0013075024406205,4.538661869446514e-06,0.1944444444444444,0.0488230958245977,0.0,0.0489159162743064,93,93,2,T
188,93_NCI,0.0067239321453009,0.0001615378278074,0.2222222222222222,0.0251516061969417,0.0005585878255447,0.0509635772435634,93,93,2,T
189,94_H1,0.0593504695164421,0.0108532682061195,0.3055555555555556,0.5770238645474849,0.0453634626796366,0.1996293241010477,94,94,2,T
190,94_H3,0.0332404262052413,0.0,0.0,0.2682692479469039,0.0060497033457481,0.0615118754995786,94,94,2,T
191,94_NCI,0.0240259505818297,5.791117473563645e-06,0.1388888888888889,0.3912501476381594,0.0011435903999447,0.1110628737252592,94,94,2,T
192,95_NCI,0.0047627055621271,2.5507549707981525e-06,0.0555555555555555,0.0244305308004829,0.0,0.0169502685346272,95,95,2,L
193,95_H1,0.0160786983078412,1.4815689610259142e-05,0.3055555555555556,0.0534721563861208,0.0177852559549181,0.0785812963788092,95,95,2,L
194,96_H3,0.0040380568931473,0.0,0.0,0.0124571230404383,0.0,0.0032990359867171,96,96,CT/EC,Y
195,96_NCI,0.0049770386347939,0.0024903081357479,0.2777777777777778,0.0245520202647184,0.0,0.0619594289626076,96,96,CT/EC,Y
196,96_H1,0.0017502328263012,6.327918981696712e-06,0.0833333333333333,0.0157871423923283,9.50679713366882e-06,0.0201773086536156,96,96,CT/EC,Y
197,97_H1,0.019156363578586,1.8100545275956392e-05,0.3055555555555556,0.0311994226386995,7.03899247548717e-05,0.0711999664485744,97,97,CT/EC,T
198,97_H3,0.003429492790366,0.0005949799669906,0.0277777777777777,0.0053823362676438,0.0021394028927838,0.0078647979391124,97,97,CT/EC,T
199,97_NCI,0.0020157422553632,0.0,0.1666666666666666,0.012693237892086,0.0,0.0362751293628231,97,97,CT/EC,T
200,98_H1,0.0065056397897191,2.090083398798015e-05,0.1111111111111111,0.0755187545195182,0.0,0.0386312812508673,98,98,CT/EC,S
201,98_NCI,0.0095887685796685,0.0,0.0555555555555555,0.064859426671938,0.0,0.0260007501614324,98,98,CT/EC,S
202,99_H1,0.0010128831201906,3.0325367333716716e-05,0.0833333333333333,0.0290966624511217,0.0,0.0226946408543958,99,99,CT/EC,L
203,99_H3,0.0007077950472766,0.0,0.0277777777777777,0.0026740593169512,0.0,0.0062319264284011,99,99,CT/EC,L
204,99_NCI,0.0007772906070737,1.8213393559562974e-05,0.25,0.0097660473415094,0.0007220186437028,0.0522567139971691,99,99,CT/EC,L
205,100_NCI,0.000598083805782,0.0001517025521025,0.1944444444444444,0.0273418052526571,0.0009336249892737,0.0446939322088519,100,100,CT/EC,H
206,100_H3,0.002069286931817,0.0008594854734838,0.0277777777777777,0.0131895672422395,0.0,0.0087792234850636,100,100,CT/EC,H
207,100_H1,0.0009860893225731,2.7508902348927226e-05,0.1388888888888889,0.0862406785685133,1.164867353976322e-05,0.0452309628711728,100,100,CT/EC,H
208,101_NCI,0.0047985979124348,0.0001541205710964,0.1944444444444444,0.0072529715334025,0.0,0.0413300268922756,101,101,CT/EC,G
209,101_H1,0.0027071602671436,0.0005173373501747,0.0277777777777777,0.0261748798247327,0.0020472033495576,0.0118448717138773,101,101,CT/EC,G
210,101_H3,6.241613496472576e-05,0.0,0.0,0.0005088805851595,0.0,0.0001142593440248,101,101,CT/EC,G
211,102_H3,0.0030063559701805,0.0,0.0,0.0085861295467363,0.0001232597544627,0.0023431490542759,102,102,CT/EC,Y
212,102_NCI,0.0043307093135536,0.0,0.0,0.0538906864920625,0.0,0.0116442791611232,102,102,CT/EC,Y
213,103_H1,0.0047121844192844,0.0,0.0277777777777777,0.0104459291723292,0.0,0.0085871782738782,103,103,CT/EC,F
214,103_NCI,0.0030359663389562,0.0,0.0,0.0077921581885654,0.0,0.0021656249055043,103,103,CT/EC,F
215,104_H1,0.0137399079423601,0.0002924797299783,0.2222222222222222,0.0374386305880156,0.0070223922628488,0.056143126549085,104,104,CT/EC,V
216,104_NCI,0.0093600274857249,9.976341061701532e-06,0.1388888888888889,0.042411760300327,0.0,0.0381341306032005,104,104,CT/EC,V
217,105_H1,0.0006272671388541,1.0743698112491984e-05,0.2222222222222222,0.0069999023562817,5.113865287315019e-05,0.0459822548136687,105,105,CT/EC,F
218,105_H3,0.0001030131421433,1.5005368368292691e-05,0.0,0.0002220933721598,0.0,6.802237653430538e-05,105,105,CT/EC,F
219,106_H3,0.0013465883756203,3.7286617953213855e-06,0.0,0.0039390412009215,0.0,0.0010578716476674,106,106,CT/EC,G
220,106_NCI,0.0014578944124604,0.0,0.0,0.0036456731995818,0.0,0.0010207135224084,106,106,CT/EC,G
221,107_H1,0.0005929465570714,2.0936360670020804e-05,0.1666666666666666,0.0177447805402373,0.0,0.0370050660249291,107,107,CT/EC,P
222,108_NCI,0.0005502015623393,6.280534580582753e-05,0.1944444444444444,0.0915574598133349,0.0,0.0573229822331849,108,108,CT/EC,T
223,108_H3,0.0006168032957119,5.844697170687141e-06,0.0,0.0058451365143311,7.896292917787489e-06,0.0012951361600263,108,108,CT/EC,T
224,109_H3,3.261612926874626e-05,6.990113433857914e-06,0.0,0.0002318049523006,0.0,5.428223900064132e-05,109,109,CT/EC,G
225,109_NCI,0.0025110415881708,0.0011559891281649,0.1666666666666666,0.0261610818637816,0.0003285372651925,0.0393646633023953,109,109,CT/EC,G
226,111_NCI,0.0024198027158774,1.834833346947562e-05,0.0833333333333333,0.0261330642904567,0.0,0.0223809097346274,111,111,3,N
227,111_H1,0.0022227915886857,5.26133444509469e-05,0.0555555555555555,0.0778896263558471,5.877896606749964e-05,0.0271558731621213,111,111,3,N
228,112_NCI,0.0016973870304628,2.031738767982461e-05,0.1944444444444444,0.0083826215259059,0.0,0.0409089540776986,112,112,3,L
229,113_H1,0.0043652484494548,0.0,0.0,0.0139797800014481,0.0,0.0036690056901806,113,113,3,E
230,113_H3,0.0043652484494548,0.0,0.0,0.0139797800014481,0.0,0.0036690056901806,113,113,3,E
231,113_NCI,0.0035724078574788,0.0,0.0,0.0096893351063234,0.0,0.0026523485927604,113,113,3,E
232,114_NCI,0.0004123612620334,0.0,0.0277777777777777,0.004056138810017,0.0,0.0064492555699656,114,114,3,G
233,114_H3,0.0005088027732879,0.0,0.0,0.0007458376847636,0.0,0.0002509280916103,114,114,3,G
234,115_H1,0.0007163860972929,6.650304567301646e-05,0.1111111111111111,0.0072954937156065,7.352813692197748e-05,0.0238526044213211,115,115,3,F
235,115_H3,0.0006169744605922,0.0,0.0,0.0041950004684446,0.0001294945219673,0.0009882938902008,115,115,3,F
236,115_NCI,0.0012625375687282,6.964988187974086e-06,0.1111111111111111,0.0097540990964585,0.0,0.0244269425528971,115,115,3,F
237,116_NCI,0.0015925104771513,5.455533027998172e-05,0.1944444444444444,0.0167587128829188,0.0003240290807479,0.0426348504431085,116,116,3,F
238,116_H1,0.0116283023258756,2.228171069873497e-05,0.1944444444444444,0.0273889399427948,0.0,0.0466967936847627,116,116,3,F
239,116_H3,0.0189504363161589,0.0,0.0,0.0164296526887331,0.0,0.0070760178009784,116,116,3,F
240,117_H1,0.0015532633063659,0.0,0.0277777777777777,0.0720545964239286,0.0,0.0202771275016144,117,117,3,A
241,117_NCI,0.0236588830556949,0.0,0.0,0.0475987812855481,0.0,0.0142515328682486,117,117,3,A
242,118_NCI,0.0006747357694816,0.0,0.0555555555555555,0.0341747972654191,0.0013511282490869,0.0183512433679086,118,118,3,T
243,118_H3,0.0010566752030434,0.0,0.0,0.0062144362853636,0.0,0.0014542222976814,118,118,3,T
244,118_H1,0.0006484730699683,0.0005926170269958,0.1666666666666666,0.0540956168501095,0.0,0.044400674722748,118,118,3,T
245,119_H1,0.0006792565851868,0.0001406774244969,0.3611111111111111,0.0238114791838062,0.0002032528052189,0.077189155421964,119,119,3,L
246,119_H3,0.000415197612079,0.0,0.0,0.0032422375304916,0.0,0.0007314870285141,119,119,3,L
247,120_H3,0.0004191678863949,0.0,0.0555555555555555,0.0330986055173836,0.0,0.0178146657918668,120,120,3,G
248,120_H1,0.0004352445816217,0.0,0.0,0.0300681235547501,0.0,0.0061006736272743,120,120,3,G
249,122_H1,0.0054425469076796,3.288944571977481e-05,0.0277777777777777,0.0854101736241742,0.0003950014370715,0.0238116778384845,122,122,3,E
250,122_H3,0.0017128916264882,0.0,0.0,0.0007864068050622,0.0,0.0004998596863101,122,122,3,E
251,122_NCI,0.006835112377012,0.0004140278906561,0.0833333333333333,0.1284823407539595,0.0,0.0438129628709922,122,122,3,E
252,123_H3,0.0003744650396773,0.0,0.0,0.0008586463162377,0.0,0.000246622271183,123,123,3,I
253,123_H1,0.0006431756011396,3.2235584512818605e-06,0.0,0.0238164459706944,0.0,0.004892569026057,123,123,3,I
254,123_NCI,0.0002779691390826,2.092984914270346e-06,0.0,0.0314570728316219,0.0,0.0063474269911237,123,123,3,I
255,124_H3,0.0002923716669243,0.0,0.0,0.0029636512292928,0.0,0.0006512045792434,124,124,3,A
256,124_H1,0.0010443061310301,3.01600757666165e-05,0.3055555555555556,0.0322060554975395,0.0025816604147155,0.0682835475349215,124,124,3,A
257,124_NCI,0.0006308347805141,2.5416900371055817e-06,0.0277777777777777,0.1628031908493296,0.0001536573784948,0.0382736004952307,124,124,3,A
258,125_H1,1.0,1.0,0.1388888888888889,0.7414082069644659,1.0,0.7760594191706709,125,125,3,L
259,125_NCI,0.0004165532128353,0.0,0.0,0.1411675619440172,0.0,0.0283168230313705,125,125,3,L
260,125_H3,1.6229290443868866e-05,0.0,0.0,4.9849798095352375e-05,0.0,1.321581770784425e-05,125,125,3,L
261,126_NCI,0.0002593258901312,0.0,0.0,0.0071244729694236,0.0,0.0014767597719109,126,126,3,W
262,126_H3,0.0030808702393059,0.0,0.0,0.0030511333334847,0.0,0.0012264007145581,126,126,3,W
263,128_H3,7.261174916523068e-06,0.0,0.0,0.0291976956738398,0.0,0.0058409913697512,128,128,3,L
264,128_NCI,7.769008013773798e-05,0.0,0.0,0.0195327877190117,0.0,0.0039220955598298,128,128,3,L
265,128_H1,5.15595092875132e-05,0.0,0.0,0.0033582336240033,0.0,0.0006819586266581,128,128,3,L
266,129_H3,0.0001808996370703,0.0,0.0,0.0007130142116605,0.0,0.0001787827697461,129,129,3,V
267,129_NCI,0.0008612284478503,1.819691897253506e-05,0.0277777777777777,0.0269311210732349,8.038922138629991e-05,0.0111337426878443,129,129,3,V
268,130_H1,0.0002276136972226,1.0942437256744595e-05,0.1388888888888889,0.0065323767612623,0.000640405980256,0.0292600455529773,130,130,3,V
269,131_H1,0.0009116812018839,0.0,0.0,0.0285620441411549,0.0,0.0058947450686077,131,131,3,L
270,131_NCI,0.0008844948294418,0.0,0.0,0.0255170029840165,0.0,0.0052802995626916,131,131,3,L
271,132_H1,0.0006328189319423,0.0,0.0555555555555555,0.0023438968770273,6.285469052733787e-05,0.0117190252110105,132,132,3,A
272,132_NCI,0.0001288505697525,0.0,0.0,0.0076037882267459,0.0,0.0015465277592997,132,132,3,A
273,132_H3,0.0006328189319423,0.0,0.0555555555555555,0.0023438968770273,6.285469052733787e-05,0.0117190252110105,132,132,3,A
274,133_H3,0.0004798793126206,7.756691502436297e-07,0.0,0.0438009231874153,0.0,0.0088563156338372,133,133,CT/EC,I
275,134_NCI,7.363395349868703e-05,0.0,0.0,0.0024264696453596,6.986142808914737e-09,0.0005000221170002,134,134,CT/EC,E
276,136_NCI,6.40331717329855e-05,0.0,0.0,0.0011579866493622,0.0,0.000244403964219,136,136,CT/EC,Y
277,136_H1,0.0001560978102215,0.0002307140239281,0.0,0.0043911907724014,0.0,0.0009556005213102,136,136,CT/EC,Y
278,138_H1,7.576930482141037e-05,0.0,0.0,0.0034053977650376,0.0,0.0006962334139718,138,138,CT/EC,V
279,138_NCI,5.926566172039109e-05,0.0,0.0,0.0058834747085533,0.0,0.0011885480740547,138,138,CT/EC,V
280,138_H3,2.471761125908965e-06,0.0,0.0,0.0003882900558905,0.0,7.815236340328268e-05,138,138,CT/EC,V
281,139_NCI,0.0001107235617935,0.0,0.0,0.0468169254638548,0.0,0.0093855298051296,139,139,CT/EC,V
282,139_H1,0.0001711468707959,0.0,0.0,0.0684047441685003,0.0,0.0137151782078592,139,139,CT/EC,V
283,140_H3,4.84728204072533e-05,0.0,0.0,0.0192616488501978,0.0,0.003862024334121,140,140,CT/EC,C
284,140_H1,0.0004124294381382,0.0,0.0,0.0289923210531138,0.000148867260416,0.0059107235503336,140,140,CT/EC,C
285,141_H3,0.0073865299505135,0.0002018536324612,0.0,0.0087803035684277,0.0,0.0032737374302805,141,141,CT/EC,K
286,142_H3,1.2126174766301164e-06,0.0,0.0,2.026959202280725e-05,0.0,4.296441899887473e-06,142,142,CT/EC,P
287,142_H1,0.0005098865350524,0.0,0.0,0.0270394151089396,0.0,0.0055098603287984,142,142,CT/EC,P
288,142_NCI,1.3651389559547372e-05,0.0,0.0,0.0370230763249904,0.0,0.00740734554291,142,142,CT/EC,P
289,143_NCI,0.0003860199550962,0.0,0.0,0.0300851990709928,0.0,0.0060942438052178,143,143,CT/EC,M
290,144_H1,0.0006429819265908,0.0,0.0,0.0183562762194556,0.0,0.0037998516292093,144,144,CT/EC,S
291,145_H3,0.0001629040096756,0.0,0.0,0.0015820779247192,0.0,0.0003489963868789,145,145,CT/EC,N
292,145_NCI,0.0002465390158874,0.0002870287280529,0.1944444444444444,0.0079433445911622,0.0,0.0405842713559094,145,145,CT/EC,N
293,145_H1,0.0002193702826391,0.0001058770285453,0.1666666666666666,0.0088797162696066,0.0,0.0351743260494915,145,145,CT/EC,N
294,146_H3,0.0005120789029331,0.0,0.0,0.0011285241201991,0.0,0.0003281206046264,146,146,CT/EC,F
295,147_H3,0.000902979501128,0.0,0.0277777777777777,0.0155060216357101,0.0,0.0088373557829232,147,147,CT/EC,R
296,147_NCI,0.0003617252134544,1.8961178284371272e-05,0.0,0.0185496731511933,0.0,0.0037860719085864,147,147,CT/EC,R
297,147_H1,0.0012283336182165,3.9783562897355296e-06,0.0277777777777777,0.0996388557288077,0.0,0.0257297890962183,147,147,CT/EC,R
298,148_NCI,0.0003833797429937,0.0,0.1944444444444444,0.005186192164198,0.0,0.0400028032703272,148,148,CT/EC,F
299,149_NCI,0.0005022559870853,0.0001997636572923,0.0,0.0290641741244936,0.0,0.0059532387537742,149,149,CT/EC,G
300,149_H3,0.0001091538189476,2.804774567266577e-06,0.0,0.0022612824156001,0.0,0.000474648201823,149,149,CT/EC,G
301,150_H3,0.0012636867489473,1.7077813026844524e-05,0.0,0.0054572238016176,0.0,0.0013475976727183,150,150,CT/EC,E
302,150_H1,0.0008596338010395,0.0007082176744006,0.0555555555555555,0.0175778487233818,0.0176527668801697,0.0184708045269094,150,150,CT/EC,E
303,151_H1,0.0005958659455306,0.0001595240755705,0.1111111111111111,0.0134923824146553,0.0,0.0250717767093735,151,151,CT/EC,N
304,151_H3,0.0021066378006071,0.0014080257387831,0.1111111111111111,0.0036698035474379,0.0003588510835486,0.0237308858562976,151,151,CT/EC,N
305,151_NCI,0.0010481516222785,0.0002195179986301,0.2777777777777778,0.0101317752651546,0.0,0.0578354445327682,151,151,CT/EC,N
306,152_H3,0.0173458990308281,0.0,0.0,0.0551057686660676,1.4268740666529729e-05,0.0144931872875124,152,152,CT/EC,H
307,152_H1,0.000322779396989,3.3436073863413185e-05,0.0,0.1031131147288178,9.393637159582704e-05,0.0207126533142532,152,152,CT/EC,H
308,152_NCI,0.0018079202400516,0.0,0.0,0.026109761945557,0.0,0.0055835364371217,152,152,CT/EC,H
309,154_H1,0.0003768400347406,2.534797431508196e-06,0.4166666666666667,0.0091776236133368,0.000140491391405,0.0852728313007161,154,154,4,I
310,154_H3,0.000121880990039,0.0,0.0,0.001444501230043,0.0,0.0003132764440164,154,154,4,I
311,155_H1,0.0006238064836992,4.98517147207167e-05,0.0555555555555555,0.007944348832356,0.0,0.0128347125172663,155,155,4,M
312,156_H3,0.0001804931801855,0.0,0.0,0.0024376602295515,0.0,0.0005236306819474,156,156,4,G
313,156_NCI,0.0002057527001638,1.920247086673044e-05,0.0277777777777777,0.0361289340250672,0.0,0.0128263333947751,156,156,4,G
314,156_H1,0.0369960001650528,0.0109756113961339,0.0,0.6220457776620676,0.0,0.1340034778446509,156,156,4,G
315,157_H1,0.001141907244605,0.0003316140791866,0.3055555555555556,0.018928164877223,0.0,0.0651914483513141,157,157,4,V
316,159_H1,0.0010089768397316,0.000254117854638,0.3333333333333333,0.0095785143394411,0.0001991007089875,0.0688748086152263,159,159,4,F
317,159_NCI,0.0014104741063756,0.0001952624006662,0.1388888888888889,0.0092201332220774,0.0008307981269282,0.0301091113489873,159,159,4,F
318,160_NCI,0.0003295184836874,1.5067157619341742e-05,0.0555555555555555,0.011502895615993,0.0010071914100075,0.0136820456445725,160,160,4,T
319,160_H1,0.0001233030204123,0.0,0.1666666666666666,0.0055668444180083,0.0019359091161265,0.0348585446442427,160,160,4,T
320,162_NCI,0.0012288492332712,1.0912042853306048e-05,0.8611111111111112,0.0095731867108508,0.0,0.1743848118196173,162,162,4,V
321,162_H1,0.0013848710735982,1.434178830095334e-05,0.9166666666666666,0.0133388896894808,0.0007735086954549,0.1864356555827003,162,162,4,V
322,162_H3,0.0001266394485224,0.0,0.0,0.0008654435677817,0.0,0.0001984166032608,162,162,4,V
323,163_NCI,0.0081771508494659,4.002937657787697e-06,0.0555555555555555,0.0210029752129065,0.0,0.0169479369111171,163,163,4,M
324,163_H1,0.0006629436946101,8.424603947787546e-06,0.1666666666666666,0.0114682460548163,0.0014692822260596,0.0360551126492201,163,163,4,M
325,163_H3,0.0006620590019058,0.0,0.0833333333333333,0.0102631212591547,0.0001218380712158,0.0188760703331219,163,163,4,M
326,164_H3,0.0001989336683597,0.0,0.0,0.0035168705130877,0.0,0.0007431608362894,164,164,4,A
327,164_NCI,0.0003520991929739,0.0,0.0277777777777777,0.1068655607952591,0.0,0.0269990875532021,164,164,4,A
328,164_H1,0.0001789410794429,1.21328321256442e-05,0.0555555555555555,0.0036981365163975,0.0001189499888173,0.0119127431944678,164,164,4,A
329,165_H1,0.0006629738573484,1.0709265552577564e-05,0.3611111111111111,0.0124225829551377,0.0002031665578803,0.074882108749406,165,165,4,L
330,165_H3,0.0005755456019158,0.0,0.0,0.0013100760204519,0.0,0.0003771243244735,165,165,4,L
331,165_NCI,0.0004876080098755,2.986927574966103e-05,0.2222222222222222,0.0076259717198008,0.0002306176730068,0.046119257780131,165,165,4,L
332,166_H1,0.0071124089692107,0.0001485344546381,0.5,0.0323923521284418,0.0004564887805112,0.1080219568665604,166,166,4,A
333,166_NCI,0.0127517605751953,0.0001783950428944,0.4166666666666667,0.4567548770746965,7.475753817376674e-05,0.1772852913795253,166,166,4,A
334,167_H1,0.0083001159733996,5.346540206119244e-07,0.0,0.0641147454013083,0.0,0.0144830792057457,167,167,4,C
335,167_H3,0.1492173448758683,0.0,0.0,0.074070372005704,0.0,0.0446575433763144,167,167,4,C
336,167_NCI,0.0100210078221553,0.0,0.0,0.0517757525128454,0.0,0.0123593520670001,167,167,4,C
337,168_NCI,0.0002328730341684,1.2624002920347266e-05,0.0277777777777777,0.0246349151469422,0.0,0.0105316379923617,168,168,4,A
338,169_H3,4.850534061839495e-05,0.0,0.0,0.0002473961323204,0.0,5.9180294587770816e-05,169,169,4,A
339,169_NCI,0.0011550872472818,2.10744565265486e-05,0.4166666666666667,0.0070987123711127,0.0021417499333138,0.0854166581349803,169,169,4,A
340,169_H1,0.0008219843603959,0.0001582324475748,0.3333333333333333,0.0071834233797055,0.0035271905534331,0.0690048328148885,169,169,4,A
341,170_H1,0.0001297752567851,6.626324307035247e-07,0.0,0.0029834037544308,0.0,0.0006227683287293,170,170,4,P
342,171_H1,9.158205574239279e-08,0.0,0.0,0.0007333850371762,0.0,0.0001466953238463,171,171,4,P
343,171_NCI,4.487442356911448e-07,0.0,0.0,9.273617439768516e-05,0.0,1.863698372667526e-05,171,171,4,P
344,172_H3,4.037297971276925e-05,0.0,0.0,0.0001797095871024,0.0,4.401651336304941e-05,172,172,4,L
345,172_NCI,0.0003086075348493,1.70058283401886e-05,0.0,0.0042859461353285,0.0,0.0009223118997036,172,172,4,L
346,172_H1,0.0005428688215375,9.044340549735352e-05,0.0277777777777777,0.0128656649441634,0.0,0.0082553509897952,172,172,4,L
347,173_H3,8.402287265443814e-06,0.0,0.0,0.000295737252843,0.0,6.082790802170203e-05,173,173,4,V
348,173_H1,0.0011926374903949,0.0001712272060103,0.3055555555555556,0.0048882891777974,0.0001531593714755,0.0623921737602467,173,173,4,V
349,174_H1,0.0005444673137727,0.0,0.0,0.0045364947280145,0.0,0.0010161924083574,174,174,CT/EC,G
350,174_H3,0.0001379385193821,1.4688084775116296e-05,0.0,0.0036989256091577,0.0,0.0007703104426629,174,174,CT/EC,G
351,174_NCI,0.0009897956492615,0.0,0.1666666666666666,0.0229754852406632,0.0,0.0381263895113182,174,174,CT/EC,G
352,176_H1,0.0039533663368568,5.986219548503868e-06,0.0,0.0074489108389289,0.0,0.0022816526790668,176,176,CT/EC,S
353,176_H3,0.0019966554841001,0.0,0.0,0.0018601123035868,0.0,0.0007713535575373,176,176,CT/EC,S
354,176_NCI,0.0019966554841001,0.0,0.0,0.0018601123035868,0.0,0.0007713535575373,176,176,CT/EC,S
355,178_H1,0.0014207143951287,0.0004394827410578,0.0555555555555555,0.0055385664919983,0.0001298896407143,0.0126168417648909,178,178,CT/EC,Y
356,178_NCI,0.0015208566619969,0.0,0.0,0.0053152238949196,0.0003604228722523,0.0014393006858338,178,178,CT/EC,Y
357,178_H3,0.0014207143951287,0.0004394827410578,0.0555555555555555,0.0055385664919983,0.0001298896407143,0.0126168417648909,178,178,CT/EC,Y
358,179_NCI,0.0038518143376806,0.0,0.0833333333333333,0.0268656259473372,8.612668607362662e-05,0.0228273800608849,179,179,CT/EC,I
359,179_H3,2.8112220644030493e-05,0.0,0.0,0.0045372538012413,0.0,0.000913073204377,179,179,CT/EC,I
360,179_H1,0.002363349788104,4.627605085261166e-05,0.1388888888888889,0.033397788189177,0.0011485306346688,0.0351689667103383,179,179,CT/EC,I
361,181_NCI,0.005458881190201,4.163384346611565e-06,0.1666666666666666,0.0102842495408947,0.0,0.0364827921564218,181,181,CT/EC,E
362,181_H3,0.0024480821773821,0.0,0.0,0.0092592982366026,0.0,0.0023414760827969,181,181,CT/EC,E
363,181_H1,0.0013256052471666,0.0037459656596183,0.0,0.0453685240110772,3.8541026698629136e-05,0.0100957271889121,181,181,CT/EC,E
364,183_NCI,0.0005031733359249,0.0,0.0833333333333333,0.0329076869893046,0.0,0.0233488387317125,183,183,CT/EC,M
365,183_H1,0.0102142138976747,0.0,0.3055555555555556,0.0490705912714597,0.0,0.072968072144938,183,183,CT/EC,M
366,183_H3,0.0195370545686221,0.0,0.0,0.0460152530632103,0.0,0.0131104615263665,183,183,CT/EC,M
367,184_H1,0.0001522678196692,0.0,0.0,0.0613477536139333,0.0,0.0123000042867205,184,184,CT/EC,Q
368,184_NCI,0.0827706873695194,0.0,0.1111111111111111,0.2161036229274535,0.0310071780626106,0.0881985198941389,184,184,CT/EC,Q
369,184_H3,0.0038211221072642,0.0,0.0,0.0529737649306883,0.0001215924382697,0.0113832958952444,184,184,CT/EC,Q
370,185_NCI,0.0007727106459766,4.4332882680464536e-05,0.2222222222222222,0.0119959684240835,0.0002176837616042,0.0470505835873134,185,185,CT/EC,C
371,185_H3,0.0019414891108934,0.0,0.0,0.003334326331392,0.0,0.0010551630884571,185,185,CT/EC,C
372,185_H1,0.0006011446161188,0.0,0.0555555555555555,0.0155812655229065,0.0,0.0143475931389161,185,185,CT/EC,C
373,186_H3,0.0014675986723459,0.0,0.0,0.0023160501664849,0.0,0.0007567297677661,186,186,CT/EC,S
374,186_H1,0.0012954300204543,0.0003983930510003,0.1388888888888889,0.008426539077053,0.0002793243352999,0.0298577150745393,186,186,CT/EC,S
375,188_H3,2.455609424935354e-05,0.0,0.0,0.0051835629891315,0.0,0.0010416238166761,188,188,CT/EC,G
376,188_H1,7.581922880453515e-05,4.779363371198997e-05,0.0,0.0048084570620988,0.0,0.000986413984923,188,188,CT/EC,G
377,188_NCI,2.455609424935354e-05,0.0,0.0,0.0051835629891315,0.0,0.0010416238166761,188,188,CT/EC,G
378,189_NCI,0.0005505815802134,1.8796099539031277e-06,0.1388888888888889,0.0476151527121199,0.0,0.0374113005582352,189,189,CT/EC,I
379,189_H3,0.0002872133877442,0.0,0.0,0.0603225718007325,0.0,0.0121219570376953,189,189,CT/EC,I
380,191_NCI,0.000112454791389,0.0,0.0,0.087565189447744,0.0,0.0175355288478266,191,191,CT/EC,Y
381,191_H3,6.302074146388048e-05,0.0,0.0,0.0106970940579767,0.0,0.0021520229598881,191,191,CT/EC,Y
382,192_H1,0.0102755360344762,0.0,0.0,0.1092865079032583,0.0,0.0239124087875469,192,192,CT/EC,Y
383,192_H3,0.0102755360344762,0.0,0.0,0.1092865079032583,0.0,0.0239124087875469,192,192,CT/EC,Y
384,192_NCI,0.0050801561781445,0.0,0.0277777777777777,0.1155873744146261,0.0,0.0296890616741096,192,192,CT/EC,Y
385,193_H1,0.0005964270719322,0.0018028998747467,0.0277777777777777,0.0367285806948316,0.0002359827911751,0.0134283336420927,193,193,CT/EC,T
386,193_NCI,0.0004488611808515,0.0,0.0,0.0401244721560986,0.0006342855600856,0.0082415237794071,193,193,CT/EC,T
387,193_H3,6.88930614043023e-05,0.0,0.0,0.0002899013330168,0.0,7.175887888423251e-05,193,193,CT/EC,T
388,194_NCI,0.0009211604768429,2.788701522149495e-06,0.0555555555555555,0.0149617577953561,0.0,0.0142882525058553,194,194,CT/EC,P
389,195_H3,0.0007782915684671,0.0,0.0277777777777777,0.0079876260395314,0.0,0.0073087390771552,195,195,CT/EC,H
390,195_NCI,0.0013173526162363,0.0004063064407091,0.1388888888888889,0.0227705945218108,0.0009775649114427,0.0328721414758176,195,195,CT/EC,H
391,196_H3,0.0074180865127252,0.0,0.0555555555555555,0.0118049405018723,0.0,0.0149557165140306,196,196,CT/EC,E
392,196_NCI,0.0004733451866783,3.820316578639904e-06,0.3055555555555556,0.0515503346466556,5.712191286764784e-05,0.0715280355236671,196,196,CT/EC,E
393,197_H1,0.0013146173596535,1.3599776139017196e-05,0.0,0.0391680091324995,0.0,0.0080992452536584,197,197,CT/EC,E
394,197_H3,0.0002842783169501,1.6915437299758196e-05,0.0555555555555555,0.0028708017910954,0.0,0.0117455102201801,197,197,CT/EC,E
395,198_H3,0.0010133539627001,0.0003021502052433,0.0,0.0104709486120865,0.0003233314087342,0.0024219568377528,198,198,CT/EC,T
396,198_NCI,0.000443177008993,5.1013757911277935e-06,0.0555555555555555,0.0193207934816205,0.0,0.015064925484392,198,198,CT/EC,T
397,199_NCI,0.0018431073713844,4.636693120119162e-05,0.0,0.1300901702217926,0.0,0.0263959289048756,199,199,CT/EC,N
398,199_H1,0.0379724707899611,1.02862222775002e-05,0.0833333333333333,0.2686699826575119,5.22632731362345e-05,0.078007667255244,199,199,CT/EC,N
399,199_H3,0.0567017174790703,0.0627036988735199,0.0277777777777777,0.1754803841049548,0.0110152040411002,0.0667357564552846,199,199,CT/EC,N
400,200_H1,0.0022844338177857,0.0,0.2222222222222222,0.0774309901581321,0.0445884347176511,0.0693052161831582,200,200,CT/EC,N
401,200_H3,0.0001094407955317,0.0,0.0,0.0009603068032817,0.0,0.0002139495197627,200,200,CT/EC,N
402,200_NCI,0.0001069919205371,2.7380492610973303e-05,0.0277777777777777,0.0221852450081216,0.0,0.0100194790398095,200,200,CT/EC,N
403,201_NCI,0.0008198790592538,6.977838438615436e-06,0.0,0.1022990406251915,0.0,0.0206251795045768,201,201,CT/EC,E
404,202_NCI,0.0026480177022819,0.0007294813985936,0.0,0.0906488549325532,0.0057944314842127,0.0199641571035283,202,202,CT/EC,S
405,202_H3,0.025150693728092,0.0,0.0,0.1585682626078961,0.0,0.0367437912671976,202,202,CT/EC,S
406,202_H1,0.002044851181556,6.284009032242466e-06,0.0,0.1501162532302072,0.0003586402028259,0.0305052057247243,202,202,CT/EC,S
407,204_H3,3.387448967175522e-05,0.0,0.0,0.0126000872289764,0.0,0.0025267923437296,204,204,5,V
408,204_H1,0.0028080573432099,3.024758143510553e-06,0.0555555555555555,0.1597210019366551,0.0,0.0436175279187128,204,204,5,V
409,205_H3,0.0001756426448425,0.0,0.0,0.0240260399006821,0.0,0.0048403365091049,205,205,5,I
410,205_H1,0.0042868431698404,0.0075091454200446,0.6111111111111112,0.2214164907941315,0.0255989358550195,0.1739845052700294,205,205,5,I
411,205_NCI,0.0029030591062618,0.0003217986959498,0.25,0.0263231918395246,0.0173109995882908,0.0593718098460054,205,205,5,I
412,206_H3,0.0006525155162802,0.0,0.0,0.0443959593043734,0.0,0.0090096949641307,206,206,5,Y
413,206_H1,0.0101402043569542,0.0001296289847232,0.0,0.2412588920375846,8.24633352177406e-05,0.0503222377428959,206,206,5,Y
414,206_NCI,0.0049084681072178,0.0,0.1666666666666666,0.0354495723837235,0.0055304727898604,0.0425110359894937,206,206,5,Y
415,207_H3,0.0124383971436032,0.0,0.0,0.0350169661845526,0.0,0.0094910726656311,207,207,5,M
416,207_H1,0.0240974627606469,0.0,0.0277777777777777,0.142748167224095,0.0250976113371451,0.0439442038199329,207,207,5,M
417,207_NCI,0.0010873082032894,0.000130423286464,0.0,0.0740472593844756,0.0,0.0150529981748458,207,207,5,M
418,208_H1,0.1826301430693042,0.0,0.0277777777777777,0.2497443442220966,0.0256405825388105,0.0971585695215978,208,208,5,F
419,208_H3,0.0001047715422542,0.0,0.0,0.0015357758154222,0.0,0.0003281094715353,208,208,5,F
420,208_NCI,0.089940120171807,0.0782420635223388,0.1666666666666666,0.160850363936802,0.1659973651135445,0.1323393158822318,208,208,5,F
421,209_H1,0.0026099910543368,0.0002824537514243,0.3888888888888889,0.0210386860131303,0.0023833990780005,0.0830406837571561,209,209,5,V
422,209_H3,0.0017981537216014,0.0,0.0,0.0062396422720896,0.0001247128111582,0.0016325017609698,209,209,5,V
423,209_NCI,0.0019968041558491,1.056094879459124e-05,0.3055555555555556,0.0267173377064317,1.531969160746855e-05,0.0668591156116477,209,209,5,V
424,210_H1,0.0002795783636637,0.0,0.1111111111111111,0.03023006194568,0.0,0.0283241502840909,210,210,5,V
425,210_H3,0.0001597591568084,0.0,0.0,0.0225004341923142,0.0,0.0045320386698245,210,210,5,V
426,210_NCI,0.0001828875339632,0.0,0.0555555555555555,0.0037978219172538,1.0724805736155856e-05,0.0119093979625017,210,210,5,V
427,212_H1,0.0903052763451865,0.0001043200172716,0.0277777777777777,0.0667438993495876,0.0,0.0369862546979647,212,212,5,F
428,212_NCI,7.063679318308113e-05,4.903455646854127e-06,0.0,0.0568205323057263,0.0,0.0113792145109112,212,212,5,F
429,213_H1,0.0023147347665493,0.0003744479326996,0.8055555555555556,0.019135312166435,0.0071731568194655,0.166910641448141,213,213,5,I
430,214_H1,0.0003110508448507,0.0001187536108773,0.5277777777777778,0.0078780837384597,0.0014638315757255,0.1075098995095382,214,214,5,I
431,214_NCI,0.0004164578996291,1.5695981119279168e-06,0.1388888888888889,0.0090176058514945,0.0004292021450684,0.0297507448766386,214,214,5,I
432,214_H3,0.0002295719227107,0.0,0.0,0.0021173799338441,3.698840557875602e-05,0.0004767880524267,214,214,5,I
433,215_H1,0.0005007563709493,0.0,0.0,0.0010178720928558,0.0,0.000303725692761,215,215,5,P
434,215_H3,0.0005007563709493,0.0,0.0,0.0010178720928558,0.0,0.000303725692761,215,215,5,P
435,215_NCI,0.0005007563709493,0.0,0.0,0.0010178720928558,0.0,0.000303725692761,215,215,5,P
436,216_H3,1.4590588141524324e-07,0.0,0.0,2.2388535434320738e-07,0.0,7.395824715169013e-08,216,216,5,L
437,216_H1,0.003538836139627,6.236121862457367e-06,0.0277777777777777,0.0075920541668321,0.0,0.0077829808412198,216,216,5,L
438,216_NCI,0.004272138367605,0.0,0.1111111111111111,0.0067236982801687,0.0,0.0244213895517769,216,216,5,L
439,217_H1,0.0049278753461946,0.0008268057135865,0.8611111111111112,0.032471606856818,0.0079720945492558,0.1814618987153932,217,217,5,I
440,217_NCI,0.0043512531381447,0.0001323598262388,0.25,0.0487116114548493,0.0007622877212638,0.0607915024280993,217,217,5,I
441,217_H3,0.0060418769718927,0.0,0.0,0.0186356415166222,0.0004657295725023,0.0050286496122034,217,217,5,I
442,218_H3,0.0005415307823543,0.0,0.0,0.0043318642324417,0.0,0.0009746790029592,218,218,5,V
443,218_NCI,0.0005923204398607,2.835925988620147e-05,0.1666666666666666,0.0146246561367573,0.0002673286871503,0.0364358662380642,218,218,5,V
444,218_H1,0.0008099591003942,0.000139852752909,0.6666666666666666,0.0105224706735773,4.12209168955389e-05,0.1356360340220885,218,218,5,V
445,220_H1,0.0008657983751057,4.455881207832135e-05,0.3611111111111111,0.0082120684123136,0.0,0.0740467073421217,220,220,5,F
446,220_NCI,0.0011057008673996,0.0002079432888422,0.2222222222222222,0.0168955258712484,0.0008925105237589,0.0482647805546943,220,220,5,F
447,221_H3,0.0006939302483127,0.0,0.0,0.0058681312759512,0.0,0.0013124123048528,221,221,5,F
448,221_NCI,0.0001824013943657,0.0,0.0277777777777777,0.0051347909984037,0.0,0.0066189940341094,221,221,5,F
449,222_H3,0.0001592629125535,0.0,0.0,0.002101423932452,0.0,0.0004521373690011,222,222,5,C
450,222_H1,0.0001239765061531,1.0103380191139877e-05,0.0277777777777777,0.0062741482076732,0.0,0.006837201174359,222,222,5,C
451,222_NCI,8.835506462721908e-05,0.0,0.0833333333333333,0.0046320974792335,1.937369250853205e-05,0.0176146319139405,222,222,5,C
452,224_H1,0.3223782039193253,0.103374607861042,0.1111111111111111,0.5635422720492507,0.1253766381282247,0.2451565666137907,224,224,5,G
453,224_H3,0.3972209190342435,0.0013227778254076,0.0277777777777777,0.3317544850080636,0.0,0.1516151919290985,224,224,5,G
454,224_NCI,0.1447364088032774,0.2021036744117736,0.25,0.6851337591456985,0.3701743878708607,0.3304296460463221,224,224,5,G
455,225_H1,0.0014865577038442,0.0002819527580868,0.25,0.0124290730427964,0.0,0.0528395167009455,225,225,CT/EC,Q
456,225_H3,0.0001138679210312,0.0,0.0,0.002782480010294,0.0,0.000579269586265,225,225,CT/EC,Q
457,225_NCI,0.000531872404095,1.286218889617885e-06,0.0277777777777777,0.0056795190354099,1.757283348440686e-05,0.0068016056539313,225,225,CT/EC,Q
458,226_NCI,0.0003766867475684,0.0,0.0,0.014309755928048,0.0,0.0029372885351232,226,226,CT/EC,L
459,227_NCI,0.0011018835830875,1.079030698747374e-05,0.1388888888888889,0.0110464399014013,0.0,0.030209600536073,227,227,CT/EC,V
460,227_H3,2.778098452942428e-05,0.0,0.0,0.0437987833800224,0.0,0.0087653128729103,227,227,CT/EC,V
461,227_H1,0.0010251174243453,0.0,0.0,0.034382925930094,0.0,0.0070816086708878,227,227,CT/EC,V
462,228_NCI,0.0008828437011463,0.000170621467987,0.1944444444444444,0.0103123890627751,0.000157602138438,0.0411935801629582,228,228,CT/EC,F
463,228_H3,0.0002952248047724,0.0,0.1388888888888889,0.0017133750703298,0.0,0.0281794977527982,228,228,CT/EC,F
464,228_H1,0.0005850348448902,1.732253804220818e-05,0.3611111111111111,0.0324346893433978,2.8824101962589068e-05,0.0788353963878808,228,228,CT/EC,F
465,229_H3,0.0002095805215711,2.688483255042229e-05,0.0,0.0010858088087803,0.0,0.0002644548325803,229,229,CT/EC,T
466,229_H1,0.0008387404851664,8.665104542160407e-05,0.0,0.0090270787653905,0.0,0.0019904940591957,229,229,CT/EC,T
467,229_NCI,0.000424198198782,0.0,0.0,0.0051982445941286,6.2246288593034e-05,0.0011369378163007,229,229,CT/EC,T
468,230_H1,0.0009633489237768,0.0,0.0277777777777777,0.2164532385091657,0.0,0.049038873042144,230,230,CT/EC,V
469,230_NCI,6.79194000262352e-05,0.0,0.0,0.0407774002456409,0.0,0.0081690639291334,230,230,CT/EC,V
470,231_NCI,0.000931153819597,0.0001093648097594,0.0833333333333333,0.0078385642391613,0.000930953875844,0.018628674015539,231,231,CT/EC,K
471,232_H1,0.001455563135273,0.0004727252817247,0.0555555555555555,0.012995229423152,0.0,0.014095814679141,232,232,CT/EC,E
472,233_H3,5.54507140665634e-05,0.0,0.0,0.0018216589215894,0.0,0.0003754219271312,233,233,CT/EC,A
473,234_H3,0.0001440252914993,0.0,0.0,0.0030588976530697,0.0,0.0006405845889138,234,234,CT/EC,A
474,234_NCI,2.786094789838816e-05,1.2287222261875286e-06,0.0,0.0016289155771325,0.0,0.0003316010494514,234,234,CT/EC,A
475,235_H1,0.0008018605615772,3.2328945962945e-05,0.0555555555555555,0.0309740065478359,5.465348272180928e-05,0.0174836810187307,235,235,CT/EC,A
476,236_NCI,0.0019144614793499,0.0,0.0,0.0327370110749626,0.0,0.0069302945108625,236,236,CT/EC,Q
477,236_H3,0.000151511862657,0.0,0.0,0.00092129448912,0.0,0.0002145612703554,236,236,CT/EC,Q
478,236_H1,0.0003649206126197,0.0,0.0277777777777777,0.0144956995975632,1.7829698407293297e-06,0.0085280361915602,236,236,CT/EC,Q
479,237_NCI,4.2836714030305125e-05,0.0,0.0,0.0161720953354911,0.0,0.0032429864099042,237,237,CT/EC,Q
480,237_H3,1.01386056551964e-05,0.0,0.0,0.0015388528034495,0.0,0.0003097982818209,237,237,CT/EC,Q
481,237_H1,4.754159092263499e-05,0.0,0.0,0.0010534750162345,0.0,0.0002202033214314,237,237,CT/EC,Q
482,238_H1,0.0790074203985582,0.0801262333989143,0.0833333333333333,0.1475413659937329,0.0987493066863634,0.0977515319621804,238,238,CT/EC,Q
483,238_H3,0.0004452464601487,0.0,0.0,0.004392555925392,0.0,0.0009675604771081,238,238,CT/EC,Q
484,239_NCI,0.0003280983717692,4.478238679439528e-06,0.0,0.0056180701193458,0.0,0.0011901293459589,239,239,CT/EC,E
485,240_NCI,2.365637701966612e-05,0.0,0.0,0.0030793293854658,4.309072355977138e-05,0.000629215297209,240,240,CT/EC,S
486,241_NCI,0.0006815978240933,0.0,0.0,0.0036902349243413,0.0,0.0008743665496869,241,241,CT/EC,A
487,241_H1,0.0002521053490024,6.168921373728153e-08,0.0555555555555555,0.0028569238185317,0.0,0.0117329292824607,241,241,CT/EC,A
488,241_H3,0.0002521053490024,6.168921373728153e-08,0.0555555555555555,0.0028569238185317,0.0,0.0117329292824607,241,241,CT/EC,A
489,243_H3,3.768983018684434e-05,0.0,0.0,0.0009601111522165,0.0,0.0001995601964806,243,243,CT/EC,T
490,244_H1,0.0002608722290919,0.0001418125466443,0.0277777777777777,0.0060369188176006,0.0001014219987514,0.0068637606739732,244,244,CT/EC,Q
491,244_H3,0.0001153422265841,0.0,0.0,0.0001828771583517,0.0,5.9643876987183874e-05,244,244,CT/EC,Q
492,244_NCI,5.361706532869139e-05,0.0,0.0,0.0005864666368951,0.0,0.0001280167404447,244,244,CT/EC,Q
493,245_H1,6.84159453551948e-05,1.9319061266287463e-06,0.0,0.003681542421277,0.0,0.0007503780545517,245,245,CT/EC,K
494,245_NCI,6.314156910212523e-05,0.0,0.0,0.004308920540047,0.0,0.0008744124218298,245,245,CT/EC,K
495,248_NCI,0.0002884631083288,6.39989593764767e-05,0.0833333333333333,0.0177438021425769,9.12485886304865e-05,0.0203041692264492,248,248,CT/EC,K
496,248_H3,0.000255476194658,8.142463047988713e-05,0.1388888888888889,0.0017426645055803,3.797940956713631e-06,0.0281944504321127,248,248,CT/EC,K
497,249_H1,0.0003597129497846,0.0,0.0,0.0024932406498418,0.0,0.0005705907199253,249,249,CT/EC,E
498,249_H3,9.310098830766628e-05,0.0,0.0,0.006274170015347,0.0,0.0012734542007309,249,249,CT/EC,E
499,249_NCI,0.0003123857542167,5.479691390064545e-05,0.0,0.0016510508207294,5.748817849790767e-05,0.0004151443334689,249,249,CT/EC,E
500,250_H1,6.112935693928847e-05,0.0,0.0277777777777777,0.0381879375952045,0.0,0.0132053689459843,250,250,CT/EC,V
501,250_NCI,0.0001069300924277,0.0,0.0,0.0163798575668775,0.0,0.003297357531861,250,250,CT/EC,V
502,251_H3,9.860694145959492e-05,0.0,0.0,0.0003738800963941,0.0,9.44974075707404e-05,251,251,CT/EC,T
503,252_NCI,0.0001145445676323,0.0,0.0,0.0013449323168526,0.0,0.000291895376897,252,252,CT/EC,R
504,252_H1,0.000244213760385,0.0,0.0277777777777777,0.0046572855963482,6.300701755816367e-06,0.0065371155672533,252,252,CT/EC,R
505,252_H3,0.0001240044711187,0.0,0.0,0.0004781126827656,0.0,0.0001204234307768,252,252,CT/EC,R
506,255_H1,0.0003671201128238,1.8127104340237565e-05,0.0555555555555555,0.0088489798478128,0.0,0.0129579565241065,255,255,6,I
507,256_H3,3.14835049769887e-05,0.0,0.0,0.0001453940427421,0.0,3.537550954382435e-05,256,256,6,I
508,256_H1,0.00047629821362,5.790391151094809e-05,0.1388888888888889,0.0144097928970745,0.0,0.0307665767822188,256,256,6,I
509,257_H3,0.0124383971436032,0.0,0.0,0.0350169661845526,0.0,0.0094910726656311,257,257,6,M
510,257_NCI,0.0016600623590352,6.309657237579813e-06,0.0555555555555555,0.029239540328305,0.0,0.0172922935800267,257,257,6,M
511,257_H1,0.0001971803851962,0.0,0.0,0.0524753818897264,0.0,0.0105345124549845,257,257,6,M
512,258_NCI,0.0057383589354404,0.0,0.1111111111111111,0.055903254693334,0.0,0.0345505449479771,258,258,6,V
513,258_H1,0.0031739823447667,0.0,0.0555555555555555,0.1243600116051873,0.0,0.0366179099011019,258,258,6,V
514,259_NCI,0.0015793782323753,0.0001560458331368,0.4166666666666667,0.0614321578350799,0.0006842168596762,0.096103693085387,259,259,6,I
515,259_H3,5.682216563665127e-05,0.0,0.0,0.0108551485580078,0.0,0.0021823941447289,259,259,6,I
516,259_H1,0.002559987643925,2.1555852072197013e-06,0.5555555555555556,0.0187651485008244,0.0,0.1153765694571024,259,259,6,I
517,260_H3,0.0002428272202338,0.0,0.0555555555555555,0.0138930605889137,0.0,0.0139382886729406,260,260,6,A
518,260_H1,0.0003825584229428,7.54672073526308e-05,0.0555555555555555,0.0091589526098573,0.0,0.0130345067591416,260,260,6,A
519,261_H3,0.004477088986165,0.0,0.0,0.0393997144054811,0.0,0.0087753606783292,261,261,6,F
520,261_H1,0.0045713700444159,0.0123188402503728,0.4444444444444444,0.0404423321617321,0.0104722853355145,0.102449854447296,261,261,6,F
521,261_NCI,0.0005010780334011,0.0,0.0,0.0074912511564819,0.0001405880574685,0.0016265834494703,261,261,6,F
522,262_NCI,0.0021362664775645,7.952154192025773e-06,0.0833333333333333,0.0755140687748051,0.0,0.032198324147979,262,262,6,L
523,263_H3,0.0001127008619523,0.0,0.0,0.0005844926105344,0.0,0.0001394386944973,263,263,6,I
524,263_H1,0.0005960687497377,6.219760689418763e-05,0.1388888888888889,0.0132917952702185,0.0026004726039509,0.031087884623938,263,263,6,I
525,263_NCI,0.001091597989012,4.879689367953688e-05,0.1111111111111111,0.0071841979793558,4.121171146457732e-06,0.0238879650288609,263,263,6,I
526,264_H1,0.0291668038391202,0.0009252000018022,0.1111111111111111,0.0433861791756194,0.0397560854322122,0.044869075911973,264,264,6,C
527,264_H3,0.0003093597570322,0.0,0.0,0.0172405497500126,0.0,0.0035099819014089,264,264,6,C
528,265_H1,0.0079220138470696,0.0,0.0,0.3292125149345108,0.0,0.067426905756316,265,265,6,W
529,265_NCI,0.0158264442092205,0.0,0.0833333333333333,0.205887643648343,0.0,0.0610094842381794,265,265,6,W
530,266_H1,0.0016509762440946,4.5969136408530176e-06,0.1388888888888889,0.0098607195059429,0.0,0.0300810363105134,266,266,6,L
531,266_NCI,0.0005453212238167,7.547914719907567e-05,0.3055555555555556,0.0236498326658998,0.0,0.0659652377184942,266,266,6,L
532,269_H3,0.0069775383451941,0.0,0.0,0.0129892300660257,0.0004839682467924,0.0040901473316024,269,269,6,A
533,269_NCI,0.0030665440059462,0.0009399282862432,0.0277777777777777,0.0141523545048349,0.0013348202029757,0.0094542849555555,269,269,6,A
534,269_H1,0.004933798977889,8.460559911327437e-05,0.3055555555555556,0.0209601344817343,0.0008524768561246,0.0664773142940834,269,269,6,A
535,270_NCI,0.0002751076281581,7.324511534534395e-05,0.3055555555555556,0.0083424795170165,0.0006258606899295,0.062974449701201,270,270,6,G
536,270_H1,0.000647518397961,7.336875569308177e-05,0.3611111111111111,0.0238162523015677,0.0001220974420328,0.0771540696016731,270,270,6,G
537,271_NCI,0.0046578039587228,0.0063004223629832,0.1944444444444444,0.0283220651092387,0.0034245631001769,0.0474298597951132,271,271,6,V
538,271_H1,0.0090054681633159,0.0038887453265488,0.1388888888888889,0.2760726751514349,0.0043932801145591,0.0864498115289495,271,271,6,V
539,271_H3,0.0015005714309169,0.0,0.0,0.0055059997262273,0.0002746440449727,0.0014562430404233,271,271,6,V
540,272_H1,0.0001452340001987,0.0,0.0,0.0039626310171989,0.0,0.0008215730034795,272,272,6,A
541,272_NCI,3.257405395387432e-05,0.0,0.0,0.0050077097549128,0.0,0.0010080567617733,272,272,6,A
542,273_NCI,0.0223239996815338,6.261370435822755e-05,0.0555555555555555,0.0303814296400881,0.0001163564518045,0.021687991006668,273,273,6,F
543,273_H3,0.0001225651947579,2.210216280218446e-06,0.0,0.0030196138592459,0.0,0.0006288778540568,273,273,6,F
544,273_H1,0.0063922839072034,5.777312708232785e-06,0.3611111111111111,0.0801886995481872,6.914095826855377e-05,0.0895534025674957,273,273,6,F
545,274_H3,0.0003165743043802,0.0,0.0,0.0038805842705653,0.0,0.0008394317149891,274,274,6,Y
546,274_NCI,0.0026846606373662,0.0019713551737368,0.1388888888888889,0.0072572398135754,0.0006376000834951,0.0302879489194125,274,274,6,Y
547,274_H1,0.0011617881570102,0.000308901828248,0.0277777777777777,0.0192399366491143,0.0,0.00969768088243,274,274,6,Y
548,275_NCI,0.0019407186872035,0.0,0.0833333333333333,0.0154084075279908,0.0,0.0201364919097055,275,275,CT/EC,I
549,276_NCI,0.0076619635805443,6.404950454452774e-07,0.0277777777777777,0.0095752762188618,0.026290429135075,0.0142612174414608,276,276,CT/EC,F
550,277_H3,0.0012710065593156,0.0,0.0,0.0036297339723936,0.0,0.0009801481063418,277,277,CT/EC,T
551,277_H1,0.0005371260486216,7.940398973005358e-06,0.0833333333333333,0.0352818339994269,0.0,0.0238320467560709,277,277,CT/EC,T
552,278_NCI,0.0005824770489231,0.0027227620594203,0.0555555555555555,0.010283707204411,0.0,0.013828900373662,278,278,CT/EC,H
553,278_H3,0.000179299719001,0.0,0.0,0.001783085883933,0.0,0.0003924771205868,278,278,CT/EC,H
554,278_H1,0.000675262620558,0.0,0.0833333333333333,0.0299495089883399,0.0023071477099826,0.0232530505304427,278,278,CT/EC,H
555,279_H3,0.0002522240427964,0.0,0.0555555555555555,0.0124388017864621,0.0,0.0136493162769628,279,279,CT/EC,Q
556,279_H1,0.053694891678953,0.0704711601138114,0.1388888888888889,0.1066841523650938,0.0556596587860587,0.0850797503665612,279,279,CT/EC,Q
557,279_NCI,0.0007067719458979,0.0,0.0277777777777777,0.0395894362058987,0.0,0.0136147971859148,279,279,CT/EC,Q
558,280_NCI,0.0005595439020756,7.179196836659685e-05,0.3055555555555556,0.0747026769891348,0.0,0.0761779136830265,280,280,CT/EC,G
559,280_H1,0.2257147780528396,1.841170706029516e-05,0.1111111111111111,0.6497234606940906,0.0,0.1973135523130203,280,280,CT/EC,G
560,280_H3,0.0001438643253825,0.0,0.0555555555555555,0.2070005526742231,0.0,0.0525399945110322,280,280,CT/EC,G
561,281_H3,0.0001369698992675,0.0,0.0,0.0012827424024764,0.0,0.0002839424603488,281,281,CT/EC,S
562,281_H1,0.0017642202302729,9.514267730992287e-05,0.0277777777777777,0.102179294418403,0.0048404443079557,0.0273313758823438,281,281,CT/EC,S
563,282_NCI,0.0002959687930497,1.9844082999043167e-06,0.1666666666666666,0.010787033214988,0.0003460384390124,0.0356195383044033,282,282,CT/EC,D
564,282_H1,0.0007003643584068,3.8717626011930406e-05,0.3055555555555556,0.0090795726652692,0.000121616158196,0.0630991652726879,282,282,CT/EC,D
565,283_NCI,0.0008098143537227,0.0007652168278582,0.1111111111111111,0.009141854632066,0.0033768026265105,0.0250409599102537,283,283,CT/EC,F
566,283_H1,0.0006923564263759,2.370459242229117e-06,0.1111111111111111,0.1558333319871877,0.0,0.0535278339967833,283,283,CT/EC,F
567,284_H3,7.426532195954687e-05,0.0,0.0,0.0004803933586543,0.0,0.0001109317361227,284,284,CT/EC,G
568,284_H1,0.0292460294078381,0.0,0.0277777777777777,0.3021830419553014,0.0,0.0718413698281834,284,284,CT/EC,G
569,284_NCI,7.426532195954687e-05,0.0,0.0,0.0004803933586543,0.0,0.0001109317361227,284,284,CT/EC,G
570,285_H3,5.342244918020121e-05,0.0,0.0,0.0001477896206838,0.0,4.024241397280892e-05,285,285,CT/EC,P
571,285_H1,0.0064112288203783,0.0,0.0277777777777777,0.0747512878092451,0.0,0.0217880588814802,285,285,CT/EC,P
572,285_NCI,0.0002623584691683,0.0,0.0277777777777777,0.0112804639567096,0.0,0.0078641200407311,285,285,CT/EC,P
573,286_H1,0.0180023218570099,6.441098230425268e-05,0.1944444444444444,0.3736066769838833,0.0,0.1172235708535283,286,286,CT/EC,I
574,286_NCI,0.0004082517522357,1.5803392670932226e-05,0.25,0.0108051127926656,0.0,0.0522458335875144,286,286,CT/EC,I
575,286_H3,0.0017074263647418,0.0,0.0,0.0641818831496971,6.599056276856991e-05,0.0131910600154415,286,286,CT/EC,I
576,287_H1,0.0015992092644504,9.290134767070413e-05,0.0555555555555555,0.0084613175227266,4.360903675505368e-06,0.0131426689188157,287,287,7,F
577,287_H3,0.0001923100219587,0.0,0.0,0.0014144243358161,0.0,0.0003213468715549,287,287,7,F
578,287_NCI,0.0005500687725993,0.000237098080106,0.3888888888888889,0.0161854251973601,0.0001736570934003,0.0812070276064709,287,287,7,F
579,288_H1,0.0007496939087972,0.0,0.0,0.0852888649251168,0.0,0.0172077117667828,288,288,7,M
580,288_NCI,0.0009354186075559,0.0,0.0,0.2061409517460841,0.0,0.041415274070728,288,288,7,M
581,289_NCI,0.0327833966402488,0.0050251157954335,0.1111111111111111,0.0991323738298981,0.0052101122437045,0.0506524219240792,289,289,7,T
582,289_H3,0.0006825739902912,0.0,0.0,0.0028701872994185,1.3203406383421349e-05,0.0007131929392186,289,289,7,T
583,289_H1,0.00321454601694,7.373735684268468e-07,0.2777777777777778,0.0404106281581887,9.2157941609216e-06,0.0642825810241271,289,289,7,T
584,290_H1,0.0031380189256282,1.9400436940486543e-05,0.2777777777777778,0.0922270245070506,0.0043263327631086,0.0754977108821011,290,290,7,I
585,290_NCI,0.0009484312532316,1.1440676644269844e-05,0.1388888888888889,0.0095675472299517,0.0,0.0298832616097433,290,290,7,I
586,290_H3,0.0001969049687363,0.0,0.0,0.0405375711929149,0.0,0.0081468952323302,290,290,7,I
587,291_NCI,0.001464648435009,0.0048104072920978,0.0,0.0225320444105213,4.6394887668169895e-05,0.0057706990050592,291,291,7,P
588,291_H3,0.0002273583720094,0.0,0.0,0.0002044604488744,0.0,8.63637641767788e-05,291,291,7,P
589,291_H1,0.0002594280125999,0.0,0.0,0.0390107290502911,0.0,0.0078540314125782,291,291,7,P
590,293_NCI,0.0004725666087121,0.0,0.0277777777777777,0.0152578913344372,0.0003626990790094,0.0087741869599873,293,293,7,F
591,293_H1,0.000217122138275,0.0,0.0555555555555555,0.0207452280584504,0.0224719328896235,0.0197979677283809,293,293,7,F
592,293_H3,5.049894052481898e-05,0.0,0.0,0.001736084151569,0.0,0.0003573166184187,293,293,7,F
593,294_NCI,0.0010736442649348,0.0,0.0277777777777777,0.0104757180377401,0.0,0.0078654280160905,294,294,7,F
594,294_H3,3.93982636769162e-05,0.0,0.0,0.0001740984795251,0.0,4.2699348640403946e-05,294,294,7,F
595,294_H1,0.0009626412979688,3.3126998459920287e-06,0.0277777777777777,0.0205938358118355,0.0,0.0098675135174856,294,294,7,F
596,295_NCI,0.0042817334895623,0.0728681161999702,0.3055555555555556,0.5296421317624735,0.0987576301216507,0.2022210334258424,295,295,7,A
597,295_H1,0.1624312823418478,2.8432581530069e-05,0.1388888888888889,0.4933718910360553,0.0851567250958951,0.1759754439888434,295,295,7,A
598,295_H3,0.0001952095229457,0.0,0.0,0.0037516864912712,0.0,0.0007893792028433,295,295,7,A
599,297_H1,0.0018038236452569,1.0076286116600386e-06,0.0,0.0106826875940275,0.0,0.0024975037735792,297,297,7,T
600,297_H3,0.0029424144324485,0.0,0.2777777777777778,0.0062014565693594,0.0,0.0573843297559171,297,297,7,T
601,298_H3,0.0006956642266013,3.176064637955278e-05,0.2777777777777778,0.0066567973380515,0.0,0.057032399997762,298,298,7,S
602,298_NCI,0.0004696069349144,0.0,0.0,0.0303224062962386,0.0,0.0061584026462306,298,298,7,S
603,299_H1,0.0192191348689967,0.0001261091383639,0.75,0.0280070207333486,0.0065608639561625,0.1607826257393743,299,299,7,A
604,299_H3,0.0669174679828872,0.0,0.0,0.0217704739745709,0.020301134545218,0.0217978153005352,299,299,7,A
605,299_NCI,0.0024675586006287,0.0009068087674677,0.0833333333333333,0.1364753809306152,0.0,0.0446366163264089,299,299,7,A
606,300_H1,0.0022412505532506,1.3702240721613634e-05,0.3055555555555556,0.0074537880560544,0.0,0.0630528592811164,300,300,7,V
607,301_H3,0.0002768413500212,0.0,0.0,0.0051044388381537,0.0,0.0010762560376349,301,301,7,Y
608,301_H1,0.0003832025798196,0.0,0.0555555555555555,0.0088692700955897,0.0,0.0129616056461929,301,301,7,Y
609,301_NCI,0.0001364221284272,0.000363154860679,0.0,0.0044331146863036,0.0,0.0009865383350819,301,301,7,Y
610,302_NCI,0.0001190876718172,0.0,0.0,0.0125811220018098,0.0,0.0025400419347254,302,302,7,N
611,302_H1,0.0003566513632693,0.0,0.0,0.0563933015939362,0.0,0.0113499905914411,302,302,7,N
612,304_H3,0.0001985050743396,0.0,0.0,0.0026334498927368,0.0,0.0005663909934153,304,304,7,V
613,304_H1,0.0004337349832065,5.057402631791774e-06,0.1666666666666666,0.0128665687956649,0.0,0.0359944055696339,304,304,7,V
614,307_NCI,0.0118436866413427,0.0,0.0,0.452797503947989,0.0,0.0929282381178663,307,307,7,I
615,307_H3,2.389399826819568e-05,0.0,0.0,0.001089411696967,0.0,0.000222661139047,307,307,7,I
616,307_H1,0.0001615271112129,0.0,0.0277777777777777,0.0145616916036182,0.0,0.0085001992985217,307,307,7,I
617,308_H3,2.223650754215844e-05,0.0,0.0,0.0028680778643568,0.0,0.0005780628743797,308,308,7,M
618,309_NCI,0.0001343249325121,1.6579537259531207e-05,0.0555555555555555,0.00189495855837,0.0,0.0115202837167394,309,309,CT/EC,M
619,309_H3,7.366391598123009e-05,0.0,0.0,0.0015694688817087,0.0,0.000328626559538,309,309,CT/EC,M
620,310_NCI,0.0001133377549595,0.0,0.0,0.0013604805424846,0.0,0.0002947636594888,310,310,CT/EC,N
621,310_H1,0.0001153422265841,0.0,0.0,0.0001828771583517,0.0,5.9643876987183874e-05,310,310,CT/EC,N
622,311_H3,0.0002423819183611,0.0,0.0833333333333333,0.0008515417528242,0.0,0.0168854514009037,311,311,CT/EC,K
623,311_H1,0.0001267481087734,0.0002073702635243,0.0555555555555555,0.0103161418271207,0.0,0.0132411631509948,311,311,CT/EC,K
624,312_H1,0.0002088430670349,0.0,0.2222222222222222,0.0021619121113663,0.0,0.0449185954801246,312,312,CT/EC,Q
625,314_H1,6.607740887355846e-05,0.0,0.0555555555555555,0.0029190525777854,0.0,0.0117081371084429,314,314,CT/EC,R
626,314_NCI,0.0002530085173593,0.0,0.0,0.0025154319813803,0.0006719843749665,0.0006880849747412,314,314,CT/EC,R
627,315_H3,0.0005431455346664,0.0,0.0,0.002985651107065,0.0,0.0007057593283463,315,315,CT/EC,N
628,315_H1,0.0004823211384734,4.917783371638507e-06,0.3055555555555556,0.0255035415142175,0.0003657513916884,0.0663824174766613,315,315,CT/EC,N
629,315_NCI,0.0007304514857628,0.0001285184844164,0.1944444444444444,0.015186801306674,0.0,0.0420980431442595,315,315,CT/EC,N
630,316_H1,0.0019989006352822,0.0,0.0,0.072246540402467,6.215109517211505e-07,0.0148492125097402,316,316,CT/EC,C
631,316_H3,2.358387176572465e-05,0.0,0.0,0.0136555743806099,0.0,0.0027358316504751,316,316,CT/EC,C
632,317_NCI,0.0007621915301233,2.3683531253482212e-05,0.0555555555555555,0.0059734475323752,0.0,0.0124629756298615,317,317,CT/EC,M
633,318_H1,0.0081357995532474,0.0030343534890562,0.1388888888888889,0.0344507487962428,0.0173255791086002,0.0403670739672071,318,318,CT/EC,V
634,318_H3,0.0014867790729198,0.0,0.0,0.0160085893499289,0.0,0.0034990736845697,318,318,CT/EC,V
635,319_H1,0.0005203109787126,5.548482022277312e-06,0.1388888888888889,0.0168772101227724,0.0,0.0312583916944792,319,319,CT/EC,T
636,319_NCI,0.0009832542748762,0.0,0.2222222222222222,0.0286426739872082,0.0053897408989216,0.0514475782766456,319,319,CT/EC,T
637,319_H3,0.0002887444087544,0.0,0.0,0.0044585400899017,0.0,0.0009494568997312,319,319,CT/EC,T
638,320_H3,0.0001646316775301,0.0,0.0,0.0050993017001622,0.0,0.0010527866755384,320,320,CT/EC,T
639,320_NCI,0.0002330154560054,0.0,0.0,0.0120487226737264,0.0,0.0024563476259463,320,320,CT/EC,T
640,320_H1,0.0002066359385006,0.0,0.0,0.0159302432797453,0.0,0.0032273758436491,320,320,CT/EC,T
641,321_H1,0.0002491065118125,1.1635839655355085e-05,0.0,0.0230561142385286,0.0,0.0046633713179993,321,321,CT/EC,L
642,321_NCI,0.0003155032700073,0.0,0.0555555555555555,0.0394936405649841,4.121008170479333e-05,0.0190811818944503,321,321,CT/EC,L
643,322_NCI,0.0003294027806831,0.0,0.0555555555555555,0.0067118728373094,0.0,0.0125193662347096,322,322,CT/EC,C
644,323_NCI,0.0003495436894701,8.029896889638621e-06,0.0277777777777777,0.0054744383435935,9.122171243790775e-10,0.0067219581239896,323,323,CT/EC,C
645,323_H3,0.0002484631692031,0.0,0.0,0.0042374964524048,0.0026255881519174,0.001422309554705,323,323,CT/EC,C
646,323_H1,0.0001732193811254,0.000115612958325,0.0,0.0525460592875501,0.0,0.0105669783254001,323,323,CT/EC,C
647,324_NCI,0.0015804673419088,0.0035789925605058,0.0833333333333333,0.0167493553125591,0.0017456255303097,0.0213975548157234,324,324,CT/EC,G
648,324_H3,0.0018310095257654,0.0,0.1388888888888889,0.0101404635388627,0.0,0.0301720723907034,324,324,CT/EC,G
649,324_H1,0.0009502306343124,0.0,0.1944444444444444,0.0212318686820514,0.0094413201396411,0.0452135727800898,324,324,CT/EC,G
650,325_NCI,0.0013850428023233,1.2928994692629203e-05,0.1666666666666666,0.0199017153970752,0.0002716262100913,0.0376475960141698,325,325,CT/EC,K
651,325_H3,0.0002338862283078,0.0,0.0,0.0076521777095182,0.0006500970449622,0.0017072321965576,325,325,CT/EC,K
652,326_H3,0.0015969913732358,0.0,0.0277777777777777,0.0124825252784551,0.0,0.0083714588858937,326,326,CT/EC,N
653,326_H1,0.0063473760092153,0.0,0.0277777777777777,0.0149524419529758,0.0,0.0098155191479937,326,326,CT/EC,N
654,326_NCI,0.0007596426932372,0.0,0.0,0.0288002604533102,3.915330237559553e-05,0.0059198112897846,326,326,CT/EC,N
655,327_H3,0.0014354007786259,0.0,0.0,0.0075352859457991,0.0,0.001794137344885,327,327,CT/EC,P
656,328_H3,0.0003669898015996,0.0,0.0,0.0246607988158335,0.0,0.0050055577234866,328,328,CT/EC,G
657,328_H1,0.0005133999639758,0.0002633421099744,0.0277777777777777,0.0138039261989097,0.0,0.0084716892101275,328,328,CT/EC,G
658,328_NCI,0.000651186260609,0.0025060456246137,0.25,0.0210549528436834,7.393566330003112e-06,0.0548439156590472,328,328,CT/EC,G
659,329_H1,0.0008204559988798,0.0,0.0555555555555555,0.0099220439869758,0.0,0.0132596111082822,329,329,CT/EC,D
660,329_H3,0.0002837466183348,0.0,0.0,0.0038588363238496,1.5562621790385393e-05,0.0008316291127949,329,329,CT/EC,D
661,330_H1,0.0047049125317976,4.2226206460327376e-06,0.0277777777777777,0.0959834929489186,0.0,0.025694081175828,330,330,CT/EC,D
662,330_NCI,0.0010139228477935,8.716797310626134e-05,0.0,0.0078129330275873,0.0,0.0017828047696974,330,330,CT/EC,D
663,332_NCI,0.0113853534170295,7.280424597411184e-06,0.2777777777777778,0.0222572471088032,0.0002221848348676,0.0623299687126151,332,332,CT/EC,A
664,332_H1,0.0011890541684112,0.0015469577629119,0.1388888888888889,0.0233267611704774,0.001128581033045,0.0332160486047469,332,332,CT/EC,A
665,333_NCI,0.000448197621339,4.431061097420752e-05,0.0277777777777777,0.006411047254323,0.0,0.0069362666528828,333,333,CT/EC,S
666,334_NCI,0.0003121481115263,0.0001427424140274,0.25,0.0063609647706971,0.0001240297997981,0.0513879770192098,334,334,CT/EC,T
667,334_H1,0.0003408218460254,0.0001154103374574,0.1111111111111111,0.0060799729038077,0.0,0.0235294632396803,334,334,CT/EC,T
668,335_NCI,0.0003228640381787,1.089468969439622e-05,0.3055555555555556,0.0035663509575721,0.0,0.0618911330482001,335,335,CT/EC,T
669,335_H3,0.0005260110134069,0.0,0.0555555555555555,0.0014078710775319,0.0,0.0114978875292988,335,335,CT/EC,T
670,335_H1,0.0003814234169368,0.0014341077767312,0.25,0.0054924181842148,0.0004239043196274,0.051546370739502,335,335,CT/EC,T
671,336_NCI,0.0004450240278343,3.536229633027688e-05,0.2222222222222222,0.0048792866742564,0.0,0.0455163790441286,336,NA,NA,-
672,336_H3,0.0003501444004218,2.502740062482189e-05,0.1666666666666666,0.0035497247183569,0.0,0.034118312637214,336,NA,NA,-
673,337_NCI,0.0001767982059572,0.0,0.2222222222222222,0.0226315849653252,0.0,0.0490061210787009,337,336,CT/EC,V
674,337_H1,0.0006904246160753,1.1979184819210786e-05,0.1944444444444444,0.0062527355148034,0.0059661332240893,0.0414731433968463,337,336,CT/EC,V
675,337_H3,0.0003711020483347,0.0013326703337952,0.0,0.0038235538329851,0.0,0.001105465243023,337,336,CT/EC,V
676,338_NCI,0.0001522115374723,3.578049700081465e-06,0.0,0.0189461963040084,1.9377410096663108e-05,0.0038242726602555,338,337,CT/EC,S
677,338_H3,0.0001751764923291,0.0,0.0,0.0029075164930833,0.0,0.0006165385970825,338,337,CT/EC,S
678,338_H1,0.0008627979199895,0.0009291209862567,0.4444444444444444,0.0146684348165617,0.0004494445107482,0.0922708485356001,338,337,CT/EC,S
679,339_H3,0.0006346874592173,5.916255759075284e-06,0.1111111111111111,0.0059393246589882,0.0,0.0235382078970151,339,338,CT/EC,K
680,339_H1,0.0074084343378933,0.0003390507190488,0.0555555555555555,0.0352814214947523,0.0,0.01971689242145,339,338,CT/EC,K
681,341_H3,0.0002422054214053,1.7085475292333283e-06,0.0,0.0017323216871395,0.0,0.0003952471312148,341,340,CT/EC,E
682,342_H3,0.0007812673362185,0.0,0.0555555555555555,0.0015997916134263,0.0,0.01158732290104,342,NA,NA,-
683,343_H1,0.001121421094958,0.005566413514316,0.0,0.0050228365119761,0.0001473758964469,0.0023716094035394,343,NA,NA,-
684,343_H3,8.069478757341065e-05,0.0,0.0,0.0023775213367995,0.0,0.0004916432248745,343,NA,NA,-
685,343_NCI,0.0002920108442874,0.0,0.0,0.0028568810634517,0.0,0.0006297783815478,343,NA,NA,-
686,345_H1,0.0001993724451021,2.215726999565959e-05,0.1944444444444444,0.0038623196968503,0.0001348919906049,0.0397326371693994,345,NA,NA,-
687,345_H3,0.0001198202744727,0.0,0.0,0.003579774632375,0.0,0.0007399189813695,345,NA,NA,-
688,345_NCI,0.0004092866303648,1.504637566540623e-05,0.2222222222222222,0.0047236452605749,0.0,0.0454740400977654,345,NA,NA,-
689,346_H1,0.0003414501510033,3.45869989359926e-06,0.0,0.0042390748515916,0.0,0.0009167967404977,346,NA,NA,-
690,346_H3,0.0003222816401655,0.0,0.0555555555555555,0.0016138043174508,0.0003453073034369,0.0115673897633217,346,NA,NA,-
691,346_NCI,0.0001598509740017,0.0,0.0,0.0016642068063352,0.0,0.0003648115560673,346,NA,NA,-
692,347_H3,7.30584643994139e-05,1.4441203347814737e-05,0.0,0.0011792084015988,0.0,0.0002533416138692,347,341,CT/EC,S
693,347_NCI,9.60480912124067e-05,0.0002367459383094,0.0,0.0038609937057613,9.29743003271657e-05,0.000857352407122,347,341,CT/EC,S
694,348_H1,0.0005817596614266,2.733790097408928e-05,0.3333333333333333,0.008433472833942,0.0001490357467371,0.0685049878952826,348,342,CT/EC,Q
695,348_H3,0.0003793275810759,0.0,0.0,0.0024184390413083,0.0,0.0005595533244768,348,342,CT/EC,Q
696,348_NCI,0.0001735415887597,0.0,0.0,0.004859043720862,0.0,0.0010065170619243,348,342,CT/EC,Q
697,349_NCI,0.0003765147801122,0.0,0.3611111111111111,0.0039319565757753,0.0004873582885898,0.0731813881511177,349,343,CT/EC,V
698,349_H3,0.0031168729088662,0.0,0.0,0.0017423693104266,0.0011126254440602,0.0011943735326706,349,343,CT/EC,V
699,349_H1,0.0018621948627373,0.0,0.0277777777777777,0.0068158371527272,0.0,0.0072911619586484,349,343,CT/EC,V
700,350_NCI,0.0018896594142543,0.0001501498918514,0.0833333333333333,0.0134406126507851,0.0,0.0197627510580448,350,344,CT/EC,A
701,350_H3,0.0006152160586038,2.2251858808886027e-06,0.1111111111111111,0.0041552956459241,0.0001644201764105,0.0232096536355861,350,344,CT/EC,A
702,351_NCI,0.0001502313375345,1.467409310862422e-05,0.0,0.0025574910296677,0.0,0.0005444792920621,351,345,CT/EC,P
703,351_H1,0.0002470710132619,1.6465124872411252e-06,0.0277777777777777,0.0041283805767403,0.0,0.0064309751760534,351,345,CT/EC,P
704,352_H3,0.0003122086383396,5.131068974151276e-06,0.0,0.0074821940584961,0.0,0.0015599067531619,352,346,CT/EC,A
705,352_H1,0.0009724787747111,5.378385321819224e-05,0.0,0.0160454475135713,0.0019773897201083,0.0038098199723218,352,346,CT/EC,A
