feature,BayesianRidge,gbc,lgbm,rf,xgb,mean
1,0.05769998086806155,0.003972176855618714,0.0,0.028569434325625184,0.000733806227799505,0.01819507965542099
2,0.0,0.0,0.0,0.0,0.0,0.0
3,0.0,0.0,0.0,0.0,0.0,0.0
4,0.0,0.0,0.0,0.0,0.0,0.0
5,0.0,0.0,0.0,0.0,0.0,0.0
6,0.0,0.0,0.0,0.0,0.0,0.0
7,0.10292686023373186,0.003487599538780357,0.0,0.03659345577748104,0.000643374805804342,0.02873025807115952
8,0.0,0.0,0.0,0.0,0.0,0.0
9,0.0,0.0,0.0,0.0,0.0,0.0
10,0.0,0.0,0.0,0.0,0.0,0.0
11,0.009703268249691884,0.0008445618600994843,0.0,0.03776678289927137,0.0006573848077096045,0.00979439956335447
12,0.0,0.0,0.0,0.0,0.0,0.0
13,0.043750017631771346,0.034836434962037546,0.05405405405405406,0.043271017970002386,0.0001512878661742434,0.03521256249680792
14,0.06204316716767689,0.015394138597729142,0.013513513513513514,0.054918876147314194,0.0012905572075396776,0.029432050526754683
15,0.0,0.0,0.0,0.0,0.0,0.0
16,0.036113987670616826,0.23042273320884543,0.0,0.1043191918903057,0.00025681356783024967,0.07422254526751963
17,0.0,0.0,0.0,0.0,0.0,0.0
18,0.0,0.0,0.0,0.0,0.0,0.0
19,0.06121348545742706,0.1591128816774,0.20270270270270271,0.12845223151919619,0.0011131481733173132,0.11051888990600864
20,0.0,0.0,0.0,0.0,0.0,0.0
21,0.0,0.0,0.0,0.0,0.0,0.0
22,0.0,0.0,0.0,0.0,0.0,0.0
23,0.0,0.0,0.0,0.0,0.0,0.0
24,0.0,0.0,0.0,0.0,0.0,0.0
25,0.13378463505930038,0.0029940789400228697,0.0,0.021851011972672738,0.020741378888487816,0.03587422097209676
26,0.0,0.0,0.0,0.0,0.0,0.0
27,0.038823947394951035,0.014774243647460505,0.0,0.06905751600574962,0.0003900005540344864,0.02460914152043913
28,0.0,0.0,0.0,0.0,0.0,0.0
29,0.0,0.0,0.0,0.0,0.0,0.0
30,0.0,0.0,0.0,0.0,0.0,0.0
31,0.12358307077103109,0.02878845994233101,0.0,0.08117384870468632,0.034772906452417374,0.05366365717409316
32,0.02534151631522954,0.0024936757342371753,0.13513513513513514,0.009278535253736064,0.001490507973358035,0.03474787408233919
33,0.0033391184123014494,0.03399544192745856,0.0,0.02867618498474707,0.0010221661068499088,0.0134065822862714
34,0.0,0.0,0.0,0.0,0.0,0.0
35,0.1287865492286489,0.014553715003145468,0.05405405405405406,0.05900118822512021,0.017494220286607742,0.05477794535951528
36,0.08935437135783836,0.014857239709430568,0.02702702702702703,0.04776062814628734,0.017645955085754395,0.03932904426526754
37,0.22138581296207457,0.014127350151304225,0.21621621621621623,0.04000783113054884,0.0022068549878895283,0.09878881308960667
38,0.015899923752017403,0.03724480616518284,0.013513513513513514,0.06430994805812938,0.0011703737545758486,0.0264277130486838
39,0.09639239168020856,0.007922391030324187,0.21621621621621623,0.027846182724224053,0.001369399018585682,0.06994931613391174
40,0.0,0.0,0.0,0.0,0.0,0.0
41,0.09354921376756807,0.0017835576851954241,0.0,0.02037584743928867,0.001271407469175756,0.023396005272245585
42,0.08765953057892113,0.0028182604172424484,0.0,0.03970523025632126,0.0044227484613657,0.026921153942770108
43,0.0,0.0,0.0,0.0,0.0,0.0
44,0.0,0.0,0.0,0.0,0.0,0.0
45,0.09242615256537479,0.0004919767892316498,0.0,0.01923359302983792,0.001400582492351532,0.022710460975359177
46,0.0,0.0,0.0,0.0,0.0,0.0
47,0.0,0.0,0.0,0.0,0.0,0.0
48,0.0,0.0,0.0,0.0,0.0,0.0
49,0.09190409601873614,0.029994063620295563,0.018018018018018018,0.03540537082990318,0.01108910609036684,0.03728213091546395
50,0.025415307215055794,0.00045795916628773946,0.0,0.03480466981989609,0.0023643544409424067,0.012608458128436407
51,0.06081488611040864,0.0,0.0,0.05020858861051491,0.006469374522566795,0.02349856984869807
52,0.13606264446096875,0.01484917875200387,0.0,0.04379716282567735,0.017814768478274345,0.04250475090338486
53,0.0,0.0,0.0,0.0,0.0,0.0
54,0.0,0.0,0.0,0.0,0.0,0.0
55,0.0,0.0,0.0,0.0,0.0,0.0
56,0.08187460849413992,0.07577404595849543,0.05405405405405406,0.08136096585203122,0.22115260362625122,0.10284325559699439
57,0.0,0.0,0.0,0.0,0.0,0.0
58,0.0,0.0,0.0,0.0,0.0,0.0
59,0.0,0.0,0.0,0.0,0.0,0.0
60,0.04557864507671642,0.0031973358935152335,0.10810810810810811,0.23088145973491103,0.009198502637445927,0.07939281029013935
61,0.0,0.0,0.0,0.0,0.0,0.0
62,0.0,0.0,0.0,0.0,0.0,0.0
63,0.03262977211754239,0.0007326419436195126,0.10810810810810811,0.01448578936912064,0.0005501890555024147,0.031301300118778616
64,0.13792815618133664,0.04714084588338588,0.22522522522522523,0.05521184846838732,0.013799036853015423,0.0958610225222701
65,0.0,0.0,0.0,0.0,0.0,0.0
66,0.0,0.0,0.0,0.0,0.0,0.0
67,0.0,0.0,0.0,0.0,0.0,0.0
68,0.0,0.0,0.0,0.0,0.0,0.0
69,0.12358307077103109,0.02878845994233101,0.0,0.08117384870468632,0.034772906452417374,0.05366365717409316
70,0.020520854910871893,0.05652206349470412,0.0,0.08106699012597404,7.639631803613156e-06,0.03162350963267073
71,0.0,0.0,0.0,0.0,0.0,0.0
72,0.0,0.0,0.0,0.0,0.0,0.0
73,0.0,0.0,0.0,0.0,0.0,0.0
74,0.0,0.0,0.0,0.0,0.0,0.0
75,0.0,0.0,0.0,0.0,0.0,0.0
76,0.0,0.0,0.0,0.0,0.0,0.0
77,0.020520854910871893,0.05652206349470412,0.0,0.08106699012597404,7.639631803613156e-06,0.03162350963267073
78,0.0,0.0,0.0,0.0,0.0,0.0
79,0.0,0.0,0.0,0.0,0.0,0.0
80,0.0,0.0,0.0,0.0,0.0,0.0
81,0.06189957923412045,0.0003894537268938354,0.08108108108108109,0.02863499835554826,0.04061853140592575,0.04252472876071388
82,0.0,0.0,0.0,0.0,0.0,0.0
83,0.23031192847606807,0.1194093632196589,0.4594594594594595,0.20760192419748966,0.005554392002522945,0.2044674134710398
84,0.03234976754729865,0.0015078425908729917,0.0,0.01923859232971997,0.00030752801103517413,0.010680746095785357
85,0.10167676301937609,0.016034677930133707,0.05405405405405406,0.09256994482699492,0.001064429641701281,0.053079973894452015
86,0.0,0.0,0.0,0.0,0.0,0.0
87,0.15239901064480016,0.014602900840913717,0.05405405405405406,0.08880353419568364,0.1931656450033188,0.10060502894775407
88,0.05572612870452234,0.005460848513941046,0.15315315315315317,0.012790004451652503,0.014402268454432487,0.048306480655540315
89,0.020520854910871893,0.05652206349470412,0.0,0.08106699012597404,7.639631803613156e-06,0.03162350963267073
90,0.0,0.0,0.0,0.0,0.0,0.0
91,0.0,0.0,0.0,0.0,0.0,0.0
92,0.0,0.0,0.0,0.0,0.0,0.0
93,0.033334024504849014,0.2073831731678904,0.0,0.11734986873392603,3.819815901806578e-06,0.07161417724451344
94,0.1655436304564039,0.07189154839568335,0.0,0.11697658834300699,0.12014501541852951,0.09491135652272475
95,0.3808019850213992,0.03704793857984022,0.5675675675675675,0.06808473916472062,0.007779450621455908,0.21225633619099668
96,0.09463144814222087,0.09145156632255437,0.02702702702702703,0.1353711945461925,0.011493445374071598,0.07199493628241327
97,0.13213365146179523,0.08334709115971511,0.1891891891891892,0.10089118327423609,0.001026010257191956,0.10131742506842552
98,0.09988352005337708,0.013631913191456497,0.0,0.07283979222792025,0.0011408616555854678,0.03749921742566786
99,0.0,0.0,0.0,0.0,0.0,0.0
100,0.17086742973610247,0.027072141624858676,0.0,0.12546721522972612,0.048552077263593674,0.0743917727708562
101,0.039600739778762606,0.01788823058132521,0.0,0.09157536790747278,0.020504020154476166,0.03391367168440736
102,0.0,0.0,0.0,0.0,0.0,0.0
103,0.05789508925927912,0.15258266239817736,0.0,0.03501990684396843,0.0,0.049099531700284985
104,0.06343711148088443,0.015157056551779168,0.08108108108108109,0.058821030542186535,0.019642319530248642,0.047627719837235974
105,0.0,0.0,0.0,0.0,0.0,0.0
106,0.0,0.0,0.0,0.0,0.0,0.0
107,0.026848307271448893,0.002807924443112681,0.0,0.0050330976717766285,0.0069430735893547535,0.008326480595138592
108,0.06592686836287305,0.03654538720738769,0.06306306306306307,0.025466973381351024,0.00023056589998304844,0.03824657158293158
109,0.12358307077103109,0.02878845994233101,0.0,0.08117384870468632,0.034772906452417374,0.05366365717409316
110,0.1790514390002228,0.02683281821326306,0.0,0.020945989491519414,0.005482844077050686,0.04646261815641119
111,0.02489811036420173,0.013155031398024443,0.009009009009009009,0.06562573580628236,0.002713802270591259,0.02308033776962176
112,0.09576983182843155,0.02004019219497826,0.009009009009009009,0.060174330984915564,0.015247696079313755,0.040048212019329635
113,0.0,0.0,0.0,0.0,0.0,0.0
114,0.0,0.0,0.0,0.0,0.0,0.0
115,0.0,0.0,0.0,0.0,0.0,0.0
116,0.15626760414306662,0.001729621361955768,0.0,0.011126523750190772,3.7096258893143386e-05,0.03383216910282126
117,0.0,0.0,0.0,0.0,0.0,0.0
118,0.0,0.0,0.0,0.0,0.0,0.0
119,0.11508036411683958,0.023582911734326487,0.10810810810810811,0.06959122565773211,0.0008844365947879851,0.06344940924235885
120,0.0,0.0,0.0,0.0,0.0,0.0
121,0.0,0.0,0.0,0.0,0.0,0.0
122,0.8846901663569163,0.26888407070987236,0.8648648648648649,0.568934046713499,0.05427174270153046,0.5283289782693366
123,0.054346079198418634,0.0008867966827655624,0.05405405405405406,0.014521831346409716,0.001678008702583611,0.025097353996846317
124,0.09808833602340528,0.005064082969427551,0.04054054054054054,0.03485789370007145,0.03288450464606285,0.04228707157590153
125,0.0,0.0,0.0,0.0,0.0,0.0
126,0.0,0.0,0.0,0.0,0.0,0.0
127,0.0,0.0,0.0,0.0,0.0,0.0
128,0.0,0.0,0.0,0.0,0.0,0.0
129,0.031383215498254596,0.003465998256605396,0.0,0.04831359603314623,0.10662908852100372,0.03795837966180199
130,0.0,0.0,0.0,0.0,0.0,0.0
131,0.0,0.0,0.0,0.0,0.0,0.0
132,0.0,0.0,0.0,0.0,0.0,0.0
133,0.0669733834409859,0.0032696174924869066,0.2702702702702703,0.022633015057857597,0.0023338517639786005,0.07309602760511585
134,0.0,0.0,0.0,0.0,0.0,0.0
135,0.0,0.0,0.0,0.0,0.0,0.0
136,0.0,0.0,0.0,0.0,0.0,0.0
137,0.03732076262181748,0.007411793142255402,0.10810810810810811,0.019330238993449784,0.010916898027062416,0.036617560178538636
138,0.0,0.0,0.0,0.0,0.0,0.0
139,0.05008742470925323,0.0005099389627015386,0.0,0.014014026464968502,0.00010970589210046455,0.012944219205804746
140,0.0,0.0,0.0,0.0,0.0,0.0
141,0.0,0.0,0.0,0.0,0.0,0.0
142,0.0,0.0,0.0,0.0,0.0,0.0
143,0.0,0.0,0.0,0.0,0.0,0.0
144,0.07698167093163465,0.03308236557600489,0.0,0.0577846081704667,0.001575127593241632,0.03388475445426957
145,0.10167676301937609,0.016034677930133707,0.05405405405405406,0.09256994482699492,0.001064429641701281,0.053079973894452015
146,0.0,0.0,0.0,0.0,0.0,0.0
147,0.10167676301937609,0.016034677930133707,0.05405405405405406,0.09256994482699492,0.001064429641701281,0.053079973894452015
148,0.0,0.0,0.0,0.0,0.0,0.0
149,0.014402597643553358,0.00011457265495298535,0.0,0.03456849633303035,2.0959727407898754e-05,0.009821325271788918
150,0.07205196284095149,0.042655261718517565,0.0,0.08112041941533017,0.01739027164876461,0.04264358312471277
151,0.13375218609137982,0.0108874745558278,0.14864864864864866,0.07312584819376076,0.3214035928249359,0.1375635500629106
152,0.0,0.0,0.0,0.0,0.0,0.0
153,0.1374016466659865,0.07447715155381318,0.0,0.2893114946719846,1.1313020877423696e-05,0.10024032118253234
154,0.04163075438219159,0.005797185036359209,0.0,0.02089858879718549,0.0009315837523899972,0.013851622393625257
155,0.10167676301937609,0.016034677930133707,0.05405405405405406,0.09256994482699492,0.001064429641701281,0.053079973894452015
156,0.0,0.0,0.0,0.0,0.0,0.0
157,0.021051095082837826,0.016535101138074205,0.02702702702702703,0.0467889077981641,0.013887844048440456,0.025057995018908725
158,0.12853031986932603,0.033527675820009886,0.0,0.0460643580994685,0.033271726220846176,0.048278816001930125
159,0.0,0.0,0.0,0.0,0.0,0.0
160,0.05607628616948801,0.001332970748832341,0.0,0.007166805779159167,0.0008421509410254657,0.013083642727700998
161,0.0,0.0,0.0,0.0,0.0,0.0
162,0.05620922310693613,0.014468652601015944,0.3108108108108108,0.06847255882619589,0.0023305313661694527,0.09045835534222565
163,0.12237176952365345,0.004420374194302257,0.17567567567567569,0.006835735676922067,0.008037162013351917,0.06346814341678107
164,0.0,0.0,0.0,0.0,0.0,0.0
165,0.09853454470243214,0.018268733943180092,0.11711711711711711,0.05212357444806799,0.00276508298702538,0.05776181063956455
166,0.01415630895539738,0.003444049695875667,0.02702702702702703,0.039714483265959714,0.0005273810820654035,0.01697385000526504
167,0.0,0.0,0.0,0.0,0.0,0.0
168,0.0,0.0,0.0,0.0,0.0,0.0
169,0.10793028076181073,0.020077516048336397,0.036036036036036036,0.05371489139944062,0.00021387208835221827,0.043594519266795195
170,0.0,0.0,0.0,0.0,0.0,0.0
171,0.0,0.0,0.0,0.0,0.0,0.0
172,0.0,0.0,0.0,0.0,0.0,0.0
173,0.02626559585443175,0.00345389369330232,0.0,0.02854781741851958,0.005828264635056257,0.012819114320261981
174,0.0,0.0,0.0,0.0,0.0,0.0
175,0.0,0.0,0.0,0.0,0.0,0.0
176,0.0,0.0,0.0,0.0,0.0,0.0
177,0.0,0.0,0.0,0.0,0.0,0.0
178,0.0,0.0,0.0,0.0,0.0,0.0
179,0.10270441490188761,0.0007975488330547461,0.0,0.02161236180820665,5.4383108363254e-06,0.025023952770797064
180,0.0,0.0,0.0,0.0,0.0,0.0
181,0.18981557065822183,0.012423833106600685,0.0,0.04537495530865138,0.0021869386546313763,0.049960259545621055
182,0.0,0.0,0.0,0.0,0.0,0.0
183,0.033419629306766216,0.002225206990524723,0.08108108108108109,0.010827405631887482,0.030153153464198112,0.031541295294891525
184,0.0,0.0,0.0,0.0,0.0,0.0
185,0.06652481988157301,0.017984980173173074,0.0,0.10915446853973308,0.0008233455009758472,0.038897522819091
186,0.0,0.0,0.0,0.0,0.0,0.0
187,0.0,0.0,0.0,0.0,0.0,0.0
188,0.0,0.0,0.0,0.0,0.0,0.0
189,0.020520854910871893,0.05652206349470412,0.0,0.08106699012597404,7.639631803613156e-06,0.03162350963267073
190,0.0,0.0,0.0,0.0,0.0,0.0
191,0.0,0.0,0.0,0.0,0.0,0.0
192,0.0,0.0,0.0,0.0,0.0,0.0
193,0.0,0.0,0.0,0.0,0.0,0.0
194,0.0651188284261899,0.005795893697651873,0.24324324324324326,0.061943245126598385,0.01810496114194393,0.07884123432712548
195,0.02464443025106874,0.12052713274109395,0.05405405405405406,0.0062958259394841586,4.354925749794347e-06,0.04110515958229014
196,0.0,0.0,0.0,0.0,0.0,0.0
197,0.0,0.0,0.0,0.0,0.0,0.0
198,0.13028181694263885,0.027730804434383683,0.05405405405405406,0.022217521558801617,0.00011071700282627717,0.0468789827985409
199,0.0,0.0,0.0,0.0,0.0,0.0
200,0.0,0.0,0.0,0.0,0.0,0.0
201,0.036587785681737116,0.008461841790138425,0.0,0.02562691864363081,0.02329391986131668,0.018794093195364604
202,0.0,0.0,0.0,0.0,0.0,0.0
203,0.0,0.0,0.0,0.0,0.0,0.0
204,0.0,0.0,0.0,0.0,0.0,0.0
205,0.09050745138361037,0.0036068219361811873,0.04054054054054054,0.06670628532960943,0.00023056947975419462,0.04031833373393914
206,0.0,0.0,0.0,0.0,0.0,0.0
207,0.0,0.0,0.0,0.0,0.0,0.0
208,0.0,0.0,0.0,0.0,0.0,0.0
209,0.12011336290434303,0.016395300103217412,0.1801801801801802,0.16945930208658563,0.0051095858216285706,0.09825154621919097
210,0.043168967310133276,0.003877108380196558,0.06756756756756757,0.029313435562680314,9.39362944336608e-05,0.028804203023002278
211,0.0,0.0,0.0,0.0,0.0,0.0
212,0.0,0.0,0.0,0.0,0.0,0.0
213,0.09940969330728985,0.12157444677856584,0.1981981981981982,0.16700127209499163,0.06286143511533737,0.12980900909887658
214,0.07590433170525639,0.03642882050402266,0.10810810810810811,0.050837518149341315,0.00023388004046864808,0.054302531701439415
215,0.0,0.0,0.0,0.0,0.0,0.0
216,0.027940572365591606,0.001109271716898949,0.0,0.010109824231365236,1.1621566955000162e-05,0.007834257976162159
217,0.07797119013824438,0.04342830516553134,0.0,0.05737330946096336,0.0260467492043972,0.04096391079382726
218,0.07624500005432067,0.08424083600046209,0.009009009009009009,0.22955454551465643,0.01346626691520214,0.08250313149873006
219,0.0,0.0,0.0,0.0,0.0,0.0
220,0.0,0.0,0.0,0.0,0.0,0.0
221,0.0,0.0,0.0,0.0,0.0,0.0
222,0.10167676301937609,0.016034677930133707,0.05405405405405406,0.09256994482699492,0.001064429641701281,0.053079973894452015
223,0.0,0.0,0.0,0.0,0.0,0.0
224,0.0,0.0,0.0,0.0,0.0,0.0
225,0.08167695625485859,0.008358410972993667,0.05405405405405406,0.053361589248891964,0.0009779760148376226,0.03968579730912718
226,0.0,0.0,0.0,0.0,0.0,0.0
227,0.0,0.0,0.0,0.0,0.0,0.0
228,0.06541913724195812,0.014394229971165505,0.0,0.10360171821264882,0.017386453226208687,0.04016030773039623
229,0.0,0.0,0.0,0.0,0.0,0.0
230,0.0,0.0,0.0,0.0,0.0,0.0
231,0.0,0.0,0.0,0.0,0.0,0.0
232,0.10167676301937609,0.016034677930133707,0.05405405405405406,0.09256994482699492,0.001064429641701281,0.053079973894452015
233,0.0,0.0,0.0,0.0,0.0,0.0
234,0.0,0.0,0.0,0.0,0.0,0.0
235,0.0,0.0,0.0,0.0,0.0,0.0
236,0.0,0.0,0.0,0.0,0.0,0.0
237,0.0,0.0,0.0,0.0,0.0,0.0
238,0.0,0.0,0.0,0.0,0.0,0.0
239,0.0,0.0,0.0,0.0,0.0,0.0
240,0.0,0.0,0.0,0.0,0.0,0.0
241,0.0,0.0,0.0,0.0,0.0,0.0
242,0.07687059734125222,0.0018221694681271137,0.0,0.021805544362294708,0.0,0.02009966223433481
243,0.0,0.0,0.0,0.0,0.0,0.0
244,0.0,0.0,0.0,0.0,0.0,0.0
245,0.0,0.0,0.0,0.0,0.0,0.0
246,0.0,0.0,0.0,0.0,0.0,0.0
247,0.0,0.0,0.0,0.0,0.0,0.0
248,0.0,0.0,0.0,0.0,0.0,0.0
249,0.0,0.0,0.0,0.0,0.0,0.0
250,0.0,0.0,0.0,0.0,0.0,0.0
251,0.0,0.0,0.0,0.0,0.0,0.0
252,0.0,0.0,0.0,0.0,0.0,0.0
253,0.0,0.0,0.0,0.0,0.0,0.0
254,0.0,0.0,0.0,0.0,0.0,0.0
255,0.1621726893831061,0.13523018629095954,0.0,0.06733057811503693,3.690786616061814e-05,0.07295407233105264
256,0.10990324718299059,0.0007068149395806059,0.10810810810810811,0.022037746103483094,0.0002586547052487731,0.04820291420788223
257,0.0,0.0,0.0,0.0,0.0,0.0
258,0.09848680825330973,0.00020727149466911638,0.0,0.02098292020385436,0.0025109676644206047,0.024437593523250763
259,0.03150650638600631,0.006727011986816323,0.10810810810810811,0.04709958347136218,0.12254782766103745,0.06319780752266607
260,0.1337034872180224,0.0010414368155919195,0.0,0.01901209452278019,4.8929930926533416e-05,0.030761189697464202
261,0.9289929306153603,0.3864811199072285,0.0,0.36815375076389156,0.12189941108226776,0.3611054424737496
262,0.10277264870628254,0.008447807458186204,0.0,0.017289414905202295,0.40038853883743286,0.10577968198142078
263,0.0841263130162654,0.0538619232254898,0.009009009009009009,0.019101072492526582,0.0018356067594140768,0.03358678490054097
264,0.020520854910871893,0.05652206349470412,0.0,0.08106699012597404,7.639631803613156e-06,0.03162350963267073
265,0.0,0.0,0.0,0.0,0.0,0.0
266,0.0,0.0,0.0,0.0,0.0,0.0
267,0.0,0.0,0.0,0.0,0.0,0.0
268,0.0,0.0,0.0,0.0,0.0,0.0
269,0.008183084824819893,0.0011734562729615254,0.0,0.012578615558644316,0.0015684871468693018,0.0047007287606590075
270,0.0650363083311031,0.10897206062243997,0.40540540540540543,0.02128378390063107,0.009443379938602448,0.12202818763963638
271,0.1011522049614135,0.09407318170205647,0.08108108108108109,0.06456078640782176,0.005139456130564213,0.0692013420565874
272,0.0,0.0,0.0,0.0,0.0,0.0
273,0.048872681017680546,0.0025485286418821433,0.06756756756756757,0.026063553940909003,0.01836642250418663,0.032683750734445176
274,0.01889419022633029,0.0051098243842969395,0.05405405405405406,0.012968705314445694,0.02126060053706169,0.022457474903237733
275,0.0,0.0,0.0,0.0,0.0,0.0
276,0.0,0.0,0.0,0.0,0.0,0.0
277,0.13103452081195832,0.010206745490689353,0.0900900900900901,0.1682230140244245,0.011825891211628914,0.08227605232575823
278,0.1267056682241411,0.00473979189545331,0.1891891891891892,0.036168844192103276,0.0028941198252141476,0.0719395226652202
279,0.14357037888785956,0.17143686822709303,0.14864864864864866,0.41539518915935836,1.0,0.37581021698459194
280,0.0,0.0,0.0,0.0,0.0,0.0
281,0.12360058359367462,0.007740778882197234,0.04054054054054054,0.023185082876171766,0.005253738723695278,0.04006414492325589
282,0.0670388901398112,0.015361656315558902,0.17567567567567569,0.06104002645339491,0.019168073311448097,0.06765686437917776
283,0.0,0.0,0.0,0.0,0.0,0.0
284,0.15211389434740288,0.010150221281171568,0.12162162162162163,0.1176931673305714,0.27339327335357666,0.1349944355868688
285,0.027940572365591606,0.001109271716898949,0.0,0.010109824231365236,1.1621566955000162e-05,0.007834257976162159
286,0.06610975246668253,0.00911331538568692,0.0,0.05361247375941999,0.0007605744758620858,0.025919223217530308
287,0.09380890698372525,0.08937273439871066,0.07207207207207207,0.08961336979485138,0.03610701858997345,0.07619482036786655
288,0.12358307077103109,0.02878845994233101,0.0,0.08117384870468632,0.034772906452417374,0.05366365717409316
289,0.11708254757342944,0.04586559872205568,0.13513513513513514,0.049790929097094296,0.008163591846823692,0.07120756047490764
290,0.11345551151646358,0.008667983783361121,0.08108108108108109,0.028634561545517915,0.0011005547130480409,0.04658793852789435
291,0.0,0.0,0.0,0.0,0.0,0.0
292,1.0,1.0,1.0,1.0,0.08611936867237091,0.8172238737344741
293,0.0,0.0,0.0,0.0,0.0,0.0
294,0.0,0.0,0.0,0.0,0.0,0.0
295,0.13837076551531807,0.3268251017860672,0.0,0.09666194260757335,0.0001446901442250237,0.11240050001063673
296,0.0,0.0,0.0,0.0,0.0,0.0
297,0.05225385468499986,0.03283930309587442,0.0,0.01353078788347648,0.00013781708548776805,0.019752352549967704
298,0.16282553096858224,0.00674871907527187,0.40540540540540543,0.01860311073484719,0.005304313264787197,0.11977741588977879
299,0.0,0.0,0.0,0.0,0.0,0.0
300,0.0,0.0,0.0,0.0,0.0,0.0
301,0.2133038969709129,0.8544045238629953,0.0,0.5088862932102591,0.0,0.3153189428088335
302,0.0,0.0,0.0,0.0,0.0,0.0
303,0.12358307077103109,0.02878845994233101,0.0,0.08117384870468632,0.034772906452417374,0.05366365717409316
304,0.02142881582517467,0.03810600996931291,0.2972972972972973,0.061570299609309785,0.015831124037504196,0.08684670934771978
305,0.0,0.0,0.0,0.0,0.0,0.0
306,0.0,0.0,0.0,0.0,0.0,0.0
307,0.0,0.0,0.0,0.0,0.0,0.0
308,0.020520854910871893,0.05652206349470412,0.0,0.08106699012597404,7.639631803613156e-06,0.03162350963267073
309,0.11738569394355294,0.0009871484688471661,0.10810810810810811,0.01596348393611621,0.0005502607673406601,0.04859893904479302
310,0.0,0.0,0.0,0.0,0.0,0.0
311,0.0,0.0,0.0,0.0,0.0,0.0
312,0.0,0.0,0.0,0.0,0.0,0.0
313,0.0,0.0,0.0,0.0,0.0,0.0
314,0.0,0.0,0.0,0.0,0.0,0.0
315,0.05789508925927912,0.15258266239817736,0.0,0.03501990684396843,0.0,0.049099531700284985
316,0.0,0.0,0.0,0.0,0.0,0.0
317,0.0,0.0,0.0,0.0,0.0,0.0
318,0.0,0.0,0.0,0.0,0.0,0.0
319,0.05350167775071143,0.09739127889093772,0.036036036036036036,0.052520401044791824,0.0025897554587572813,0.048407829836246856
320,0.12358307077103109,0.02878845994233101,0.0,0.08117384870468632,0.034772906452417374,0.05366365717409316
321,0.0,0.0,0.0,0.0,0.0,0.0
322,0.1006962645636452,0.004513053312982341,0.013513513513513514,0.024661642294509768,0.016135288402438164,0.031903952417417794
323,0.07461025873615255,0.001958955789895799,0.02702702702702703,0.032953307130458354,0.005957597866654396,0.02850142931003763
324,0.0,0.0,0.0,0.0,0.0,0.0
325,0.0,0.0,0.0,0.0,0.0,0.0
326,0.06142404895764811,0.07700777207280926,0.05405405405405406,0.09388120448177373,0.002494375454261899,0.05777229100410941
327,0.0,0.0,0.0,0.0,0.0,0.0
328,0.0,0.0,0.0,0.0,0.0,0.0
329,0.07461025873615255,0.001958955789895799,0.02702702702702703,0.032953307130458354,0.005957597866654396,0.02850142931003763
330,0.0,0.0,0.0,0.0,0.0,0.0
331,0.0,0.0,0.0,0.0,0.0,0.0
332,0.0,0.0,0.0,0.0,0.0,0.0
333,0.05282364513595475,0.017478108000878557,0.05405405405405406,0.020121573097675503,0.00016525466344319284,0.02892852699040121
334,0.06393868068940985,0.010281183939660673,0.013513513513513514,0.02043840802259219,0.0010113379685208201,0.02183662482673941
335,0.0,0.0,0.0,0.0,0.0,0.0
336,0.020520854910871893,0.05652206349470412,0.0,0.08106699012597404,7.639631803613156e-06,0.03162350963267073
337,0.03089130290041834,0.07112834237564954,0.0,0.023386375637006705,0.001420902437530458,0.025365384670121012
338,0.0700975946442868,0.0034588189457924953,0.02702702702702703,0.059007224978235844,0.04680674523115158,0.04127948216529875
339,0.0,0.0,0.0,0.0,0.0,0.0
340,0.0,0.0,0.0,0.0,0.0,0.0
341,0.0,0.0,0.0,0.0,0.0,0.0
342,0.0,0.0,0.0,0.0,0.0,0.0
343,0.05922707120193619,0.03033278603686013,0.1891891891891892,0.05685449692769957,0.00286233052611351,0.06769317477635972
344,0.06867134869900224,0.0040224145713074035,0.24324324324324326,0.021524544638587908,0.0006802740390412509,0.06762836503823641
345,0.06408195719168325,0.01803216321563762,0.0,0.01605938446047211,0.002127252519130707,0.020060151477384738
346,0.0,0.0,0.0,0.0,0.0,0.0
347,0.0,0.0,0.0,0.0,0.0,0.0
348,0.09674563532240822,0.05394357521838813,0.14864864864864866,0.03991730601590651,0.007359103299677372,0.06932285370100577
349,0.0666777767458962,0.13135646562086,0.02702702702702703,0.037777410426362255,0.00022468373936135322,0.05261267271190136
350,0.0,0.0,0.0,0.0,0.0,0.0
351,0.0,0.0,0.0,0.0,0.0,0.0
352,0.0,0.0,0.0,0.0,0.0,0.0
353,0.0,0.0,0.0,0.0,0.0,0.0
