,feature,xgb,mean,true_position,TMD,amino_acid
0,1,1.1279274986009112e-05,1.1279274986009112e-05,1,CT/EC,M
1,2,0.0001644099975237,0.0001644099975237,2,CT/EC,N
2,3,2.2050217012292705e-05,2.2050217012292705e-05,3,N-Termina,G
3,4,3.416240360820666e-05,3.416240360820666e-05,4,N-Termina,T
4,5,1.1254616765654646e-05,1.1254616765654646e-05,5,N-Termina,E
5,6,2.1216987079242244e-05,2.1216987079242244e-05,6,N-Termina,G
6,7,5.915399015066214e-05,5.915399015066214e-05,7,N-Termina,P
7,8,7.368814112851396e-05,7.368814112851396e-05,8,N-Termina,N
8,9,4.599178282660432e-05,4.599178282660432e-05,9,N-Termina,F
9,10,0.0001629876351216,0.0001629876351216,10,N-Termina,Y
10,11,4.056425677845255e-05,4.056425677845255e-05,11,N-Termina,V
11,12,3.8577189116040245e-05,3.8577189116040245e-05,12,N-Termina,P
12,13,4.080253347638063e-06,4.080253347638063e-06,13,N-Termina,F
13,14,0.0001086058327928,0.0001086058327928,14,N-Termina,S
14,15,8.481214172206819e-05,8.481214172206819e-05,15,N-Termina,N
15,16,1.732187047309708e-05,1.732187047309708e-05,16,N-Termina,K
16,17,1.9972878362750635e-05,1.9972878362750635e-05,17,N-Termina,T
17,18,0.0,0.0,18,N-Termina,G
18,19,7.086536788847297e-05,7.086536788847297e-05,19,N-Termina,V
19,20,6.022797151672421e-06,6.022797151672421e-06,20,N-Termina,V
20,21,1.9667171727633104e-05,1.9667171727633104e-05,21,N-Termina,R
21,22,0.0002797148772515,0.0002797148772515,22,N-Termina,S
22,23,0.0,0.0,23,N-Termina,P
23,24,2.5002353140735067e-05,2.5002353140735067e-05,24,N-Termina,F
24,25,1.503396651969524e-05,1.503396651969524e-05,25,N-Termina,E
25,26,1.0959308383462483e-05,1.0959308383462483e-05,26,N-Termina,A
26,27,4.020054620923474e-05,4.020054620923474e-05,27,N-Termina,P
27,28,0.0,0.0,28,N-Termina,Q
28,29,0.0010549125727266,0.0010549125727266,29,N-Termina,Y
29,30,9.16065910132602e-05,9.16065910132602e-05,30,N-Termina,Y
30,31,0.0224000420421361,0.0224000420421361,31,N-Termina,L
31,32,1.3392281289270612e-05,1.3392281289270612e-05,32,N-Termina,A
32,33,3.864578320644796e-05,3.864578320644796e-05,33,N-Termina,E
33,34,6.77471689414233e-05,6.77471689414233e-05,34,N-Termina,P
34,35,0.0001440371561329,0.0001440371561329,35,N-Termina,W
35,36,3.180204294039868e-05,3.180204294039868e-05,36,N-Termina,Q
36,37,3.1972493161447346e-05,3.1972493161447346e-05,37,1,F
37,38,2.6350324333179745e-05,2.6350324333179745e-05,38,1,S
38,39,6.690076406812295e-05,6.690076406812295e-05,39,1,M
39,40,6.723022579535609e-06,6.723022579535609e-06,40,1,L
40,41,9.355331712868065e-05,9.355331712868065e-05,41,1,A
41,42,0.0001270771026611,0.0001270771026611,42,1,A
42,43,0.0,0.0,43,1,Y
43,44,0.0,0.0,44,1,M
44,45,1.881885935972605e-07,1.881885935972605e-07,45,1,F
45,46,0.0001693004451226,0.0001693004451226,46,1,L
46,47,3.505676204440533e-06,3.505676204440533e-06,47,1,L
47,48,5.2200874051777646e-05,5.2200874051777646e-05,48,1,I
48,49,6.134118302725255e-05,6.134118302725255e-05,49,1,M
49,50,6.370129267452285e-05,6.370129267452285e-05,50,1,L
50,51,0.0,0.0,51,1,G
51,52,0.0001260447024833,0.0001260447024833,52,1,F
52,53,2.631704046507366e-05,2.631704046507366e-05,53,1,P
53,54,9.924934602167925e-06,9.924934602167925e-06,54,1,I
54,55,0.0,0.0,55,1,N
55,56,8.939672261476517e-05,8.939672261476517e-05,56,1,F
56,57,5.747569230152294e-05,5.747569230152294e-05,57,1,L
57,58,0.0,0.0,58,1,T
58,59,0.0002981211873702,0.0002981211873702,59,1,L
59,60,3.098929664702155e-05,3.098929664702155e-05,60,1,Y
60,61,0.0,0.0,61,1,V
61,62,0.0,0.0,62,CT/EC,T
62,63,0.0001067566190613,0.0001067566190613,63,CT/EC,V
63,64,0.0,0.0,64,CT/EC,Q
64,65,9.75181901594624e-05,9.75181901594624e-05,65,CT/EC,H
65,66,0.0,0.0,66,CT/EC,K
66,67,0.0,0.0,67,CT/EC,K
67,68,0.0,0.0,68,CT/EC,L
68,69,1.8892895241151564e-05,1.8892895241151564e-05,69,CT/EC,R
69,70,9.752258483786136e-05,9.752258483786136e-05,70,CT/EC,T
70,71,0.0,0.0,71,CT/EC,P
71,72,0.0,0.0,72,CT/EC,L
72,73,0.0,0.0,73,CT/EC,N
73,74,1.7471376168032291e-06,1.7471376168032291e-06,74,2,Y
74,75,0.0,0.0,75,2,I
75,76,0.0,0.0,76,2,L
76,77,0.0014956264058128,0.0014956264058128,77,2,L
77,78,0.0,0.0,78,2,N
78,79,0.1403879821300506,0.1403879821300506,79,2,L
79,80,0.0,0.0,80,2,A
80,81,0.0001533948088763,0.0001533948088763,81,2,V
81,82,3.368585021235049e-05,3.368585021235049e-05,82,2,A
82,83,7.390983228106052e-05,7.390983228106052e-05,83,2,D
83,84,0.0001305316254729,0.0001305316254729,84,2,L
84,85,3.871492663165554e-05,3.871492663165554e-05,85,2,F
85,86,0.0014489869354292,0.0014489869354292,86,2,M
86,87,0.0002193617983721,0.0002193617983721,87,2,V
87,88,1.859907933976501e-05,1.859907933976501e-05,88,2,F
88,89,3.3010204788297415e-05,3.3010204788297415e-05,89,2,G
89,90,0.0,0.0,90,2,G
90,91,0.0005235517164692,0.0005235517164692,91,2,F
91,92,0.0,0.0,92,2,T
92,93,0.0001759971200954,0.0001759971200954,93,2,T
93,94,0.0003119956818409,0.0003119956818409,94,2,T
94,95,0.005240258295089,0.005240258295089,95,2,L
95,96,0.0006712261238135,0.0006712261238135,96,CT/EC,Y
96,97,0.0002571647637523,0.0002571647637523,97,CT/EC,T
97,98,0.0006658873171545,0.0006658873171545,98,CT/EC,S
98,99,0.0001399314787704,0.0001399314787704,99,CT/EC,L
99,100,6.3067204791877884e-06,6.3067204791877884e-06,100,CT/EC,H
100,101,5.100265525470604e-07,5.100265525470604e-07,101,CT/EC,G
101,102,0.0,0.0,102,CT/EC,Y
102,103,1.7109550753957592e-05,1.7109550753957592e-05,103,CT/EC,F
103,104,0.0001454105513403,0.0001454105513403,104,CT/EC,V
104,105,1.7049931557266973e-05,1.7049931557266973e-05,105,CT/EC,F
105,106,0.0,0.0,106,CT/EC,G
106,107,0.0001823608326958,0.0001823608326958,107,CT/EC,P
107,108,2.8160657166154124e-05,2.8160657166154124e-05,108,CT/EC,T
108,109,1.6773932657088153e-05,1.6773932657088153e-05,109,CT/EC,G
109,110,0.0,0.0,110,CT/EC,C
110,111,0.0002021934633376,0.0002021934633376,111,3,N
111,112,8.556294051231816e-05,8.556294051231816e-05,112,3,L
112,113,0.0,0.0,113,3,E
113,114,0.0,0.0,114,3,G
114,115,4.431171328178607e-05,4.431171328178607e-05,115,3,F
115,116,0.000138413044624,0.000138413044624,116,3,F
116,117,0.0,0.0,117,3,A
117,118,0.0001125426715589,0.0001125426715589,118,3,T
118,119,0.0018177325837314,0.0018177325837314,119,3,L
119,120,0.0,0.0,120,3,G
120,121,0.0,0.0,121,3,G
121,122,0.0,0.0,122,3,E
122,123,2.236537511635106e-05,2.236537511635106e-05,123,3,I
123,124,0.000238491455093,0.000238491455093,124,3,A
124,125,9.017241495712368e-07,9.017241495712368e-07,125,3,L
125,126,0.0,0.0,126,3,W
126,127,0.0,0.0,127,3,S
127,128,0.0,0.0,128,3,L
128,129,6.846451015007915e-07,6.846451015007915e-07,129,3,V
129,130,3.146746166748926e-05,3.146746166748926e-05,130,3,V
130,131,0.0,0.0,131,3,L
131,132,0.0,0.0,132,3,A
132,133,9.547836270940024e-06,9.547836270940024e-06,133,CT/EC,I
133,134,0.0,0.0,134,CT/EC,E
134,135,0.0,0.0,135,CT/EC,R
135,136,9.08675865503028e-05,9.08675865503028e-05,136,CT/EC,Y
136,137,2.7772401153924875e-05,2.7772401153924875e-05,137,CT/EC,V
137,138,0.0,0.0,138,CT/EC,V
138,139,9.455302460992244e-07,9.455302460992244e-07,139,CT/EC,V
139,140,0.0,0.0,140,CT/EC,C
140,141,0.0,0.0,141,CT/EC,K
141,142,0.0,0.0,142,CT/EC,P
142,143,3.582093268050812e-05,3.582093268050812e-05,143,CT/EC,M
143,144,0.0,0.0,144,CT/EC,S
144,145,0.000172095344169,0.000172095344169,145,CT/EC,N
145,146,1.629875259823166e-05,1.629875259823166e-05,146,CT/EC,F
146,147,0.0001624757860554,0.0001624757860554,147,CT/EC,R
147,148,0.0,0.0,148,CT/EC,F
148,149,0.0002612871758174,0.0002612871758174,149,CT/EC,G
149,150,9.255150507669896e-05,9.255150507669896e-05,150,CT/EC,E
150,151,0.0002817132044583,0.0002817132044583,151,CT/EC,N
151,152,0.0001260772842215,0.0001260772842215,152,CT/EC,H
152,153,2.0268878870410845e-05,2.0268878870410845e-05,153,4,A
153,154,5.171937664272264e-05,5.171937664272264e-05,154,4,I
154,155,0.0001233181537827,0.0001233181537827,155,4,M
155,156,0.0,0.0,156,4,G
156,157,0.0001465555396862,0.0001465555396862,157,4,V
157,158,4.9956310249399394e-05,4.9956310249399394e-05,158,4,A
158,159,0.0002664471394382,0.0002664471394382,159,4,F
159,160,1.3787406714982351e-05,1.3787406714982351e-05,160,4,T
160,161,0.0,0.0,161,4,W
161,162,3.966061194660142e-05,3.966061194660142e-05,162,4,V
162,163,1.4092876881477425e-05,1.4092876881477425e-05,163,4,M
163,164,0.0924223437905311,0.0924223437905311,164,4,A
164,165,4.705549508798868e-05,4.705549508798868e-05,165,4,L
165,166,6.586181825696258e-06,6.586181825696258e-06,166,4,A
166,167,0.0,0.0,167,4,C
167,168,1.1536490092112215e-05,1.1536490092112215e-05,168,4,A
168,169,0.0004296222177799,0.0004296222177799,169,4,A
169,170,0.0,0.0,170,4,P
170,171,0.0,0.0,171,4,P
171,172,0.0001995028869714,0.0001995028869714,172,4,L
172,173,0.0,0.0,173,4,V
173,174,0.0,0.0,174,CT/EC,G
174,175,0.0,0.0,175,CT/EC,W
175,176,0.0,0.0,176,CT/EC,S
176,177,0.0,0.0,177,CT/EC,R
177,178,0.0003591409767977,0.0003591409767977,178,CT/EC,Y
178,179,1.726988557493314e-05,1.726988557493314e-05,179,CT/EC,I
179,180,0.0,0.0,180,CT/EC,P
180,181,0.1119152382016182,0.1119152382016182,181,CT/EC,E
181,182,0.0,0.0,182,CT/EC,G
182,183,0.0004210947954561,0.0004210947954561,183,CT/EC,M
183,184,0.0,0.0,184,CT/EC,Q
184,185,0.0,0.0,185,CT/EC,C
185,186,4.50290417575161e-06,4.50290417575161e-06,186,CT/EC,S
186,187,0.0,0.0,187,CT/EC,C
187,188,0.0,0.0,188,CT/EC,G
188,189,3.3340304071316496e-05,3.3340304071316496e-05,189,CT/EC,I
189,190,0.0,0.0,190,CT/EC,D
190,191,0.7034316062927246,0.7034316062927246,191,CT/EC,Y
191,192,0.0,0.0,192,CT/EC,Y
192,193,0.0,0.0,193,CT/EC,T
193,194,0.0002034158387687,0.0002034158387687,194,CT/EC,P
194,195,0.0001000365737127,0.0001000365737127,195,CT/EC,H
195,196,2.593486715340987e-05,2.593486715340987e-05,196,CT/EC,E
196,197,0.0001684093731455,0.0001684093731455,197,CT/EC,E
197,198,1.4575530258298386e-05,1.4575530258298386e-05,198,CT/EC,T
198,199,0.0011596977710723,0.0011596977710723,199,CT/EC,N
199,200,2.87183934233326e-06,2.87183934233326e-06,200,CT/EC,N
200,201,5.879076343262568e-05,5.879076343262568e-05,201,CT/EC,E
201,202,0.0,0.0,202,CT/EC,S
202,203,0.0002503849682398,0.0002503849682398,203,5,F
203,204,0.0,0.0,204,5,V
204,205,9.599905752111226e-05,9.599905752111226e-05,205,5,I
205,206,1.711805998638738e-05,1.711805998638738e-05,206,5,Y
206,207,0.0013278110418468,0.0013278110418468,207,5,M
207,208,1.758862163114827e-05,1.758862163114827e-05,208,5,F
208,209,3.490411108941771e-05,3.490411108941771e-05,209,5,V
209,210,1.709451316855848e-05,1.709451316855848e-05,210,5,V
210,211,0.0,0.0,211,5,H
211,212,0.0,0.0,212,5,F
212,213,0.0001374356943415,0.0001374356943415,213,5,I
213,214,1.0389468116045464e-05,1.0389468116045464e-05,214,5,I
214,215,0.0,0.0,215,5,P
215,216,0.0008757238392718,0.0008757238392718,216,5,L
216,217,8.462708501610905e-05,8.462708501610905e-05,217,5,I
217,218,1.7261560060433112e-05,1.7261560060433112e-05,218,5,V
218,219,3.146474773529917e-05,3.146474773529917e-05,219,5,I
219,220,0.0,0.0,220,5,F
220,221,1.3296790712047368e-05,1.3296790712047368e-05,221,5,F
221,222,1.7349786503473297e-05,1.7349786503473297e-05,222,5,C
222,223,0.0,0.0,223,5,Y
223,224,0.0042963488958776,0.0042963488958776,224,5,G
224,225,0.0012844108277931,0.0012844108277931,225,CT/EC,Q
225,226,0.0,0.0,226,CT/EC,L
226,227,0.0,0.0,227,CT/EC,V
227,228,6.901475717313588e-05,6.901475717313588e-05,228,CT/EC,F
228,229,0.0,0.0,229,CT/EC,T
229,230,0.0,0.0,230,CT/EC,V
230,231,5.0003254727926105e-05,5.0003254727926105e-05,231,CT/EC,K
231,232,0.0,0.0,232,CT/EC,E
232,233,0.0,0.0,233,CT/EC,A
233,234,0.0,0.0,234,CT/EC,A
234,235,5.104782394482754e-05,5.104782394482754e-05,235,CT/EC,A
235,236,0.0,0.0,236,CT/EC,Q
236,237,0.0,0.0,237,CT/EC,Q
237,238,5.569597487919964e-05,5.569597487919964e-05,238,CT/EC,Q
238,239,0.0,0.0,239,CT/EC,E
239,240,0.0,0.0,240,CT/EC,S
240,241,3.6195837310515344e-05,3.6195837310515344e-05,241,CT/EC,A
241,242,0.0,0.0,242,CT/EC,T
242,243,0.0,0.0,243,CT/EC,T
243,244,0.0,0.0,244,CT/EC,Q
244,245,0.0,0.0,245,CT/EC,K
245,246,0.0,0.0,246,CT/EC,A
246,247,0.0,0.0,247,CT/EC,E
247,248,2.925391709140968e-05,2.925391709140968e-05,248,CT/EC,K
248,249,0.0,0.0,249,CT/EC,E
249,250,0.0,0.0,250,CT/EC,V
250,251,0.0,0.0,251,CT/EC,T
251,252,0.0001275175309274,0.0001275175309274,252,CT/EC,R
252,253,0.0,0.0,253,6,M
253,254,1.7233998732990585e-05,1.7233998732990585e-05,254,6,V
254,255,8.955553312262055e-07,8.955553312262055e-07,255,6,I
255,256,1.2596909982676152e-05,1.2596909982676152e-05,256,6,I
256,257,0.0,0.0,257,6,M
257,258,0.0002138521231245,0.0002138521231245,258,6,V
258,259,9.403363219462336e-05,9.403363219462336e-05,259,6,I
259,260,1.2076983693987133e-05,1.2076983693987133e-05,260,6,A
260,261,0.0041019129566848,0.0041019129566848,261,6,F
261,262,0.0004691520007327,0.0004691520007327,262,6,L
262,263,6.309575837804005e-05,6.309575837804005e-05,263,6,I
263,264,0.0002474507491569,0.0002474507491569,264,6,C
264,265,1.0,1.0,265,6,W
265,266,6.363922875607386e-05,6.363922875607386e-05,266,6,L
266,267,0.0,0.0,267,6,P
267,268,0.0,0.0,268,6,Y
268,269,0.006450877059251,0.006450877059251,269,6,A
269,270,0.0001089672805392,0.0001089672805392,270,6,G
270,271,0.0001993223850149,0.0001993223850149,271,6,V
271,272,0.0,0.0,272,6,A
272,273,1.2166370652266778e-05,1.2166370652266778e-05,273,6,F
273,274,0.0001543119142297,0.0001543119142297,274,6,Y
274,275,4.523022289504297e-05,4.523022289504297e-05,275,CT/EC,I
275,276,0.0,0.0,276,CT/EC,F
276,277,3.796294913627207e-05,3.796294913627207e-05,277,CT/EC,T
277,278,0.0,0.0,278,CT/EC,H
278,279,0.0013201122637838,0.0013201122637838,279,CT/EC,Q
279,280,0.0033839840907603,0.0033839840907603,280,CT/EC,G
280,281,0.0,0.0,281,CT/EC,S
281,282,5.15619722136762e-05,5.15619722136762e-05,282,CT/EC,D
282,283,8.334835729328915e-05,8.334835729328915e-05,283,CT/EC,F
283,284,5.446039267553715e-06,5.446039267553715e-06,284,CT/EC,G
284,285,0.0,0.0,285,CT/EC,P
285,286,0.0429842546582222,0.0429842546582222,286,CT/EC,I
286,287,6.000592748023337e-06,6.000592748023337e-06,287,7,F
287,288,0.0345636308193206,0.0345636308193206,288,7,M
288,289,0.0,0.0,289,7,T
289,290,8.183676072803792e-06,8.183676072803792e-06,290,7,I
290,291,0.0,0.0,291,7,P
291,292,0.0076670502312481,0.0076670502312481,292,7,A
292,293,0.0,0.0,293,7,F
293,294,1.633548890822567e-05,1.633548890822567e-05,294,7,F
294,295,0.0,0.0,295,7,A
295,296,0.0,0.0,296,7,K
296,297,3.310745523776859e-05,3.310745523776859e-05,297,7,T
297,298,7.296713738469407e-05,7.296713738469407e-05,298,7,S
298,299,1.3465964002534749e-05,1.3465964002534749e-05,299,7,A
299,300,0.0003129663818981,0.0003129663818981,300,7,V
300,301,0.0,0.0,301,7,Y
301,302,0.0,0.0,302,7,N
302,303,0.0,0.0,303,7,P
303,304,0.0001630808110348,0.0001630808110348,304,7,V
304,305,0.0,0.0,305,7,I
305,306,0.0,0.0,306,7,Y
306,307,1.6643574554109364e-06,1.6643574554109364e-06,307,7,I
307,308,1.4367092262546066e-05,1.4367092262546066e-05,308,7,M
308,309,0.0001236687094205,0.0001236687094205,309,CT/EC,M
309,310,0.0,0.0,310,CT/EC,N
310,311,0.0,0.0,311,CT/EC,K
311,312,0.0,0.0,312,CT/EC,Q
312,313,0.0,0.0,313,CT/EC,F
313,314,0.0,0.0,314,CT/EC,R
314,315,6.86615239828825e-05,6.86615239828825e-05,315,CT/EC,N
315,316,0.0,0.0,316,CT/EC,C
316,317,0.0778247788548469,0.0778247788548469,317,CT/EC,M
317,318,0.0010009198449552,0.0010009198449552,318,CT/EC,V
318,319,7.75709850131534e-06,7.75709850131534e-06,319,CT/EC,T
319,320,0.0,0.0,320,CT/EC,T
320,321,6.854406092315912e-05,6.854406092315912e-05,321,CT/EC,L
321,322,0.0,0.0,322,CT/EC,C
322,323,0.0,0.0,323,CT/EC,C
323,324,3.137697603960987e-06,3.137697603960987e-06,324,CT/EC,G
324,325,0.0001409037067787,0.0001409037067787,325,CT/EC,K
325,326,4.296858605812304e-05,4.296858605812304e-05,326,CT/EC,N
326,327,0.0,0.0,327,CT/EC,P
327,328,2.4650578325235983e-06,2.4650578325235983e-06,328,CT/EC,L
328,329,0.0,0.0,329,CT/EC,G
329,330,8.785859790805262e-06,8.785859790805262e-06,330,CT/EC,D
330,331,2.3694674382568337e-05,2.3694674382568337e-05,331,CT/EC,D
331,332,0.0,0.0,332,CT/EC,E
332,333,5.410549420048483e-05,5.410549420048483e-05,333,CT/EC,A
333,334,2.1383089006121736e-06,2.1383089006121736e-06,334,CT/EC,S
334,335,1.858344694483094e-05,1.858344694483094e-05,335,CT/EC,T
335,336,0.0005236930446699,0.0005236930446699,NA,NA,-
336,337,5.06475662405137e-05,5.06475662405137e-05,336,CT/EC,T
337,338,3.9949401980265975e-05,3.9949401980265975e-05,337,CT/EC,V
338,339,0.0001914032036438,0.0001914032036438,338,CT/EC,S
339,340,3.4586958008731017e-06,3.4586958008731017e-06,339,CT/EC,K
340,341,0.0,0.0,340,CT/EC,T
341,342,0.0,0.0,341,CT/EC,E
342,343,0.0,0.0,NA,NA,-
343,344,3.260918310843408e-05,3.260918310843408e-05,NA,NA,-
344,345,8.823918324196711e-05,8.823918324196711e-05,NA,NA,-
345,346,6.668801506748423e-05,6.668801506748423e-05,NA,NA,-
346,347,3.534826100803912e-05,3.534826100803912e-05,342,CT/EC,T
347,348,2.160106987503241e-06,2.160106987503241e-06,343,CT/EC,S
348,349,6.789095550630009e-06,6.789095550630009e-06,344,CT/EC,Q
349,350,8.132153197948355e-06,8.132153197948355e-06,345,CT/EC,V
350,351,3.261228994233534e-05,3.261228994233534e-05,346,CT/EC,A
351,352,4.898113547824323e-05,4.898113547824323e-05,347,CT/EC,P
