feature,gbr,mean
1,0.010939185853148998,0.010939185853148998
2,0.009509817288377494,0.009509817288377494
3,0.013209367690628158,0.013209367690628158
4,0.008693837862686992,0.008693837862686992
5,0.0026782062638165947,0.0026782062638165947
6,0.01766850475208584,0.01766850475208584
7,0.01699720784225486,0.01699720784225486
8,0.012189193367406956,0.012189193367406956
9,0.009530660437359378,0.009530660437359378
10,0.004957259428979252,0.004957259428979252
11,0.007370993907842872,0.007370993907842872
12,0.006290937097488777,0.006290937097488777
13,0.009546900884601393,0.009546900884601393
14,0.025473553391563104,0.025473553391563104
15,0.0,0.0
16,0.017035243500492635,0.017035243500492635
17,0.015794227069453663,0.015794227069453663
18,0.03246643982969596,0.03246643982969596
19,0.012372337654799162,0.012372337654799162
20,0.013227171664593624,0.013227171664593624
21,0.01977111358521431,0.01977111358521431
22,0.014188590114409766,0.014188590114409766
23,0.02786399997652575,0.02786399997652575
24,0.016134175771780973,0.016134175771780973
25,0.001231687445938828,0.001231687445938828
26,0.6765686190730894,0.6765686190730894
27,0.007508453445602422,0.007508453445602422
28,0.02899990103815512,0.02899990103815512
29,0.0,0.0
30,0.5329171617533771,0.5329171617533771
31,0.003431305233829446,0.003431305233829446
32,0.07884812179518846,0.07884812179518846
33,0.07527687706150846,0.07527687706150846
34,0.3018274537005655,0.3018274537005655
35,0.6396682052628788,0.6396682052628788
36,0.07465702481813814,0.07465702481813814
37,0.007667177064627257,0.007667177064627257
38,0.06022711907508245,0.06022711907508245
39,0.10725159165987386,0.10725159165987386
40,0.009490194950433566,0.009490194950433566
41,0.014721271811469592,0.014721271811469592
42,0.0057110405006424,0.0057110405006424
43,0.00014784433060348104,0.00014784433060348104
44,0.009734219008277102,0.009734219008277102
45,0.14402524335636302,0.14402524335636302
46,0.128859880429775,0.128859880429775
47,0.05168028647263785,0.05168028647263785
48,0.00646831025053616,0.00646831025053616
49,0.013575730609679633,0.013575730609679633
50,0.0473504543897307,0.0473504543897307
51,0.0634928072427892,0.0634928072427892
52,0.03345596372498886,0.03345596372498886
53,0.006440186129368742,0.006440186129368742
54,0.030815633734973643,0.030815633734973643
55,0.014415468816379605,0.014415468816379605
56,0.02143244330908958,0.02143244330908958
57,0.0,0.0
58,0.0,0.0
59,0.049364106669259784,0.049364106669259784
60,0.01979592491874383,0.01979592491874383
61,0.002113777565600264,0.002113777565600264
62,0.006532752750172113,0.006532752750172113
63,0.007745667293839777,0.007745667293839777
64,0.03001809449551882,0.03001809449551882
65,0.007997522489752601,0.007997522489752601
66,0.011180628239702298,0.011180628239702298
67,0.0030044647905103175,0.0030044647905103175
68,0.0029929715605810734,0.0029929715605810734
69,0.0,0.0
70,0.0144351402749169,0.0144351402749169
71,0.0,0.0
72,0.018109527280389285,0.018109527280389285
73,0.0,0.0
74,0.022569558359121736,0.022569558359121736
75,0.05492369895082002,0.05492369895082002
76,0.0,0.0
77,0.00495024102944777,0.00495024102944777
78,0.007840297061724347,0.007840297061724347
79,0.004846919316424566,0.004846919316424566
80,0.0,0.0
81,0.0,0.0
82,0.0,0.0
83,0.0,0.0
84,0.028342547282453223,0.028342547282453223
85,0.1817910801777136,0.1817910801777136
86,0.0022036554860207073,0.0022036554860207073
87,0.0,0.0
88,0.02178878890997096,0.02178878890997096
89,0.024486410095787135,0.024486410095787135
90,0.0,0.0
91,0.026900256615251153,0.026900256615251153
92,0.37096567434718974,0.37096567434718974
93,0.12409300182243914,0.12409300182243914
94,0.023581072012074985,0.023581072012074985
95,0.0,0.0
96,0.3692064205900062,0.3692064205900062
97,0.1006217663510977,0.1006217663510977
98,0.030818589200951336,0.030818589200951336
99,0.109649555669289,0.109649555669289
100,0.00029800333305243706,0.00029800333305243706
101,0.04877016041540963,0.04877016041540963
102,0.027085314140459844,0.027085314140459844
103,0.009203825637038409,0.009203825637038409
104,0.03197760598278254,0.03197760598278254
105,0.03775045430029619,0.03775045430029619
106,0.28294320976548176,0.28294320976548176
107,0.025836110038719662,0.025836110038719662
108,0.05249417796888143,0.05249417796888143
109,0.0,0.0
110,0.06768049243823272,0.06768049243823272
111,0.027428775525744353,0.027428775525744353
112,0.028882978670947128,0.028882978670947128
113,0.0,0.0
114,0.08565518901250403,0.08565518901250403
115,0.13362354755343842,0.13362354755343842
116,0.8109223241413852,0.8109223241413852
117,0.00011030351920510791,0.00011030351920510791
118,0.004273793445742256,0.004273793445742256
119,0.006593932360960714,0.006593932360960714
120,0.0,0.0
121,0.005782020353694178,0.005782020353694178
122,0.0521967369486972,0.0521967369486972
123,0.05507084414435769,0.05507084414435769
124,0.0,0.0
125,0.3206963992093477,0.3206963992093477
126,0.06477365239422646,0.06477365239422646
127,0.14090913124262724,0.14090913124262724
128,0.23921984258767195,0.23921984258767195
129,0.03554916055916511,0.03554916055916511
130,0.0,0.0
131,0.6222141763300563,0.6222141763300563
132,0.00716303465991146,0.00716303465991146
133,0.00601787441737319,0.00601787441737319
134,0.0,0.0
135,0.0011467114075936684,0.0011467114075936684
136,0.05730323401125196,0.05730323401125196
137,0.0,0.0
138,0.0,0.0
139,0.00111416709145416,0.00111416709145416
140,0.03840679017641925,0.03840679017641925
141,0.26606396575737923,0.26606396575737923
142,0.0,0.0
143,0.43778032660433047,0.43778032660433047
144,0.01947252916305536,0.01947252916305536
145,0.5252385912495091,0.5252385912495091
146,0.011408880662467098,0.011408880662467098
147,0.00781183674136107,0.00781183674136107
148,0.0015610463177769182,0.0015610463177769182
149,0.086415507132252,0.086415507132252
150,1.0,1.0
151,0.021129240518606755,0.021129240518606755
152,0.03219044811514084,0.03219044811514084
153,0.04952963561462137,0.04952963561462137
154,0.029346238455149644,0.029346238455149644
155,0.05737626154222358,0.05737626154222358
156,0.029659061106572418,0.029659061106572418
157,0.030380146887017748,0.030380146887017748
158,0.010155667263654286,0.010155667263654286
159,0.024956958977719407,0.024956958977719407
160,0.0,0.0
161,0.009516612290022852,0.009516612290022852
162,0.00582866041702387,0.00582866041702387
163,0.09490142978684435,0.09490142978684435
164,0.006342153653619318,0.006342153653619318
165,0.02424676094869931,0.02424676094869931
166,0.038280742390191275,0.038280742390191275
167,0.07856870016043295,0.07856870016043295
168,0.03174487841868303,0.03174487841868303
169,0.21135530851256792,0.21135530851256792
170,0.2524731734712841,0.2524731734712841
171,0.05671551358928494,0.05671551358928494
172,0.03592455660772766,0.03592455660772766
173,0.0019381423807650346,0.0019381423807650346
174,0.0,0.0
175,0.00771292314051999,0.00771292314051999
176,0.008858225815090468,0.008858225815090468
177,0.10523441246738525,0.10523441246738525
178,0.0,0.0
179,0.030132971586703892,0.030132971586703892
180,0.002760447196950321,0.002760447196950321
181,0.30484204788930386,0.30484204788930386
182,0.002168768037471799,0.002168768037471799
183,0.0,0.0
184,0.0,0.0
185,0.0,0.0
186,0.04035406145721901,0.04035406145721901
187,0.4040464152776006,0.4040464152776006
188,0.0028438926504678838,0.0028438926504678838
189,0.06460122304537674,0.06460122304537674
190,0.0,0.0
191,0.22371490119801563,0.22371490119801563
192,0.1323607581055603,0.1323607581055603
193,0.0,0.0
194,0.0,0.0
195,0.007626069545161251,0.007626069545161251
196,0.007852575747835972,0.007852575747835972
197,0.009097810894032254,0.009097810894032254
198,0.21915353942365623,0.21915353942365623
199,0.009858963119648846,0.009858963119648846
200,0.002403202279937852,0.002403202279937852
201,0.010268036275199502,0.010268036275199502
202,0.0028057081231899817,0.0028057081231899817
203,0.03805854802907379,0.03805854802907379
204,0.8310130603013514,0.8310130603013514
205,0.17077782515555093,0.17077782515555093
206,0.006084710758792893,0.006084710758792893
207,0.017065658356891472,0.017065658356891472
208,0.30487431687281363,0.30487431687281363
209,0.3200034398603892,0.3200034398603892
210,0.04045940928795341,0.04045940928795341
211,0.02018668406432753,0.02018668406432753
212,0.1564116290632228,0.1564116290632228
213,0.0,0.0
214,0.012131230240807126,0.012131230240807126
215,0.007753205403238256,0.007753205403238256
216,0.02697556552360692,0.02697556552360692
217,0.037760749944669054,0.037760749944669054
218,0.018116689884163928,0.018116689884163928
219,0.009849703941795178,0.009849703941795178
220,0.17681336640433523,0.17681336640433523
221,0.003970930658488413,0.003970930658488413
222,0.0,0.0
223,0.0036567335240508675,0.0036567335240508675
224,0.0,0.0
225,0.014096992777129553,0.014096992777129553
226,0.01915994377588457,0.01915994377588457
227,0.0,0.0
228,0.08926085660651387,0.08926085660651387
229,0.008229853062296255,0.008229853062296255
230,0.012493881730268342,0.012493881730268342
231,0.0,0.0
232,0.0031976870483832283,0.0031976870483832283
233,0.012564925675235972,0.012564925675235972
234,0.0,0.0
235,0.0,0.0
236,0.04336915483418618,0.04336915483418618
237,0.014616118209435276,0.014616118209435276
238,0.06714108058748727,0.06714108058748727
239,0.02144990625829776,0.02144990625829776
240,0.005132965165509809,0.005132965165509809
241,0.0,0.0
242,0.0,0.0
243,0.0005089921414870606,0.0005089921414870606
244,0.0,0.0
245,0.001231687445938828,0.001231687445938828
246,0.005138436743750883,0.005138436743750883
247,0.011481041907992632,0.011481041907992632
248,0.009526271684152762,0.009526271684152762
249,0.0027768396423075744,0.0027768396423075744
250,0.0,0.0
251,0.02935513855090757,0.02935513855090757
252,0.00023153089028043154,0.00023153089028043154
253,0.010660519456783014,0.010660519456783014
254,0.004388786823587939,0.004388786823587939
255,0.0012564471102344487,0.0012564471102344487
256,0.009624371941759545,0.009624371941759545
257,0.006488499605492832,0.006488499605492832
258,0.036153773842505676,0.036153773842505676
259,0.026835063419268536,0.026835063419268536
260,0.00447711916282382,0.00447711916282382
261,0.017323540908775838,0.017323540908775838
262,0.0,0.0
263,0.02782734931566524,0.02782734931566524
264,0.004745751417331822,0.004745751417331822
265,0.3385707153226042,0.3385707153226042
266,0.0,0.0
267,0.0,0.0
268,0.02577519131718073,0.02577519131718073
269,0.0,0.0
270,0.03346582344192508,0.03346582344192508
271,0.06307407013244813,0.06307407013244813
272,0.03170390929209279,0.03170390929209279
273,0.011022250538580258,0.011022250538580258
274,0.10583436541178338,0.10583436541178338
275,0.0,0.0
276,0.22154885036964536,0.22154885036964536
277,0.1001819797315375,0.1001819797315375
278,0.016753514416117086,0.016753514416117086
279,0.026197703127930013,0.026197703127930013
280,0.0,0.0
281,0.0,0.0
282,0.0,0.0
283,0.0,0.0
284,0.024878178062459413,0.024878178062459413
285,0.009457869830231162,0.009457869830231162
286,0.10099065570684596,0.10099065570684596
287,0.06895439904657914,0.06895439904657914
288,0.013737877576247774,0.013737877576247774
289,0.2878076988128762,0.2878076988128762
290,0.0,0.0
291,0.005097451167369057,0.005097451167369057
292,0.008049409233801394,0.008049409233801394
293,0.011800433079164566,0.011800433079164566
294,0.015588634593105475,0.015588634593105475
295,0.004150344513651456,0.004150344513651456
296,0.002212033687739601,0.002212033687739601
297,0.19684601671469967,0.19684601671469967
298,0.01684169343034472,0.01684169343034472
299,0.17302994074320022,0.17302994074320022
300,0.0,0.0
301,0.9219874377662556,0.9219874377662556
302,0.0057670434882233215,0.0057670434882233215
303,0.0,0.0
304,0.4541498841281685,0.4541498841281685
305,0.424341105956967,0.424341105956967
306,0.0775943060429305,0.0775943060429305
307,0.30890277540336764,0.30890277540336764
308,0.025726639000492792,0.025726639000492792
309,0.023555696288112504,0.023555696288112504
310,0.6629858194843501,0.6629858194843501
311,0.0,0.0
312,0.02312476215498134,0.02312476215498134
313,0.5447684155119701,0.5447684155119701
314,0.0,0.0
315,0.005601755784214545,0.005601755784214545
316,0.029606563905688117,0.029606563905688117
317,0.30986621663568714,0.30986621663568714
318,0.0,0.0
319,0.1690508216804645,0.1690508216804645
320,0.0,0.0
321,0.0,0.0
322,0.04074557999175877,0.04074557999175877
323,0.01241859444138962,0.01241859444138962
324,0.0,0.0
325,0.0006071266937857126,0.0006071266937857126
326,0.0,0.0
327,0.012349969369257977,0.012349969369257977
328,0.0,0.0
329,0.007621861579301145,0.007621861579301145
330,0.018138256444233773,0.018138256444233773
331,0.6303939212356644,0.6303939212356644
332,0.0,0.0
333,0.07609914040184768,0.07609914040184768
334,0.027479151703954183,0.027479151703954183
335,0.12659136724566103,0.12659136724566103
336,0.04665539984975001,0.04665539984975001
337,0.09483875408694144,0.09483875408694144
338,0.00893802648403102,0.00893802648403102
339,0.05706843671905037,0.05706843671905037
340,0.035918831252651974,0.035918831252651974
341,0.007649078353138961,0.007649078353138961
342,0.027790413049701403,0.027790413049701403
343,0.007804347397708906,0.007804347397708906
344,0.026527793499791667,0.026527793499791667
345,0.008652937112968403,0.008652937112968403
346,0.000590255424645443,0.000590255424645443
347,0.010225083560983695,0.010225083560983695
348,0.002265706315390715,0.002265706315390715
349,0.0022445454681412473,0.0022445454681412473
350,0.020257512615736103,0.020257512615736103
351,0.013933548843034438,0.013933548843034438
352,0.0397362353502918,0.0397362353502918
353,0.025582345921736367,0.025582345921736367
354,0.009100444747275442,0.009100444747275442
355,0.04568978127321929,0.04568978127321929
356,0.01818735707440386,0.01818735707440386
357,0.0031151534177300366,0.0031151534177300366
358,0.00919995649118043,0.00919995649118043
359,0.007611646059447131,0.007611646059447131
360,0.006660021633300011,0.006660021633300011
361,0.009361415357402411,0.009361415357402411
362,0.011096611376196629,0.011096611376196629
363,0.011194894715470131,0.011194894715470131
