feature,gbr,xgb,rf,BayesianRidge,mean
1_H1,0.0025717538595790798,2.4551434307795716e-07,0.0004603378094640247,0.3354681253780894,0.0846251156403689
1_MASS,3.52263706424046e-05,3.5578256074586534e-07,2.9442662629802042e-05,0.10953499909987328,0.02740000597892656
2_NCI,0.0,6.322836725303205e-07,0.00026882316038975504,0.04005582104710685,0.010081319122792285
3_H1,0.0,2.4543965082557406e-06,0.00027999241907824103,0.3920315172579374,0.09807849101838097
3_MASS,1.1541372558582019e-05,3.426560226671427e-07,0.0003652757836195025,0.3227034678699775,0.08077015692054457
4_H1,0.00011972432493807517,1.1353500894983881e-06,0.0007738046456195445,0.16024194300110733,0.04028415183043861
4_NCI,0.0,1.0967398793582106e-06,5.8956880116379755e-05,0.08165318179653402,0.02042830885413244
4_MASS,0.0,7.091598672559485e-05,0.0001274899054819293,0.10013396917150777,0.025083093765928825
5_H1,0.0,3.3665870091681427e-07,0.00010801222794817774,0.02369333994069716,0.005950422206836564
5_NCI,0.0,3.550292831278057e-06,1.3269175374869914e-05,0.18966823624010473,0.04742126392707772
5_MASS,0.0,1.6357683263468203e-10,2.5178860064154395e-05,0.00862225143464664,0.002161857614571907
6_NCI,0.0,1.7837648556451313e-05,0.0002243739112979178,0.11719323061670155,0.029358860544138977
6_MASS,0.0,7.469615752597747e-07,0.0004641695021957517,0.08660028575920216,0.021766300555743294
7_H1,0.00010909844043825137,6.722714715579059e-06,0.0005022964231167893,0.08409616216362127,0.02117856993547297
7_NCI,0.0,1.2634166068892227e-06,0.00021382601629733766,0.019708721023997906,0.004980952614225534
7_MASS,0.0,5.169993528397754e-06,0.0001170095270346937,0.29256554366357873,0.07317193079603546
8_H1,4.2099766815619265e-07,5.4581938456976786e-05,0.00032354764489491805,0.1962493838415428,0.04915698360564071
8_MASS,0.0,6.68454617880343e-07,0.00013134117123126196,0.0877711632420268,0.021975793216968985
9_MASS,0.0,4.609387076470739e-07,0.0005645596231175179,0.029264220347895147,0.007457310227430078
10_H1,0.0001286002390871178,1.9946412521676393e-07,0.0004931782499622749,0.19107290764890314,0.04792372140051944
10_NCI,0.00017694721180861624,1.1231717778059647e-09,1.1090561147685051e-05,0.02529621578296715,0.006371063669773807
10_MASS,0.0,5.919676368648652e-06,6.017780009044438e-05,0.0047110923824109086,0.0011942974647175004
11_H1,6.07157207073295e-05,5.397369022830389e-07,0.00012393260902220823,0.39614773641362044,0.09908323112006306
11_NCI,0.0,1.2985410648980178e-06,4.233325199995274e-05,0.2330388224429834,0.058270613559012065
11_MASS,4.219210261149757e-05,1.6396873547819268e-07,2.2047957952445068e-05,0.03258314062746145,0.008161886164190217
12_MASS,0.0,0.0,3.016330699689487e-06,0.07861054026185611,0.01965338914813895
13_H1,0.0,4.643450665753335e-06,0.0004931656383306773,0.1328714727723887,0.033342320465346284
13_NCI,0.0,3.464137307673809e-06,3.611827108825245e-05,0.11383554949921376,0.02846878297690242
14_H1,0.0,3.480480017969967e-06,0.00010600349112369027,0.04775724640893182,0.01196668259501837
14_NCI,8.951694653427383e-05,1.034576712299895e-06,6.361213080157244e-05,0.005942543089884996,0.0015241766859832855
14_MASS,1.5706677102627224e-05,5.9767580751213245e-06,0.0014940411668430869,0.004230019821110046,0.0014364361057827204
16_H1,3.7774759310164658e-06,4.942614850733662e-07,0.0004567178898435427,0.007678660422033034,0.002034912512323167
16_NCI,2.402750396569788e-05,1.2502722483986872e-06,0.0003206520730380926,0.14162005393962168,0.03549149594721847
17_H1,0.0,0.00015145969518925995,5.24870719010691e-05,0.03391968313803215,0.00853090747628062
17_NCI,1.5216915614922093e-06,0.0,0.00023952007148048295,0.008703583288367445,0.0022361562628523553
17_MASS,0.0,2.2169147086970042e-06,8.879519777979118e-07,0.07352760296282394,0.01838267695737761
18_H1,6.689063510022311e-05,1.0051650178866112e-06,0.000334516221231682,0.009706429821797658,0.0025272104607868624
18_NCI,0.0003176136844488342,1.3831595424562693e-06,0.00036048638148511653,0.03358602560341443,0.00856637720722271
18_MASS,0.0,2.015304367830595e-08,0.0005457901137181068,0.20822924902116277,0.05219376482198114
19_H1,0.00016162986096831327,8.181484076885681e-07,7.685494858981659e-05,0.0305732176692914,0.0077031301568143045
19_NCI,0.00010594636585534246,1.2610663588930038e-06,0.0001707575796783391,0.03975878068710983,0.0100091864247506
20_NCI,0.0,1.2038641727940558e-07,1.8577254161837305e-07,0.1317023238532156,0.032925657503043625
20_MASS,0.0,4.2515502229889535e-09,2.7818823124322407e-06,0.07972971370757777,0.019933124960360107
21_H1,0.0010941852258771496,5.526736276806332e-05,0.00016305910771470544,0.25424524102812834,0.06388943818112207
21_NCI,8.706499406785126e-05,1.3608672588816262e-06,0.00012787836552999277,0.31026628994571265,0.07762064854314234
22_H1,0.0,5.124188646732364e-07,0.0001506111863111697,0.18002726900089636,0.045044598151518046
22_NCI,3.2123823665268786e-05,0.0,3.627648977997539e-05,0.2859536604397757,0.07150551518830524
24_H1,0.0019258116595452417,3.6888307022309164e-06,0.0001823620326440915,0.28228759182847984,0.07109986358784286
24_MASS,0.007570908376957272,3.882423698087223e-07,0.0008571214800873551,0.33664213070199434,0.08626763720035219
25_H1,0.0,6.484304776677163e-06,5.7486329375936266e-05,0.0233800897726501,0.005861015101700678
25_NCI,0.00012444764757653934,0.0,0.00012159889639909609,0.08777810502136295,0.022006037891334648
25_MASS,0.0,1.7962789589098804e-10,1.346451885770695e-05,0.029178893914795747,0.007298089653320338
26_H1,0.0,1.3319878178208455e-07,1.1190024635168522e-05,0.15010875629720816,0.03753001988015628
26_MASS,0.0,0.0,1.0574634290200977e-05,0.0903629007357747,0.022593368842516226
28_MASS,0.0,0.0,9.744231058563213e-05,0.010798640241212645,0.002724020637949569
29_H1,0.0,7.089610676302982e-07,7.3198325121565e-06,0.2680391943187169,0.06701180577807418
29_NCI,0.0,0.0,5.728096254557391e-05,0.019938009370400772,0.004998822583236587
29_MASS,0.0,1.3009003652086903e-08,0.00011686221447268859,0.2010194216157136,0.05028407420979748
30_H1,0.0,0.0,4.255250726631875e-07,0.11313827150115878,0.02828467425655786
31_MASS,0.0,1.1296494406565216e-08,1.6418230775182328e-06,0.027007765925964218,0.006752354761384036
32_H1,0.0,3.9227404613484396e-07,0.0005172085916415102,0.035230915769649124,0.008937129158834193
32_NCI,0.0,0.0,1.1614268230223864e-05,0.24049089479770958,0.06012562726648495
32_MASS,3.8434692518392827e-07,0.0,3.672417941460958e-05,0.06724265592014689,0.01681994111162167
33_H1,0.0010821208456750424,1.4873759937472641e-05,0.0013191154449469058,0.12442262798397172,0.031709684508632784
33_NCI,0.0,1.636735532883904e-06,0.00010431723354510713,0.05093097836182479,0.012759233082725694
33_MASS,0.0,3.842465957859531e-06,0.00013997312068997586,0.1337046855117528,0.03346212527460016
34_H1,3.2840338612049393e-06,3.8893099940651155e-07,0.00014240806635493702,0.26056845608909956,0.06517863428007878
34_NCI,0.0,6.953528099984396e-07,2.786143759291285e-06,0.2134956205252865,0.05337477550546395
34_MASS,0.0,2.417728524051199e-07,0.00013491023657147809,0.19267281101832698,0.048201990756937714
35_H1,0.0,3.345486040973178e-11,0.00024037441308264428,0.24696145732664068,0.06180045794329455
35_NCI,0.0,1.71385381690925e-05,5.306767240587217e-05,0.3781182015763251,0.09454710194672501
36_NCI,0.0,6.11941970873886e-07,0.007344989809687475,0.01828514715816445,0.006407687227455699
36_MASS,0.0,3.2252410164801404e-07,0.00010901481025746893,0.23383700174035574,0.05848658476867871
37_H1,0.0,6.831647169747157e-06,0.00024999675416765416,0.1057185404940435,0.026493842223845224
38_H1,7.400721060270891e-07,7.575928066216875e-06,0.0006693782182067876,0.07146564623814015,0.018035835114129796
38_NCI,0.00012211561821792534,7.54759071242006e-07,0.0002636519583081702,0.08315494228077049,0.020885366154091957
38_MASS,3.557248153869904e-09,9.103822584677346e-09,0.0010294603680063366,0.17126554016313184,0.04307375329805223
39_NCI,0.0009670570971007374,9.824331073104986e-07,0.0002799393578948292,0.05969186039799786,0.015234959821525186
39_MASS,0.00031648046744852884,2.847779569492559e-06,0.0015981758199388185,0.44487170852967745,0.11169730314915857
40_H1,0.0,4.78204265164095e-06,0.0009615364232161553,0.2321100464715524,0.058269091234355044
40_NCI,0.0,0.0,0.00029007734497843457,0.14999515286839368,0.03757130755334303
40_MASS,0.0,6.3419347497983836e-06,1.0,0.07862453825978012,0.2696577200486325
41_H1,0.0003672543731128546,5.003508704248816e-06,0.0019269589693824373,0.2645092461806116,0.06670211575795279
42_H1,0.00463840782460685,1.0774081147246761e-06,0.0006380436277642691,0.1758689057682238,0.045286608657177416
42_NCI,0.000262458832056824,1.366657329526788e-07,0.0009788678241433946,0.0386552416739279,0.009974176248965268
42_MASS,0.0002069966067987101,4.6052173274802044e-05,0.00042965480844794614,0.19498227581386413,0.048916244850596396
43_H1,1.0,1.678547414485365e-05,0.6752480401164467,0.15397602508799912,0.45731021266964766
43_NCI,0.0,1.319068303473614e-07,8.110163886748547e-05,0.06461923924162916,0.016175118196831748
43_MASS,0.5336713077935653,0.0,0.6375611477965261,0.10539204567625884,0.31915612531658755
45_H1,0.001924236765553202,1.6405043425038457e-05,0.0008955367066712467,0.3849432602203939,0.09694485968401084
45_NCI,9.133777930333578e-05,1.3241451597423293e-05,0.012857811674489687,0.10541466427517938,0.029594263795142458
45_MASS,0.0,1.9897777292499086e-06,0.0001924717524575142,0.28339257642036675,0.07089675948763838
47_MASS,0.0,0.0,1.2222862610832546e-06,0.020635273590590364,0.005159123969212862
48_MASS,0.013445099751783996,1.1238026900173281e-06,0.0002073297949327205,0.05841709403350943,0.01801766184572904
49_H1,0.0012294713440746778,1.6250160115305334e-05,0.0005858075163563764,0.19759961854312652,0.04985778689091822
49_NCI,0.0025756564520580645,1.702350164123345e-05,0.0015516478197600903,0.13172253554486676,0.03396671582958154
49_MASS,0.0005510568747000456,3.539911995176226e-05,0.000859449388668138,0.5808083240237789,0.1455635573517747
50_H1,1.611561652931174e-06,1.312902350036893e-05,0.00039379641209331495,0.046622821140029816,0.011757839534319107
50_NCI,0.0017451739977359336,1.3789029935651342e-06,0.0007836089399588364,0.22273158897529596,0.05631543770399607
51_H1,0.0,0.0,1.1396825792808832e-06,0.1371426435792199,0.034285945815449796
51_NCI,0.0,0.0,8.703646099752491e-05,0.14299219983107175,0.03576980907301732
52_H1,4.436905614666226e-05,2.958555000986962e-07,4.4467890762266776e-05,0.3570392260451894,0.0892820897118996
52_NCI,2.358602620165902e-05,2.5258415917051025e-05,0.0004245667417096407,0.05799346627905134,0.014616719365719922
52_MASS,3.084814029702128e-05,0.0,0.00019666168644462577,0.03793705417453925,0.009541141000320224
53_H1,0.0,1.6214575238038265e-09,8.319083134583738e-05,0.33968969631674745,0.0849432221923877
53_NCI,0.0,1.5930879726511193e-08,6.688723975837362e-06,0.26555736838000005,0.06639101825871391
53_MASS,0.0005939942080053492,0.0001647643803153187,1.203048963554589e-05,0.1984923181117451,0.049815776797425326
54_H1,2.1155271272550565e-05,2.561322958172241e-07,1.4483936878701892e-05,0.05873840265651062,0.014693574499239422
54_NCI,0.0,5.298691394273192e-05,0.0001361306519621245,0.01749881049079202,0.00442198201417422
54_MASS,0.0,0.0,6.969946237707636e-05,0.007738059630336366,0.0019519397731783605
56_NCI,7.106350935475604e-05,1.4912723599991295e-05,0.004453991983291279,0.016425897488444398,0.005241466426172606
57_H1,0.0003202435539541051,1.0055217103399627e-08,0.0007871588557991445,0.29222380702267753,0.07333280487191197
57_NCI,0.0,1.0967325181354681e-07,6.408855144855712e-05,0.19585562371224383,0.048979955484236046
57_MASS,5.717862363205148e-05,6.89891676302068e-05,8.072733175788e-05,0.08189794988454335,0.020526211251890872
58_H1,7.034121896750719e-08,0.0,7.238400005057631e-05,0.04054212839006723,0.010153645682834195
58_NCI,0.0,1.026435802486958e-05,1.3420147300820293e-07,0.06282601726975551,0.015709103957313345
59_H1,0.0,0.0,2.0605336570096304e-06,0.054023633276680104,0.013506423452584279
59_NCI,0.0,2.9280519811436534e-05,0.0,0.09675805098589728,0.02419683287642718
60_H1,7.903759452044639e-05,1.997794470298686e-06,0.0002392945869779866,0.31748010909475305,0.07945010976768045
60_MASS,0.0,3.179746727255406e-06,0.00017346798099439863,0.1330882111163591,0.03331621471102019
61_MASS,0.0,1.1463195903615997e-07,2.129626362819126e-05,0.025770381699380947,0.006447948148742044
62_H1,0.0,0.0,0.0,0.00235188085167728,0.00058797021291932
63_H1,0.00011038131685433509,4.955093686476175e-07,0.00042964614953759655,0.055470335318242095,0.014002714573500668
63_NCI,0.0001393310825660846,2.5248067686334252e-05,0.00023693303743804018,0.29242665008533747,0.07320704056825698
64_H1,0.0,4.8148137921089074e-08,0.0001589263439376158,0.21275006575701513,0.053227260062272665
64_MASS,0.0,3.5910213691536796e-10,9.955913841893659e-05,0.03654128729980069,0.00916021169933044
65_NCI,0.0,0.0,8.57476753349887e-06,0.12768767748146231,0.03192406306224895
65_MASS,0.0,0.0,0.1658746181609704,0.07252964045554905,0.059601064654129864
70_H1,0.0,0.0,0.0001736324704248652,0.2185809719312519,0.05468865110041919
70_NCI,0.0,0.0,0.0001028185711122716,0.022469763123522675,0.005643145423658737
70_MASS,0.0,0.0,5.883898518259153e-06,0.08383363988336003,0.02095988094546957
71_H1,0.0,0.0,7.406759428390507e-05,0.026063691776497658,0.00653443984269539
71_NCI,0.0,0.0,5.5897194125138575e-05,0.04176731886217224,0.010455804014074345
71_MASS,0.0,0.0,1.9443534377970853e-07,0.018852149227563498,0.0047130859157268196
74_H1,0.0,3.759608802056391e-08,0.00010435960298761513,0.13569152869755036,0.033948981474156495
74_NCI,0.0,0.0,1.970606291704371e-05,0.015580653469272794,0.0039000898830474596
74_MASS,0.0,0.0,1.3342922683678482e-05,0.025223889978182545,0.006309308225216556
77_MASS,0.0,0.0,6.419401907754689e-05,0.016114100298801982,0.004044573579469883
79_H1,0.0,3.456325850526021e-11,5.935020788807019e-06,0.07299737643684853,0.01825082787305015
79_NCI,0.0,2.6810681674760417e-07,0.0041105851379121,0.10423534991166607,0.027086550789098728
79_MASS,0.0,0.0,1.6573393906401124e-05,0.014086522477709534,0.003525773967903984
80_H1,0.0,5.773575821876875e-07,1.386878101078692e-05,0.0473457194395345,0.011840041394531868
80_NCI,0.0,8.644948756852955e-09,4.3172374047190986e-05,0.07564953759333638,0.018923179653083082
80_MASS,0.0,2.4775365786711134e-11,0.0002431056345981881,0.030370480730752557,0.0076533965975315275
81_H1,2.152271603288497e-05,4.6733541125831835e-07,0.0002509510169465055,0.030255894094517934,0.007632208790727146
81_MASS,0.0,2.129597532984917e-06,0.00011972079246430227,0.26028865223536646,0.06510262565634094
82_H1,0.0,6.217875920810911e-07,0.0002701436319104855,0.038480421501767434,0.0096877967303175
82_NCI,0.0,1.1719507142515795e-08,0.00013919435758621764,0.036369012265835596,0.00912705458573224
83_H1,0.0001099637780844341,1.5639059256500332e-06,0.00017493007291468854,0.2982326293448035,0.07462977177543206
84_H1,0.0007748005811293257,1.4363652553583961e-05,0.0006256996590174344,0.1495333616353226,0.03773705638200574
84_NCI,0.0017694276659747795,3.034810447388736e-08,0.0010151867027256567,0.042837693466900105,0.011405584545926254
84_MASS,0.0009911053068209091,3.244494291720912e-05,0.002003253540775801,0.4700962620506674,0.11828076646029533
85_H1,0.00023678333675727784,7.834038910914387e-07,0.0020224419121470352,0.3327455804961263,0.08375139728723043
85_NCI,0.0,3.1592946470482275e-05,0.0007011151266409547,0.06852251430147084,0.01731380559364557
85_MASS,8.852039379004472e-05,2.7675127967086155e-07,0.00036969547489472583,0.10359975649642514,0.026014562279097396
86_H1,0.29379680492437166,0.0035616112872958183,0.36710951647475354,1.0,0.4161169831716053
86_NCI,4.159947121264661e-06,4.047733170864376e-08,4.11518868854626e-05,0.19962858567382802,0.04991848449629161
87_NCI,0.0,0.0,3.143796360567912e-05,0.07864525263910524,0.01966917265067773
88_H1,0.00012143839021961481,2.998554555233568e-05,0.0008619482495780726,0.21144562180118967,0.053114748496634924
88_NCI,0.0,4.103135324839968e-06,0.000637219533862328,0.1869805479387806,0.046905467651991946
88_MASS,0.0010813376098067632,2.8189942895551212e-05,0.00043425139070414934,0.24088110826902084,0.060606221803106826
89_H1,3.8660156222107164e-06,6.95479090984108e-12,0.0002886013698936411,0.1684325932773215,0.04218126516744803
89_NCI,0.0002842717190357225,1.1544857443368528e-06,0.0001267587784243956,0.24329797324205585,0.06092753955631507
89_MASS,7.115925040901252e-08,3.853856924251886e-06,2.9380523993544904e-05,0.0348721780808082,0.0087263709052441
90_H1,0.0,0.0,2.5334034379230556e-07,0.39975343958696824,0.09993842323182801
90_NCI,0.010031446449672842,0.00019252015044912696,0.004234285858760944,0.6530923349549652,0.16688764685346202
90_MASS,0.009599218681897196,0.0,0.0023016234349705006,0.1588034513658398,0.04267607337067687
91_H1,0.0,0.0,0.0019291966529154066,0.2256001101334473,0.05688232669659068
91_NCI,0.0,0.0,1.1356097194641018e-07,0.3087898252998537,0.07719748471520642
91_MASS,0.0,0.0,0.0002931310950473252,0.07502463794531629,0.018829442260090902
92_H1,0.0,3.7775716776877744e-08,1.4208044362134026e-05,0.31555715391628225,0.07889284993409029
92_NCI,0.0,0.0,4.7600774472882234e-05,0.03718347871263507,0.009307769871776988
92_MASS,0.0,0.0,3.213104514070977e-07,0.13219379938081177,0.033048530172815796
93_H1,0.0049242702913438454,0.0006764137651771307,0.002349464895650791,0.4779803185079194,0.12148261686502279
94_H1,0.5507604302895157,0.15058565139770508,0.1546831312188664,0.2799133495128065,0.2839856406047234
94_NCI,0.0,5.161071499060199e-07,0.0007350507169850436,0.18743508018174032,0.04704266175146882
94_MASS,0.004261011262758495,0.0,0.0055334214233709045,0.012881998452139278,0.0056691077845671695
95_H1,0.0,7.0391738518083e-06,0.0003705100172850613,0.036233755609248165,0.009152826200096258
95_MASS,0.0,9.590605714038247e-07,0.0005400363221900571,0.060851860850428804,0.015348214058297567
96_H1,0.0,4.96938664582558e-05,0.0011865258562088461,0.2025561415310458,0.05094809031342823
96_NCI,0.009084165248432004,0.0003505022032186389,0.025128555724953275,0.2237393008520891,0.06457563100717326
96_MASS,0.00011549061076310729,0.001999752363190055,0.007898541434189011,0.33999720965755353,0.08750274851642392
97_H1,0.0018610282856154673,0.0001730291114654392,0.0019505143709496733,0.31646714938998355,0.08011293028950353
97_NCI,0.0,0.0,6.48977175516283e-05,0.1377094351915116,0.03444358322726581
97_MASS,0.0006520495672053338,2.119867996419611e-11,6.702135627355301e-05,0.1854692523088369,0.04654708081337862
98_H1,0.0,0.0,0.00014799545352058894,0.00734756628637111,0.0018738904349729247
98_NCI,1.3887948170038514e-05,2.6480317956156796e-06,0.00010769095205851523,0.04285683797643893,0.010745266227115776
98_MASS,0.0,7.034569534880575e-06,0.0019688634307797217,0.02028037894868332,0.005564069237249481
99_H1,5.736488605269599e-05,1.4368513348017586e-06,0.0006845136892413956,0.3666499876217377,0.09184832576209166
99_NCI,0.00011227680553147637,2.1126532374182716e-05,0.001997257507953837,0.18570044156204565,0.04695777560197629
99_MASS,0.0,2.2341437144746124e-08,0.000962188168608087,0.06839278889001098,0.017338749850014053
100_H1,0.00047884699030882697,0.000262808141997084,0.00033238696749934827,0.14373588954732905,0.03620248291178358
100_NCI,2.7156005232997038e-05,2.1375931282818783e-06,0.0016412114500028315,0.26319776768891107,0.0662170681843188
101_H1,7.560745206955894e-06,2.148825006820232e-10,5.773493434250328e-05,0.07982185375497171,0.01997178741235092
101_NCI,0.0,0.0,1.1512166626410966e-05,0.01794892419459752,0.004490109090305983
101_MASS,0.0,0.0,3.889755374722065e-06,0.05475538426430035,0.013689818504918768
103_H1,0.0,0.00017393435700796545,1.3194024065823132e-06,0.08759799245291794,0.02194331155308312
103_NCI,0.0,0.0,0.00030189041767006924,0.07083149709227075,0.017783346877485205
103_MASS,0.0,0.0,2.1149955124057786e-07,0.022589824485601866,0.005647508996288277
104_H1,0.019181358684160498,6.50128322376986e-06,0.006611486540012288,0.11595751378893798,0.03543921507408364
104_MASS,0.0,1.470749282361794e-07,0.0016017948363391606,0.18597233153665224,0.04689356836197991
105_NCI,1.2705921893817583e-05,1.2067603165633045e-06,0.00022413284707447167,0.13737554399575294,0.03440339738125945
105_MASS,0.0,6.393646003743925e-07,7.407171068894402e-05,0.10746312299059356,0.02688445851647072
107_H1,0.0,3.868360181513708e-06,2.5592731091140157e-05,0.08974697022278848,0.022444107828515282
107_MASS,0.0,1.2004051086478285e-06,0.00027502397563826966,0.09197692666844214,0.023063287762297262
108_H1,0.0004450865629910691,1.5856749087106436e-05,0.0005136760569844523,0.05235474532567038,0.013332341173683253
108_NCI,2.4494912836956448e-05,6.850291538285092e-05,0.00023262000525846029,0.03861969079060851,0.009736327156021693
108_MASS,0.0002185030149310006,7.683540275138512e-07,0.0003649146538748777,0.1786119753562433,0.04479904034476917
109_H1,0.0,2.637225122725795e-07,0.0009100847237113408,0.08511126869244189,0.021505404284666376
109_NCI,1.0845793386780173e-07,3.5778966775978915e-06,0.002922775383578124,0.07188022726652762,0.018701672251179302
111_NCI,0.0,1.6326607692462858e-06,6.52102303046535e-05,0.08492687334179824,0.021248429058218037
111_MASS,0.00016986615797575042,4.312787904581228e-09,3.473021169842888e-05,0.2528737615472538,0.06326959055742896
112_H1,0.00013617579428447407,1.1046675354009494e-05,0.0013533227379311688,0.01863534985198288,0.005033973764888133
114_H1,0.00018861032152087093,8.903124398784712e-05,0.00043533657953884864,0.04817953554666078,0.012223128422927087
114_NCI,8.055093959644597e-05,0.0,0.00044668734501859277,0.009404070424648676,0.002482827177315929
114_MASS,0.00031480511766040614,0.0,0.000161362687174072,0.011060273209306973,0.002884110253535363
115_H1,0.0,7.1300165771504e-09,0.00010549777520193176,0.49881402599438013,0.12472988272489965
115_MASS,0.0,0.0,0.0002961275930296644,0.10940661237161203,0.027425684991160423
116_H1,0.00015447145018649834,1.9412534584262175e-06,0.0021036507758490754,0.4700445741452832,0.1180761594061943
116_NCI,0.0010963815708016835,4.869260010309517e-06,0.0006050721608579436,0.3488851988321333,0.08764788045595082
116_MASS,2.2570878185418622e-06,4.068886880759237e-07,0.0011737154094818576,0.1740377435179918,0.04380353072599507
117_H1,0.0,0.0,5.216313339216588e-05,0.05323730505152863,0.013322367046230198
117_NCI,0.0,0.0,4.1757581536209506e-06,0.1246953906096528,0.031174891591951606
117_MASS,0.0,0.0,7.851764850566998e-05,0.06606189051966432,0.016535102042042497
118_H1,0.0,0.00034661745303310454,0.01373085642250108,0.4163335710906769,0.10760276124155278
118_NCI,0.014556677701158401,0.0,0.014515694772845093,0.3538024257933072,0.09571869956682767
118_MASS,0.05545244790312072,0.000801081710960716,0.04247176883443588,0.15376065496220956,0.06312148835268172
119_H1,0.0,0.00045622437028214335,0.0008075230518205083,0.32605643522286437,0.08183004566124176
119_MASS,0.002805168738387541,5.5986565712373704e-05,0.00028337381106858617,0.1378184773113228,0.03524075160662282
120_H1,2.3210628087967022e-05,0.0,0.0033345921194828667,0.0868443470313993,0.022550537444742533
120_MASS,0.0004330694626458337,0.0,8.228223470348841e-05,0.17769230549953366,0.04455191429922074
122_H1,0.0005935288647157293,0.0002851243771146983,0.0003737678702442183,0.06113490808183672,0.015596832298477841
122_NCI,0.007231414018873411,2.8848680813098326e-05,0.0004131303313203625,0.543999577825204,0.13791824271405273
122_MASS,0.0,0.0,4.99242906539248e-06,0.018528989953813503,0.004633495595719724
123_H1,0.0,1.9988648958246813e-08,1.892606922125296e-05,0.11798728241097649,0.029501557117211676
123_NCI,0.0,3.572024898090831e-09,5.3442849606365845e-05,0.25807507236864385,0.06453212969756877
123_MASS,0.0,2.4910227125474194e-07,5.224941296642372e-06,0.11669472144645242,0.029175048872505077
124_H1,0.005451002740708336,0.025960296392440796,6.708223797523921e-05,0.22680909830331697,0.06457186991861033
124_NCI,0.003401564278304555,3.341104948262341e-09,0.00044460811143543405,0.025813130411487143,0.00741482653558302
124_MASS,0.0,0.0,6.77456787476524e-05,0.06645661207080952,0.016631089437389293
125_H1,0.0,0.0,3.7762499787732876e-05,0.06597121404702845,0.016502244136704047
125_NCI,0.0,0.0,0.0,0.1675491896555198,0.04188729741387995
125_MASS,0.0,0.0,0.0,0.030285322463606934,0.0075713306159017335
129_H1,0.0,3.348871047137436e-08,3.6883965456219756e-06,0.19713646140396304,0.049285045822304786
129_NCI,0.0,0.0,1.0215057713515243e-05,0.15670100746501062,0.03917780563068103
129_MASS,0.0,0.0,5.650997361008789e-06,0.24154657614289426,0.060388056785063815
130_H1,0.0,0.0,2.982007256126799e-06,0.1101821027807059,0.027546271196990508
130_NCI,0.0,5.458073923381157e-11,1.8280152191706009e-06,0.005565681814908289,0.0013918774711770495
130_MASS,0.0,0.0,9.580194374858e-05,0.03647143065985934,0.00914180815090198
131_H1,0.0,0.0,0.00011865996268218733,0.0018220340190069205,0.00048517349542227697
131_NCI,0.0,0.0,8.43890705952416e-05,0.043035776871120056,0.010780041485428824
131_MASS,0.0,0.0,5.253868391783897e-06,0.021205511005294064,0.0053026912184214615
132_MASS,0.0,0.0,2.4743556185307467e-06,0.013370003468520363,0.0033431194560347233
133_H1,0.0,2.201990128014586e-07,0.00022285060390709688,0.12432816475786516,0.031137808890196267
136_H1,0.0,9.055619101805412e-12,7.730149766162598e-06,0.08422642018050372,0.021058537584831376
136_NCI,0.0,0.0,1.0762558502020022e-05,0.0325623188207343,0.00814327034480908
136_MASS,0.0,0.0,3.830161091811041e-06,0.18706211595732333,0.04676648652960379
137_H1,7.876888849999155e-05,8.944278988565202e-07,0.0013010724811924924,0.11966816121042763,0.03026222425200474
137_NCI,1.5323030886580137e-05,1.8986128225151333e-07,0.00126945226727072,0.02706020876149994,0.007086293480234872
139_MASS,0.0,0.0,8.921847050785075e-07,0.019083510554227537,0.004771100684733154
142_MASS,0.0,0.0,0.0,0.0007052036263888023,0.00017630090659720058
143_NCI,0.0,3.10298491967842e-06,2.0069705073040477e-05,0.13432247499710614,0.033586411921774716
144_H1,0.0,2.1689701423799335e-10,0.0005763136273308256,0.07660104763511655,0.019294340369836096
144_NCI,0.0,5.823898163725971e-07,3.004920901092652e-05,0.1419916832864504,0.035505578721319424
144_MASS,0.000145030315794604,0.0,0.00014588044772967677,0.04537851516149229,0.011417356481254144
145_H1,0.0,0.0,4.885357551146347e-06,0.18918551471963294,0.04729760001929602
145_MASS,0.0,0.0,7.208845473657583e-05,0.11866305807168817,0.029683786631606188
146_H1,0.0,1.0626691846482572e-06,1.3815818284095571e-06,0.03016939345850737,0.007542959427380107
146_NCI,0.0,5.275433522911044e-06,8.656347806976645e-05,0.03330617253034595,0.008349502860484657
146_MASS,0.0,0.0,4.182417440554389e-06,0.2107927523364571,0.052699233688474414
147_H1,0.0,0.0,0.00022675973131584291,0.11874032761929229,0.029741771837652035
147_MASS,0.0,0.0,9.168986178880671e-05,0.05327882962338264,0.01334262987129286
150_H1,2.9695462984051118e-05,2.901838946911539e-08,0.0023639486910666937,0.13906380809259034,0.03536437031625764
150_NCI,0.004324576000498915,2.935471741238871e-07,0.006293828501744324,0.1218952133463646,0.033128477848945494
151_NCI,0.002563126514964419,8.719374591237283e-07,0.0006321327010678181,0.11176307771066067,0.02873980221603801
152_H1,0.0,0.0,5.305058471970218e-06,0.022718180437632657,0.005680871374026157
152_NCI,0.0,0.0,8.453806328480664e-05,0.16635474108662246,0.04160981978747682
152_MASS,0.0,0.0,8.794637887767206e-07,0.04853388697430248,0.012133691609522813
156_H1,0.0,1.1376613429092686e-08,2.35960745368035e-05,0.019693314589480686,0.00492923051015773
156_NCI,0.0,0.0,9.591622503202747e-05,0.25843953135397,0.06463386189475051
156_MASS,0.0,0.0,1.4444424919417541e-05,0.10801729569396304,0.027007935029720615
157_H1,0.0,4.0822624214342795e-06,0.00040188522451937655,0.0541863116237715,0.013648069777678079
157_MASS,0.0,9.147655077867967e-08,0.00014875969121677754,0.004262921132756845,0.0011029430751311002
158_H1,0.0002434909914618413,9.188872354570776e-06,0.0009278090889472252,0.09263148689444488,0.02345299396180213
158_NCI,0.0,8.081524356384762e-06,0.001019847571793127,0.02500308603076686,0.006507753781729093
159_H1,0.0003789685098126494,1.222635059860977e-08,0.00037409028789956036,0.020781115942595758,0.0053835467416646415
159_NCI,0.0,1.1864557563967537e-05,0.00032593666578457903,0.07292001446550266,0.0183144539222128
159_MASS,0.000775618117092849,0.0,0.0007496405511169935,0.014352201442315164,0.003969365027631251
160_H1,0.0,1.0607552169972223e-08,4.753999487996074e-06,0.16404625573950687,0.04101275508663676
160_MASS,0.0,5.962523363933769e-09,5.279661550766348e-06,0.019440076352166557,0.004861340494060172
162_H1,6.909919191892022e-05,7.621235909027746e-06,0.0007793096319165028,0.11448131605049407,0.02883433652755963
162_NCI,0.0005895124607174667,7.496106263715774e-06,0.0012346638297581793,0.11038047345203367,0.028053036462193256
162_MASS,0.0006476109712081744,1.5504463590332307e-05,0.0009377897824656141,0.18555655725807366,0.04678936561883444
163_H1,0.0,2.485632535353943e-07,4.597138082079988e-05,0.36975181201475144,0.09244950798970644
163_MASS,0.0,1.6075367170742538e-07,3.6110915736644274e-05,0.05055907028290112,0.012648835488077367
164_H1,5.470121122715435e-05,2.7318676529830555e-06,0.0030022224983086683,0.20794642749510428,0.052751520768073275
164_NCI,0.004639659420314451,0.0,0.0022080711280387678,0.2243645071537879,0.05780305942553528
164_MASS,0.0007580883116928008,0.0,3.512970784631047e-05,0.004442315599495021,0.001308883404758533
165_H1,0.0,2.551035322539974e-06,0.00012561031945323376,0.08836070009369758,0.02212221536211834
165_NCI,0.0,1.3570023611464421e-06,0.0008514692948111619,0.2570086816674061,0.0644653769911446
165_MASS,0.0,4.935810920869699e-06,0.00011293949971376117,0.015515483807662385,0.003908339779574254
166_H1,0.00012852616642284882,4.58342856290983e-06,0.0005045291691391175,0.1607358090621238,0.04034336195656217
166_NCI,0.0011325358302534322,1.0115730219695251e-05,0.0002474515794747246,0.011097416938183188,0.00312188001953276
166_MASS,0.00047773181065376223,9.40414065553341e-06,0.0007684509825373403,0.38998653467845745,0.09781053040307602
167_H1,0.0,0.0,4.800416885935263e-07,0.07126585183117326,0.017816582968215464
167_MASS,0.0,0.0,2.268167925592285e-06,0.047008989218959976,0.011752814346721391
168_H1,0.0010132120413849542,2.8959079827473033e-06,0.00026027193938911566,0.06996368291140265,0.017810015700039865
168_NCI,0.0,2.071126430081005e-11,0.0004917229081048986,0.08540942754847503,0.021475287619322797
168_MASS,0.0,0.0,2.3377007626764573e-05,0.052687339273830736,0.013177679070364375
169_H1,0.00012279484202477252,6.548008855133958e-07,0.002576007352466459,0.12020960341805012,0.030727265103356716
169_MASS,0.005967262236706347,4.0255798694488476e-07,0.0038466386016631255,0.18589667306901603,0.04892774411634311
170_MASS,0.0,6.84383962834545e-08,5.5169669154127e-06,0.04349295701976086,0.010874635606268139
172_H1,0.0,6.125846539362101e-06,8.235498838508689e-05,0.04762717421407793,0.011928913762250595
172_MASS,5.69111197081174e-07,1.1372267572085093e-09,2.2453388491357254e-07,0.1498392385616374,0.03746000833598653
178_H1,0.00044238900074226,1.2988056369067635e-05,0.00040251972493846733,0.5765443305845629,0.14435055684165318
179_H1,0.0,4.392424671095796e-06,0.00012837483651277295,0.45050465159391234,0.11265935471377406
179_NCI,0.0,2.135696064442527e-08,0.00019937168368600478,0.16951732068241143,0.04242917843076452
181_NCI,0.11550294341671286,0.0069924937561154366,0.1701496569582681,0.4275202400761808,0.18004133355181928
181_MASS,0.0,0.0,0.0002400895894469179,0.22886122488933033,0.05727532861969431
183_H1,0.0,3.4379538105255847e-10,8.755396715639006e-05,0.09761967741773223,0.024426807932171
183_NCI,0.0,0.0,2.613749002491848e-05,0.019515976638766235,0.0048855285321977885
183_MASS,0.0,2.340959959212796e-08,4.047947829134883e-05,0.00010450418972351901,3.625176940361499e-05
184_H1,0.0,0.0,0.0,0.03023796321356351,0.007559490803390878
184_NCI,0.0,0.0,3.892448839791278e-07,0.021439583944106937,0.0053599932972477286
184_MASS,0.0,0.0,0.0,0.0002973071633654772,7.43267908413693e-05
185_H1,0.0,1.4800146175275586e-07,3.3515791627892273e-05,0.09742092187140985,0.024363646416124873
185_NCI,0.0,2.0798724520432188e-08,0.00020067532892893665,0.009257875590049036,0.0023646429294256234
185_MASS,0.0,1.5519267648755886e-08,3.307948708741065e-05,0.010257245334655697,0.002572585085252689
189_NCI,0.0,1.6529842383761206e-08,4.922767314969152e-05,0.04432310463562574,0.011093087209654455
189_MASS,0.0,0.0,7.651338313754962e-05,0.055254061891821665,0.013832643818739804
191_H1,0.0,0.0,8.454394261344184e-05,0.02936057374656019,0.007361279422293408
191_NCI,0.0,0.0,1.5435224061693642e-07,0.0026164907125206718,0.0006541612661903222
191_MASS,0.0,0.0,6.91990904847377e-07,0.06128984413314022,0.015322634031011266
193_H1,0.0,0.0,0.0,0.006301259972125865,0.0015753149930314663
194_NCI,0.0,1.0745890904217958e-05,0.00011603105132632995,0.019547164924935783,0.004918485466791583
194_MASS,0.0,1.1718325509946226e-07,1.639420215711502e-05,0.12389834724603305,0.030978714657861315
195_H1,0.008463190219562796,1.9374839510533093e-08,0.0006703879407150906,0.03609683098221883,0.011307607129334056
195_NCI,0.0003028721542057046,4.9957750889007e-05,0.0002039415199262401,0.1169140323359151,0.029367700940234012
195_MASS,0.0002697244161663273,5.464009404931858e-07,0.00031455193674964036,0.10680024654296233,0.026846267324204698
196_NCI,0.0,1.2937640576637932e-06,0.00012295080779553316,0.024726964159433835,0.006212802182821758
196_MASS,0.0,3.766546186056985e-09,6.778330111696556e-05,0.009035801121733748,0.0022758970473492246
197_H1,1.9695531721456157e-06,6.924499302840559e-07,4.547754267008214e-05,0.09511069794516383,0.023789709372734086
197_MASS,0.0,7.395815919153392e-05,1.1297731795061823e-05,0.04597740520520879,0.011515665274048847
198_NCI,0.0,4.708175765699707e-06,0.00018362819072793534,0.11664986341403392,0.02920954994513189
198_MASS,0.0,0.0,9.078446699060456e-05,0.03975137891443151,0.009960540845355527
199_H1,0.0,4.815232657051638e-08,4.071262461100623e-05,0.13372624534620917,0.033441751530786684
199_NCI,0.0003740910176103398,0.0,0.0005679226660038134,0.09524014020144572,0.02404553847126497
199_MASS,0.0,1.0799959682117333e-06,0.0010242404627127787,0.20382119833901932,0.051211629699425075
200_H1,0.0,0.0,4.818948823329037e-05,0.020780576523517478,0.005207191502937692
200_NCI,0.0,0.0,0.00011852292662564296,0.04578356773572323,0.011475522665587217
200_MASS,0.0,0.0,7.423424223261035e-05,0.02565919385098208,0.006433357023303673
201_H1,0.0005357664245755018,1.3100987416692078e-05,8.544283199088256e-05,0.0768351182472592,0.01936735712281057
201_NCI,8.679354270810264e-05,0.0,0.00010529165976931072,0.12112257364637846,0.03032866471221397
201_MASS,0.00024624524105660325,0.0,8.538933163595524e-06,0.03721539332084689,0.009367544373766773
202_H1,7.063399007739692e-06,0.0,7.077252763887216e-05,0.08188432718699683,0.020490540778410858
202_NCI,0.000140738751848864,4.802269359061029e-06,3.0686815048251286e-05,0.0898592357501384,0.022508865896598645
202_MASS,0.0,0.00010063890658784658,2.9245630237135454e-05,0.03670407401665858,0.009208489638370891
203_H1,0.0,0.0,0.00010764486487132217,0.13813617828766103,0.03456095578813309
204_H1,0.0,3.7825858001383494e-09,1.1952296771782826e-05,0.013268534116976434,0.0033201225490835044
204_NCI,0.0,0.0,4.7525340344101006e-06,0.039774140687986646,0.009944723305505264
204_MASS,0.0,0.0,6.557191699824092e-07,0.03935953321361684,0.009840047233196706
205_H1,0.00710063323229211,0.0012583874631673098,0.0035615364254591633,0.31910990001895007,0.08275761428496717
205_MASS,0.007855859077146312,1.4764500519959256e-06,0.0033595741877805564,0.1434149242969423,0.03865795850298029
206_H1,0.0,0.0,0.2822570023230856,0.05112216977410759,0.0833447930242983
206_MASS,0.0,0.0,7.956490786510517e-05,0.006429643398872529,0.0016273020766844086
207_H1,0.0,0.00016609998419880867,1.3389705947950586e-05,0.16932362789282368,0.04237577939574261
207_NCI,5.510088584540867e-05,0.0,4.630300478229162e-05,0.2806890595773845,0.07019761586700304
207_MASS,2.7243137391578173e-05,0.0,1.2482586344490437e-05,0.0056147564782244265,0.0014136205504901237
208_H1,0.00015723557643008336,6.07026886427775e-05,0.04148422313954925,0.09008568808063905,0.03294696237131529
208_NCI,0.0006263284966686663,1.0894236766034737e-06,0.031065955721665196,0.14841560361432915,0.045027244314084905
208_MASS,0.00011980918531744569,0.0,7.789995534848351e-06,0.055824858053618975,0.013988114308617818
209_NCI,0.0,2.237085936940275e-05,0.001970625864885615,0.3085995154571635,0.07764812804535463
210_H1,0.0,3.368185934959911e-05,1.7372259159267193e-05,0.13708518109078976,0.03428405880232466
210_NCI,0.0,9.869798304862343e-06,7.344515115907939e-05,0.025376670221221424,0.0063649962926713415
210_MASS,0.0002229335131618002,1.7207311964195782e-10,0.00017579883294259547,0.21357759463668274,0.053494081788715064
211_H1,0.0,0.0,4.7696797551272046e-05,0.046655199698626075,0.011675724124044337
211_NCI,0.0,0.0,0.0001568589511283021,0.0022601221384306908,0.0006042452723897482
211_MASS,0.0,0.0,0.0,0.04281143010495339,0.010702857526238348
212_H1,0.0,0.0,3.2858243969371453e-07,0.19336082143543146,0.04834028750446779
212_MASS,0.0,0.0,7.608824056596306e-06,0.015483989569368702,0.0038728995983563245
213_MASS,0.0027363272206598777,8.83752727531828e-06,0.0009307084844264222,0.3291919665863709,0.08321695995468313
214_H1,0.0011696937727935634,6.620013664360158e-06,0.0012994063716633836,0.07549399123352987,0.019492427847912795
214_NCI,0.0,1.1757106221921276e-07,0.0004851788866303308,0.09478331065384772,0.023817151777885067
214_MASS,4.954209160457428e-07,4.381029793876223e-05,0.00012557053329180463,0.02518710846496794,0.006339246179278638
216_MASS,0.0,0.0,0.00114563217313595,0.1205255081489566,0.030417785080523136
217_H1,0.01926551256141408,5.436174615169875e-05,0.02126222676628928,0.08928351764623696,0.032466404680023
217_NCI,0.0006706514236798806,6.928980383236194e-06,0.005384580507473156,0.06431897698832552,0.017595284474965448
218_H1,0.0,4.028830517199822e-06,0.0001857222557462586,0.09717457400809969,0.024341081273590786
218_MASS,0.0,5.481802872964181e-06,0.00017972139746877394,0.04693994439483559,0.011781286898794333
219_NCI,9.667904432728159e-05,1.114382399691749e-07,3.692887907396508e-05,0.09169014519034833,0.02295596613799739
219_MASS,0.0,0.0,4.863914346269196e-08,0.025086846424516633,0.006271723765915024
220_H1,0.00013259863292245622,2.4377909539907705e-06,0.00011918330576015877,0.20988522913150898,0.052534862215286394
220_NCI,0.00039718120561961354,1.5927593466358303e-08,0.00029030203487062466,0.08775564388352611,0.022110785762902454
220_MASS,7.962193845235393e-05,5.754554513259791e-05,0.00023260831981111106,0.026104376474512723,0.006618538069477197
221_H1,0.0,2.136779403372202e-05,1.67867496335862e-05,0.01890207345369641,0.004735056999340929
221_NCI,5.484664385913872e-06,0.0,4.1846403445862564e-06,0.10448569342605019,0.02612384068269517
221_MASS,0.0,0.0,4.238251387019746e-07,0.007964337000098503,0.001991190206309301
222_H1,0.0,0.0,1.0223767016438973e-05,0.063010604284477,0.01575520701287336
222_NCI,4.0269672924891553e-05,0.0,7.496613867017939e-06,0.08922599395128071,0.022318440059518156
222_MASS,0.0,0.0,5.6413691063937584e-05,0.01470339109097269,0.0036899511955091565
224_H1,0.0002746507987621438,4.033518408164127e-09,8.716067642684933e-05,0.05150590309573996,0.012966929651111842
224_NCI,0.0,6.074785119380977e-07,4.908582620176687e-05,0.15447045181800684,0.03863003628068014
225_H1,0.0,2.0991842575313058e-07,0.00020463820484168142,0.24977921582363838,0.06249601598672645
225_NCI,0.0,0.0,6.46468753383125e-05,0.2870858210587,0.07178761698350958
226_MASS,0.0,0.0,7.424337024043277e-05,0.017301003141170574,0.004343811627852752
227_H1,0.0,9.617444618470472e-08,5.274040912597645e-05,0.04495687917860032,0.011252428940543121
227_NCI,2.7401649205027153e-05,4.405050731293159e-06,2.1625360160648664e-05,0.1910968711823745,0.04778757581061787
227_MASS,4.14793207424196e-05,0.0,6.053430124776537e-06,0.0006918004635672714,0.00018483330360861687
228_H1,0.0,4.133293259656057e-06,0.000273410217007799,0.1027761520500387,0.02576342389007654
228_NCI,0.0,1.6667793545366294e-07,0.0016442459748990832,0.18137484680373717,0.04575481486414293
228_MASS,0.0,7.916661814988402e-08,5.1451892175590654e-05,0.12548502015136295,0.03138413780253917
230_H1,0.24464175401773403,0.5891643762588501,0.18688312754107358,0.014143830748720124,0.2587082721415944
230_NCI,0.0,0.0,3.0579127354838834e-06,0.008426750069323705,0.002107451995514797
230_MASS,0.0,0.0,4.856700215569715e-08,0.013737133764564861,0.0034342955828917544
231_NCI,0.0007378009842192204,2.7108051654067822e-05,0.0007069326817689062,0.23790221120527613,0.05984351323072958
231_MASS,0.0,0.0,0.0008068938373068482,0.003421887539210802,0.0010571953441294126
232_H1,0.0,9.895924357739005e-12,0.00010962416946926296,0.08788035430906745,0.02199749462210816
232_MASS,0.0,0.0,0.0008240719825502569,0.04542957241366804,0.011563411099054574
233_H1,0.0,0.0,8.216410587048406e-06,0.1482396783365811,0.03706197368679204
233_NCI,0.0,0.0,9.26317244162064e-05,0.183222462778707,0.0458287736257808
233_MASS,0.0,0.0,0.0,0.09131820541577815,0.022829551353944537
235_H1,0.0,0.0,3.644114177800192e-05,0.1673024334085739,0.041834718637587975
235_NCI,0.0,6.172126809644851e-09,1.7275679780026065e-05,0.11048796096741585,0.02762631070483067
235_MASS,0.0,0.0,2.8186016468610273e-05,0.10410891507643916,0.02603427527322694
238_H1,7.53313942384243e-05,0.0,0.05056850494081322,0.1037962200738068,0.03861001410221461
238_MASS,0.0,0.0,9.725993995759115e-07,0.07093162972688086,0.017733150581570108
239_NCI,0.0,2.778763885658009e-09,3.685919601499955e-06,0.10733546066687812,0.026834787341310874
241_NCI,0.0,2.503500036254991e-05,5.8303775033631725e-06,0.009070698738600096,0.0022753910291165025
241_MASS,0.0,0.0,2.21083608219225e-06,0.17381211548436212,0.04345358158011108
242_H1,4.573464336470588e-06,0.0,1.0892475175073143e-05,0.040704134627850684,0.010179900141840557
245_NCI,0.0,0.0,3.2691722374415355e-07,0.08690278836037635,0.021725778819400025
248_H1,0.0,3.719028654813883e-06,0.00010662373287510395,0.022365429531231513,0.005618943073190358
248_NCI,0.0,1.2129476090194657e-06,0.00010755165441966306,0.12087322804584186,0.030245498161967636
251_H1,0.0,0.0,1.4371172871503427e-06,0.01614428637843826,0.004036430873931352
252_H1,0.0,1.5736112066178087e-11,4.552719337125941e-06,0.44903522814377195,0.11225994521971129
252_NCI,0.0,0.0,3.4799209165257885e-06,0.10884526934338926,0.027212187316076445
252_MASS,0.0,0.0,1.685057693705269e-05,0.0295404703793763,0.007389330239078338
254_H1,0.0,6.925625850584538e-09,1.4688098800692617e-05,0.10911488333449777,0.027282394589731078
254_MASS,0.0,7.36353342745133e-08,3.478574287334713e-05,0.02474184384432173,0.006194175805632338
255_NCI,8.720245688567545e-06,1.016960169408776e-07,0.0006076387456355083,0.08073667795928957,0.020338284661657647
255_MASS,3.180221186423324e-05,0.0,0.00014932101422134757,0.15488693006093537,0.038767013321755237
256_NCI,0.0,6.194873549247859e-06,0.00015782904469049188,0.2518050656913369,0.06299227240239416
256_MASS,0.0,2.3908382829063157e-08,0.00012987264791086906,0.18520293465159388,0.04633320780197189
258_H1,0.0,0.0009361549164168537,0.0014627043970728976,0.17066365251764204,0.04326562795778295
258_NCI,0.0,7.674079824937508e-06,0.0007069229747834197,0.28200558343208754,0.07068004512167397
258_MASS,0.0,0.0,0.0014449248073752047,0.0951432790425786,0.024147050962488453
259_H1,0.00045648626350303616,7.324849138967693e-05,0.00027220916580246153,0.1338754157086056,0.033669339907325194
259_NCI,0.0004356591065787796,2.450323108860175e-06,0.0006482918181556337,0.24398515321715708,0.061267888616250085
259_MASS,0.0,1.893870035019063e-06,0.0005556665097430502,0.011190985685426797,0.0029371365163012165
260_H1,0.0,1.7535688812131411e-06,2.3945543863818986e-05,0.07508023028519947,0.018776482349486125
260_MASS,0.0,3.1998040412872797e-06,6.414250021934992e-05,0.08038855889881355,0.020113975300768548
261_H1,0.011569010643839604,0.0007817025762051344,0.0004471700167732835,0.5621854517753591,0.14374583375304428
262_MASS,0.0,0.0,0.00012762823355192532,0.029511115109333734,0.007409685835721415
263_H1,0.0,1.5133543911360903e-06,0.001335698469792157,0.13614839485755337,0.03437140167043416
263_MASS,0.0,1.3172290891816374e-05,0.001218298510125569,0.3634806959100366,0.0911780416777635
264_H1,0.0,0.0,2.1937839760832734e-05,0.027219760754739388,0.006810424648625055
265_H1,0.0,1.0,0.3677909627986476,0.12427254060138583,0.37301587585000834
265_NCI,0.2574754858136933,0.0,0.044497537848697574,0.07961575367527975,0.09539719433441765
265_MASS,0.08577588283016677,0.0,2.2197254537204554e-05,0.04841706983308395,0.03355378747944698
266_H1,0.0006706101657406793,6.149632827145979e-05,0.0009010347012178006,0.1844212690603037,0.04651360256388341
266_NCI,4.7867118237753126e-05,0.0,0.0006029601398822938,0.10019873031887645,0.025212389394249125
266_MASS,3.6113733320330835e-05,9.032369803207985e-07,8.027348568940513e-05,0.1256003083922454,0.03142939971205886
269_H1,0.00505978380948566,0.003189755603671074,0.003243037778258147,0.6016581427964836,0.1532876799969746
269_NCI,0.001770505279163556,0.004592105746269226,0.00176929895459508,0.012888674720783387,0.005255146175202812
269_MASS,0.028151289488059724,0.0,0.0012150065769643051,0.26868616361807773,0.07451311492077545
270_NCI,0.0,8.567920417590358e-07,0.0001555898111483169,0.09853983036070314,0.024674069240973304
270_MASS,6.40687866878697e-06,1.379867029527304e-07,0.0004423328658991974,0.197697803065194,0.049536670199116235
271_H1,0.00022339835123272013,5.7785191529546864e-06,0.0014853571049156205,0.20695269523973184,0.052166807303758285
271_NCI,0.0,3.2273017591677444e-11,0.0007878277416140776,0.03478685083907551,0.008893669653240652
271_MASS,0.0076186820939557216,0.0,0.0003317491934651047,0.07146952095377596,0.019854988060299197
272_NCI,0.0,0.0,1.0193199280146867e-05,0.22672715973648436,0.056684338233941124
272_MASS,0.0,0.0,1.2549449724175056e-06,0.021011325736856316,0.005253145170457184
273_H1,0.22544950916254253,0.0019052225397899747,0.051779643736670454,0.10103831881981834,0.09504317356470532
273_NCI,0.0,5.9518570196814835e-06,0.0001286093230629118,0.028257185998393317,0.007097936794618977
274_H1,0.0,1.3056899206276285e-06,7.288159574439497e-05,0.26898199506215664,0.06726404558695541
274_NCI,0.0,0.0,0.0001336300349035287,0.0729956734386674,0.018282325868392735
274_MASS,0.0,1.3852854863216635e-05,1.4979653974051494e-05,0.01620131875210443,0.004057537815235424
275_H1,0.00015963794301387263,1.7683643704913266e-07,0.00018875095286878364,0.4219111992953593,0.10556494125691976
275_NCI,0.0,0.0,0.0006410550914669704,0.1668923104273265,0.04188334137969837
275_MASS,0.042321838943815006,0.0,0.010658779835596871,0.05479112028406457,0.026942934765869113
276_H1,0.0,0.0,3.210599531348009e-05,0.039823500950448565,0.009963901736440512
276_NCI,0.0,0.0,0.0067928257648209416,0.10935606512775309,0.02903722272314351
276_MASS,0.0,0.0,0.040493245828329735,0.10400406129375726,0.03612432678052175
277_H1,0.0,2.7759124350268394e-06,4.834258122298326e-05,0.13433923163478662,0.03359758753211116
277_MASS,0.0,1.217300926725784e-08,8.782895197670295e-05,0.11705241309321883,0.0292850635545512
278_NCI,0.0,2.3898131985333748e-05,0.00021087448562613574,0.17382096935919972,0.04351393549420279
278_MASS,0.000257641611492209,0.0,0.00026992406709332146,0.20850775337447663,0.05225882976326554
279_H1,0.07219174141033,0.0,0.0519442138117476,0.2630920238015783,0.09680699475591398
279_NCI,0.0,1.4225776112652966e-09,0.0001885348142832136,0.13871043747485484,0.03472474342792892
279_MASS,0.006694304378680577,0.0,0.09166246404962994,0.03573351053028391,0.03352256973964861
280_H1,5.2982497788395175e-05,6.819786904088687e-07,0.00042123425948826485,0.09965353224292575,0.025032107744723205
281_H1,0.00019288811129225978,1.1282722880423535e-05,0.0003609759564727043,0.11636485625456446,0.02923250076130246
282_NCI,0.0,3.0888897981640184e-06,0.0007304899312249693,0.022252038079557,0.005746404225145034
282_MASS,1.3866369395965404e-05,4.93867524653524e-08,0.00017550066321491895,0.1095786909058232,0.027442026831296637
283_H1,0.0,0.0017564707668498158,0.0011681205072257424,0.019906744419239085,0.005707833923328661
283_MASS,0.00013582896623907207,6.56841802992858e-05,0.0,0.03325946484599262,0.008365244498132744
284_H1,2.059980172791218e-05,5.17768000918295e-07,0.03944514180221427,0.13115592344378568,0.04265554570393219
284_NCI,0.0,2.3039007146508084e-07,0.1567250736176993,0.05129080217172139,0.05200402654487304
284_MASS,0.0,0.0,2.140022325220251e-05,0.09034951604941817,0.022592729068167592
285_H1,0.0,0.0004016340826638043,2.8432391453583983e-05,0.039450478274969836,0.009970136187271807
285_NCI,0.0,0.0,6.3467436607412615e-06,0.10671236669133198,0.02667967835874818
285_MASS,0.03653741952924502,0.0,0.11668751941026934,0.0770108682648396,0.05755895180108849
286_H1,0.784619109240189,1.8588008288134006e-07,0.16385241940969522,0.22681457372547884,0.29382157206386145
286_MASS,0.0003864211112164988,0.012190618552267551,4.3477674958010656e-05,0.04426621913324395,0.014221684117921504
287_H1,3.311014004416926e-05,2.322367436136119e-07,0.000560684706423888,0.12097206619717306,0.030391523320096182
287_NCI,0.0,0.0,0.0008592938980257979,0.28684304815857437,0.07192558551415004
288_H1,0.0,0.0,5.343719215492726e-06,0.03775355098657959,0.00943972367644877
288_NCI,0.0,0.0,0.00017368163079673767,0.019262283647977843,0.004858991319693645
289_H1,0.0,3.278984650023631e-06,0.00030920558888593075,0.48471950718635143,0.12125799793997184
289_NCI,0.001793952328055998,2.7641336441952546e-10,0.000713822970916263,0.16792047668022395,0.04260706306390239
289_MASS,0.0009780133641574785,0.0,0.0003969115406807567,0.08524252911442587,0.021654363504816025
290_H1,0.0,6.8727440520888194e-06,0.00019867280948812166,0.0035990845892325336,0.000951157535693186
290_NCI,0.00025323733613171097,5.898368726775516e-07,0.0006128566081100111,0.21234288260642006,0.053302391596883616
292_H1,0.05816171225153853,0.0012002935400232673,0.0330381408914738,0.9361561423924147,0.25713907226886257
292_NCI,0.002641224323082899,0.0,0.008368107352665861,0.05080719665283963,0.015454132082147097
292_MASS,0.00255064678238019,1.250758940862795e-10,0.0029162717437597936,0.11926440971884425,0.03118283209251503
293_H1,0.00024228945949716446,1.3944996199444226e-11,0.003110977381227721,0.18615350961174323,0.04737669411660328
293_MASS,0.0011940560525337935,0.0,0.0006130356049828071,0.006594899975581831,0.002100497908274608
294_NCI,0.0,1.090827694838481e-07,9.318404125422679e-08,0.01892647832612313,0.004731670148233467
294_MASS,0.0,0.0,1.5174923050247988e-07,0.0458912057092943,0.0114728393646312
295_H1,0.0,1.0419987789278551e-10,4.9584280292856125e-06,0.08885634505356074,0.022215325896447476
295_NCI,0.0,0.0,1.411262196379306e-06,0.01934548765920309,0.004836724730349867
295_MASS,0.0,0.0,6.804542584457754e-06,0.009425325787948363,0.002358032582633205
298_H1,0.0,8.699826139491051e-06,8.771185550695899e-05,0.039542198140068645,0.009909652455428774
298_NCI,0.0003502457213305578,0.0,4.345031829472779e-05,0.002682946467173701,0.0007691606266997466
298_MASS,0.0,0.0,4.03620948034638e-05,0.0059836634149816196,0.001506006377446271
299_NCI,0.0,8.611427801952232e-06,0.00026049584633646073,0.034961342941382756,0.008807612553880292
299_MASS,0.0,8.015993557819456e-08,0.0003190332826091987,0.18128801182712592,0.04540178131741768
300_H1,0.0,6.791887585677614e-07,8.199534458773412e-05,0.03039965907544703,0.007620583402198333
300_NCI,0.0,1.648537306664366e-07,3.6514819106563186e-05,0.09956191322577013,0.02489964822465184
300_MASS,0.0,0.0,1.62339322268862e-05,0.05712286355448638,0.014284774371678317
304_MASS,0.0,1.6932746405018406e-07,0.00012770394711572388,0.0884400396697412,0.022141978236080245
307_H1,1.492301563696806e-06,6.453895196045778e-10,2.479570973028965e-05,0.09160401066147199,0.022907574829538875
307_NCI,2.441694059542164e-06,0.0,0.0005401686531590629,0.20272820779124673,0.050817704534616336
307_MASS,0.0,2.477155476299231e-07,8.227286129738088e-05,0.016616003862284755,0.004174631109782442
308_H1,0.0,1.1460001587693114e-05,3.801810029258195e-05,0.01452890571946808,0.003644595955337089
308_NCI,0.0,4.891823209618451e-06,9.197400323048902e-05,0.03574901430299016,0.008961470032357567
308_MASS,0.0,4.173150045971852e-06,2.963502196825918e-05,0.2996262655838191,0.07491501843895833
311_H1,0.0,1.4842684373239656e-11,5.250499727440766e-05,0.04179310951670242,0.010461403632204878
311_NCI,0.0,0.0,1.8583201296624648e-05,0.10070328854466742,0.02518046793649101
311_MASS,0.0,0.0,0.00013799838178039036,0.018254669614323912,0.004598166999026075
314_H1,0.0,0.0,1.2674038133894784e-07,0.3145176737660784,0.07862945012661494
314_NCI,0.0,0.0,3.4090670023039193e-06,0.17438045416462156,0.043595965807905965
314_MASS,0.0,0.0,1.2655167479189351e-06,0.05994838003963116,0.01498741138909477
315_H1,0.0,8.195986112013998e-09,8.43788131975077e-05,0.055356991150706164,0.013860344539972445
315_NCI,0.0,1.6508772660017712e-06,0.0004885410593825146,0.008379850374804671,0.002217510577863297
315_MASS,0.0,0.0,0.0001211713723580405,0.054332238297233805,0.013613352417397962
317_H1,0.051601090354914184,0.02376578003168106,0.06356884894211423,0.10720498870354479,0.06153517700806356
317_NCI,0.0,0.0,0.030089861012825615,0.0048915836409931315,0.008745361163454687
317_MASS,0.0,0.0,0.00012214050106077286,0.03386835776951938,0.008497624567645039
318_H1,0.0,9.737905060092089e-08,0.0004963204674701182,0.05223979517144073,0.013184053254490362
318_NCI,4.261962323541948e-05,0.0001499821082688868,0.00013073248408854756,0.15645449424627997,0.039194457115468206
318_MASS,8.839696990194649e-05,0.0,2.0031546865366103e-05,0.1264584543849186,0.03164172072542148
319_H1,0.0,2.6742605996332713e-07,0.008701107539892112,0.04237184901393069,0.012768305994970692
319_NCI,0.2110976697963442,5.207859032907436e-09,0.23379572138726223,0.3850875056243771,0.20749522550396066
319_MASS,0.0,7.707748181928764e-07,2.9295495704641478e-05,0.14895780817828372,0.037246968612201635
320_H1,0.0,4.928601415876699e-10,3.132898341059167e-06,0.3959317608506383,0.09898372356045988
320_NCI,0.0,0.0,0.0001318653920147679,0.11079841386200076,0.02773256981350388
320_MASS,0.0,0.0,3.2972595201740194e-06,0.14468677030147947,0.03617251689024991
321_NCI,0.0015697057603798034,5.871009125257842e-05,0.0009162459658856671,0.21698471831603813,0.05488234503338905
321_MASS,0.0027664518110463035,0.0,0.00045480351376920507,0.027096392430809146,0.007579411938906164
322_H1,0.0,0.0,9.944450148784472e-05,0.027400191028321943,0.006874908882452447
322_NCI,0.0,0.0,3.3079078398096325e-06,0.19293318376925267,0.04823412291927312
322_MASS,0.0,0.0,5.238162457938727e-05,0.020274079750524098,0.005081615343775872
323_H1,0.0,0.0,7.592623077953675e-06,0.06417566177225681,0.01604581359883369
323_NCI,0.0,0.0,1.1380750608227469e-05,0.13548380775836297,0.0338737971272428
323_MASS,0.0,0.0,3.216221822992049e-05,0.032885564339168796,0.00822943163934968
324_H1,0.0037962800351242026,1.6998598709183632e-11,0.00030776158761003776,0.3421324013486047,0.08655911074708438
324_NCI,0.0,0.0,0.00034523975574743735,0.2624458373131381,0.06569776926722139
324_MASS,0.0,0.0,0.0009681761418315532,0.12079406110445544,0.030440559311571747
326_H1,0.0,0.000968283333349973,9.393092081714013e-06,0.037582759592757246,0.009640109004547233
326_NCI,0.0,0.0,1.4199404543859058e-05,0.02998054513666734,0.0074986861353028
327_MASS,0.0,9.711651038912805e-09,1.4340379648910745e-05,0.3099527468142958,0.07749177422639894
328_H1,0.0,4.5496286738000435e-09,8.19378668234372e-05,0.09913112232050686,0.024803266184239742
328_NCI,0.0,0.00024122028844431043,8.056835647315825e-06,0.1638164908137786,0.04101644198446756
328_MASS,0.0,0.0,2.847207013106761e-05,0.061275086480139795,0.015325889637567716
329_NCI,0.0,8.500061881022702e-07,3.240560134665942e-05,0.022935906028546938,0.005742290409020425
329_MASS,4.582179547537514e-05,2.111520188918803e-06,5.189733451354881e-05,0.08542439001874899,0.021381055167231707
330_H1,0.0,6.1245572169355e-08,1.911758228334734e-05,0.020878615434448813,0.005224448565576083
330_NCI,0.0,3.09681276178253e-08,2.1818543255152526e-05,0.011025879229034348,0.0027619321851042795
331_H1,0.0016861497305731656,2.2371461909642676e-06,0.0003871310690543258,0.021588666850960028,0.00591604619919462
331_NCI,0.0,8.545331183995586e-06,0.00018127008301074997,0.068927816951879,0.017279408091518435
331_MASS,0.0,1.9962650185334496e-05,0.00014033802232626562,0.026977538669289574,0.006784459835450294
332_H1,4.136978640189587e-05,0.0,0.0002752334480142056,0.08674332677310471,0.021764982501880203
332_NCI,0.0,9.06701473013527e-07,0.00029334186918375337,0.12576086866375885,0.031513779308603905
332_MASS,0.0,1.1063890081874916e-10,0.0003189904549136556,0.0481421580754305,0.012115287160245763
333_H1,2.7803160014521542e-05,2.1239522538962774e-05,0.0003151091882606112,0.0797730832468013,0.020034308779403848
333_NCI,0.0,4.702237220044481e-06,0.00012847987546959209,0.005162930222784527,0.001324028083868541
333_MASS,1.8793124480142717e-06,1.413266772942734e-06,0.0035354721314257882,0.012053508306825776,0.00389806825436813
334_H1,0.005367675025052004,4.1915134829650924e-07,0.001965727853937618,0.045016686290561284,0.0130876270802248
334_NCI,0.0,7.0558789957431145e-06,0.0014606084513349037,0.002930306539517455,0.0010994927174620254
334_MASS,0.0,7.071791401358496e-07,0.0018300517885158133,0.13879125126320066,0.03515550255771415
336_H1,0.00014160731753832422,7.904496669652872e-06,0.0008515188494612815,0.13350060440932887,0.033625408768249536
336_NCI,0.00014744895334719625,3.794061740336474e-06,0.00013850974195507977,0.1298215409689589,0.032527823431500374
337_NCI,1.8159733357582814e-05,5.257462909469268e-09,1.807962984490375e-05,0.10970403384413967,0.027435069616201267
337_MASS,0.0,6.889522410347126e-07,4.9016035926655375e-05,0.13147724878344683,0.03288173844290363
338_NCI,0.0001229959171898512,8.08570987942403e-08,9.310229255286742e-05,0.10083071078009236,0.025261722461733468
338_MASS,4.837057734413331e-05,2.2145113689475693e-05,6.18162391102062e-05,0.16252801554529683,0.04066508686886016
339_H1,0.0003674727884809308,0.0,2.662398747403651e-05,0.09669991591122697,0.024273503171795482
339_NCI,0.0,0.0,6.265765835967975e-06,0.04314201493725499,0.01078707017577274
339_MASS,0.0,2.8647507976931053e-11,4.660054247323046e-05,0.21380748169042268,0.05346352056538586
340_H1,0.0,1.2329167020652676e-07,0.00011179194883339872,0.13432238819892361,0.033608575859856805
341_H1,0.0,0.0,1.5295271773452345e-07,0.04516478351373171,0.011291234116612361
343_H1,0.0,1.0807357284647878e-06,4.918845487628799e-05,0.10414159146274946,0.02604796516333855
343_MASS,0.0,5.719939011328279e-08,2.9696287175952646e-05,0.03285421008216939,0.008220990892183864
344_H1,0.0,2.5281710236413346e-07,1.0452601693681559e-05,0.04622624894137322,0.011559238590042317
344_NCI,0.0,2.809596111319479e-09,2.6430114996725137e-05,0.017960301942016473,0.004496683716652327
345_NCI,0.0,2.4024602680583484e-06,0.0001822188568577541,0.0847917232189937,0.021244086134029876
345_MASS,0.0,0.0,6.008107884198831e-05,0.15291393207638232,0.038243503288806074
346_NCI,1.944493249054909e-07,7.923171667367779e-12,0.00010551736678231753,0.1362440337355618,0.03408743638989805
346_MASS,0.0,0.0,0.0001508234853590594,0.00784187729916539,0.0019981751961311123
347_H1,0.0,0.0,1.6092349656953593e-05,0.16377984438252446,0.04094898418304536
347_NCI,0.0,0.0,2.8809164435287582e-05,0.17864453267091485,0.044668335458837534
348_H1,0.0003824256412818906,6.125747518126445e-07,0.0001497794660992831,0.2885477789444312,0.07227014915664104
348_NCI,0.0,3.012494005361077e-07,0.00011799624386010904,0.14725023407121918,0.036842132891119955
348_MASS,0.0,0.0,0.00010019875679466709,0.07340728642070705,0.01837687129437543
349_NCI,0.0,0.0,4.788659350625997e-05,0.1335848914904682,0.03340819452099362
350_H1,0.0,4.8614300141025524e-08,3.742517677577968e-05,0.11094001600597504,0.02774437244926274
350_NCI,0.0,1.2913993208130137e-09,8.012332855336158e-05,0.03327026069778918,0.008337596329435464
351_MASS,0.0,0.0,2.7126428513086767e-05,0.07622565571528003,0.01906319553594828
352_NCI,0.0,0.00016364273324143142,8.237182079799979e-05,0.2882845113127619,0.07213263146670033
352_MASS,0.0,1.1069195124946418e-06,6.200472514439588e-05,0.042724250818810795,0.01069684061586692
353_NCI,0.0,0.0,5.230927277129118e-05,0.04262744746690461,0.010669939184918976
354_H1,0.0,1.697347897788859e-07,0.0016427205093730922,0.15160426778380254,0.03831178950699135
354_MASS,0.0,0.0,5.425184042022968e-05,0.13077825190296832,0.03270812593584714
12_H1,0.0,0.0,3.016330699689487e-06,0.07861054026185611,0.01965338914813895
12_NCI,0.0,0.0,3.016330699689487e-06,0.07861054026185611,0.01965338914813895
13_MASS,7.034121896750719e-08,0.0,7.238400005057631e-05,0.04054212839006723,0.010153645682834195
26_NCI,7.034121896750719e-08,0.0,7.238400005057631e-05,0.04054212839006723,0.010153645682834195
83_NCI,0.0001099637780844341,1.5639059256500332e-06,0.00017493007291468854,0.2982326293448035,0.07462977177543206
83_MASS,0.0001099637780844341,1.5639059256500332e-06,0.00017493007291468854,0.2982326293448035,0.07462977177543206
132_H1,0.0,0.0,2.4743556185307467e-06,0.013370003468520363,0.0033431194560347233
132_NCI,0.0,0.0,2.4743556185307467e-06,0.013370003468520363,0.0033431194560347233
139_H1,0.0,0.0,8.921847050785075e-07,0.019083510554227537,0.004771100684733154
139_NCI,0.0,0.0,8.921847050785075e-07,0.019083510554227537,0.004771100684733154
142_H1,0.0,0.0,0.0,0.0007052036263888023,0.00017630090659720058
142_NCI,0.0,0.0,0.0,0.0007052036263888023,0.00017630090659720058
167_NCI,0.0,0.0,4.800416885935263e-07,0.07126585183117326,0.017816582968215464
178_NCI,0.00044238900074226,1.2988056369067635e-05,0.00040251972493846733,0.5765443305845629,0.14435055684165318
178_MASS,0.00044238900074226,1.2988056369067635e-05,0.00040251972493846733,0.5765443305845629,0.14435055684165318
181_H1,0.0,0.0,0.0002400895894469179,0.22886122488933033,0.05727532861969431
189_H1,0.0,1.6529842383761206e-08,4.922767314969152e-05,0.04432310463562574,0.011093087209654455
203_NCI,0.0,0.0,0.00010764486487132217,0.13813617828766103,0.03456095578813309
203_MASS,0.0,0.0,0.00010764486487132217,0.13813617828766103,0.03456095578813309
226_H1,0.0,0.0,7.424337024043277e-05,0.017301003141170574,0.004343811627852752
226_NCI,0.0,0.0,7.424337024043277e-05,0.017301003141170574,0.004343811627852752
20_H1,0.0,4.2515502229889535e-09,2.7818823124322407e-06,0.07972971370757777,0.019933124960360107
231_H1,0.0007378009842192204,2.7108051654067822e-05,0.0007069326817689062,0.23790221120527613,0.05984351323072958
241_H1,0.0,0.0,2.21083608219225e-06,0.17381211548436212,0.04345358158011108
242_NCI,4.573464336470588e-06,0.0,1.0892475175073143e-05,0.040704134627850684,0.010179900141840557
242_MASS,4.573464336470588e-06,0.0,1.0892475175073143e-05,0.040704134627850684,0.010179900141840557
245_H1,0.0,0.0,3.2691722374415355e-07,0.08690278836037635,0.021725778819400025
245_MASS,0.0,0.0,3.2691722374415355e-07,0.08690278836037635,0.021725778819400025
248_MASS,0.0,3.719028654813883e-06,0.00010662373287510395,0.022365429531231513,0.005618943073190358
251_NCI,0.0,0.0,1.4371172871503427e-06,0.01614428637843826,0.004036430873931352
251_MASS,0.0,0.0,1.4371172871503427e-06,0.01614428637843826,0.004036430873931352
261_NCI,0.011569010643839604,0.0007817025762051344,0.0004471700167732835,0.5621854517753591,0.14374583375304428
261_MASS,0.011569010643839604,0.0007817025762051344,0.0004471700167732835,0.5621854517753591,0.14374583375304428
280_NCI,5.2982497788395175e-05,6.819786904088687e-07,0.00042123425948826485,0.09965353224292575,0.025032107744723205
280_MASS,5.2982497788395175e-05,6.819786904088687e-07,0.00042123425948826485,0.09965353224292575,0.025032107744723205
326_MASS,0.0,0.0,1.4199404543859058e-05,0.02998054513666734,0.0074986861353028
344_MASS,0.0,2.5281710236413346e-07,1.0452601693681559e-05,0.04622624894137322,0.011559238590042317
21_MASS,0.0010941852258771496,5.526736276806332e-05,0.00016305910771470544,0.25424524102812834,0.06388943818112207
346_H1,0.0,0.0,0.0001508234853590594,0.00784187729916539,0.0019981751961311123
347_MASS,0.0,0.0,2.8809164435287582e-05,0.17864453267091485,0.044668335458837534
349_MASS,0.0,0.0,4.788659350625997e-05,0.1335848914904682,0.03340819452099362
351_H1,0.0,0.0,2.7126428513086767e-05,0.07622565571528003,0.01906319553594828
351_NCI,0.0,0.0,2.7126428513086767e-05,0.07622565571528003,0.01906319553594828
353_H1,0.0,0.0,5.230927277129118e-05,0.04262744746690461,0.010669939184918976
22_MASS,0.0,5.124188646732364e-07,0.0001506111863111697,0.18002726900089636,0.045044598151518046
28_NCI,0.0,0.0,0.0,0.006301259972125865,0.0015753149930314663
179_MASS,0.0,0.0,0.0,0.006301259972125865,0.0015753149930314663
192_H1,0.0,0.0,0.0,0.006301259972125865,0.0015753149930314663
192_NCI,0.0,0.0,0.0,0.006301259972125865,0.0015753149930314663
192_MASS,0.0,0.0,0.0,0.006301259972125865,0.0015753149930314663
193_NCI,0.0,0.0,0.0,0.006301259972125865,0.0015753149930314663
193_MASS,0.0,0.0,0.0,0.006301259972125865,0.0015753149930314663
212_NCI,0.0,0.0,0.0,0.006301259972125865,0.0015753149930314663
30_NCI,0.0,0.0,4.255250726631875e-07,0.11313827150115878,0.02828467425655786
30_MASS,0.0,0.0,4.255250726631875e-07,0.11313827150115878,0.02828467425655786
37_NCI,0.0,6.831647169747157e-06,0.00024999675416765416,0.1057185404940435,0.026493842223845224
37_MASS,0.0,6.831647169747157e-06,0.00024999675416765416,0.1057185404940435,0.026493842223845224
51_MASS,0.0,0.0,8.703646099752491e-05,0.14299219983107175,0.03576980907301732
62_NCI,0.0,0.0,0.0,0.00235188085167728,0.00058797021291932
62_MASS,0.0,0.0,0.0,0.00235188085167728,0.00058797021291932
