feature,xgb,mean
1_H1,8.636627899250016e-05,8.636627899250016e-05
2_P2,2.4375010980293155e-05,2.4375010980293155e-05
2_SCT,4.794361302629113e-05,4.794361302629113e-05
3_H1,7.268048648256809e-05,7.268048648256809e-05
3_P2,0.00024784417473711073,0.00024784417473711073
3_SCT,0.0001626847224542871,0.0001626847224542871
4_H1,0.00014735135482624173,0.00014735135482624173
4_P2,0.0003207437403034419,0.0003207437403034419
4_SCT,0.0,0.0
5_H1,0.0003062704054173082,0.0003062704054173082
6_H1,0.000662987818941474,0.000662987818941474
6_P2,0.000507415970787406,0.000507415970787406
6_SCT,4.6804478188278154e-05,4.6804478188278154e-05
7_H1,2.498984213161748e-05,2.498984213161748e-05
7_P2,8.825763507047668e-05,8.825763507047668e-05
7_SCT,0.0,0.0
8_H1,0.00013359967852011323,0.00013359967852011323
8_P2,9.367931852466427e-06,9.367931852466427e-06
8_SCT,0.0,0.0
9_H1,0.0,0.0
9_P2,0.00026527282898314297,0.00026527282898314297
9_SCT,8.398624777328223e-05,8.398624777328223e-05
10_H1,0.0,0.0
10_P2,0.0,0.0
10_SCT,0.0,0.0
11_H1,2.96870475722244e-05,2.96870475722244e-05
11_P2,0.0,0.0
12_H1,1.2597092791111208e-05,1.2597092791111208e-05
12_P2,5.029135354561731e-05,5.029135354561731e-05
12_SCT,0.0,0.0
13_H1,0.00020426014089025557,0.00020426014089025557
13_P2,2.7530522856977768e-05,2.7530522856977768e-05
13_SCT,8.465362770948559e-05,8.465362770948559e-05
15_H1,3.639907663455233e-05,3.639907663455233e-05
15_P2,8.096269448287785e-05,8.096269448287785e-05
15_SCT,8.995150892587844e-06,8.995150892587844e-06
16_H1,6.486587517429143e-05,6.486587517429143e-05
16_P2,0.0002980609715450555,0.0002980609715450555
16_SCT,0.0,0.0
17_H1,5.346845864551142e-05,5.346845864551142e-05
17_P2,7.774061668897048e-05,7.774061668897048e-05
17_SCT,0.0,0.0
18_H1,0.0,0.0
18_SCT,0.0,0.0
19_H1,9.384176519233733e-05,9.384176519233733e-05
19_P2,0.0,0.0
19_SCT,0.0,0.0
20_H1,0.00023103477724362165,0.00023103477724362165
20_P2,5.373373642214574e-05,5.373373642214574e-05
20_SCT,0.0,0.0
21_H1,1.7188967831316404e-05,1.7188967831316404e-05
21_P2,0.0,0.0
21_SCT,0.0,0.0
22_H1,0.00014027010183781385,0.00014027010183781385
22_P2,7.769185322104022e-05,7.769185322104022e-05
22_SCT,0.0,0.0
23_P2,0.0,0.0
23_SCT,0.0,0.0
24_P2,0.00040068005910143256,0.00040068005910143256
24_SCT,0.0,0.0
25_P2,3.29189861076884e-05,3.29189861076884e-05
25_SCT,0.12415500730276108,0.12415500730276108
26_H1,2.092040995194111e-05,2.092040995194111e-05
26_P2,0.0,0.0
26_SCT,0.0,0.0
27_H1,4.753419852931984e-05,4.753419852931984e-05
27_P2,0.0,0.0
28_H1,5.7657955039758235e-05,5.7657955039758235e-05
29_H1,0.007831770926713943,0.007831770926713943
29_P2,4.445621743798256e-05,4.445621743798256e-05
30_H1,7.842842933314387e-06,7.842842933314387e-06
31_H1,0.0011163911549374461,0.0011163911549374461
31_P2,0.0,0.0
31_SCT,0.0,0.0
32_H1,1.6078533008112572e-05,1.6078533008112572e-05
32_P2,4.007420648122206e-05,4.007420648122206e-05
32_SCT,0.0,0.0
33_H1,0.00022969474957790226,0.00022969474957790226
33_P2,7.890131382737309e-05,7.890131382737309e-05
33_SCT,1.7254440535907634e-05,1.7254440535907634e-05
34_H1,1.4048225239093881e-05,1.4048225239093881e-05
34_P2,1.966316403922974e-06,1.966316403922974e-06
35_H1,3.6137156712356955e-05,3.6137156712356955e-05
35_P2,2.956777098006569e-05,2.956777098006569e-05
35_SCT,0.0,0.0
36_H1,5.1029845053562894e-05,5.1029845053562894e-05
36_SCT,0.0021646060049533844,0.0021646060049533844
37_P2,0.00018037839618045837,0.00018037839618045837
37_SCT,0.0006243380485102534,0.0006243380485102534
38_H1,0.00015054155664984137,0.00015054155664984137
38_P2,3.974997525801882e-05,3.974997525801882e-05
38_SCT,0.0,0.0
39_H1,0.00015661171346437186,0.00015661171346437186
39_P2,0.0,0.0
39_SCT,0.0,0.0
40_H1,0.0,0.0
40_P2,0.0,0.0
40_SCT,0.0,0.0
41_H1,0.00016206965665332973,0.00016206965665332973
41_P2,3.310994361527264e-05,3.310994361527264e-05
41_SCT,4.5841719838790596e-05,4.5841719838790596e-05
42_H1,0.0006265186821110547,0.0006265186821110547
42_P2,0.0,0.0
42_SCT,0.0,0.0
43_H1,0.0002103359147440642,0.0002103359147440642
43_P2,0.0,0.0
43_SCT,0.0,0.0
44_H1,0.000490692094899714,0.000490692094899714
44_P2,0.0002480210969224572,0.0002480210969224572
44_SCT,0.0,0.0
45_H1,0.00014479045057669282,0.00014479045057669282
45_SCT,0.0,0.0
46_P2,2.9025775802438147e-05,2.9025775802438147e-05
47_H1,3.746864967979491e-05,3.746864967979491e-05
47_P2,1.0,1.0
47_SCT,4.0542254282627255e-05,4.0542254282627255e-05
48_H1,0.000430030922871083,0.000430030922871083
48_P2,5.615476402454078e-05,5.615476402454078e-05
48_SCT,0.00029040241497568786,0.00029040241497568786
49_H1,7.256567187141627e-06,7.256567187141627e-06
49_P2,5.106220851303078e-05,5.106220851303078e-05
49_SCT,0.0,0.0
50_H1,0.0,0.0
50_P2,0.0,0.0
50_SCT,0.0,0.0
51_H1,0.00012606596283148974,0.00012606596283148974
51_P2,0.00012122099724365398,0.00012122099724365398
51_SCT,0.0011011769529432058,0.0011011769529432058
52_H1,0.0,0.0
52_P2,0.000373865885194391,0.000373865885194391
52_SCT,0.0,0.0
53_H1,0.0,0.0
53_P2,0.00011422533862059936,0.00011422533862059936
53_SCT,0.0,0.0
55_H1,0.0,0.0
55_P2,0.0,0.0
55_SCT,0.0,0.0
56_H1,0.0001055648535839282,0.0001055648535839282
56_P2,0.0004309559299144894,0.0004309559299144894
56_SCT,0.0,0.0
57_H1,0.0,0.0
59_H1,0.0,0.0
59_P2,7.632320921402425e-05,7.632320921402425e-05
59_SCT,0.0,0.0
60_H1,0.0,0.0
60_P2,0.0,0.0
60_SCT,0.0,0.0
61_H1,0.0,0.0
62_H1,0.0005662261391989887,0.0005662261391989887
63_H1,4.944787724525668e-05,4.944787724525668e-05
63_P2,0.0,0.0
63_SCT,8.153513590514194e-06,8.153513590514194e-06
64_P2,0.0,0.0
64_SCT,0.0,0.0
65_H1,0.0,0.0
65_SCT,0.0,0.0
66_H1,0.0,0.0
66_P2,0.0,0.0
66_SCT,0.0,0.0
68_H1,0.0003741856780834496,0.0003741856780834496
68_SCT,0.0,0.0
69_H1,0.00017043229308910668,0.00017043229308910668
69_SCT,0.0,0.0
70_H1,2.0327883248683065e-05,2.0327883248683065e-05
70_P2,0.0,0.0
70_SCT,0.0,0.0
71_H1,0.0,0.0
71_P2,0.0,0.0
71_SCT,0.0,0.0
73_H1,0.0,0.0
73_P2,0.0,0.0
73_SCT,0.0,0.0
74_H1,0.0,0.0
75_H1,0.0,0.0
75_P2,0.0,0.0
76_P2,1.4785413441131823e-05,1.4785413441131823e-05
78_H1,0.0,0.0
78_P2,4.066223482368514e-05,4.066223482368514e-05
79_H1,4.9962236516876146e-05,4.9962236516876146e-05
79_P2,0.0001656252716202289,0.0001656252716202289
79_SCT,0.0,0.0
80_H1,4.9349684559274465e-05,4.9349684559274465e-05
80_P2,0.0,0.0
80_SCT,0.0,0.0
81_H1,0.0,0.0
81_P2,0.0009514815756119788,0.0009514815756119788
81_SCT,0.0,0.0
82_H1,8.169074862962589e-05,8.169074862962589e-05
82_P2,0.00016899019828997552,0.00016899019828997552
82_SCT,0.0,0.0
83_H1,0.00034349432098679245,0.00034349432098679245
83_P2,0.0001722858432913199,0.0001722858432913199
83_SCT,0.0,0.0
84_H1,0.0007391277467831969,0.0007391277467831969
84_P2,0.0002988443011417985,0.0002988443011417985
84_SCT,0.0009183261427097023,0.0009183261427097023
85_H1,0.0016201812541112304,0.0016201812541112304
85_P2,0.0012654977617785335,0.0012654977617785335
85_SCT,0.00387720693834126,0.00387720693834126
86_H1,0.0005698537570424378,0.0005698537570424378
86_P2,0.0,0.0
86_SCT,0.004638198763132095,0.004638198763132095
87_H1,4.187552258372307e-05,4.187552258372307e-05
87_SCT,2.6600522687658668e-05,2.6600522687658668e-05
88_H1,0.0005087277386337519,0.0005087277386337519
88_P2,0.002508579520508647,0.002508579520508647
88_SCT,0.0,0.0
89_H1,0.0041846767999231815,0.0041846767999231815
90_H1,4.056149919051677e-05,4.056149919051677e-05
90_P2,3.355506851221435e-05,3.355506851221435e-05
91_H1,0.0,0.0
91_P2,0.0,0.0
91_SCT,0.0,0.0
92_H1,0.00011769572302000597,0.00011769572302000597
92_P2,0.0009963777847588062,0.0009963777847588062
92_SCT,0.0003731143951881677,0.0003731143951881677
93_H1,0.0032478461507707834,0.0032478461507707834
93_P2,0.0025276753585785627,0.0025276753585785627
93_SCT,0.0010268514743074775,0.0010268514743074775
94_H1,8.152906957548112e-05,8.152906957548112e-05
94_P2,0.0,0.0
94_SCT,2.625246088427957e-05,2.625246088427957e-05
95_H1,0.0001732320961309597,0.0001732320961309597
95_P2,0.0009203942026942968,0.0009203942026942968
95_SCT,0.0,0.0
96_H1,0.00017952063353732228,0.00017952063353732228
96_P2,0.00018658464250620455,0.00018658464250620455
96_SCT,0.00024634163128212094,0.00024634163128212094
97_H1,7.178972737165168e-05,7.178972737165168e-05
97_P2,0.0007968524005264044,0.0007968524005264044
98_H1,8.394014912482817e-06,8.394014912482817e-06
98_P2,1.1264532986388076e-05,1.1264532986388076e-05
98_SCT,0.0,0.0
99_H1,0.0003999466134700924,0.0003999466134700924
99_P2,0.00030055726529099047,0.00030055726529099047
99_SCT,0.0,0.0
100_SCT,0.0,0.0
101_H1,0.0,0.0
101_P2,0.0,0.0
101_SCT,0.0,0.0
102_P2,0.028435848653316498,0.028435848653316498
102_SCT,0.0,0.0
103_H1,0.005412363447248936,0.005412363447248936
103_P2,4.339822771726176e-05,4.339822771726176e-05
103_SCT,0.0,0.0
104_H1,0.00013137671339791268,0.00013137671339791268
104_P2,1.7359992853016593e-05,1.7359992853016593e-05
104_SCT,1.1058650670747738e-05,1.1058650670747738e-05
106_H1,0.0001677855761954561,0.0001677855761954561
106_P2,9.547721674607601e-06,9.547721674607601e-06
106_SCT,0.0010007123928517103,0.0010007123928517103
107_H1,0.0002681319310795516,0.0002681319310795516
107_P2,0.00012314683408476412,0.00012314683408476412
107_SCT,0.0,0.0
108_H1,0.001055951346643269,0.001055951346643269
108_SCT,0.0,0.0
109_H1,8.869171870173886e-05,8.869171870173886e-05
109_P2,0.0,0.0
109_SCT,0.0,0.0
110_P2,8.435671770712361e-05,8.435671770712361e-05
111_H1,0.00011677900329232216,0.00011677900329232216
111_P2,0.0003518110606819391,0.0003518110606819391
112_P2,0.00028560232021845877,0.00028560232021845877
112_SCT,0.0004755762929562479,0.0004755762929562479
113_H1,0.00046382355503737926,0.00046382355503737926
113_P2,1.154477104137186e-05,1.154477104137186e-05
113_SCT,0.00012333199265412986,0.00012333199265412986
114_H1,0.0013414721470326185,0.0013414721470326185
115_H1,0.00026815166347660124,0.00026815166347660124
115_P2,0.0004873690486419946,0.0004873690486419946
116_H1,0.0001873976580100134,0.0001873976580100134
116_P2,0.0001479810889577493,0.0001479810889577493
116_SCT,0.0,0.0
117_H1,0.00017196078260894865,0.00017196078260894865
117_P2,0.0003181257052347064,0.0003181257052347064
117_SCT,3.633030064520426e-05,3.633030064520426e-05
118_P2,0.0003324048884678632,0.0003324048884678632
119_H1,4.8683956265449524e-05,4.8683956265449524e-05
119_P2,0.0007461301283910871,0.0007461301283910871
119_SCT,0.0,0.0
121_H1,0.0004342287720646709,0.0004342287720646709
121_P2,0.0002449138555675745,0.0002449138555675745
121_SCT,0.00011809178249677643,0.00011809178249677643
122_H1,1.1628522997852997e-06,1.1628522997852997e-06
122_SCT,0.0,0.0
123_H1,0.00026834176969714463,0.00026834176969714463
123_P2,0.0,0.0
124_H1,0.0,0.0
124_P2,0.0,0.0
124_SCT,0.0,0.0
126_H1,3.6562076275004074e-05,3.6562076275004074e-05
126_P2,4.2063147702720016e-05,4.2063147702720016e-05
126_SCT,0.0,0.0
127_P2,0.0,0.0
127_SCT,0.0,0.0
128_H1,0.0,0.0
128_P2,0.01272236555814743,0.01272236555814743
128_SCT,0.0,0.0
129_P2,4.84093925479101e-06,4.84093925479101e-06
129_SCT,0.0,0.0
130_H1,0.0,0.0
130_P2,0.0,0.0
131_H1,0.0,0.0
131_P2,0.0,0.0
131_SCT,0.0,0.0
132_H1,1.646020609769039e-05,1.646020609769039e-05
132_SCT,0.0,0.0
133_P2,0.0,0.0
134_H1,1.3141928320692386e-05,1.3141928320692386e-05
134_P2,0.0,0.0
135_H1,0.0,0.0
135_P2,0.0,0.0
136_H1,0.0,0.0
136_P2,2.6269392037647776e-05,2.6269392037647776e-05
137_H1,0.0,0.0
137_SCT,0.0,0.0
138_H1,0.0,0.0
138_P2,0.0,0.0
139_H1,0.0,0.0
139_P2,0.0,0.0
139_SCT,0.0,0.0
140_P2,0.0,0.0
141_P2,0.0,0.0
141_SCT,0.0,0.0
142_H1,0.0,0.0
142_P2,0.0,0.0
142_SCT,0.0,0.0
143_H1,0.0,0.0
143_P2,0.001084876130335033,0.001084876130335033
143_SCT,0.0,0.0
144_SCT,0.0,0.0
145_H1,0.0,0.0
145_P2,0.0,0.0
145_SCT,0.0,0.0
146_H1,0.0,0.0
147_H1,0.0,0.0
147_P2,0.0,0.0
147_SCT,0.0,0.0
148_H1,0.0,0.0
148_P2,0.0,0.0
148_SCT,0.0,0.0
149_H1,0.00014094820653554052,0.00014094820653554052
149_P2,1.3254634723125491e-05,1.3254634723125491e-05
149_SCT,8.423681720159948e-05,8.423681720159948e-05
150_H1,1.3138136637280695e-05,1.3138136637280695e-05
150_P2,0.00014714131248183548,0.00014714131248183548
150_SCT,0.0,0.0
151_H1,0.0,0.0
151_P2,0.0,0.0
151_SCT,0.0,0.0
153_H1,0.0015526802744716406,0.0015526802744716406
153_SCT,4.976059699401958e-06,4.976059699401958e-06
154_H1,0.0,0.0
154_P2,0.0008477774681523442,0.0008477774681523442
155_H1,0.0,0.0
155_P2,0.0,0.0
155_SCT,0.0,0.0
156_H1,0.0,0.0
156_P2,0.0,0.0
156_SCT,0.0,0.0
157_H1,0.0001582170807523653,0.0001582170807523653
157_P2,2.3732301997370087e-05,2.3732301997370087e-05
157_SCT,0.0,0.0
158_H1,6.575162842636928e-05,6.575162842636928e-05
158_P2,6.940507591934875e-05,6.940507591934875e-05
158_SCT,0.0,0.0
159_H1,0.0,0.0
159_P2,2.0168081391602755e-05,2.0168081391602755e-05
159_SCT,0.0,0.0
161_H1,7.034836016828194e-05,7.034836016828194e-05
161_P2,0.0003895614354405552,0.0003895614354405552
161_SCT,0.0,0.0
162_H1,0.0,0.0
162_P2,0.0,0.0
162_SCT,0.0,0.0
163_H1,0.0002845734416041523,0.0002845734416041523
163_P2,6.59719153190963e-05,6.59719153190963e-05
163_SCT,0.0005021899123676121,0.0005021899123676121
164_H1,0.00016972474986687303,0.00016972474986687303
164_P2,0.0003261634265072644,0.0003261634265072644
165_H1,6.786364247091115e-05,6.786364247091115e-05
165_P2,2.6268138753948733e-05,2.6268138753948733e-05
165_SCT,0.0,0.0
166_H1,0.0,0.0
166_P2,0.0,0.0
166_SCT,0.0,0.0
167_H1,0.0,0.0
167_P2,0.0010419011814519763,0.0010419011814519763
167_SCT,0.0,0.0
168_H1,0.00020405268878675997,0.00020405268878675997
168_P2,0.0004739351861644536,0.0004739351861644536
169_H1,0.0,0.0
169_P2,0.0,0.0
169_SCT,0.0,0.0
170_H1,0.0,0.0
171_P2,9.30154710658826e-05,9.30154710658826e-05
171_SCT,0.0,0.0
172_P2,0.0,0.0
172_SCT,0.0,0.0
173_H1,0.00020972000493202358,0.00020972000493202358
173_P2,0.0,0.0
173_SCT,0.0,0.0
175_H1,0.0005276518641039729,0.0005276518641039729
175_P2,0.00014440760423894972,0.00014440760423894972
175_SCT,0.0,0.0
176_P2,0.0,0.0
177_H1,0.00022247429296839982,0.00022247429296839982
178_H1,0.00018883719167206436,0.00018883719167206436
178_P2,0.0,0.0
178_SCT,0.0,0.0
179_H1,0.0,0.0
179_SCT,0.0,0.0
180_H1,0.0005910844192840159,0.0005910844192840159
180_P2,5.2004885219503194e-05,5.2004885219503194e-05
180_SCT,0.0001664244191488251,0.0001664244191488251
181_P2,0.0,0.0
182_H1,0.0003013038949575275,0.0003013038949575275
182_SCT,0.0,0.0
183_H1,8.649514711578377e-06,8.649514711578377e-06
183_P2,0.37367719411849976,0.37367719411849976
183_SCT,0.0,0.0
184_H1,0.0,0.0
184_P2,1.3580258382717147e-05,1.3580258382717147e-05
184_SCT,1.0093322998727672e-05,1.0093322998727672e-05
185_H1,0.00011314872972434387,0.00011314872972434387
185_SCT,2.526351272535976e-05,2.526351272535976e-05
188_H1,0.0,0.0
188_SCT,0.0,0.0
189_P2,0.0,0.0
189_SCT,0.0,0.0
190_H1,3.034775727428496e-05,3.034775727428496e-05
190_P2,0.0,0.0
190_SCT,0.0,0.0
191_H1,0.0,0.0
191_P2,0.0,0.0
191_SCT,0.0,0.0
192_H1,0.0015226517571136355,0.0015226517571136355
192_P2,0.0026183242443948984,0.0026183242443948984
192_SCT,0.0,0.0
193_H1,0.0,0.0
193_P2,0.0001482280931668356,0.0001482280931668356
193_SCT,2.6328551030019298e-05,2.6328551030019298e-05
194_H1,8.254480235336814e-06,8.254480235336814e-06
194_P2,2.1574156562564895e-05,2.1574156562564895e-05
194_SCT,0.0,0.0
195_H1,0.0,0.0
195_P2,0.006603321526199579,0.006603321526199579
195_SCT,0.0,0.0
196_H1,8.613433237769641e-06,8.613433237769641e-06
196_P2,0.0,0.0
196_SCT,0.0,0.0
197_H1,1.866901948233135e-05,1.866901948233135e-05
197_P2,0.0006739988457411528,0.0006739988457411528
197_SCT,0.0,0.0
198_H1,0.09192942082881927,0.09192942082881927
198_P2,1.3647659216076136e-05,1.3647659216076136e-05
198_SCT,0.0,0.0
199_H1,0.0,0.0
199_P2,0.0,0.0
199_SCT,0.0,0.0
200_H1,0.00021994217240717262,0.00021994217240717262
200_P2,0.0,0.0
200_SCT,0.0,0.0
201_H1,0.0003255922347307205,0.0003255922347307205
201_P2,0.0,0.0
201_SCT,4.973763498128392e-05,4.973763498128392e-05
202_H1,0.0,0.0
203_H1,9.692459570942447e-06,9.692459570942447e-06
203_P2,8.627456554677337e-05,8.627456554677337e-05
203_SCT,0.0,0.0
204_H1,0.005334306508302689,0.005334306508302689
204_P2,1.5647711961719324e-06,1.5647711961719324e-06
204_SCT,0.0,0.0
205_H1,7.581410318380222e-05,7.581410318380222e-05
205_P2,0.0,0.0
205_SCT,0.0,0.0
206_H1,0.013043033890426159,0.013043033890426159
206_P2,8.078088285401464e-05,8.078088285401464e-05
206_SCT,0.0,0.0
207_H1,0.05185334384441376,0.05185334384441376
207_P2,0.0,0.0
207_SCT,0.0,0.0
208_H1,1.1241551192142651e-06,1.1241551192142651e-06
208_P2,2.490616861905437e-05,2.490616861905437e-05
209_H1,0.0,0.0
209_P2,0.0,0.0
209_SCT,2.4637671231175773e-05,2.4637671231175773e-05
210_H1,1.924417847476434e-05,1.924417847476434e-05
210_P2,1.348245314147789e-05,1.348245314147789e-05
210_SCT,0.0,0.0
211_H1,0.0,0.0
211_SCT,0.0,0.0
212_H1,9.273872274206951e-05,9.273872274206951e-05
212_P2,2.976142059196718e-05,2.976142059196718e-05
212_SCT,0.0,0.0
213_H1,5.890530883334577e-05,5.890530883334577e-05
213_P2,0.00022695040388498455,0.00022695040388498455
213_SCT,0.0,0.0
214_SCT,0.0,0.0
215_P2,0.0,0.0
215_SCT,0.0,0.0
216_H1,0.000918275211006403,0.000918275211006403
216_P2,0.000172732601640746,0.000172732601640746
216_SCT,1.9817991415038705e-05,1.9817991415038705e-05
217_H1,0.00010649920295691118,0.00010649920295691118
217_P2,3.647827179520391e-05,3.647827179520391e-05
218_H1,4.977997377864085e-05,4.977997377864085e-05
219_H1,7.271107278938871e-06,7.271107278938871e-06
219_P2,0.0,0.0
219_SCT,0.0,0.0
220_H1,0.0,0.0
220_P2,0.0,0.0
220_SCT,0.0,0.0
221_H1,0.0,0.0
221_P2,0.0,0.0
221_SCT,0.0,0.0
222_H1,0.0,0.0
223_H1,0.0005017169751226902,0.0005017169751226902
223_P2,0.0,0.0
223_SCT,0.0,0.0
224_H1,0.0,0.0
225_H1,0.0,0.0
225_P2,0.0,0.0
226_H1,0.0,0.0
226_P2,0.0,0.0
226_SCT,0.0,0.0
227_H1,0.0010868391254916787,0.0010868391254916787
227_P2,2.124313687090762e-05,2.124313687090762e-05
227_SCT,0.0,0.0
228_H1,0.0,0.0
229_H1,0.0,0.0
229_P2,0.0,0.0
229_SCT,0.0,0.0
230_H1,2.2465383153758012e-05,2.2465383153758012e-05
230_P2,5.5853954108897597e-05,5.5853954108897597e-05
230_SCT,0.0,0.0
231_H1,0.0,0.0
231_P2,0.0,0.0
231_SCT,0.0,0.0
232_H1,0.0,0.0
232_P2,0.0,0.0
232_SCT,0.0,0.0
233_H1,0.0,0.0
234_H1,0.0,0.0
234_P2,0.0,0.0
234_SCT,0.0,0.0
235_H1,0.0,0.0
235_P2,0.0013210396282374859,0.0013210396282374859
235_SCT,0.0,0.0
236_H1,0.0,0.0
236_P2,0.0,0.0
236_SCT,1.2335856808931567e-05,1.2335856808931567e-05
237_H1,0.0,0.0
237_P2,0.0,0.0
237_SCT,0.0,0.0
239_H1,0.0,0.0
239_P2,0.0,0.0
239_SCT,0.0,0.0
240_H1,0.0,0.0
240_P2,0.0,0.0
241_H1,0.0,0.0
241_SCT,0.0,0.0
243_H1,0.0,0.0
243_P2,0.0,0.0
243_SCT,0.0,0.0
244_P2,0.0,0.0
244_SCT,0.0,0.0
247_H1,0.0,0.0
247_P2,0.0,0.0
247_SCT,0.0,0.0
248_P2,0.0,0.0
249_H1,0.0,0.0
249_P2,0.0,0.0
249_SCT,0.0,0.0
250_H1,0.0,0.0
250_P2,0.0,0.0
251_H1,0.0,0.0
252_H1,0.0,0.0
252_P2,0.0,0.0
253_H1,0.0,0.0
253_P2,0.0,0.0
253_SCT,0.0,0.0
254_H1,9.003945888252929e-05,9.003945888252929e-05
254_P2,0.0003422866284381598,0.0003422866284381598
255_P2,0.0,0.0
256_H1,2.753795160970185e-05,2.753795160970185e-05
256_P2,4.191442712908611e-05,4.191442712908611e-05
256_SCT,3.818659024545923e-06,3.818659024545923e-06
257_H1,0.0,0.0
257_P2,0.0,0.0
257_SCT,0.0,0.0
258_H1,0.0,0.0
258_P2,0.0,0.0
258_SCT,0.0,0.0
259_H1,1.7990341802942567e-05,1.7990341802942567e-05
259_SCT,0.0,0.0
260_H1,0.0018570426618680358,0.0018570426618680358
260_P2,0.0012931558303534985,0.0012931558303534985
260_SCT,0.0,0.0
261_H1,0.0006036491831764579,0.0006036491831764579
261_P2,0.0,0.0
261_SCT,0.0,0.0
262_H1,7.895870658103377e-05,7.895870658103377e-05
262_P2,0.0,0.0
262_SCT,0.0,0.0
263_H1,0.0027104259934276342,0.0027104259934276342
263_P2,0.0,0.0
263_SCT,0.0,0.0
264_H1,0.0020117810927331448,0.0020117810927331448
264_P2,0.00039501758874394,0.00039501758874394
265_H1,0.0,0.0
265_P2,0.0,0.0
265_SCT,0.0,0.0
268_H1,0.0004222285933792591,0.0004222285933792591
268_P2,0.0019126805709674954,0.0019126805709674954
268_SCT,0.00029248808277770877,0.00029248808277770877
269_P2,0.00031053117709234357,0.00031053117709234357
269_SCT,0.0,0.0
270_H1,0.034388668835163116,0.034388668835163116
270_P2,0.0,0.0
270_SCT,1.3432758350973018e-05,1.3432758350973018e-05
271_H1,0.0,0.0
271_P2,0.0,0.0
271_SCT,0.0,0.0
272_SCT,3.696769999805838e-05,3.696769999805838e-05
273_H1,0.0,0.0
273_P2,0.00017973656940739602,0.00017973656940739602
273_SCT,0.0,0.0
274_H1,6.652500451309606e-05,6.652500451309606e-05
274_P2,0.00611559534445405,0.00611559534445405
274_SCT,0.0,0.0
275_H1,5.755135134677403e-05,5.755135134677403e-05
275_P2,0.00022704093134962022,0.00022704093134962022
275_SCT,3.787472451222129e-05,3.787472451222129e-05
276_H1,0.0,0.0
276_P2,7.023283251328394e-05,7.023283251328394e-05
276_SCT,0.0,0.0
277_P2,0.0,0.0
277_SCT,0.0,0.0
278_H1,0.003819892881438136,0.003819892881438136
278_P2,0.002617051126435399,0.002617051126435399
278_SCT,0.0,0.0
279_H1,0.0,0.0
279_P2,0.0,0.0
279_SCT,0.0,0.0
280_H1,0.0011186185292899609,0.0011186185292899609
280_P2,2.457268419675529e-05,2.457268419675529e-05
280_SCT,0.0,0.0
281_H1,0.0,0.0
281_P2,0.0,0.0
281_SCT,0.0001754089171299711,0.0001754089171299711
282_H1,0.0,0.0
282_P2,0.0,0.0
282_SCT,0.0,0.0
283_H1,0.0,0.0
283_SCT,0.0,0.0
284_H1,1.6206417058128864e-05,1.6206417058128864e-05
284_P2,0.0,0.0
284_SCT,0.0,0.0
285_H1,0.014218701049685478,0.014218701049685478
285_P2,2.2257130694924854e-05,2.2257130694924854e-05
285_SCT,0.6857231259346008,0.6857231259346008
286_H1,6.315143400570378e-05,6.315143400570378e-05
286_SCT,3.0095045076450333e-05,3.0095045076450333e-05
287_H1,0.0,0.0
287_SCT,0.0,0.0
288_H1,0.00013153129839338362,0.00013153129839338362
288_P2,0.0003540633188094944,0.0003540633188094944
288_SCT,0.0,0.0
289_H1,2.3803057047189213e-05,2.3803057047189213e-05
289_P2,0.0,0.0
289_SCT,0.0,0.0
290_H1,0.0,0.0
290_P2,0.0,0.0
290_SCT,0.0,0.0
291_H1,0.0007298709242604673,0.0007298709242604673
291_P2,5.9548343415372074e-05,5.9548343415372074e-05
291_SCT,0.0011517336824908853,0.0011517336824908853
292_H1,8.040891771088354e-06,8.040891771088354e-06
292_SCT,0.0,0.0
293_P2,0.0,0.0
293_SCT,0.0,0.0
294_H1,0.0,0.0
294_P2,0.0,0.0
294_SCT,0.0,0.0
296_H1,0.0,0.0
296_SCT,0.0,0.0
297_H1,0.0,0.0
297_SCT,0.0,0.0
298_P2,8.732085552765056e-05,8.732085552765056e-05
298_SCT,2.33542868954828e-05,2.33542868954828e-05
299_H1,0.00016182112449314445,0.00016182112449314445
299_P2,0.0008391396258957684,0.0008391396258957684
299_SCT,0.0,0.0
300_SCT,0.0,0.0
301_H1,0.0,0.0
301_SCT,0.0,0.0
302_H1,0.0,0.0
302_P2,0.0,0.0
302_SCT,0.0,0.0
303_H1,0.0,0.0
303_P2,0.00016776323900558054,0.00016776323900558054
303_SCT,0.0,0.0
304_H1,0.0,0.0
304_P2,0.0,0.0
306_H1,4.645173248718493e-05,4.645173248718493e-05
306_P2,0.0,0.0
306_SCT,0.0,0.0
307_H1,0.0,0.0
307_P2,5.545812746277079e-05,5.545812746277079e-05
307_SCT,0.0,0.0
308_H1,0.0,0.0
308_P2,0.0,0.0
308_SCT,0.0,0.0
309_H1,0.0,0.0
309_P2,0.0,0.0
310_H1,9.436518303118646e-05,9.436518303118646e-05
310_P2,0.0,0.0
310_SCT,0.0,0.0
311_H1,0.0,0.0
311_P2,0.0,0.0
312_H1,0.0,0.0
312_P2,0.0,0.0
313_H1,0.0,0.0
313_P2,0.0,0.0
313_SCT,0.0,0.0
314_H1,0.0,0.0
314_P2,0.00023057038197293878,0.00023057038197293878
314_SCT,0.0,0.0
315_H1,0.0,0.0
315_P2,0.0,0.0
316_H1,7.455312152160332e-05,7.455312152160332e-05
316_P2,0.0,0.0
316_SCT,0.0,0.0
317_H1,0.0008689065580256283,0.0008689065580256283
317_P2,0.0006471278029493988,0.0006471278029493988
317_SCT,0.0,0.0
318_H1,1.2050998520862777e-05,1.2050998520862777e-05
318_P2,1.7097050658776425e-05,1.7097050658776425e-05
318_SCT,0.0,0.0
319_H1,0.0,0.0
319_P2,0.004233870189636946,0.004233870189636946
319_SCT,0.0,0.0
320_H1,0.00047681014984846115,0.00047681014984846115
320_P2,0.0,0.0
320_SCT,0.0,0.0
321_H1,0.0,0.0
321_P2,0.0,0.0
321_SCT,0.0,0.0
322_H1,0.0,0.0
322_P2,0.0,0.0
322_SCT,0.0,0.0
323_H1,1.3631411093228962e-05,1.3631411093228962e-05
323_P2,0.0,0.0
323_SCT,0.0,0.0
324_H1,0.0,0.0
324_P2,0.0,0.0
324_SCT,0.0,0.0
325_H1,6.844311428721994e-05,6.844311428721994e-05
325_P2,0.0,0.0
326_H1,0.0003548778186086565,0.0003548778186086565
326_P2,0.0,0.0
326_SCT,0.0,0.0
327_H1,0.0,0.0
327_P2,0.0,0.0
327_SCT,0.0,0.0
328_H1,0.0,0.0
328_SCT,0.0,0.0
329_H1,0.0009405491291545331,0.0009405491291545331
329_P2,0.00017534369544591755,0.00017534369544591755
329_SCT,0.0,0.0
330_H1,0.0015876621473580599,0.0015876621473580599
330_P2,0.00016447631060145795,0.00016447631060145795
330_SCT,0.0,0.0
331_H1,0.0,0.0
331_P2,4.168517261859961e-05,4.168517261859961e-05
331_SCT,0.0009015742689371109,0.0009015742689371109
332_H1,0.003667097073048353,0.003667097073048353
332_P2,4.962447565048933e-05,4.962447565048933e-05
333_H1,0.0,0.0
333_SCT,0.0,0.0
334_H1,5.400122518040007e-06,5.400122518040007e-06
334_P2,0.0,0.0
334_SCT,0.0,0.0
335_H1,4.8550344217801467e-05,4.8550344217801467e-05
335_P2,0.0,0.0
335_SCT,0.0,0.0
336_P2,0.0022605275735259056,0.0022605275735259056
336_SCT,0.0,0.0
337_H1,2.576060978753958e-05,2.576060978753958e-05
337_P2,0.0,0.0
337_SCT,0.0,0.0
338_H1,9.78465050138766e-06,9.78465050138766e-06
338_P2,0.0,0.0
338_SCT,0.0,0.0
339_H1,4.39180075773038e-05,4.39180075773038e-05
339_P2,0.0,0.0
339_SCT,0.0,0.0
341_H1,0.0,0.0
341_P2,0.0,0.0
341_SCT,8.329779120685998e-06,8.329779120685998e-06
342_H1,0.0005023895646445453,0.0005023895646445453
342_P2,0.0,0.0
342_SCT,0.0,0.0
343_H1,2.21232639887603e-05,2.21232639887603e-05
343_P2,0.0,0.0
343_SCT,0.0,0.0
344_H1,0.0,0.0
344_P2,0.0,0.0
344_SCT,0.0,0.0
345_H1,0.0,0.0
345_P2,0.0003251623420510441,0.0003251623420510441
345_SCT,0.0,0.0
346_H1,2.518795918149408e-05,2.518795918149408e-05
346_P2,3.172387005179189e-05,3.172387005179189e-05
346_SCT,0.0,0.0
347_H1,0.0,0.0
347_P2,0.0,0.0
347_SCT,0.0,0.0
348_H1,0.00023081911785993725,0.00023081911785993725
348_P2,0.0,0.0
348_SCT,0.0,0.0
349_H1,0.0,0.0
349_P2,0.0,0.0
350_H1,1.3709663107874803e-05,1.3709663107874803e-05
350_SCT,2.7365918867872097e-05,2.7365918867872097e-05
351_H1,0.0,0.0
351_P2,0.0,0.0
351_SCT,0.0,0.0
352_H1,0.0,0.0
352_P2,0.0,0.0
352_SCT,0.0,0.0
29_SCT,0.007831770926713943,0.007831770926713943
30_P2,0.0,0.0
30_SCT,0.0,0.0
242_H1,0.0,0.0
242_P2,0.0,0.0
242_SCT,0.0,0.0
311_SCT,0.0,0.0
211_P2,0.0,0.0
233_P2,0.0,0.0
233_SCT,0.0,0.0
240_SCT,0.0,0.0
301_P2,0.0,0.0
309_SCT,0.0,0.0
349_SCT,0.0,0.0
57_P2,0.0,0.0
57_SCT,0.0,0.0
61_P2,0.0,0.0
61_SCT,0.0,0.0
250_SCT,0.0,0.0
181_SCT,0.0,0.0
67_H1,0.0,0.0
72_H1,0.0,0.0
72_P2,0.0,0.0
72_SCT,0.0,0.0
138_SCT,0.0,0.0
181_H1,0.0,0.0
218_SCT,0.0,0.0
248_SCT,0.0,0.0
304_SCT,0.0,0.0
141_H1,0.0,0.0
170_P2,0.0,0.0
170_SCT,0.0,0.0
177_P2,0.00022247429296839982,0.00022247429296839982
202_P2,0.0,0.0
