feature,BayesianRidge,gbc,rf,xgb,lgbm,mean
1,0.16923662883786014,0.0013198434970432508,0.007121114104031239,1.8788097804645076e-05,0.047619047619047616,0.04506308443115738
2,0.16193245366565082,0.0033981590296457316,0.01321549011764907,5.752831384597812e-06,0.0,0.03571037112886605
3,0.24635706292920423,0.0011665694691463011,0.056762687939688056,0.00023946957662701607,0.19047619047619047,0.09900039607817121
4,0.24430285304700883,0.012899411941624634,0.023551120531632812,2.1446985556394793e-05,0.10714285714285714,0.07758353792973596
5,0.23127036612877047,0.005475874924442484,0.0654883888142485,1.10246201074915e-05,0.0,0.06044913089751379
6,0.1254661604664053,0.00013090594871458642,0.05180108030959265,1.0947575901809614e-05,0.0,0.035481818860122874
7,0.10947919687420667,0.002115484162037047,0.01284159069390914,5.6524575484218076e-05,0.028571428571428574,0.03061284497541313
8,0.19664065180257428,0.01868290985716013,0.07485956000047372,2.7838212190545164e-05,0.03571428571428571,0.06518504911733687
9,0.272228787863774,0.002548760921681228,0.02029602010097543,0.0001756141718942672,0.05357142857142857,0.0697641223259507
10,0.07637926742068918,0.0004278921387381783,0.025150914303344558,3.995509905507788e-05,0.0,0.020399605792365397
11,0.12813277645230514,0.0010915567093233319,0.16326553513764175,0.0017166903708130121,0.2571428571428572,0.11026988316258808
12,0.5013945745524434,0.0034920094779477763,0.02181589445440672,1.201147915708134e-05,0.0,0.105342897992791
13,0.08153496315251947,0.0007178872050610027,0.030634165652397058,1.1910809007531498e-05,0.11904761904761905,0.04638930917332083
14,0.18631509779892674,0.0027390513415537616,0.058637424967756334,0.00025568262208253145,0.07142857142857142,0.06387516563177816
15,0.26569732640204186,0.0016666759297234344,0.023345407709273572,0.0012971294345334172,0.07142857142857142,0.07268702218082874
16,0.18955623753695502,0.025968661100278276,0.040210042963386476,0.0006883331225253642,0.017857142857142856,0.0548560835160576
17,0.25251636059374055,0.473595642267606,0.20283172999438745,6.011978257447481e-06,0.11904761904761905,0.2095994727763221
18,0.18866681122037557,0.001716119274602233,0.0433533471229697,0.00029923467081971467,0.03571428571428571,0.05394995960061059
19,0.09303964230671809,0.08968035628874714,0.033929790269548524,0.0018698128405958414,0.0,0.043703920341121916
20,0.010039774152824081,7.465012768830928e-05,0.11126737998074573,0.0,0.14285714285714285,0.052847789423680194
21,0.2606357504985974,0.0,0.04134142335450449,5.089205501462857e-07,0.14285714285714285,0.08896696512615897
22,0.1652897100458872,2.2328762858789573e-05,0.02154393010907364,2.786618324535084e-06,0.0,0.03737175110722883
23,0.0,0.0,0.0,0.0,0.0,0.0
24,0.03789757763595626,0.0,0.5489046919873704,0.0,0.0,0.11736045392466532
25,0.09189664471014032,0.02394458464316705,0.0450968603219723,2.588233837741427e-05,0.03571428571428571,0.03933565154558856
26,0.06385108871860419,0.00240481045934918,0.03334704872972169,1.4710991536048823e-06,0.21428571428571427,0.0627780266585086
27,0.0,0.0,0.0,0.0,0.0,0.0
28,0.22606474554900904,0.057500922484445806,0.059541896989068005,6.24518816039199e-06,0.07142857142857142,0.08290847632785092
29,0.10482700232106068,5.4820512252572886e-05,0.061322000531486585,0.0008052420453168452,0.0,0.033401813082023335
30,0.03655104791070354,0.0012749707312218078,0.0563112356721181,7.136719796108082e-05,0.07142857142857142,0.03312743858811519
31,0.08784927166280405,0.00021701289932194175,0.004747787512943498,0.00013518595369532704,0.0,0.018589851605752963
32,0.10260058240642873,0.02702642707992462,0.052406075804407384,0.0017950254259631038,0.0,0.036765622143344764
33,0.0,0.0,0.0,0.0,0.0,0.0
34,0.1753347895468334,0.03679619574139853,0.02694884294091794,7.060766802169383e-05,0.05952380952380953,0.05973484908419622
35,0.03779343994662859,0.017461049539056587,0.014058490912477364,0.0,0.0,0.013862596079632509
36,0.22215673203739314,0.1941812084972523,0.05678810633782077,0.0007322255987673998,0.0,0.09477165449424672
37,0.4345855889245324,0.1345754026695066,0.23785162577506375,5.980867354082875e-05,0.5714285714285714,0.275700199494243
38,0.34356228215446444,0.01630149625080333,0.09681579072437416,0.0012231526197865605,0.03571428571428571,0.09872340149274283
39,0.13425757118145654,0.003508422599946004,0.009471328297866474,3.0221917768358253e-05,0.028571428571428574,0.03516779451369319
40,0.1087012638072992,0.22318988507277493,0.15425948191386346,2.118917109328322e-05,0.0,0.09723436399300618
41,0.2179125066478343,0.003395903680676397,0.023809409539930833,2.562647932791151e-05,0.3095238095238095,0.11093345117431579
42,0.34638154785606873,0.003366459956157666,0.019268375797913857,5.1866572903236374e-06,0.25,0.1238043140534861
43,0.25719714457521253,0.09594451374086498,0.05465021152157646,2.639070828536205e-07,0.03571428571428571,0.08870128389180451
44,0.14221003411673638,0.05511662388476306,0.06143222622449699,0.0,0.0,0.05175177684519929
45,0.18424569058964588,0.330435818471807,0.03893479285503352,0.0006478310679085553,0.08928571428571429,0.12870996945402186
46,0.0,0.0,0.0,0.0,0.0,0.0
47,0.23884731217434896,0.05018566413958197,0.04972871149875156,0.0001942872622748837,0.0,0.06779119501499148
48,0.24366016820575934,0.0025393311715516463,0.3404300792062978,7.131064921850339e-05,0.05357142857142857,0.12805446356085118
49,0.427236849584758,0.018875362068041707,0.08880829314335974,0.00026304571656510234,0.16666666666666669,0.14037004343587825
50,0.18399400053565845,0.0035610275431933614,0.027384869770644922,3.1037429835123476e-06,0.10714285714285714,0.06441717174706749
51,0.27516080830468237,0.002861370590118359,0.07729611977136494,9.486630915489513e-06,0.10714285714285714,0.09249412848798767
52,0.13780536293790818,0.015064538208328837,0.08356771182050717,0.0004983170074410737,0.07142857142857142,0.06167290028055135
53,0.2426305422524027,3.836374523922291e-05,0.029702009675375392,0.0,0.0,0.05447418313460346
54,0.15726593612468076,1.0,0.2499654836570545,0.0,0.07142857142857142,0.2957319982420613
55,0.0,0.0,0.0,0.0,0.0,0.0
56,0.16852648046566351,0.0065926963671871334,0.016277269594909303,9.33842602535151e-06,0.14285714285714285,0.06685258554218562
57,0.24489670713727935,0.006878356496220463,0.14519316035668728,0.0036055268719792366,0.11904761904761905,0.10392427398195707
58,0.0,0.0,0.0,0.0,0.0,0.0
59,0.0,0.0,0.0,0.0,0.0,0.0
60,0.160497620004154,0.020770448395648438,0.02068525599675888,1.6708783050489728e-06,0.05357142857142857,0.051105284769258984
61,0.278077992564694,0.46863278578883605,0.004287441278049592,0.0,0.0,0.15019964392631593
62,0.0,0.0,0.0,0.0,0.0,0.0
63,0.19164581477287554,0.009034563098098894,0.0076952801442285714,8.627570059616119e-05,0.028571428571428574,0.04740667245744555
64,0.13183377708237232,2.2463813790833638e-05,0.021811930690567808,0.0040083699859678745,0.0,0.03153530831453977
65,0.1786725493893606,0.044508201530748935,0.22433071650614347,2.8304880288487766e-06,0.04285714285714286,0.09807428815428496
66,0.0,0.0,0.0,0.0,0.0,0.0
67,0.0,0.0,0.0,0.0,0.0,0.0
68,0.0,0.0,0.0,0.0,0.0,0.0
69,0.1681535067234854,5.8744403586648596e-05,0.06403185112109212,0.00015681932563893497,0.0,0.04648018431476062
70,0.2761566491382236,0.00015468183811903125,0.06416963822476018,8.25226948109048e-07,0.0,0.06809635888561018
71,0.12556890812214683,0.022001033602056276,0.0340698494064165,0.00027656613383442163,0.0,0.0363832714528908
72,0.0,0.0,0.0,0.0,0.0,0.0
73,0.0,0.0,0.0,0.0,0.0,0.0
74,0.11446638550981089,0.04183404611676497,0.027331201185310742,0.00019875552970916033,0.08928571428571429,0.054623220525462014
75,0.0,0.0,0.0,0.0,0.0,0.0
76,0.0,0.0,0.0,0.0,0.0,0.0
77,0.047179155536904716,0.0033113302612041095,0.018366398129787857,1.116372732212767e-05,0.0,0.013773609531043762
78,0.0,0.0,0.0,0.0,0.0,0.0
79,0.15187255918819384,0.4219340311882738,0.2503100608779308,1.222512793219721e-07,0.0,0.16482335470113557
80,0.15485731132156946,0.399254410308089,0.2682248173511594,0.0,0.0,0.1644673077961636
81,0.1082134397574506,0.019907786271664608,0.0785797246929409,5.6817698350641876e-05,0.05357142857142857,0.052065839398367064
82,0.10569144538246694,2.6152179534094222e-05,0.04728640406862251,0.000155898422235623,0.0,0.030631980010571835
83,0.10468543376845275,5.7179776181183e-05,0.036005940595504236,9.44324565352872e-05,0.07142857142857142,0.04245431160504898
84,0.10056936950345347,0.023949301060278597,0.004583856110692092,2.0829033019253984e-05,0.0,0.025824671141488682
85,0.299583301740801,0.0014194080614788743,0.01965225477581343,2.880456122511532e-05,0.028571428571428574,0.06985103954214941
86,0.4026202790960021,0.08971941874643868,0.04416199210066702,0.0049565681256353855,0.017857142857142856,0.11186308018517724
87,0.08539080590854868,0.05580855133768636,0.03768048075111356,0.0,0.0,0.03577596759946973
88,0.19598288372093692,0.006673569856286488,0.028944640893533786,0.00011329185508657247,0.04285714285714286,0.05491430583659732
89,0.17408382395592184,0.08281756115939216,0.023204488861217405,0.0032749627716839314,0.01020408163265306,0.05871698367617369
90,0.26225591653068553,0.036281458992450666,0.14947676573906318,0.0064947158098220825,0.14285714285714285,0.11947319998583286
91,0.08206130716524598,0.11110095751600564,0.11234126225412171,6.772731353521522e-08,0.03571428571428571,0.06824357607539452
92,0.27726618039676587,0.033203529456472355,0.022517333269509363,0.0,0.14285714285714285,0.0951688371959781
93,0.25102540121402267,0.009795696041551899,0.05978517435253392,7.6375508797355e-05,0.26785714285714285,0.11770795799480975
94,0.2605987731590892,0.13879528593456197,0.11039456737545471,0.001276845927350223,0.10714285714285714,0.12364166590786263
95,0.18128371911296903,0.06496307531419059,0.09792044008919927,0.00029963208362460136,0.21428571428571427,0.11175051617713956
96,0.3341196395104566,0.00937098143383169,0.013169840630142152,5.144910392118618e-05,0.0,0.07134238213567032
97,0.2535944773819454,0.0025113317076863196,0.04127669156139362,0.0010121448431164026,0.10714285714285714,0.08110750052739978
98,0.04997043955899779,0.08431349172762671,0.03019686774559944,0.0,0.33333333333333337,0.09956282647311146
99,0.18806619089136017,0.0008007045885466607,0.06742408997341189,4.5402503019431606e-05,0.023809523809523808,0.056029182353172405
100,0.2771897855422024,0.006976526856893431,0.02072649223605199,0.00031843510805629194,0.014285714285714287,0.06389939080578369
101,0.2711402422959629,0.0070809406824509655,0.02002929876244384,0.0019475887529551983,0.0,0.060039614098762586
102,0.2257558758801044,0.016215092673433712,0.06357654260259177,0.011461098678410053,0.0,0.06340172196690799
103,0.4892791288817868,0.015199480811786382,0.05315870977840096,0.06265953183174133,0.0,0.1240593702607431
104,0.3774990029505161,0.004118964773944067,0.037767040645559774,7.408369128825143e-05,0.125,0.10889181841226163
105,0.13430813743055292,0.005274138282361183,0.017758305003692958,7.3549563239794225e-06,0.16666666666666669,0.06480292046791955
106,0.010916589795006102,0.0042232149280700395,0.004675511715788794,0.0,0.0,0.003963063287772987
107,0.10767413777626426,0.0027813079864186835,0.013930107137798929,9.882279846351594e-05,0.21428571428571427,0.06775401799693193
108,0.14111629368346026,0.05632063771462153,0.04823635110044287,0.0003627719124779105,0.0,0.049207210882200515
109,0.3401503617316055,0.1431503304065008,0.023406100894796476,0.00022489798720926046,0.11904761904761905,0.1251958620135462
110,0.0,0.0,0.0,0.0,0.0,0.0
111,0.13870418022785955,0.02996247119695618,0.033722521219592905,3.6461110539676156e-06,0.05357142857142857,0.051192849465378235
112,0.33185539054074875,0.04001398465468944,0.013177140951227916,0.0014036661013960838,0.32142857142857145,0.14157575073532672
113,0.14935301739314266,0.020604341637392228,0.05724317748012545,0.0,0.0,0.04544010730213206
114,0.16327503013686043,0.005735203834805181,0.23895533908877145,2.2379613255907316e-06,0.5,0.18159356220435252
115,0.255071034154044,0.0015570036278100947,0.08121533364889102,5.338923529052408e-06,0.19047619047619047,0.10566498016609291
116,0.5894331928993792,0.005374310934473077,0.06877138251503596,0.00038437388138845563,0.1142857142857143,0.15564979490319822
117,0.12444044072196692,0.08348337025796013,0.21172945947323832,0.0,0.10714285714285714,0.10535922551920449
118,0.2867625440872008,0.018608226103352558,0.01819501016568769,0.006509074475616217,0.0,0.06601497096637146
119,0.21864748684500065,0.011443241746810306,0.07266025205072471,0.0006664456450380385,0.023809523809523808,0.06544539001941951
120,0.21604538528881223,0.1367628947842011,0.06333274244261611,0.0017699400195851922,0.0,0.08358219250704294
121,0.0,0.0,0.0,0.0,0.0,0.0
122,0.2667494613333017,0.2162298649474302,0.13894313831428579,2.650473288667854e-05,0.19642857142857142,0.16367550815129514
123,0.20128615290939492,0.08721030299597231,0.08587185245079966,1.685166898823809e-05,0.0,0.07487703200503101
124,0.09294575995960369,0.42350991569587276,0.20291981473516182,4.9975009460467845e-05,0.25,0.19388509308001975
125,0.266002478502303,4.2348438153531125e-05,0.32753231101500113,1.0,0.33333333333333337,0.3853820942577582
126,0.12581337288654054,0.004297011242248372,0.03303129208251598,0.0,0.0,0.032628335242260983
127,0.0,0.0,0.0,0.0,0.0,0.0
128,0.2516476920821485,3.678686840268262e-05,0.18373882134183844,0.0,0.0,0.08708466005847793
129,0.27913108988508517,0.0031777576131896417,0.036918775405814216,6.882180969114415e-06,0.0,0.06384690101701164
130,0.08707503163057302,0.005878644893779624,0.005964432914649351,0.0023974680807441473,0.0,0.020263115503949228
131,0.15365372796570242,0.1451054910170248,0.055954102169197675,0.0,0.17857142857142858,0.1066569499446707
132,0.06295333096450094,0.1669240304851033,0.017317691859511108,0.0,0.0,0.04943901066182307
133,0.18576509859010162,0.04301768382549673,0.02541506248356338,0.0009707339922897518,0.14285714285714285,0.07960514434971887
134,0.0,0.0,0.0,0.0,0.0,0.0
135,0.0,0.0,0.0,0.0,0.0,0.0
136,0.2708759193965196,0.0397984318971976,0.024427758570494867,1.4072360272621154e-06,0.10714285714285714,0.0884492748486193
137,0.18412330471791716,0.0027644940922397884,0.04844245362810504,0.0006521486211568117,0.04285714285714286,0.05576790878331232
138,0.1657070284419122,0.0,0.22359112995001573,0.0,0.0,0.07785963167838558
139,0.11408911946674484,0.00014792181742624453,0.17604827747164342,0.0,0.14285714285714285,0.08662849232259148
140,0.27703220949433865,0.00011167893209568694,0.0916665114707376,0.0,0.0,0.07376207997943438
141,0.29983860444791094,0.16834307413367547,0.03097516084325586,0.001072271610610187,0.21428571428571427,0.14290296506423333
142,0.33758835572238477,7.357373680536524e-05,0.1438865127336612,0.0,0.0,0.09630968843857027
143,0.12587074695334088,0.00018047835097470788,0.05376883080198835,1.0048933063444565e-06,0.07142857142857142,0.050249926485636344
144,0.24222524058843725,0.0011167657028169982,0.05133704857629411,9.288355795433745e-05,0.07142857142857142,0.07324010197081483
145,0.0022777454615275344,0.011728830985119097,0.04911058301436607,0.0,0.0,0.012623431892202542
146,0.20270069447839592,0.000297898306072534,0.05758981278022076,0.0,0.0,0.05211768111293784
147,0.07291238477993288,0.034902741148590065,0.011708051132123816,0.0,0.2857142857142857,0.08104749255498649
148,0.0,0.0,0.0,0.0,0.0,0.0
149,0.17212874123531924,0.005345564616930066,0.039886476130753634,3.833902519545518e-05,0.19047619047619047,0.08157506229687776
150,0.15659894544652386,0.0029718952108769713,0.06251802372993458,2.787000084936153e-06,0.017857142857142856,0.04798975884891264
151,0.24553702413581285,0.003136781877908629,0.03289397992298203,4.762758862852934e-07,0.5,0.15631365244251796
152,0.21821780683960273,0.001347233393432709,0.06555715149297665,4.683890892920317e-06,0.05357142857142857,0.06773966083766672
153,0.0,0.0,0.0,0.0,0.0,0.0
154,0.27077004314550285,0.0015442907140028974,0.022253413940818565,0.00047188435564748943,0.21428571428571427,0.10186506928833723
155,0.19522441646832703,0.000896010656018213,0.015406373230636133,0.00011099683615611866,0.21428571428571427,0.08518470229537035
156,0.2068889162058022,0.0063803203305284875,0.14280868037352631,0.0,0.028571428571428574,0.07692986909625713
157,0.28322067625212544,0.0039019311117358163,0.024496568741535774,0.00029922500834800303,0.5,0.16238368022274902
158,0.19654051582056448,0.002642499207355819,0.021191398170320983,1.056019937095698e-05,0.0,0.04407699467952245
159,0.14704500294159223,0.0013451746052492728,0.022784754367249582,0.0005712822312489152,0.2857142857142857,0.09149209997192513
160,0.1471723678534722,0.02561190942526297,0.1867468950171137,4.462690412765369e-05,0.0,0.0719151598399953
161,0.0,0.0,0.0,0.0,0.0,0.0
162,0.171727564364455,0.001665522577064395,0.014699174133052068,1.9033199350815266e-05,0.25,0.08762225885478445
163,0.16760860286421037,0.21180665390584744,0.15032556995799726,3.105186863194831e-07,0.05357142857142857,0.116662513163634
164,0.22696595260057295,0.000501526366484531,0.025890028204754844,9.324928214482497e-06,0.03571428571428571,0.0578162235628625
165,0.25459983856585,0.009953430019416924,0.08455062698442403,0.0005462590488605201,0.0,0.06993003092371028
166,0.4980883672375622,0.00117086790280053,0.08420828932749341,3.65275154763367e-05,0.047619047619047616,0.12622461992047604
167,0.157609784495566,0.07195461336662257,0.2733790925323391,0.002477286383509636,0.23214285714285715,0.14751272678417887
168,0.14555974553828369,0.006395382383085208,0.020989722578960382,1.2166867691121297e-06,0.03571428571428571,0.041732070580276816
169,0.3148695052511498,0.005172573784879383,0.05806263366735016,0.0011236960999667645,0.16666666666666669,0.10917901509400256
170,0.11452124408740438,0.0003238296255301704,0.013634905627775376,0.0,0.0,0.025695995868141985
171,0.0,0.0,0.0,0.0,0.0,0.0
172,0.2575043010477798,0.0842640008782909,0.08680350558491802,9.7581496447674e-06,0.0,0.0857163131321267
173,0.22656848869749177,0.00021258744009513845,0.022789700921082838,0.00012678942584898323,0.0,0.04993951329690375
174,0.1657070284419122,0.0,0.22359112995001573,0.0,0.0,0.07785963167838558
175,0.0,0.0,0.0,0.0,0.0,0.0
176,0.08372543455111972,0.0018896992991604732,0.008058368630654065,0.0,0.0,0.018734700496186852
177,0.0,0.0,0.0,0.0,0.0,0.0
178,1.0,0.01034550102561373,0.05975198061236857,0.0001526033884147182,0.0,0.2140500170052794
179,0.34220043311770376,0.06056404705520389,0.029669374820179315,4.658643956645392e-05,0.33333333333333337,0.15316275495319737
180,0.0,0.0,0.0,0.0,0.0,0.0
181,0.3985932710518322,0.05524963706799656,0.07494101263734841,0.00797127652913332,0.07142857142857142,0.12163675374297638
182,0.0,0.0,0.0,0.0,0.0,0.0
183,0.2822427091558185,0.000979315089436614,0.05039019338608425,0.0002726692764554173,0.03571428571428571,0.0739198345244161
184,0.2425205797957775,0.04303742920215465,0.12302725861489407,4.683890892920317e-06,0.05357142857142857,0.09243227601502954
185,0.2599383164820073,2.3875054988018876e-05,0.057619174347372036,0.0,0.14285714285714285,0.09208770174830204
186,0.13203784422604592,8.925471863950726e-05,0.025417013385005346,0.0,0.0,0.031508822465938155
187,0.0,0.0,0.0,0.0,0.0,0.0
188,0.08208093443277317,0.0016583234934190428,0.11130572795580941,1.9733913632080657e-06,0.0,0.03900939185467297
189,0.17476737133139164,0.0009767826989159523,0.10842483133183878,6.04891793045681e-05,0.14285714285714285,0.08541732347971877
190,0.0,0.0,0.0,0.0,0.0,0.0
191,0.031476665482251386,0.2953622500476328,0.22805322629866756,0.6274779438972473,0.0,0.2364740171451598
192,0.5439343058818882,0.005065402160526171,0.10112296849107404,1.873556357168127e-05,0.21428571428571427,0.17288542527655487
193,0.4246385000483383,0.5666393961785104,0.19000908903966626,0.07968848943710327,0.10714285714285714,0.2736236663692951
194,0.08028608951691486,0.03681497472135811,0.16297380371115258,6.40081407254911e-06,0.03571428571428571,0.06315911089555676
195,0.16283083142582924,0.00393812894018727,0.12420648978874048,8.553853695048019e-05,0.047619047619047616,0.06773600726215102
196,0.1271219832659317,0.030014244981027307,0.10529372386794376,1.5397614561152295e-06,0.028571428571428574,0.05820058408955749
197,0.07005694273663837,0.4132113678788724,0.08332041126548825,0.0001670804194873199,0.0,0.11335116046009727
198,0.16842607964680895,0.05776200616704346,0.035011734790616256,0.00010479739285074174,0.19047619047619047,0.09035616169470198
199,0.12884439308199433,0.04287987180843295,0.03196832825552656,3.4246691029693466e-06,0.0,0.04073920356301136
200,0.11053416557832951,0.05709771770615794,0.059508686379692484,0.00010096006008097902,0.08928571428571429,0.06330544880199504
201,0.15655127281184242,0.008473612437650586,0.15325612364416963,0.0,0.25,0.11365620177873252
202,0.12453114245368055,0.005876515157223724,0.12504202309025084,0.0020676283165812492,0.19047619047619047,0.08959869989878537
203,0.0,0.0,0.0,0.0,0.0,0.0
204,0.1226858603156853,0.5053940289689844,0.20427217507635276,0.0,0.0,0.1664704128722045
205,0.04934591960055622,0.04204746879171973,0.1974822272641672,4.119883669773117e-05,0.21428571428571427,0.10064050575577103
206,0.13566179885507265,0.0019097670737090234,0.06686197448021675,1.3952963854535483e-05,0.03571428571428571,0.04803235581742773
207,0.1533417793748684,0.00011041551934752497,0.10430602507885423,0.0001528546417830512,0.047619047619047616,0.06110602444678016
208,0.06987039924051683,0.10204206781215604,0.01967289486669963,0.0,0.0,0.0383170723838745
209,0.004947896484219562,0.0025655971560142807,0.042874415858723515,0.00011003469990100712,0.14285714285714285,0.03867101741120024
210,0.30710827017831616,0.05179773478102702,0.22096212629553463,0.0003793870273511857,0.2380952380952381,0.16366855127549343
211,0.08787340129736815,3.732506384415464e-05,0.16742925496538075,0.0,0.07142857142857142,0.0653537105510329
212,0.5439343058818882,0.005065402160526171,0.10112296849107404,1.873556357168127e-05,0.21428571428571427,0.17288542527655487
213,0.2839999183424465,0.19229494531307006,0.06612569780656448,0.010361999273300171,0.21428571428571427,0.1534136550042191
214,0.2172426214419161,0.02368996121458429,0.12700216466903905,0.00046769293840043247,0.35714285714285715,0.1451090594813594
215,0.0,0.0,0.0,0.0,0.0,0.0
216,0.2236408985156121,0.00027783650241767306,0.08065674455256262,0.0011368133127689362,0.25,0.11114245857667227
217,0.3961966334500874,0.004988445561319128,0.03007177461737489,0.0014536549570038915,0.4523809523809524,0.17701829219334753
218,0.0480056429365819,0.017310894264860672,0.027551296051046933,8.57206032378599e-05,0.2380952380952381,0.0662097583901931
219,0.0,0.0,0.0,0.0,0.0,0.0
220,0.11794009333339442,0.002906737149733534,0.009038213774837114,8.190289918275084e-06,0.35714285714285715,0.0974072183381481
221,0.06295333096450094,0.1669240304851033,0.017317691859511108,0.0,0.0,0.04943901066182307
222,0.2301012611175123,0.0003356891095142564,0.027896401208303792,0.0,0.03571428571428571,0.058809527429923215
223,0.0,0.0,0.0,0.0,0.0,0.0
224,0.2810748517120658,0.09839449388638778,0.08298301110488977,0.07907888293266296,0.23214285714285715,0.1547348193557727
225,0.1487328081746158,0.0006439124096198604,0.03760260715310004,5.782061634818092e-05,0.017857142857142856,0.04097885824216534
226,0.04104174326464731,0.1019022207403677,0.13653346921838364,0.0,0.07142857142857142,0.07018120093039401
227,0.17460559536061473,0.21812100878024004,0.0710055967745178,3.6399706004885957e-06,0.047619047619047616,0.10227097770100416
228,0.20725515513329978,0.04390944443665313,0.05569859744225119,9.8112752311863e-05,0.014285714285714287,0.06424940481004605
229,0.15444739348098252,0.0,0.01636438587306514,0.0,0.0,0.03416235587080953
230,0.031476665482251386,0.2953622500476328,0.22805322629866756,0.6274779438972473,0.0,0.2364740171451598
231,0.5102271029851448,0.0013533355373524555,0.038349567802759894,3.011765693372581e-05,0.21428571428571427,0.15284916765358106
232,0.13119001966218183,0.005602518341228011,0.03513140174881921,0.0003343731223139912,0.2619047619047619,0.08683261495586099
233,0.29739612591649683,0.0004897739843188214,0.06541474231655557,0.0,0.0,0.07266012844347425
234,0.0,0.0,0.0,0.0,0.0,0.0
235,0.3826968061897548,0.0003950297903202865,0.009125411060626844,0.0007016422459855676,0.0,0.07858377785733751
236,0.04335264386699109,0.0,0.002600856098066282,0.0,0.0,0.009190699993011475
237,0.33758835572238477,7.357373680536524e-05,0.1438865127336612,0.0,0.0,0.09630968843857027
238,0.27781366792022316,0.1451390854999842,0.11444043145739995,0.0,0.17857142857142858,0.14319292268980716
239,0.0,0.0,0.0,0.0,0.0,0.0
240,0.0,0.0,0.0,0.0,0.0,0.0
241,0.06025226846944874,0.0001657800751509866,0.003815662194512678,0.0,0.0,0.012846742147822481
242,0.12824730953224467,0.0010365170488727319,0.024129121995072868,3.6696237657452e-05,0.03571428571428571,0.03783278610562668
243,0.0,0.0,0.0,0.0,0.0,0.0
244,0.0721275693247246,0.006480127742117354,0.008268558572176204,0.0,0.0,0.01737525112780363
245,0.02078089771649779,0.0006864751457538447,0.006904382430691006,0.0,0.0,0.005674351058588528
246,0.0,0.0,0.0,0.0,0.0,0.0
247,0.0,0.0,0.0,0.0,0.0,0.0
248,0.16143217437048635,0.009416596441926222,0.036821366963612726,6.647589430031076e-07,0.16071428571428573,0.0736770176498508
249,0.18339037380042722,3.678686840268262e-05,0.0836426021596038,0.0,0.0,0.05341395256568674
250,0.33758835572238477,7.357373680536524e-05,0.1438865127336612,0.0,0.0,0.09630968843857027
251,0.14550488489532118,0.001111332411360248,0.09720122487881463,1.7116700519181904e-06,0.17857142857142858,0.08447811648539531
252,0.13340255036883908,0.0012484870774214954,0.038569882300869114,2.4755398044362664e-05,0.21428571428571427,0.07750627788617767
253,0.0,0.0,0.0,0.0,0.0,0.0
254,0.0,0.0,0.0,0.0,0.0,0.0
255,0.21073694955811284,0.006106983080692086,0.030107450391987322,6.2969033933768515e-06,0.09523809523809523,0.06843915503445616
256,0.13490255114120997,0.0002708295364680212,0.05791843402962908,0.0003976233128923923,0.09523809523809523,0.05774550665165894
257,0.33758835572238477,7.357373680536524e-05,0.1438865127336612,0.0,0.0,0.09630968843857027
258,0.22613765160279226,0.06663985435988069,0.12332765466686386,0.017046062275767326,0.16666666666666669,0.11996357791439416
259,0.1883643354098001,0.003956553082840114,0.10065472190817645,2.631816823850386e-05,0.17857142857142858,0.09431467142809676
260,0.08646532236985711,0.0009370372790950758,0.04758196276052507,1.0857458619284444e-05,0.21428571428571427,0.06985617883076216
261,0.42651776325389507,0.04411508289413079,0.18178577670555632,0.0009347724844701588,0.42857142857142855,0.2163849647818962
262,0.234421163477422,0.005966273742294432,0.1405506248756472,2.553314516262617e-06,0.047619047619047616,0.0857119326057855
263,0.09040590153399407,0.015309296782301323,0.06615177483397978,2.9612898288178258e-05,0.08571428571428572,0.051522174352569804
264,0.40715301041456436,0.09901426636189264,0.15765560825036895,0.013897407799959183,0.0,0.13554405856535703
265,0.3358213146398307,0.0286907772729283,1.0,0.0028341133147478104,0.5714285714285714,0.3877549553312157
266,0.07428704953866104,0.11029028786734021,0.07483070574676831,0.0033187863882631063,0.047619047619047616,0.06206917543201605
267,0.0,0.0,0.0,0.0,0.0,0.0
268,0.0,0.0,0.0,0.0,0.0,0.0
269,0.42526597084280265,0.04086586141319604,0.035667453637411035,9.267455425288063e-06,0.07142857142857142,0.11464742495548128
270,0.4885940922712269,0.001394431954192583,0.06203182692155287,0.0,0.0,0.11040407022939447
271,0.20555306429256207,0.007358212877223864,0.0967369796969687,0.0008217122522182763,0.08928571428571429,0.07995113668093744
272,0.2059089148391827,4.25702701327376e-05,0.07221312376893017,4.6690047383890487e-07,0.0,0.05563301515574389
273,0.20971849790704297,0.1341999773690427,0.19730078576872295,1.9868052447691298e-07,0.09523809523809523,0.12729151099268565
274,0.10508037001594839,0.011428302342181043,0.02033303992116354,1.0146348358830437e-05,0.11904761904761905,0.05117989553505418
275,0.14533371782615023,0.08307761734400822,0.17955354098040777,2.1601093976642005e-05,0.10714285714285714,0.10302586687747999
276,0.12144973295480349,0.0017610317251359083,0.13568193763003983,8.709981921128929e-05,0.03571428571428571,0.05893881756869525
277,0.11816359568387995,0.8001471692888448,0.0271587730407074,1.7359117919113487e-05,0.33333333333333337,0.2557640460929369
278,0.45980847431857746,0.3844571857244459,0.049621087400280484,0.0004917862825095654,0.2857142857142857,0.2360185638880198
279,0.24700740400817084,0.19353034472127972,0.17103099317622486,0.13536962866783142,0.07142857142857142,0.16367338840041565
280,0.17272913170236107,0.0004970622259869811,0.03558003408850167,5.380587936087977e-06,0.08571428571428572,0.0589051788638143
281,0.0790740398232654,0.05564651042342004,0.1918278661497549,2.8599886718438938e-05,0.0,0.06531540325663175
282,0.14546273200710344,0.0004554739738650902,0.129226986669182,0.0002067599125439301,0.047619047619047616,0.06459420003634841
283,0.377763801049085,0.03972673034149338,0.13033927847126178,0.0,1.0,0.309565961972368
284,0.03898755539709791,0.05964251476142062,0.0229620808599088,4.927486543238047e-07,0.023809523809523808,0.02908043351532109
285,0.1142162855464751,0.1867602970271963,0.22856931381555692,0.0,0.0,0.10590917927784567
286,0.34242482733634544,0.5289707913470749,0.20940622231930914,0.08931400626897812,0.07142857142857142,0.24830888374005583
287,0.21710726245119344,0.002356977502087541,0.03842394265311413,7.096938588802004e-06,0.0,0.051579055908996786
288,0.10876437211007026,0.42208965411596494,0.2147520646055286,0.0,0.07142857142857142,0.16340693245202703
289,0.11450809417242686,0.0018336274029739279,0.08573682296632143,3.4720083021966275e-06,0.023809523809523808,0.04517830807190964
290,0.3177577015014968,0.0012926431183358817,0.05673676101530299,3.069310696446337e-05,0.023809523809523808,0.07992546451032478
291,0.29131902729071274,0.001455793857733814,0.1882695989518231,0.0,0.0,0.09620888402005393
292,0.0,0.0,0.0,0.0,0.0,0.0
293,0.12840809036155598,0.08360953338745651,0.03419510065928822,0.00011988638289039955,0.03571428571428571,0.056409379301095366
294,0.18209744743486173,0.00015924631005453582,0.027619423003954598,0.0,0.0,0.041975223349774174
295,0.33143067553495403,0.0010130308887523495,0.11800223181248147,0.0,0.03571428571428571,0.09723204479009472
296,0.0,0.0,0.0,0.0,0.0,0.0
297,0.08227029991538598,5.531718057226238e-05,0.07810047043135485,0.0,0.0,0.032085217505462615
298,0.23973784765724387,0.03302581785471089,0.14462735185472572,1.7908643712871708e-05,0.3095238095238095,0.14538654710684057
299,0.09515610744276276,0.4219327989149986,0.2503666883010636,1.6925913541854243e-06,0.0,0.1534914574500358
300,0.016995389204886618,0.0004524509821423403,0.027444388116685575,1.8324106349609792e-05,0.14285714285714285,0.0375535390534414
301,0.17271458023123218,0.020292283654088916,0.062025808117314535,0.00018492640811018646,0.0,0.051043519682149166
302,0.1657070284419122,0.0,0.22359112995001573,0.0,0.0,0.07785963167838558
303,0.0,0.0,0.0,0.0,0.0,0.0
304,0.14067009319827287,0.004978531006088862,0.03146278118098756,9.228932867699768e-06,0.16071428571428573,0.06756698400650055
305,0.0,0.0,0.0,0.0,0.0,0.0
306,0.0,0.0,0.0,0.0,0.0,0.0
307,0.1460705455059784,0.0006314237156239531,0.12630115938652148,2.156295522581786e-06,0.03571428571428571,0.061743914123586416
308,0.43217400674899653,0.0,0.11218081783694236,0.0,0.14285714285714285,0.13744239348861634
309,0.16097696315099905,0.001208628320662618,0.0014524711770748794,0.0,0.0,0.032727612529747305
310,0.0,0.0,0.0,0.0,0.0,0.0
311,0.06295333096450094,0.1669240304851033,0.017317691859511108,0.0,0.0,0.04943901066182307
312,0.2047413935236296,0.0004702866258985618,0.05515486454386932,2.4060547730186954e-05,0.0,0.05207812104822553
313,0.0,0.0,0.0,0.0,0.0,0.0
314,0.0,0.0,0.0,0.0,0.0,0.0
315,0.13289233247884802,0.008306570146347253,0.011842643572348337,0.0006906193448230624,0.04285714285714286,0.03931786167990191
316,0.1657070284419122,0.0,0.22359112995001573,0.0,0.0,0.07785963167838558
317,0.3464936177775033,0.0007346312853948797,0.13683436314005418,0.0,0.07142857142857142,0.11109823672630474
318,0.22978944528825232,0.013063393954350041,0.06269492307858819,1.718647013149166e-06,0.05357142857142857,0.07182418190792646
319,0.17226961313532638,0.25287048204536444,0.11170799934373174,5.3175663197180256e-05,0.10714285714285714,0.12880882546609537
320,0.1355741243318077,0.0006312324702990041,0.046667195793218735,6.404816667782143e-05,0.0,0.036587320152400654
321,0.09372319510382764,0.06884582111626703,0.15353586899126406,0.0,0.0,0.06322097704227174
322,0.2623906436837605,5.129110791815123e-05,0.03153646068785171,0.00045082924771122634,0.07142857142857142,0.07317155923116261
323,0.12051535886740318,0.006800408880109537,0.08170879508643347,5.998713277222123e-07,0.0,0.04180503254105478
324,0.1670778906610271,0.0001939694338842166,0.030025495250948414,0.0,0.17857142857142858,0.07517375678345765
325,0.31985188427287853,0.00329445080964699,0.016488060885510594,0.0006309067248366773,0.0,0.06805306053857454
326,0.2031448519894829,0.00039570147047676875,0.013867466961504612,0.0,0.03571428571428571,0.050624461227149996
327,0.07718352854548198,0.003135267412635069,0.04571707664753907,0.0,0.0,0.025207174521131227
328,0.22717011301968512,0.08371029319789465,0.03879707082716711,0.0005500703700818121,0.0,0.07004550948296574
329,0.3646395337555834,0.01215413528720666,0.07211115554021091,0.0015408454928547144,0.0,0.09008913401517113
330,0.1971729801732466,0.0006678238756485784,0.10491990584294004,0.0,0.0,0.060552141978367044
331,0.24992091555552934,0.03454119428855069,0.04720569051824186,0.000569477560929954,0.14285714285714285,0.09501888415607894
332,0.3328121603093559,0.009142141763332856,0.17622338398607595,0.0,0.03571428571428571,0.11077839435461008
333,0.16137090365090564,0.00027274555409067446,0.014594622135323457,0.00015773953055031598,0.32142857142857145,0.09956491645988831
334,0.2065058050948526,0.007090963370833051,0.011055699683556547,4.382137831271393e-06,0.028571428571428574,0.05064565577170042
335,0.2303765821498389,0.0008366048464206656,0.01551714895426746,9.965215576812625e-05,0.21428571428571427,0.09222314047840188
336,0.09874937072564459,0.008383720618236891,0.026573972494413397,0.0028292264323681593,0.25,0.0773072580541326
337,0.20824665208249957,0.021975614415932095,0.04627347218618497,0.010791760869324207,0.2619047619047619,0.10983845229174057
338,0.1915885280195066,0.001835393596171668,0.03643213086167816,5.225028144195676e-05,0.07142857142857142,0.06026737483747395
339,0.3014695365436311,0.0008271643641754637,0.027192649137403456,0.0,0.07142857142857142,0.08018358429475629
340,0.1790968526663726,0.001847258034932548,0.10684022024276899,0.005834292154759169,0.05357142857142857,0.06943801033405236
341,0.22347919203442115,0.0014005273874536602,0.018745408654226105,4.778905804414535e-06,0.0,0.04872598139638107
342,0.016832420089345004,0.0003523981383781431,0.012981740561639015,0.0,0.0,0.006033311757872433
343,0.11355251877961345,0.0,0.04164009643660493,0.0,0.0,0.031038523043243678
344,0.20894458440258046,0.0031723079041119477,0.021015905023725058,4.356262070359662e-05,0.03571428571428571,0.05377812913308135
345,0.3619179705998782,0.002683850798111416,0.006301593770337683,2.3372598661808297e-05,0.07142857142857142,0.0884710718391121
346,0.1085949609131226,0.0016320207295918102,0.02310282819311391,0.00040477621951140463,0.0,0.026746917211067943
347,0.15463431794672738,0.00046653556845259675,0.04747106443198806,5.285648967401357e-06,0.07142857142857142,0.054801155004941385
348,0.17565883778600813,0.18240187660360377,0.01340008108220781,6.22620718786493e-05,0.07142857142857142,0.08859032579445396
349,0.2273875361532532,0.00027994324317126546,0.04544462601853291,0.00011979999544564635,0.1142857142857143,0.07750352393922347
350,0.28227340684293883,0.0004898646361550893,0.04520770383322483,2.1503107916487352e-07,0.07142857142857142,0.07987995235439387
351,0.09557273931602522,0.0026630959958340674,0.013163408034881667,5.44536451343447e-05,0.11904761904761905,0.046100263207898874
352,0.13323377113626275,0.0003289362297457847,0.01998911349613402,2.0856413129877183e-07,0.03571428571428571,0.037853263028111914
353,0.2506807916816508,0.007546530097335266,0.05175343790372774,0.00028019642923027277,0.21428571428571427,0.10490933407953167
354,0.0,0.0,0.0,0.0,0.0,0.0
