feature,p_value,score,xgb,gbc,BayesianRidge,rf,lgbm,mean
p1_M,0.30336121545192923,1.0681406469373171,0.0,0.0,0.0,0.0,0.0,0.0
p1_P,0.0020115429732927388,9.953383311602558,2.9426968e-05,0.010681783884838108,0.1376290083150779,0.012159876828812541,0.0,0.032100019199439174
p1_Q,0.0004664958421048227,12.918573610404918,0.0019884808,0.001972380155211189,0.03376974917453596,0.01191413514068994,0.0,0.009928949053867441
p2_N,0.6164364457709068,0.2521674812922216,0.0,0.0,0.0,0.0,0.0,0.0
p3_GAP,0.6164364457708194,0.25216748129234534,0.0,0.0,0.0,0.0,0.0,0.0
p4_T,0.3731282314744123,0.7989399257302626,0.0,0.0,0.0,0.0,0.0,0.0
p5_GAP,0.37312823147433694,0.7989399257305284,0.0,0.0,0.0,0.0,0.0,0.0
p6_GAP,0.37312823147433694,0.7989399257305284,0.0,0.0,0.0,0.0,0.0,0.0
p7_I,0.1971392744501774,1.6813080458480325,0.0,0.0,0.0,0.0,0.0,0.0
p7_K,0.7577864865832331,0.09552129220164289,0.0,0.0,0.0,0.0,0.0,0.0
p7_NLDV,0.5995310336147898,0.2771153122645198,0.0,0.0,0.0,0.0,0.0,0.0
p7_P,0.2884321082103816,1.1365747510971538,0.0,0.0,0.0,0.0,0.0,0.0
p7_Q,0.019634331873341515,5.587120775666617,0.00063929346,0.0151616478175881,0.049293327550975645,0.012960204754739838,0.0,0.015610894716509532
p7_S,3.494965718416015e-05,18.43440683318252,0.00077832065,0.032681200727703384,0.06025644450604281,0.045500260808086085,0.0,0.027843245338946138
p8_F,0.5164668080403093,0.42334506308632674,0.0,0.0,0.0,0.0,0.0,0.0
p8_GAP,0.37312823147433694,0.7989399257305284,0.0,0.0,0.0,0.0,0.0,0.0
p8_N,0.7103121665758276,0.13859503702197726,0.0,0.0,0.0,0.0,0.0,0.0
p8_Y,0.48221415181805793,0.49681509882567676,0.0,0.0,0.0,0.0,0.0,0.0
p9_GAP,0.37312823147433694,0.7989399257305284,0.0,0.0,0.0,0.0,0.0,0.0
p10_Y,0.3731282314744123,0.7989399257302626,0.0,0.0,0.0,0.0,0.0,0.0
p11_I,0.05217717401608615,3.843043157615882,0.0,0.0,0.0,0.0,0.0,0.0
p11_V,0.1980896934514503,1.6741462939779372,0.0,0.0,0.0,0.0,0.0,0.0
p12_P,0.3731282314744123,0.7989399257302626,0.0,0.0,0.0,0.0,0.0,0.0
p13_L,0.22864036794317733,1.4636049502617265,0.0,0.0,0.0,0.0,0.0,0.0
p13_M,0.1485609014009142,2.112978209860135,0.0,0.0,0.0,0.0,0.0,0.0
p14_N,4.2928541239056834e-08,34.071862380864125,0.016060166,0.09637434686703783,0.15577782585091204,0.0843188132723915,0.0,0.07050623041025318
p14_S,0.01801999011769831,5.744635112674598,0.00042019435,0.0010867303036949285,0.04744067351995326,0.027698665268499532,0.0,0.015329252688838673
p14_V,0.9718599760897829,0.0012493618931505904,0.0,0.0,0.0,0.0,0.0,0.0
p16_K,0.08664075796572437,2.9824738855868045,0.0,0.0,0.0,0.0,0.0,0.0
p16_R,0.10232838864640567,2.7084779761664155,0.0,0.0,0.0,0.0,0.0,0.0
p16_T,0.8848766994647096,0.021049930775909526,0.0,0.0,0.0,0.0,0.0,0.0
p19_L,1.2181047046132048e-12,62.45371236650327,0.00021874913,0.010470417993493455,0.1034212345542301,0.22771456914532942,0.16666666666666666,0.10169832749867136
p19_V,6.2511206647938865e-06,22.265486404061658,0.00043648612,0.3720617518567867,0.019880939501200286,0.0775266590271102,0.20833333333333334,0.1356478339683586
p24_Y,0.06908968787580123,3.3621526044312713,0.0,0.0,0.0,0.0,0.0,0.0
p25_E,1.6783263837730853e-05,20.051277991570196,0.0019648653,0.007446147774697834,0.3000720051413196,0.04703684540309192,0.0,0.07130397271429699
p26_Y,0.008659296169000899,7.1143630769775,2.6838059e-06,0.017634269103865573,0.03171458274823534,0.011776217388401917,0.08333333333333333,0.028892217275939276
p27_T,0.0022889499743785095,9.696849498461548,0.0018185293,0.042744137064189405,0.041843394546803955,0.05559083532870625,0.0,0.02839937925397872
p29_Y,0.33277586966365125,0.9453798045447244,0.0,0.0,0.0,0.0,0.0,0.0
p31_M,6.350732883323997e-07,27.553843104286088,0.85426545,0.003854716984557856,0.1151322079080446,0.24655716265316155,0.0,0.2439619077954077
p32_V,0.007102904562084021,7.491573154622505,0.00020742533,0.008580692227801195,0.059242064540581355,0.06504649438355149,0.041666666666666664,0.03494866862931446
p33_E,0.7063103857424363,0.14264062258485824,0.0,0.0,0.0,0.0,0.0,0.0
p33_N,0.4058168447080257,0.6957196485860874,0.0,0.0,0.0,0.0,0.0,0.0
p33_S,0.220007528822692,1.5195067211708786,0.0,0.0,0.0,0.0,0.0,0.0
p35_I,7.035447231800486e-08,32.85338414013992,0.85426545,0.003854716984557856,0.1151322079080446,0.24655716265316155,0.0,0.2439619077954077
p35_W,0.0028728169060179072,9.248053461772672,4.7181175e-06,0.06849229521334861,0.2139580274708141,0.025571275605192113,0.125,0.08660526328136142
p36_K,0.028696735824254433,4.898374323810416,0.00056543446,0.007084954620759215,0.020533024660652464,0.031131536281381895,0.0,0.011862990003919296
p36_M,1.5754402319251666e-05,20.191834174538233,0.0,0.01058355775872683,0.016870355751391158,0.07489795745351327,0.0,0.02047037419272625
p36_Q,0.6833940687547743,0.16710839025096708,0.0,0.0,0.0,0.0,0.0,0.0
p37_Y,0.017246540037597544,5.825419626157305,0.00072137965,0.02243363630519567,0.29450381192691927,0.07732923774411106,0.8333333333333334,0.24566427979169067
p38_K,0.024729539907201885,5.166797827339642,0.0007939527,0.010759606075227742,0.017270416042461916,0.011337627008552233,0.041666666666666664,0.016365653704119777
p38_S,0.021827575307323332,5.393603552181849,0.00083451276,0.021521586125273894,0.03570976405902289,0.029294275827505413,0.125,0.04247202775378792
p39_I,0.0029001239828622236,9.22943200085508,0.004508521,0.03401147697909096,0.21548429917171072,0.04783826968270915,0.0,0.06036851335513843
p39_L,5.512932834221322e-05,17.44182556719357,1.5329568e-05,0.008480789278374349,0.003419012765158496,0.012968160647568236,0.0,0.004976658451772052
p39_M,0.008141653498972336,7.231420310603133,0.0015058261,0.0056005276281668685,0.1587138604825567,0.01658595672395817,0.125,0.061481234193783284
p39_V,0.8011092661374588,0.06373011052241488,0.0,0.0,0.0,0.0,0.0,0.0
p40_V,0.9778413954468939,0.0007745596525096047,0.0,0.0,0.0,0.0,0.0,0.0
p41_C,0.9778413954468939,0.0007745596525096047,0.0,0.0,0.0,0.0,0.0,0.0
p41_G,0.009444556647274234,6.949979767016883,0.00014130464,0.07183972937248866,0.004060932954910167,0.017550082423345256,0.041666666666666664,0.027051743211711575
p42_C,0.4852063857206954,0.4900487246911997,0.0,0.0,0.0,0.0,0.0,0.0
p42_F,0.696653257639372,0.15267914278625858,0.0,0.0,0.0,0.0,0.0,0.0
p42_VLI,6.979888056133917e-06,22.016158521317568,3.4323817e-05,0.0035781844541213086,0.09218682220700636,0.03255433714421807,0.0,0.02567073352448713
p44_M,0.7648046293384984,0.08989819745511408,0.0,0.0,0.0,0.0,0.0,0.0
p46_L,0.9437741583024526,0.004994102692360192,0.0,0.0,0.0,0.0,0.0,0.0
p46_M,0.16522775456861422,1.948455449887668,0.0,0.0,0.0,0.0,0.0,0.0
p48_M,0.7816073345506577,0.0771855396200053,0.0,0.0,0.0,0.0,0.0,0.0
p48_VF,0.00011717292126081283,15.820484612789235,0.0005924223,0.05864199743542935,0.1601852976602777,0.006948744931838265,0.0,0.04527369246998308
p49_C,0.0008288497800781621,11.738903526856001,7.28922e-06,0.022194247025824117,0.11765880011982754,0.10087551575881462,0.0,0.048147170424866444
p49_F,0.7534586160381206,0.09908222061488114,0.0,0.0,0.0,0.0,0.0,0.0
p49_I,0.00015364674858120282,15.244109401999795,0.0012710778,0.005732092913032877,0.004735508003537098,0.09190450490669273,0.0,0.02072863672084941
p49_L,0.5475517167182767,0.36369898570439435,0.0,0.0,0.0,0.0,0.0,0.0
p49_M,0.005630156233299405,7.937410170203668,2.6838059e-06,0.017634269103865573,0.03171458274823534,0.011776217388401917,0.08333333333333333,0.028892217275939276
p49_V,0.40731913558358124,0.6912671051723218,0.0,0.0,0.0,0.0,0.0,0.0
p50_F,0.00020958858783164772,14.587991724138853,3.6497506e-05,0.016449505678889843,0.24255356486307922,0.01177051583820899,0.0,0.05416201677719344
p50_L,0.011981082857336284,6.502340168290428,0.00022658543,0.0044626759577975844,0.055082439916668044,0.03236391569769572,0.08333333333333333,0.03509379006655876
p50_T,0.48563215417617567,0.48909155407680643,0.0,0.0,0.0,0.0,0.0,0.0
p50_V,0.6017622301432031,0.2737368695008234,0.0,0.0,0.0,0.0,0.0,0.0
p52_L,0.853937867669232,0.03403193175285966,0.0,0.0,0.0,0.0,0.0,0.0
p52_T,7.035447231800486e-08,32.85338414013992,0.85426545,0.003854716984557856,0.1151322079080446,0.24655716265316155,0.0,0.2439619077954077
p54_ML,0.12431012082856888,2.394251482944494,0.0,0.0,0.0,0.0,0.0,0.0
p54_V,0.9749642822197009,0.00098882949896642,0.0,0.0,0.0,0.0,0.0,0.0
p56_F,0.017301350590376047,5.819571196549595,0.0007939527,0.010759606075227742,0.017270416042461916,0.011337627008552233,0.041666666666666664,0.016365653704119777
p56_G,9.80922538457286e-05,16.200358135695563,0.0110405795,0.06724114289810834,0.16543532336766917,0.06492135408905855,0.0,0.061727679976490514
p56_I,0.705845530941348,0.14311487966869824,0.0,0.0,0.0,0.0,0.0,0.0
p56_V,4.2928541239056834e-08,34.071862380864125,0.0,0.00035823054905037745,0.056418457609849544,0.047118239581704115,0.0,0.020778985548120806
p57_M,0.7556279216700383,0.09728839399919648,0.0,0.0,0.0,0.0,0.0,0.0
p60_L,0.9654925470815823,0.0018791308266552726,0.0,0.0,0.0,0.0,0.0,0.0
p60_V,8.416211789063605e-17,93.09023160546157,0.6177101,0.8992968057918265,0.10336648198651237,0.6517302746098151,0.0,0.4544207351827089
p60_Y,7.125317787603712e-07,27.282346879906605,0.0020238713,0.005571122496249996,0.025583200072433896,0.1602725982542428,0.0,0.03869015842249857
p63_F,0.4908871315100857,0.47739196560918606,0.0,0.0,0.0,0.0,0.0,0.0
p63_I,0.5865490955763876,0.2973040560741636,0.0,0.0,0.0,0.0,0.0,0.0
p63_L,0.3781830649430923,0.7821476133848781,0.0,0.0,0.0,0.0,0.0,0.0
p63_V,0.011311993625321181,6.6100823553603805,0.0015058261,0.0056005276281668685,0.1587138604825567,0.01658595672395817,0.125,0.061481234193783284
p64_K,0.8448962122052803,0.038432178380796864,0.0,0.0,0.0,0.0,0.0,0.0
p64_Q,0.09349027239003012,2.8566311537525895,0.0,0.0,0.0,0.0,0.0,0.0
p64_T,1.5754402319251666e-05,20.191834174538233,0.0,0.01058355775872683,0.016870355751391158,0.07489795745351327,0.0,0.02047037419272625
p65_N,0.4672495623867402,0.5317180197576715,0.0,0.0,0.0,0.0,0.0,0.0
p69_R,3.1455296642413923e-06,23.83012616360462,2.3973985e-07,0.0014028147592068066,0.13806517531087303,0.09280790577427167,0.0,0.04645522711683981
p70_T,0.021032460973868766,5.461301243619219,0.0007939527,0.010759606075227742,0.017270416042461916,0.011337627008552233,0.041666666666666664,0.016365653704119777
p71_P,0.9363560893761167,0.006401835484077652,0.0,0.0,0.0,0.0,0.0,0.0
p74_Y,0.7155982764408266,0.13335244058743204,0.0,0.0,0.0,0.0,0.0,0.0
p77_V,0.021032460973874366,5.461301243618753,0.0007939527,0.010759606075227742,0.017270416042461916,0.011337627008552233,0.041666666666666664,0.016365653704119777
p81_I,0.705845530941348,0.14311487966869824,0.0,0.0,0.0,0.0,0.0,0.0
p81_V,0.000601520529871194,12.394768660597766,0.0012689639,0.010381289752152762,0.17642701910763883,0.0626823878225458,0.0,0.050151932118781606
p83_G,0.03636757205082269,4.475547401059461,0.0,0.40346184585243905,0.018283033818986567,0.02344694714924898,0.0,0.08903836536413492
p83_N,0.007141287545764741,7.481276407511923,0.0013597314,0.22129879884092463,0.5566278883362957,0.3260726050955207,0.625,0.3460718047394682
p84_L,0.0015368218190938401,10.490941833666925,0.000106049534,0.00030233339057780014,0.0627722747001351,0.025995542539580807,0.0,0.01783524003290363
p84_T,5.54418806415606e-06,22.537430868730482,0.0,9.012162313089718e-05,0.0041004027334468635,0.02694309743968102,0.0,0.006226724359251756
p85_I,0.03636757205082269,4.475547401059461,0.0,0.40346184585243905,0.018283033818986567,0.02344694714924898,0.0,0.08903836536413492
p85_VCL,0.3737118300691916,0.7969848201571175,0.0,0.0,0.0,0.0,0.0,0.0
p86_TV,0.013102193123038293,6.335136699392723,0.0033600577,0.07147020506289882,0.5506601805715474,0.13055631319436448,0.0,0.15120935130882746
p87_C,7.035447231800486e-08,32.85338414013992,0.85426545,0.003854716984557856,0.1151322079080446,0.24655716265316155,0.0,0.2439619077954077
p87_V,1.1171719769171968e-05,20.95860284141782,0.0075280606,0.15532690561388213,0.237345547830842,0.37455440767844383,0.5416666666666666,0.26328431767427396
p88_C,0.006263947273810495,7.732285838728906,5.4743097e-05,0.01028058780330567,0.033550634583499425,0.019807383241257408,0.0,0.012738669745068532
p88_F,0.010557906539768337,6.739760830396874,0.00047029648,0.023497086784100462,0.0008463517042555461,0.0358567790177156,0.16666666666666666,0.04546743613049997
p88_I,0.0008801267044409538,11.616686609248978,0.000883514,0.0057996591093928814,0.02266239882005729,0.06925792646553115,0.0,0.019720699679668767
p88_L,0.6344332647544482,0.22720903449410126,0.0,0.0,0.0,0.0,0.0,0.0
p89_F,0.07083339011398554,3.3199768479594916,0.0,0.0,0.0,0.0,0.0,0.0
p89_G,0.016701334430435845,5.884675563293831,0.0023383312,0.00606452280184052,0.04650320604930868,0.09122256963547705,0.125,0.054225725935871626
p93_T,0.035907123981963496,4.498141293071893,7.78029e-07,0.19424637742824155,0.1452477076190905,0.01317036403059675,0.125,0.09553304542138671
p93_V,6.138428046699187e-11,51.24109346615505,0.0017032073,0.3062395516898086,0.02317028701339661,0.3112153967154672,0.0,0.12846568853666535
p94_T,1.9463028709438394e-06,24.935842149850664,0.0010101513,0.10805743775127284,0.3132201659138931,0.13254340366258985,0.0,0.11096623173498026
p95_I,0.6312042516731967,0.23156889394449967,0.0,0.0,0.0,0.0,0.0,0.0
p95_L,0.0012220474074967108,10.951789971935389,6.595603e-05,0.004109166409013625,0.18772526509459778,0.030421985702536642,0.3333333333333333,0.111131141314277
p95_M,0.5840810772726553,0.30124652086620035,0.0,0.0,0.0,0.0,0.0,0.0
p95_V,0.9629122464294251,0.0021708750450182505,0.0,0.0,0.0,0.0,0.0,0.0
p96_V,0.8272817189852127,0.04780645486778363,0.0,0.0,0.0,0.0,0.0,0.0
p96_Y,2.29832735834791e-06,24.551793479683617,0.0071011377,0.025878147374940548,0.1894582899423714,0.1663384775305785,0.0,0.0777552105009218
p97_S,0.35096696123552096,0.8765013589750916,0.0,0.0,0.0,0.0,0.0,0.0
p97_T,0.10134253766539915,2.72428931793911,0.0,0.0,0.0,0.0,0.0,0.0
p98_C,8.848990349116422e-09,38.037896184048385,0.0,8.229596045235016e-05,0.09274877135561128,0.3567348368776407,0.0,0.08991318083874086
p98_S,0.010680435231664318,6.718046681495451,5.34023e-05,0.052181724806095786,0.15702374734383553,0.0603398967962909,0.0,0.053919754248917026
p99_I,0.5644676420546438,0.3338028849369189,0.0,0.0,0.0,0.0,0.0,0.0
p99_L,0.8172731549158714,0.05361122418750594,0.0,0.0,0.0,0.0,0.0,0.0
p99_M,0.02441785505661679,5.189778466524744,0.00044990255,0.008407433046896947,0.024923818947825447,0.017577453230439334,0.041666666666666664,0.018605054888894808
p99_W,0.4908871315100857,0.47739196560918606,0.0,0.0,0.0,0.0,0.0,0.0
p100_MS,0.013102193123038293,6.335136699392723,0.0,0.0008175595405159205,0.21530797567214768,0.008989879699433932,0.0,0.04502308298241951
p100_N,0.6013076045730824,0.27442311119326435,0.0,0.0,0.0,0.0,0.0,0.0
p100_V,3.5308803401616533e-12,59.33726056309386,0.022367626,0.04329793360651775,0.37238158112103936,0.1813496142180764,0.0,0.12387935107484753
p100_Y,0.0020658006539550286,9.900454257166919,0.0,0.03865247001976509,0.14089643403285443,0.058884760617661215,0.0,0.04768673293405615
p102_Y,0.8272817189853856,0.047806454867687004,0.0,0.0,0.0,0.0,0.0,0.0
p103_M,4.2928541239056834e-08,34.071862380864125,0.0,0.00035823054905037745,0.056418457609849544,0.047118239581704115,0.0,0.020778985548120806
p104_I,0.4928566605097797,0.4730609270114397,0.0,0.0,0.0,0.0,0.0,0.0
p104_S,5.011280873512387e-09,39.49249113812115,0.0,0.04098226749174176,0.08147582258810837,0.1404172149956276,0.0,0.05257506101509555
p104_V,3.135279208404905e-07,29.231418477266885,2.8426275e-05,0.06469052767305108,0.018040660875232217,0.17076300252143853,0.041666666666666664,0.059037856802296465
p105_L,0.5036260824001136,0.4498869456101005,0.0,0.0,0.0,0.0,0.0,0.0
p105_MH,0.00035468272123054056,13.486814196664499,0.1850067,0.008651737754876857,0.05026342686829898,0.03609319782307112,0.0,0.05600301109036175
p107_R,0.9819161729910139,0.0005158375986616455,0.0,0.0,0.0,0.0,0.0,0.0
p107_STKEQ,0.9813979595168407,0.0005458305671011564,0.0,0.0,0.0,0.0,0.0,0.0
p107_V,0.29311773134017155,1.1146124587132793,0.0,0.0,0.0,0.0,0.0,0.0
p108_I,0.0057842222254438505,7.885425972743485,4.1291103e-05,0.0062647904628877924,0.1648861859626085,0.009141330966616871,0.0,0.03606671969904589
p108_L,0.0004423100930178112,13.02868086468899,0.0001614866,0.07966865281861875,0.08354739875907308,0.03874551752436813,0.041666666666666664,0.048757944474758494
p108_T,2.460663796490339e-07,29.812168636755203,0.07328504,0.0016405103947855421,0.14804423533901415,0.1018777508193345,0.2916666666666667,0.12330284129187889
p108_V,0.6335034765485457,0.22845922272671038,0.0,0.0,0.0,0.0,0.0,0.0
p109_G,7.035447231807596e-08,32.853384140137464,0.85426545,0.003854716984557856,0.1151322079080446,0.24655716265316155,0.0,0.2439619077954077
p110_R,0.00011460062234220986,15.867845788511682,1.7771412e-06,0.2563989931237252,0.08742507038494544,0.022355504751339857,0.0,0.07323626908023509
p111_N,0.07294563184458396,3.270370197700518,0.0,0.0,0.0,0.0,0.0,0.0
p111_T,2.0172263263908048e-08,35.95501272780939,0.10513727,0.08534528991283707,0.14450487708340914,0.11618722508661139,0.0,0.0902349331504201
p111_V,1.946302870946478e-06,24.93584214984754,0.0010101513,0.10805743775127284,0.3132201659138931,0.13254340366258985,0.0,0.11096623173498026
p111_Y,0.265195736163706,1.2526356956357263,0.0,0.0,0.0,0.0,0.0,0.0
p112_L,0.04408329272931108,4.13654051641512,0.0012666964,0.009687558062987774,0.06303610246277315,0.03297958154435195,0.25,0.07139398768880899
p112_M,8.789298396521703e-10,44.034166244170486,0.051118318,0.1458068473000896,0.20111290449223865,0.09072054862575582,0.0,0.09775172368191584
p112_V,0.0017939749334287814,10.181477181858925,0.0003578744,0.02072503605106643,0.003687439080499675,0.05906583793176588,0.0,0.016767237494106427
p116_M,0.25618409432925765,1.3011496485506928,0.0,0.0,0.0,0.0,0.0,0.0
p116_S,0.4957236388498748,0.4668082387319799,0.0,0.0,0.0,0.0,0.0,0.0
p119_I,1.6758568042601554e-05,20.054547677399082,0.010196418,0.048888971347803976,0.0825022239979666,0.09403628890708571,0.0,0.04712478036459408
p119_L,0.004818443057045131,8.23812924375043,0.0003099323,0.015877198576905612,0.021727740908073608,0.10928125431857591,0.0,0.029439225222225633
p122_M,0.7777988449905815,0.07997515818545585,0.0,0.0,0.0,0.0,0.0,0.0
p122_Q,4.581214796021947e-13,65.36586348967137,0.024409764,0.9051656235905172,0.9283998407168135,0.7292898182444048,0.7916666666666666,0.6757863425466796
p123_V,2.0499475928604088e-05,19.608036354798912,0.00021249011,0.4845756069740845,0.0960122828282873,0.1371621225900668,0.041666666666666664,0.15192583383332403
p124_G,0.38003458381050814,0.7760761785444443,0.0,0.0,0.0,0.0,0.0,0.0
p124_S,4.51693703417325e-05,17.874633044468567,9.1047343e-07,0.0017271582696392594,0.03602871926720141,0.033865239233541095,0.16666666666666666,0.04765773878209604
p127_S,0.5870800119123398,0.29646036705013024,0.0,0.0,0.0,0.0,0.0,0.0
p129_V,0.7901202107767862,0.07114236752890017,0.0,0.0,0.0,0.0,0.0,0.0
p133_V,0.002314237826373854,9.675076621483347,0.0010266389,0.014896319190127428,0.24224503096490335,0.06105537414708281,0.125,0.08884467264040867
p136_Y,0.3994503730081871,0.7148607977714998,0.0,0.0,0.0,0.0,0.0,0.0
p137_L,0.5121260878073581,0.4321878142296725,0.0,0.0,0.0,0.0,0.0,0.0
p137_M,0.1359770361445165,2.2518433280992096,0.0,0.0,0.0,0.0,0.0,0.0
p137_V,0.03552064897682685,4.5173437711526,0.0018387095,0.025924110565652286,0.043397815528522704,0.025213934946795677,0.0,0.019274914100308415
p143_M,0.6853319716061387,0.16495214127678776,0.0,0.0,0.0,0.0,0.0,0.0
p143_VT,0.4490837741021111,0.57658456342217,0.0,0.0,0.0,0.0,0.0,0.0
p144_G,0.011750551651222234,6.538738968805763,0.0007939527,0.010759606075227742,0.017270416042461916,0.011337627008552233,0.041666666666666664,0.016365653704119777
p144_S,0.008154155872985448,7.228503084599168,2.0031724e-05,0.0057327230944158696,0.16509536254515011,0.03208920856371975,0.0,0.040587465185554936
p145_S,0.034708390320289294,4.558433810876112,0.0,0.40346184585243905,0.018283033818986567,0.02344694714924898,0.0,0.08903836536413492
p147_R,0.03636757205081361,4.47554740105992,0.0,0.40346184585243905,0.018283033818986567,0.02344694714924898,0.0,0.08903836536413492
p149_S,0.03284181889778154,4.656851573987856,1.1534944e-05,0.0009824728743032956,0.00012472003744032724,0.031030614164429284,0.0,0.006429868404024805
p149_T,0.33144196827703243,0.9506303861161329,0.0,0.0,0.0,0.0,0.0,0.0
p150_E,0.016579585963069323,5.898184052376538,0.012348027,0.03310833124057314,0.30178997207661284,0.05073359298649881,0.041666666666666664,0.08792931798777806
p150_G,7.035447231800486e-08,32.85338414013992,0.85426545,0.003854716984557856,0.1151322079080446,0.24655716265316155,0.0,0.2439619077954077
p150_SQ,0.4715346458452295,0.5215393414546241,0.0,0.0,0.0,0.0,0.0,0.0
p151_N,0.4642807128633438,0.538858925124313,0.0,0.0,0.0,0.0,0.0,0.0
p151_SAK,0.22710178966011904,1.4733788719563143,0.0,0.0,0.0,0.0,0.0,0.0
p151_T,0.35125543120446723,0.8754484920580797,0.0,0.0,0.0,0.0,0.0,0.0
p153_S,2.1024271054470036e-07,30.19064776555994,0.01848285,0.28901376847651256,0.10540278908895116,0.11104829535886337,0.0,0.10478954075777133
p154_G,0.006955352770303308,7.531699873280372,4.8188614e-08,0.12192253337631258,0.016434188755596213,0.0678739273408299,0.0,0.04124613953227054
p154_I,0.08054439239049817,3.10401019510386,0.0,0.0,0.0,0.0,0.0,0.0
p154_L,0.7648046293386218,0.08989819745501379,0.0,0.0,0.0,0.0,0.0,0.0
p154_M,9.226781368679174e-06,21.38751259031386,0.00029577795,0.0003546771969709695,0.032114060281683794,0.04980394618364808,0.0,0.01651369232259431
p154_V,0.8624380912952283,0.030146946767666084,0.0,0.0,0.0,0.0,0.0,0.0
p155_M,0.02981414002094985,4.8298066798675725,0.0,0.40346184585243905,0.018283033818986567,0.02344694714924898,0.0,0.08903836536413492
p157_I,4.9666291002496346e-05,17.668267428043595,0.0,0.004083924123792545,0.023150432235943944,0.06750417053111975,0.0,0.018947705378171247
p157_L,0.755605461276738,0.09730687458197775,0.0,0.0,0.0,0.0,0.0,0.0
p157_V,8.342722678636148e-09,38.18794937348192,0.0026585069,0.10533699483748696,0.07570355247669953,0.1327938056856339,0.08333333333333333,0.07996523863770447
p158_G,0.30004444291290994,1.082962373113087,0.0,0.0,0.0,0.0,0.0,0.0
p158_L,1.5754402319251666e-05,20.191834174538233,0.0011312312,0.09547811070839177,0.048403299454486994,0.09110644201036064,0.0,0.04722381667426535
p158_S,0.4381964212284466,0.6048673947918151,0.0,0.0,0.0,0.0,0.0,0.0
p158_VTIMF,0.06812393624809286,3.3860108940044658,0.0,0.0,0.0,0.0,0.0,0.0
p159_F,0.3666349776300404,0.8209870705120503,0.0,0.0,0.0,0.0,0.0,0.0
p159_L,0.7109551939918886,0.1379511560018856,0.0,0.0,0.0,0.0,0.0,0.0
p160_T,0.21216037325436024,1.572666203270987,0.0,0.0,0.0,0.0,0.0,0.0
p162_I,0.37617505729843637,0.788780051011044,0.0,0.0,0.0,0.0,0.0,0.0
p162_L,0.518235632080492,0.41977898626634585,0.0,0.0,0.0,0.0,0.0,0.0
p162_M,5.025891872086584e-05,17.642504191027964,9.9689896e-05,0.006899525240797734,0.14843751817137432,0.0024933955687697447,0.0,0.03158602577542041
p162_TGA,0.8015611855057847,0.06343458085717726,0.0,0.0,0.0,0.0,0.0,0.0
p162_V,1.5494925256167876e-08,36.61860910245804,0.0013497642,0.1097503506192362,0.12172944655111786,0.14904994220001525,0.3333333333333333,0.14304256737625565
p163_M,0.4320159668218859,0.6214106782774492,0.0,0.0,0.0,0.0,0.0,0.0
p164_S,0.5787710025456888,0.30984419964180304,0.0,0.0,0.0,0.0,0.0,0.0
p165_F,0.9016211597184892,0.015342526109851264,0.0,0.0,0.0,0.0,0.0,0.0
p165_L,8.952261515904816e-05,16.396302786875086,0.000931145,0.013180187326136667,0.10710553731593431,0.04939330157303794,0.041666666666666664,0.04245536757296352
p165_M,0.05402289976926537,3.7829451824451144,0.0,0.0,0.0,0.0,0.0,0.0
p165_S,0.05579186050833007,3.727379153833613,0.0,0.0,0.0,0.0,0.0,0.0
p166_S,5.673089469147759e-06,22.485301587745838,0.0003348858,0.0489620557767125,0.012742174607017674,0.08336279830725302,0.125,0.05408038289545414
p168_S,0.31582430357854724,1.0142838938523608,0.0,0.0,0.0,0.0,0.0,0.0
p168_T,0.7901202107769263,0.0711423675288058,0.0,0.0,0.0,0.0,0.0,0.0
p169_GFLM,0.32642121008161384,0.9706502933985536,0.0,0.0,0.0,0.0,0.0,0.0
p169_V,1.2580912065442753e-07,31.43324799780562,0.00019853936,0.04784521863472941,0.08836415069381774,0.2076948591707436,0.4583333333333333,0.1604872202387265
p173_L,0.23239108774994038,1.4401095335897554,0.0,0.0,0.0,0.0,0.0,0.0
p173_V,0.6631085630009488,0.19067523343245577,0.0,0.0,0.0,0.0,0.0,0.0
p179_L,1.9292961150696848e-05,19.7422719975257,5.6014965e-06,0.027364326837273124,0.05270492684039565,0.154464598257619,0.0,0.04690789068635124
p181_E,0.3138932178762726,1.0224442812092187,0.0,0.0,0.0,0.0,0.0,0.0
p183_L,0.9447163918229469,0.004827853185754683,0.0,0.0,0.0,0.0,0.0,0.0
p183_M,2.0769676057804977e-05,19.57907958561469,2.8756208e-06,0.024575929241270736,0.04100943043456862,0.05809750809376316,0.0,0.02473714867807929
p185_S,0.7556279216700383,0.09728839399919648,0.0,0.0,0.0,0.0,0.0,0.0
p185_T,4.2928541239056834e-08,34.071862380864125,0.0,0.00035823054905037745,0.056418457609849544,0.047118239581704115,0.0,0.020778985548120806
p185_V,3.0422759179750456e-07,29.30345953264979,0.00050550885,0.0045237159524024306,0.2005005598522539,0.047352679041194785,0.0,0.05057649274016727
p186_S,0.5422779563024371,0.373378579059374,0.0,0.0,0.0,0.0,0.0,0.0
p189_P,0.021032460973874366,5.461301243618753,0.0007939527,0.010759606075227742,0.017270416042461916,0.011337627008552233,0.041666666666666664,0.016365653704119777
p189_V,0.8273755684222126,0.04775367481147411,0.0,0.0,0.0,0.0,0.0,0.0
p194_P,0.02417224280866144,5.208105946237176,0.00060292776,0.015732226291456985,0.15606889292072665,0.025460278403812604,0.20833333333333334,0.08123953174135133
p194_R,0.708879840008961,0.14003541079560528,0.0,0.0,0.0,0.0,0.0,0.0
p195_H,0.008659296168998071,7.114363076978131,2.6838059e-06,0.017634269103865573,0.03171458274823534,0.011776217388401917,0.08333333333333333,0.028892217275939276
p195_K,0.2835078930866687,1.160154233780597,0.0,0.0,0.0,0.0,0.0,0.0
p195_N,0.0001383162214444327,15.46725899929557,0.0,0.00019677945458664037,0.06830427518214746,0.002992811097507745,0.0,0.014298773146848371
p195_T,0.2922872964600821,1.118471771022863,0.0,0.0,0.0,0.0,0.0,0.0
p196_P,0.03897061010548526,4.353270343107515,0.0010880325,0.02768773789412317,0.032826687436117996,0.03325475098883683,0.041666666666666664,0.027304775096940077
p197_E,0.6824787254781791,0.1681325563703393,0.0,0.0,0.0,0.0,0.0,0.0
p197_G,0.7282300219553222,0.12128571355284751,0.0,0.0,0.0,0.0,0.0,0.0
p198_I,0.9737375140940687,0.0010881467635304614,0.0,0.0,0.0,0.0,0.0,0.0
p198_T,0.008659296168998071,7.114363076978131,2.6838059e-06,0.017634269103865573,0.03171458274823534,0.011776217388401917,0.08333333333333333,0.028892217275939276
p198_V,0.8939533840329748,0.01784230817633684,0.0,0.0,0.0,0.0,0.0,0.0
p198_Y,0.00014639445202756078,15.346692267749855,0.0038694718,0.06071564926474751,0.19611428983219878,0.026107382070693796,0.7083333333333334,0.19902802526793426
p199_N,0.2137400239210363,1.561777137100188,0.0,0.0,0.0,0.0,0.0,0.0
p203_Y,0.08295315589862741,3.0548250873955958,0.0,0.0,0.0,0.0,0.0,0.0
p205_L,0.4609270507392659,0.5470140543074345,0.0,0.0,0.0,0.0,0.0,0.0
p205_M,7.419715573486331e-06,21.8782189867541,0.013057415,0.35178431952972056,0.14141046134172885,0.31217346493520337,0.0,0.16368513223605524
p205_V,0.8064337385745185,0.06029452483885513,0.0,0.0,0.0,0.0,0.0,0.0
p209_F,0.7761181295027532,0.08122326253782158,0.0,0.0,0.0,0.0,0.0,0.0
p209_G,0.2683105604435265,1.2363451779464791,0.0,0.0,0.0,0.0,0.0,0.0
p209_I,0.39062407706333646,0.7421453006478987,0.0,0.0,0.0,0.0,0.0,0.0
p209_L,0.2442403457689545,1.3688216299270604,0.0,0.0,0.0,0.0,0.0,0.0
p209_S,2.394328202210313e-11,53.868075579358894,0.020720428,0.6320550904229727,0.03294705725290732,0.2789142437309621,0.0,0.19292736385253828
p209_T,0.000646700283602275,12.246140126963224,0.0,0.02399388396951248,0.08183373280936014,0.02801283824797668,0.0,0.026768091005369858
p209_V,9.934699824234837e-08,32.00849272987624,0.00064259564,0.0761294277868394,0.21144622940138166,0.08944466024688795,0.20833333333333334,0.11719924928129954
p210_V,1.1428724934380923e-08,37.388064113708175,0.0046890927,0.022439464237028268,0.09179515647029032,0.1314249362942422,0.0,0.05006972994988558
p213_F,5.507009123640717e-07,27.890916347043948,0.014417896,0.1164067899168644,0.2046973936737077,0.15242718232395655,0.0,0.09758985239235266
p213_I,0.08039717350204229,3.1070681980955404,0.0,0.0,0.0,0.0,0.0,0.0
p213_L,0.7452135241946624,0.10606530447256766,0.0,0.0,0.0,0.0,0.0,0.0
p213_M,0.2883874167222404,1.1367864310846008,0.0,0.0,0.0,0.0,0.0,0.0
p213_S,0.3169240514360626,1.0096659392350056,0.0,0.0,0.0,0.0,0.0,0.0
p213_T,0.6941718433873731,0.1553221736125886,0.0,0.0,0.0,0.0,0.0,0.0
p213_V,0.3054409336243175,1.0589541803303097,0.0,0.0,0.0,0.0,0.0,0.0
p214_GL,0.8100415914365238,0.05802390884446857,0.0,0.0,0.0,0.0,0.0,0.0
p214_I,0.03662656745341053,4.46297158253771,0.00059011736,0.006549201721752479,0.05398366544695457,0.04917237153734309,0.0,0.02205907121265115
p214_T,0.6181617083807246,0.2497044804759527,0.0,0.0,0.0,0.0,0.0,0.0
p214_V,0.08559819696478263,3.0025821943040514,0.0,0.0,0.0,0.0,0.0,0.0
p216_M,0.9853982353243046,0.0003362922028443023,0.0,0.0,0.0,0.0,0.0,0.0
p216_V,0.021032460973874366,5.461301243618753,0.0007939527,0.010759606075227742,0.017270416042461916,0.011337627008552233,0.041666666666666664,0.016365653704119777
p217_CMS,0.0649555522030641,3.466933994644653,0.0,0.0,0.0,0.0,0.0,0.0
p217_F,0.15658925367342902,2.031218066791677,0.0,0.0,0.0,0.0,0.0,0.0
p217_I,0.012166608565065648,6.473572981646281,0.0005574354,0.015119419706184372,0.014688674288232858,0.029848976650160224,0.0,0.01204290120599893
p217_T,0.009621428667931168,6.914914670883109,0.0004468254,0.004213472695594058,0.12778830786722606,0.05491140368065732,0.20833333333333334,0.07913866859629244
p217_V,0.34820316444587873,0.8866492744154869,0.0,0.0,0.0,0.0,0.0,0.0
p218_L,1.5754402319251666e-05,20.191834174538233,0.0,0.01058355775872683,0.016870355751391158,0.07489795745351327,0.0,0.02047037419272625
p218_T,1.5764434406017314e-18,107.27934991598104,0.6177101,0.8992968057918265,0.10336648198651237,0.6517302746098151,0.0,0.4544207351827089
p218_V,0.014819402870864367,6.105961459108921,0.0010864666,0.03954890270233469,0.06385171274016443,0.06540695092539506,0.5833333333333334,0.15064547325953787
p219_V,0.33277586966358297,0.9453798045450038,0.0,0.0,0.0,0.0,0.0,0.0
p220_S,0.6358836623417548,0.2252672431204592,0.0,0.0,0.0,0.0,0.0,0.0
p222_S,0.4908871315100857,0.47739196560918606,0.0,0.0,0.0,0.0,0.0,0.0
p222_T,0.03636757205082269,4.475547401059461,0.0,0.40346184585243905,0.018283033818986567,0.02344694714924898,0.0,0.08903836536413492
p225_Q,0.014006998112599905,6.210724764884118,0.0015058261,0.0056005276281668685,0.1587138604825567,0.01658595672395817,0.125,0.061481234193783284
p225_R,0.44826686668390403,0.578669520781625,0.0,0.0,0.0,0.0,0.0,0.0
p225_S,0.04844646095835812,3.971793328120451,0.0,0.0,0.0,0.0,0.0,0.0
p227_L,0.8059475105784204,0.06060406851873204,0.0,0.0,0.0,0.0,0.0,0.0
p227_V,0.5387320072852834,0.3799854963994849,0.0,0.0,0.0,0.0,0.0,0.0
p228_F,0.012909585968601976,6.362775817932989,6.551458e-07,0.0030389536485294975,0.16725316380331598,0.02353525427871624,0.0,0.03876560537527462
p228_L,1.5754402319251666e-05,20.191834174538233,0.0,0.01058355775872683,0.016870355751391158,0.07489795745351327,0.0,0.02047037419272625
p228_M,0.0008635951899446498,11.65527303360497,0.0,0.0002346468482787083,0.016786029568545073,0.02871061066317162,0.0,0.00914625741599908
p229_K,0.4908871315100857,0.47739196560918606,0.0,0.0,0.0,0.0,0.0,0.0
p229_T,0.5387320072852834,0.3799854963994849,0.0,0.0,0.0,0.0,0.0,0.0
p231_R,0.9145254736251682,0.011566899447388534,0.0,0.0,0.0,0.0,0.0,0.0
p232_E,0.034708390320280134,4.558433810876571,0.0,0.40346184585243905,0.018283033818986567,0.02344694714924898,0.0,0.08903836536413492
p236_Q,0.8059475105783332,0.06060406851877816,0.0,0.0,0.0,0.0,0.0,0.0
p239_E,0.46724956238681614,0.531718019757496,0.0,0.0,0.0,0.0,0.0,0.0
p241_E,0.002596320576788065,9.447578491200977,1.389753e-06,0.0025722568164999408,0.04897181836495576,0.07178511899242604,0.0,0.024666116785383947
p242_T,0.017030408989192503,5.848672363515271,0.0007939527,0.010759606075227742,0.017270416042461916,0.011337627008552233,0.041666666666666664,0.016365653704119777
p245_R,0.4750933246643163,0.5131995913336479,0.0,0.0,0.0,0.0,0.0,0.0
p248_R,0.0001085287745362551,15.984092086735759,0.00025475046,0.15325024509497773,0.06703112952691372,0.11347580413684992,0.0,0.06680238584284764
p251_T,0.2977518623242093,1.093332214670042,0.0,0.0,0.0,0.0,0.0,0.0
p254_V,0.46724956238681614,0.531718019757496,0.0,0.0,0.0,0.0,0.0,0.0
p255_L,3.1455296642385044e-06,23.83012616360675,2.3973985e-07,0.0014028147592068066,0.13806517531087303,0.09280790577427167,0.0,0.04645522711683981
p255_V,0.9098161317184121,0.012882284676226884,0.0,0.0,0.0,0.0,0.0,0.0
p256_L,0.01690790417212411,5.861989626503983,0.009849643,0.012924226002271845,0.0896001120572991,0.05491142964490162,0.8333333333333334,0.20012374887451045
p256_M,0.48928190074656497,0.4809435372367462,0.0,0.0,0.0,0.0,0.0,0.0
p258_V,0.8272817189853856,0.047806454867687004,0.0,0.0,0.0,0.0,0.0,0.0
p259_I,0.0001613896895597809,15.13991122783372,7.688932e-06,0.036291884944594906,0.11084474427451163,0.0542469917931118,0.08333333333333333,0.05694492865548502
p259_L,8.127115634187183e-10,44.24169517786684,0.0,0.16999818954248733,0.13320111029224035,0.2177427051305334,0.20833333333333334,0.1458550676597189
p259_V,0.18290415885141578,1.7937165618234703,0.0,0.0,0.0,0.0,0.0,0.0
p260_G,0.018092009478407507,5.737298328793424,0.0,0.013791487773878421,0.15339345802911405,0.014802630361560383,0.3333333333333333,0.10306418189957722
p260_S,0.9087463865245392,0.01319107812613493,0.0,0.0,0.0,0.0,0.0,0.0
p261_Y,0.07008113362094862,3.3380324574084477,0.0,0.0,0.0,0.0,0.0,0.0
p263_I,4.717130504047356e-05,17.78028692421792,0.00040582215,0.21282934549850493,0.03644599318670423,0.10044800895315677,0.25,0.12002583395826724
p263_L,1.6116132168172246e-05,20.14137710286723,0.0,0.02177154722251614,0.12830222121705995,0.03367514369713404,0.0,0.036749782427342025
p263_V,0.21879684335025237,1.5275582114082664,0.0,0.0,0.0,0.0,0.0,0.0
p264_C,0.021032460973868766,5.461301243619219,0.0007939527,0.010759606075227742,0.017270416042461916,0.011337627008552233,0.041666666666666664,0.016365653704119777
p266_L,0.014574812821198366,6.13685900553316,6.997643e-05,0.014407313292819303,0.025277657657139293,0.020340762113011838,0.375,0.08701914189814748
p266_T,0.895086907920991,0.017460683112107724,0.0,0.0,0.0,0.0,0.0,0.0
p266_V,0.018526327463546065,5.693691339136991,0.00010019955,0.03539400318414772,0.010511521379970482,0.1088745672475808,0.041666666666666664,0.03930939160525059
p269_TG,0.0001272921480612109,15.643950010362138,0.0144720925,0.3427049874249018,0.8219349254800902,0.43006223110795666,0.0,0.3218348473029536
p270_M,0.2683105604435265,1.2363451779464791,0.0,0.0,0.0,0.0,0.0,0.0
p270_S,0.01635284098125744,5.923620987758458,0.0059607537,0.017483780153254247,0.2475414710616704,0.07251149155778666,0.5833333333333334,0.18536616595184863
p270_VYT,0.39645063680769455,0.7240348676869486,0.0,0.0,0.0,0.0,0.0,0.0
p271_T,0.5531085503100577,0.3536866934473457,0.0,0.0,0.0,0.0,0.0,0.0
p271_V,0.024299221781425854,5.19860650673623,1.0626954e-06,0.017643244289989063,0.16682233490302106,0.1473154720086804,0.16666666666666666,0.0996897561127607
p271_Y,2.0172263263908048e-08,35.95501272780939,0.10513727,0.08534528991283707,0.14450487708340914,0.11618722508661139,0.0,0.0902349331504201
p273_F,0.014119247960067943,6.19587759777667,0.0019293372,0.06286793908344615,0.027825555740723335,0.039095198866361563,0.041666666666666664,0.034676939503199375
p273_G,0.00010010787765150689,16.156813408478357,0.002773233,0.2740405559782099,0.1489019570825809,0.09813365425161742,0.0,0.10476988006065682
p273_W,0.42275569607431285,0.6468846907051213,0.0,0.0,0.0,0.0,0.0,0.0
p274_W,0.02889226248304,4.886174954289701,0.0007939527,0.010759606075227742,0.017270416042461916,0.011337627008552233,0.041666666666666664,0.016365653704119777
p274_Y,0.015511823346163958,6.021297504244449,9.5718664e-05,0.03404856344097729,0.08912351313478642,0.0466716031576752,0.125,0.05898787967947629
p277_F,1.982320458525024e-13,67.89789656734763,0.0,0.930920687621836,0.0123831628480523,0.78773276610366,0.0,0.34620732331470966
p277_L,3.1455296642385044e-06,23.83012616360675,2.3973985e-07,0.0014028147592068066,0.13806517531087303,0.09280790577427167,0.0,0.04645522711683981
p277_T,0.0012819355274686214,10.855351039132179,2.3220127e-05,0.02264607204580035,0.14264163483451603,0.06296625159104087,0.0,0.04565543571973786
p278_N,0.026685191592713837,5.029220612310324,0.0034538882,0.006044807265096316,0.03508403044584113,0.03935962782018928,0.16666666666666666,0.05012180408593636
p279_Q,0.008674818666012246,7.11096599646641,0.0007939527,0.010759606075227742,0.017270416042461916,0.011337627008552233,0.041666666666666664,0.016365653704119777
p279_R,2.5726191834245963e-17,97.22317437350335,0.6177101,0.8992968057918265,0.10336648198651237,0.6517302746098151,0.0,0.4544207351827089
p281_S,0.03794580459272723,4.4003450186196735,7.2922616e-05,0.02560996452070398,0.02053452527706452,0.01428025765552033,0.0,0.012099534013817777
p281_T,0.9588018443484347,0.00267918971261778,0.0,0.0,0.0,0.0,0.0,0.0
p281_V,0.054579677944135534,3.7652477525288113,0.0,0.0,0.0,0.0,0.0,0.0
p282_D,0.03262054482470679,4.668909463323773,9.407309e-05,0.015677694580456293,0.005691948534789451,0.037666172593040836,0.08333333333333333,0.028492644426266533
p282_E,0.6910297816196789,0.15870657879246183,0.0,0.0,0.0,0.0,0.0,0.0
p282_N,0.6243544786042914,0.24098757219255487,0.0,0.0,0.0,0.0,0.0,0.0
p282_S,7.035447231800486e-08,32.85338414013992,0.85426545,0.003854716984557856,0.1151322079080446,0.24655716265316155,0.0,0.2439619077954077
p282_T,0.05282791901124052,3.821597953053722,0.0,0.0,0.0,0.0,0.0,0.0
p284_S,1.543788260229439e-09,42.5498163851901,0.0,0.04705514586463026,0.11132761103766114,0.07388643479521116,0.0,0.04645383833950052
p284_T,0.00014561944382768233,15.357960513982876,3.6438672e-05,0.191351241870073,0.09405719499519899,0.1346876308148079,0.0,0.08402650127049514
p285_P,0.021032460973868766,5.461301243619219,0.0007939527,0.010759606075227742,0.017270416042461916,0.011337627008552233,0.041666666666666664,0.016365653704119777
p286_L,1.4880986099643322e-05,20.31870598073208,0.009414965,0.07468158553427717,0.15952573216149085,0.17060220084166872,0.4166666666666667,0.16617823009819088
p286_M,5.011280873512387e-09,39.49249113812115,0.0,0.04098226749174176,0.08147582258810837,0.1404172149956276,0.0,0.05257506101509555
p286_Q,5.54418806415606e-06,22.537430868730482,0.0,9.012162313089718e-05,0.0041004027334468635,0.02694309743968102,0.0,0.006226724359251756
p286_T,0.36311591235264584,0.833165497432697,0.0,0.0,0.0,0.0,0.0,0.0
p286_V,0.9861162739238202,0.00030402792342365287,0.0,0.0,0.0,0.0,0.0,0.0
p287_F,0.02706162443428096,5.00396034093422,2.3472734e-05,0.022109734223936202,0.09783731365092692,0.10775348049078072,0.2916666666666667,0.1038781335532678
p287_L,0.5886311415469319,0.29400434082995636,0.0,0.0,0.0,0.0,0.0,0.0
p287_S,5.011280873512387e-09,39.49249113812115,0.0,0.04098226749174176,0.08147582258810837,0.1404172149956276,0.0,0.05257506101509555
p287_T,7.035447231800486e-08,32.85338414013992,0.85426545,0.003854716984557856,0.1151322079080446,0.24655716265316155,0.0,0.2439619077954077
p288_M,7.035447231807596e-08,32.853384140137464,0.85426545,0.003854716984557856,0.1151322079080446,0.24655716265316155,0.0,0.2439619077954077
p289_S,0.009244710481557235,6.990429722053869,5.954782e-07,0.018028615193752734,0.01868309411005728,0.05242313411922976,0.0,0.017827087780244773
p289_T,0.01495022262291496,6.089653550643881,0.0,0.004796486865892499,0.17983502473183346,0.07141893912025925,0.041666666666666664,0.05954342347693038
p290_I,0.13144152054271316,2.3055056234064883,0.0,0.0,0.0,0.0,0.0,0.0
p290_L,0.05610052791257069,3.7178774558299716,0.0,0.0,0.0,0.0,0.0,0.0
p290_V,0.00011286487891980275,15.900422103057236,0.00017512172,0.01796789574247086,0.10392980701468772,0.05997073255672711,0.0,0.03640871140688334
p292_S,5.555389846029393e-09,39.22775316013194,0.033971652,1.0,1.0,1.0,1.0,0.8067943304777145
p295_S,1.9666485389875056e-11,54.42234123073953,0.00021874913,0.010470417993493455,0.1034212345542301,0.22771456914532942,0.16666666666666666,0.10169832749867136
p297_S,0.9800260135196026,0.0006293299047965764,0.0,0.0,0.0,0.0,0.0,0.0
p297_T,0.9941437201474091,5.408895280163402e-05,0.0,0.0,0.0,0.0,0.0,0.0
p298_S,0.5018068617397747,0.453742079655342,0.0,0.0,0.0,0.0,0.0,0.0
p299_S,0.9954898043846375,3.208133813492332e-05,0.0,0.0,0.0,0.0,0.0,0.0
p300_L,0.9307464284506004,0.007583109965054871,0.0,0.0,0.0,0.0,0.0,0.0
p300_V,0.9774461486704245,0.000802445510760827,0.0,0.0,0.0,0.0,0.0,0.0
p301_Y,9.650628962411275e-17,92.61807820613517,0.6177101,0.8992968057918265,0.10336648198651237,0.6517302746098151,0.0,0.4544207351827089
p303_P,1.5754402319264134e-05,20.191834174536456,0.0,0.01058355775872683,0.016870355751391158,0.07489795745351327,0.0,0.02047037419272625
p304_L,0.9567296745655671,0.0029557560240430158,0.0,0.0,0.0,0.0,0.0,0.0
p304_M,0.09457719785495412,2.83759606407322,0.0,0.0,0.0,0.0,0.0,0.0
p304_V,7.700805574111717e-11,50.614500878251,8.1923694e-08,0.39056890456454857,0.09860093886029991,0.224231587170514,0.3333333333333333,0.20934696917047804
p307_V,0.6143208997848398,0.25520837066647556,0.0,0.0,0.0,0.0,0.0,0.0
p308_L,0.033591853178712903,4.616610265787664,1.9643003e-05,0.020423777877645734,0.002013593382905546,0.028453773658921582,0.0,0.010182157584457657
p308_M,0.009483542195202442,6.942192566392028,0.00026968366,0.0035445307877094603,0.1837377462888991,0.012790963795692948,0.041666666666666664,0.04840191823979524
p308_V,0.49151411820738433,0.47601004313193584,0.0,0.0,0.0,0.0,0.0,0.0
p309_M,0.34679044933822856,0.8918790685982312,0.0,0.0,0.0,0.0,0.0,0.0
p315_N,0.006317473009043857,7.715957028144187,0.0013363992,0.01822878823513383,0.25135955438710944,0.055951635565352896,0.25,0.11537527548411297
p315_QERT,0.4783970941035942,0.5055480379311118,0.0,0.0,0.0,0.0,0.0,0.0
p315_S,4.2928541239056834e-08,34.071862380864125,0.0,0.00035823054905037745,0.056418457609849544,0.047118239581704115,0.0,0.020778985548120806
p318_L,0.08790815464322291,2.9583831028240213,0.0,0.0,0.0,0.0,0.0,0.0
p318_V,0.013458657121891607,6.285083554823526,0.001769119,0.006492700400544169,0.1545936341669658,0.011680156846948148,0.375,0.1099071220713557
p319_N,4.2928541239056834e-08,34.071862380864125,0.0,0.00035823054905037745,0.056418457609849544,0.047118239581704115,0.0,0.020778985548120806
p319_T,0.006263947273808199,7.732285838729603,1.0,0.0020529435558737322,0.18405297894186753,0.26331862463389827,0.625,0.41488490942632794
p320_T,1.5754402319264134e-05,20.191834174536456,0.0,0.01058355775872683,0.016870355751391158,0.07489795745351327,0.0,0.02047037419272625
p321_I,0.48893241502551177,0.4817193620216714,0.0,0.0,0.0,0.0,0.0,0.0
p321_L,0.39025749935239584,0.7432977626604823,0.0,0.0,0.0,0.0,0.0,0.0
p321_M,0.4580439684793953,0.5541009727649984,0.0,0.0,0.0,0.0,0.0,0.0
p322_F,6.735672536354937e-05,17.00852549877609,0.0006469485,0.06214053293355766,0.003082037450003929,0.035793199190789125,0.0,0.0203325436195409
p322_G,0.25815950508436925,1.2903345427959807,0.0,0.0,0.0,0.0,0.0,0.0
p322_GAP,0.37312823147433694,0.7989399257305284,0.0,0.0,0.0,0.0,0.0,0.0
p323_GAP,0.37312823147433694,0.7989399257305284,0.0,0.0,0.0,0.0,0.0,0.0
p323_M,0.25815950508436925,1.2903345427959807,0.0,0.0,0.0,0.0,0.0,0.0
p324_GAP,0.37312823147433694,0.7989399257305284,0.0,0.0,0.0,0.0,0.0,0.0
p325_K,0.12214431426441166,2.422341348315343,0.0,0.0,0.0,0.0,0.0,0.0
p326_N,0.32563666621710285,0.9738158056072391,0.0,0.0,0.0,0.0,0.0,0.0
p326_S,4.2928541239056834e-08,34.071862380864125,0.0,0.00035823054905037745,0.056418457609849544,0.047118239581704115,0.0,0.020778985548120806
p327_P,0.12214431426441166,2.422341348315343,0.0,0.0,0.0,0.0,0.0,0.0
p328_GAP,0.12214431426438599,2.422341348315667,0.0,0.0,0.0,0.0,0.0,0.0
p328_L,0.6933342373859676,0.1562202557536697,0.0,0.0,0.0,0.0,0.0,0.0
p329_E,0.22186192054724502,1.5072774112063778,0.0,0.0,0.0,0.0,0.0,0.0
p329_G,0.5098901252703929,0.43679408785107304,0.0,0.0,0.0,0.0,0.0,0.0
p329_GAP,0.37312823147433694,0.7989399257305284,0.0,0.0,0.0,0.0,0.0,0.0
p330_E,0.08518884946401505,3.0105508737641724,0.0,0.0,0.0,0.0,0.0,0.0
p330_GAP,0.37312823147433694,0.7989399257305284,0.0,0.0,0.0,0.0,0.0,0.0
p330_V,0.25815950508436925,1.2903345427959807,0.0,0.0,0.0,0.0,0.0,0.0
p331_E,0.09387208331648936,2.8499169553921573,0.0,0.0,0.0,0.0,0.0,0.0
p331_GAP,0.37312823147433694,0.7989399257305284,0.0,0.0,0.0,0.0,0.0,0.0
p332_D,0.23999953257094708,1.3938388064872702,0.0,0.0,0.0,0.0,0.0,0.0
p332_E,0.18267280756782028,1.795627538586429,0.0,0.0,0.0,0.0,0.0,0.0
p332_GAP,0.01941223046932532,5.607969569511803,0.0008680152,0.023323127975837684,0.0781674142965573,0.05012395490119509,0.041666666666666664,0.03882983581287416
p332_V,0.2544336386211219,1.3108202541522322,0.0,0.0,0.0,0.0,0.0,0.0
p333_D,0.7258970072656057,0.12346589246175736,0.0,0.0,0.0,0.0,0.0,0.0
p333_E,0.4020161489210864,0.7070932622936977,0.0,0.0,0.0,0.0,0.0,0.0
p333_G,0.48356191887146405,0.4937587885533557,0.0,0.0,0.0,0.0,0.0,0.0
p333_GAP,0.010487849824281675,6.752294115742026,0.0012030335,0.006173324802634206,0.029667526378176177,0.018457620415908003,0.16666666666666666,0.044433634350884564
p333_S,4.4479379005462525e-05,17.908142719752405,1.651783e-05,0.002198764343834469,0.023375201900405183,0.010431057061340863,0.0,0.007204308227088704
p334_G,0.5193820567484333,0.4174791524135333,0.0,0.0,0.0,0.0,0.0,0.0
p334_GAP,0.745978152671289,0.10540665554516929,0.0,0.0,0.0,0.0,0.0,0.0
p334_S,0.0002836541199305187,13.95294178281122,0.0017069917,0.008514757452193518,0.12864119164593413,0.005062597149835787,0.0,0.028785107588379943
p334_T,0.25815950508436925,1.2903345427959807,0.0,0.0,0.0,0.0,0.0,0.0
p335_GAP,0.9349212604310965,0.006694400857327246,0.0,0.0,0.0,0.0,0.0,0.0
p335_S,0.8786474686180406,0.02340803324592204,0.0,0.0,0.0,0.0,0.0,0.0
p335_T,0.8100415914365238,0.05802390884446857,0.0,0.0,0.0,0.0,0.0,0.0
p336_GAP,0.7761066553040611,0.0812318192357536,0.0,0.0,0.0,0.0,0.0,0.0
p336_S,0.35020181704006137,0.8792997688432743,0.0,0.0,0.0,0.0,0.0,0.0
p336_T,0.0007069111497807552,12.063811973843059,0.0007862593,0.010653368077914092,0.033373689952124294,0.019910068783405,0.08333333333333333,0.029611343890301754
p336_V,0.0073525022320119334,7.42562202219743,0.0007939527,0.010759606075227742,0.017270416042461916,0.011337627008552233,0.041666666666666664,0.016365653704119777
p337_GAP,0.41123267997665003,0.679780953980794,0.0,0.0,0.0,0.0,0.0,0.0
p337_S,0.09991909311169297,2.747421543621482,0.0,0.0,0.0,0.0,0.0,0.0
p337_T,0.00532873117832878,8.04351204024313,0.00023915857,0.002562355232328182,0.03169442002799009,0.026069297432582836,0.16666666666666666,0.045446379586532505
p338_GAP,0.4140987847388672,0.6714712359894575,0.0,0.0,0.0,0.0,0.0,0.0
p338_Q,0.2544336386211219,1.3108202541522322,0.0,0.0,0.0,0.0,0.0,0.0
p338_SG,0.5789679677126527,0.3095224575627118,0.0,0.0,0.0,0.0,0.0,0.0
p338_T,0.09286134646219997,2.867756952297201,0.0,0.0,0.0,0.0,0.0,0.0
p338_V,0.006297806229603461,7.721939966750157,0.001769119,0.006492700400544169,0.1545936341669658,0.011680156846948148,0.375,0.1099071220713557
p339_GAP,0.6793089047494512,0.17170755914199645,0.0,0.0,0.0,0.0,0.0,0.0
p339_S,0.5446720732921627,0.3689627595686553,0.0,0.0,0.0,0.0,0.0,0.0
p339_T,0.35020181704006137,0.8792997688432743,0.0,0.0,0.0,0.0,0.0,0.0
p340_K,0.679308904749353,0.17170755914208743,0.0,0.0,0.0,0.0,0.0,0.0
p341_T,0.9135673579060216,0.011828706975144302,0.0,0.0,0.0,0.0,0.0,0.0
p342_GAP,0.9135673579060721,0.011828706975119663,0.0,0.0,0.0,0.0,0.0,0.0
p342_RS,0.2922872964600821,1.118471771022863,0.0,0.0,0.0,0.0,0.0,0.0
p343_GAP,0.015789241159191364,5.988478869869909,0.0008957195,0.011950016905857182,0.15536861392561893,0.012138831878847713,0.125,0.06107063644397912
p343_T,0.7921130184671694,0.0697658284068824,0.0,0.0,0.0,0.0,0.0,0.0
p343_V,0.021032460973874366,5.461301243618753,0.0007939527,0.010759606075227742,0.017270416042461916,0.011337627008552233,0.041666666666666664,0.016365653704119777
p344_S,0.012373970403405056,6.441955666713138,0.0015891466,0.010012732687632772,0.0065389866186856315,0.03187755334702062,0.041666666666666664,0.01833701717582647
p345_S,0.019609086293997057,5.589478112378709,0.00015660463,0.010760484998442147,0.0499669455216456,0.03810275583233967,0.08333333333333333,0.03646402486248848
p345_T,0.9873448596214466,0.0002525967912510273,0.0,0.0,0.0,0.0,0.0,0.0
p346_GAP,0.8815938359743255,0.022276723218607665,0.0,0.0,0.0,0.0,0.0,0.0
p346_V,0.8469431976296651,0.03741169089205237,0.0,0.0,0.0,0.0,0.0,0.0
p347_GAP,0.8261574961616305,0.04844108371262322,0.0,0.0,0.0,0.0,0.0,0.0
p347_S,0.9443269544072858,0.0048962233915237395,0.0,0.0,0.0,0.0,0.0,0.0
p348_S,0.37275865660347407,0.8001802645614093,0.0,0.0,0.0,0.0,0.0,0.0
p348_T,0.0019103335269416225,10.056159891981654,0.00031883348,0.016265035446852576,0.05735540903985072,0.02579166659663341,0.041666666666666664,0.028279522246258192
p349_S,0.02521122932843302,5.1318752826360745,0.00055035966,0.007386248833744746,0.09163943321144943,0.05503929310421691,0.0,0.030923066962313527
p350_Q,0.008746671582598394,7.095322825064625,0.00024186049,0.015896334203399927,0.13353114621010187,0.07725898617810077,0.125,0.07038566541540109
p350_S,0.639316996799018,0.2207113302229496,0.0,0.0,0.0,0.0,0.0,0.0
p351_V,0.9381998655578121,0.006035541358354917,0.0,0.0,0.0,0.0,0.0,0.0
p352_GAP,0.9381998655577412,0.00603554135836947,0.0,0.0,0.0,0.0,0.0,0.0
p352_S,0.0025526473284235374,9.481085034838866,8.398402e-05,0.0013169387297228964,0.050764257222541916,0.023040569866070358,0.041666666666666664,0.02337448330126642
p353_P,0.9381998655578121,0.006035541358354917,0.0,0.0,0.0,0.0,0.0,0.0
p354_GAP,0.9381998655577412,0.00603554135836947,0.0,0.0,0.0,0.0,0.0,0.0
