feature,rf,gbr,xgb,BayesianRidge,mean
1_H2,6.974780516548552e-05,0.0,3.253843533457257e-05,0.27632340814283185,0.06910642359583298
1_H3,1.1526482327743591e-05,0.0,1.0056841347250156e-05,0.025202672421235885,0.00630606393622772
1_NCI,5.141084775554084e-05,0.0,0.00023279657762032002,0.16030513449146333,0.040147335479209796
1_MASS,0.0002629315654954873,0.0,2.5685376385808922e-06,0.038566558010350326,0.009708014528371098
2_H2,0.0002961668653147414,0.0,3.452219607424922e-05,0.23546182714895678,0.058948129052586444
2_H3,0.00012433007778642349,0.0,3.347685560584068e-05,0.1282521773917476,0.032102496081284966
2_NCI,0.0006498008583477982,0.0,7.484433353965869e-06,0.182536169206067,0.04579836362444219
2_MASS,0.00015020071280290616,0.0,0.00019972273730672896,0.1883426168515282,0.04717313507540946
3_H2,0.00010558113109743405,0.0,8.75924524734728e-05,0.07327850066599194,0.01836791856239071
3_H3,9.121276144853299e-05,0.0,0.0010290939826518297,0.0473919986777825,0.012128076355470717
3_NCI,0.0003281934063851867,0.0020016802424470534,9.344454883830622e-05,0.028995395605638328,0.007854678450827218
3_MASS,0.000341242967108969,0.0002676960477918813,8.334187441505492e-05,0.042320877114569694,0.010753289500971399
4_H2,0.00023343063281215353,0.0011394452785802086,1.2040560250170529e-05,0.19431595937690466,0.0489252189621368
4_NCI,6.6952735289307e-05,0.0,7.5250941335980315e-06,0.14265025117486405,0.03568118225107174
4_MASS,2.5773122548340272e-05,0.0,1.5547579096164554e-05,0.05987457061589731,0.014978972829385453
5_H2,6.859173848125552e-05,0.0,0.0001245197927346453,0.13739744296176418,0.03439763862324502
5_H3,2.571517714022103e-06,0.0,2.4853659130741335e-09,0.30341257001014815,0.07585378600330703
5_NCI,0.0009289845040820044,0.0009714356314024694,0.0015621449565514922,0.22750035692746268,0.05774073050487466
5_MASS,0.00013207917080707062,0.0,0.0003051194071304053,0.05827979399209481,0.014679248142508072
6_H3,3.1171699952160574e-05,6.1745051757299905e-06,1.2215513379487675e-05,0.22375873017167444,0.05595207297254545
6_NCI,5.103576254875348e-05,0.0,1.4034926607564557e-05,0.09421635561381889,0.0235703565757438
7_H2,0.00018119730766372638,6.341751250216674e-05,8.377722224395256e-06,0.19578115259556295,0.049008536284488306
7_H3,2.8642028894453603e-05,0.0,1.8534566379457829e-06,0.3133811349646117,0.07835290761253602
7_NCI,0.0010504060735902919,5.16343935341587e-05,2.9059621738269925e-05,0.11030254225014807,0.027858410584752698
7_MASS,0.00015043805462190362,0.0,9.122653864324093e-06,0.17063432326182776,0.042698470992578494
8_NCI,7.064168170003308e-05,7.335544447668847e-06,2.2074525986681692e-05,0.21125329605400758,0.05283833695153549
8_MASS,0.0007583900796216723,0.0018515312839901175,2.5589355573174544e-05,0.262549596689413,0.06629627685214949
9_H3,7.2263196039489e-05,0.0,3.668267891043797e-05,0.03886186762345903,0.009742703374602238
9_NCI,0.0005128322470961927,0.0006209497075100577,0.0005791340954601765,0.25927370189737126,0.06524665448685942
10_H2,0.0002841998148418015,0.0,1.810713342820236e-06,0.09582023622522227,0.024026561688351725
10_H3,0.00012847527485190073,0.0,0.00012882643204648048,0.04710109190128938,0.01183959840204694
10_NCI,1.976911865273842e-05,0.0,3.8558198411919875e-07,0.03782662129135773,0.009461693997998646
10_MASS,0.00012886258035008915,6.916904418833951e-06,0.0,0.003932976518210716,0.0010171890007449097
11_H2,0.0001637990304458563,0.0,6.305670012807241e-06,0.051999512121783276,0.013042404205560484
11_H3,1.4794731322281183e-05,0.00035885883125017464,3.292748715466587e-06,0.14244915196765348,0.03570652456973535
11_NCI,0.0002643289783884802,0.00043558757551391525,9.259274520445615e-06,0.19818312114858988,0.04972307424425318
12_H2,0.00010184732058762134,0.00029458478343888936,2.3360898637747596e-07,0.21951150697029886,0.05497704317082794
12_H3,2.7861793308248774e-06,0.0,0.0009659426286816597,0.17494143107480745,0.043977539970704985
13_H2,3.88538048165547e-05,0.0,0.00010505324462428689,0.17806852746697058,0.044553108629102854
13_H3,4.548838871958548e-05,0.0,1.4360082786879502e-05,0.23297889694225019,0.058259686353439165
14_NCI,0.0012967842669425293,0.0,0.0006395609234459698,0.005970559267340059,0.00197672611443214
15_H2,4.352544724445656e-05,0.0,1.664985393290408e-05,0.033320459360309036,0.0083451586653716
15_H3,8.440184950574244e-05,0.0,2.0999536900490057e-06,0.09430958186709623,0.023599020917573005
15_NCI,0.0007631829484932488,0.0003602253677798558,0.00036911177448928356,0.22916419393460466,0.057664178506341764
15_MASS,0.00026436519436757994,0.0005443988922856148,1.6486377717228606e-05,0.047386007440797046,0.012052814476291867
16_H2,0.0002160377989330829,0.0,7.373811240540817e-05,0.12156468141389894,0.03046361433130936
16_H3,8.21824545793393e-05,0.0,0.00021503014431800693,0.12027461398353065,0.030142956645606997
16_NCI,0.00015005334252951908,0.0,9.790958574740216e-05,9.800676921167638e-05,8.649242437214941e-05
16_MASS,0.0004921615260005149,5.6400704347770276e-05,4.633686694432981e-05,0.15032792628623837,0.03773070634588275
17_H2,0.0004402055973974282,0.0,7.853419810999185e-05,0.08535106579985681,0.021467451398841056
17_H3,0.00016687648237105179,0.0,0.0001802288752514869,0.2784343686556909,0.06969536850332836
17_NCI,0.0001900658052742335,0.0,5.705734292860143e-05,0.06437127884438622,0.016154600498147265
17_MASS,0.00018711698589382177,5.0955144881523055e-05,0.00014708179514855146,0.1939323741596427,0.04857938202139165
18_NCI,0.00010927650717981884,0.0,0.0,0.008198206971178455,0.0020768708695895685
19_H2,0.0003760959231725327,0.0,2.3841392248868942e-05,0.07801481442788438,0.019603687935826446
19_H3,0.000647536212677251,0.00823659901267344,0.07605341821908951,0.03717811013609595,0.03052891589513404
19_NCI,4.570213096019647e-05,0.0,0.000271474797045812,0.16227317348070372,0.04064758760217743
19_MASS,0.0010756527078619523,0.0,0.0,0.03477132746624929,0.00896174504352781
20_H2,0.003021714782151539,0.002623500469240102,0.008341633714735508,0.22094478139123663,0.058732907589340945
20_H3,7.890242733212638e-06,0.0,1.8521139963922906e-06,0.02283206358421602,0.005710451485236406
20_NCI,2.649704519114913e-05,0.0005647127008898239,0.00031294990913011134,0.053096783887043454,0.013500235885563634
20_MASS,2.311365567249056e-05,0.00013362462827081257,2.4550459784222767e-05,0.015962661230071486,0.004035987493449753
21_H2,0.001572543213179777,6.408780552249563e-05,0.00038340696482919157,0.004312563084012488,0.001583150266885988
22_H2,5.185374969812989e-05,0.0,0.0003882806049659848,0.15405231833966912,0.03862311317358331
22_H3,7.099770851499865e-05,0.0,0.0,0.05858715991422537,0.014664539405685092
22_MASS,4.6636082606744184e-05,0.0,4.874075330008054e-06,0.013984038738406895,0.0035088872240859117
23_H2,0.0011336372377359412,0.00530998847978115,0.003234400413930416,0.7086606209792982,0.17958466177768642
23_H3,0.00024629121672623195,0.0,9.432429578737356e-06,0.2452467831617702,0.06137562670201879
23_NCI,0.00010896747367474842,0.0004687316140979614,0.0038309558294713497,0.195506228219719,0.04997872078424077
24_H2,1.1040168179363391e-05,0.0,0.0,0.029649390079271212,0.007415107561862644
25_H2,1.2628665909447523e-05,0.0,0.000327246671076864,0.10267571366580872,0.025753897250698758
25_H3,1.4012386053967567e-05,0.0,1.8912051018560305e-06,0.14578904434891457,0.0364512369850176
25_NCI,0.0009512338559723292,0.0,2.432761903037317e-06,0.12974846949830962,0.032675534029046244
25_MASS,4.3106528480892065e-07,0.0,0.0,0.13980829396820743,0.03495218125837306
26_H2,0.0001241075012099539,0.0,8.732283276913222e-06,0.2523442757045175,0.06311927887225109
27_H2,0.0001810597764470293,0.0,0.00021328245929908007,0.134134274120783,0.033632154089132275
27_NCI,0.0002641801757591319,0.0,0.00034507267992012203,0.0557937928664519,0.014100761430532788
27_MASS,0.00032556222261811074,8.429879971164006e-05,0.00017935810319613665,0.042698108080997346,0.010821831801630809
28_H2,0.0019262079348506824,1.0057038547957e-06,4.0192528103943914e-05,0.6927355124362115,0.17367572965075523
28_H3,0.0005654935458212227,0.0,0.00046599117922596633,0.32354212983784797,0.0811434036407238
28_NCI,0.0011814502569185397,0.0,2.8813590688514523e-05,0.2736255621289512,0.06870895649413956
29_H2,0.0026023971564457043,0.0001625793689481662,0.00020491665054578334,0.01509309407964474,0.004515746813896098
29_MASS,0.0021930277826507152,0.0030226756233650634,9.272396710002795e-05,0.023940858186936864,0.007312321390013168
30_NCI,0.00039605345321894295,0.0,2.6109795726370066e-05,0.0645969012746331,0.016254766130894605
31_H2,0.0010989803246622154,0.0,0.0006576229934580624,0.03833232961388844,0.010022233233002178
31_H3,6.95461488132704e-06,0.0,1.523666583125305e-06,0.10850240638130158,0.02712772116569151
31_NCI,8.308658157691805e-05,0.0,1.598132826075016e-07,0.18583266947638608,0.0464789789678114
31_MASS,0.0005190139705179157,0.00028822140241538993,4.601178602570144e-07,0.1374222913556845,0.03455749671161952
32_H2,5.476273907614828e-05,0.00017496801536030546,6.466809281846508e-05,0.014281314684101468,0.0036439283828390966
32_H3,1.8667967035846214e-06,0.0,0.0,0.059878360830073876,0.014970056906694364
32_NCI,0.00029913143963203315,0.0,3.155980948577053e-06,0.08972963012207297,0.022507979385663394
32_MASS,0.0010453630419047116,0.0006930331782020953,4.399381396069657e-06,0.07408441869944485,0.018956803575236932
33_H2,0.0003370011875508855,0.0,9.025108738569543e-06,0.22614985845250332,0.0566239711871982
33_H3,0.0063264269886484014,0.01573572889282949,0.13583071529865265,0.14947307649227765,0.07684148691810205
33_NCI,0.0005957783129744942,9.89866429359101e-05,9.684616816230118e-05,0.2325590021557112,0.058337653319945976
33_MASS,0.0002158657632340443,0.00020973892883618427,1.5678744603064843e-05,0.038436654961184015,0.009719484599464328
34_NCI,2.593963380950231e-05,0.0,3.281655381215387e-06,0.09770694096021834,0.024434040562352266
35_H2,0.007716925783979383,0.0,5.471613349072868e-06,0.12999243857608134,0.03442870899335245
35_H3,0.00036675402834355803,0.0,6.394865340553224e-05,0.09496417883439685,0.023848720379036487
35_NCI,0.0005707906925596829,0.0,8.072947093751281e-05,0.28518496764846096,0.07145912195298953
35_MASS,0.00019369264844254716,0.0,2.0697265426861122e-05,0.0025546505598271207,0.0006922601184241323
36_H3,0.00012457290717156935,2.2536700279797346e-06,2.7684869564836845e-05,0.1024125073482673,0.025641754698757922
36_MASS,0.0009987337104062587,0.0,1.2399702427501325e-05,0.07210937158101942,0.018280126248463296
37_H2,0.00011041901009407571,0.0,0.00015500844165217131,0.21729420701740487,0.05438990861728778
37_NCI,0.00027797315151539863,0.0,0.0001574173365952447,0.1142075213111452,0.02866072794981396
37_MASS,0.00013977972662673706,1.547225468933535e-05,9.753290942171589e-05,0.16269080098298674,0.040735896468431135
38_H2,0.0002703365056315643,0.0,4.242732029524632e-05,0.07002599921829367,0.01758469076105512
38_MASS,0.00030590680589065477,0.0,3.3884473396028625e-06,0.16110250762350523,0.04035295071918387
39_H2,0.0011011867749186562,0.0,1.8315417946723755e-06,0.07895143027224234,0.02001361214723892
39_H3,1.6269078580037252e-05,0.0,0.0,0.10719678661945727,0.026803263924509324
39_NCI,0.0009104174217314147,0.0,3.567295125961323e-09,0.09923026346497885,0.025035171113501346
39_MASS,0.0010299796289331197,6.431945351363301e-05,9.650393621996045e-05,0.01431311796548985,0.0038759802460391407
40_H2,8.339585926649232e-05,0.0,2.602517497507506e-06,0.08800928094569602,0.022023819830615004
40_H3,9.259678980929033e-06,0.0,0.0,0.16444247533750386,0.0411129337541212
40_NCI,0.00044562300552331393,0.0,2.8449287128751166e-05,0.3204700996668359,0.08023604298987198
41_H2,0.001348872238223913,0.0005816965614031063,2.4149346700141905e-06,0.19079879786987383,0.04818294540104272
41_NCI,0.0006308069258184011,4.5621648510342414e-05,0.00016018078895285726,0.13968412052571985,0.03513018247225036
41_MASS,0.003498412158886001,0.0018107358650342987,0.0001457915350329131,0.2349790260938219,0.06010849141319378
42_H3,1.264481424735951e-05,0.0,1.0823206139320973e-05,0.07652646683703038,0.019137483714354264
42_NCI,0.00015051580096204305,0.0,0.0003944893251173198,0.27924230875304834,0.06994682846978192
42_MASS,0.00016561749106902928,0.0,0.00012709133443422616,0.16389516479298386,0.04104696840462178
43_H2,0.0003783533790315364,0.0,4.054034434375353e-05,0.20529586271727038,0.051428689110161414
43_H3,7.283669504431951e-05,0.0,0.0,0.11087367866181336,0.02773662883921442
43_MASS,0.0027080403999809014,0.0,2.5938210455933586e-05,0.09905347441634829,0.025446863256696282
44_H2,0.0003115778886037771,0.0,1.181566585728433e-05,0.19832294558523553,0.04966158478492415
44_H3,2.378475952227748e-05,0.0,0.0010021977359429002,0.2604574948942303,0.06537086934742388
44_NCI,0.00018257059237420663,0.0,0.00019789465295616537,0.04277941391632996,0.010789969790415082
44_MASS,0.0037143773516612904,0.0,1.0905150702456012e-06,0.15702542856382834,0.04018522410763997
45_H3,1.4463823027287354e-05,0.0,2.5821248073043535e-06,0.10719538626882674,0.026803108054165335
45_NCI,0.0009651051659227424,0.00029500221056553977,7.257107790792361e-05,0.3204870946484387,0.08045494327570873
45_MASS,0.0004913725723943076,0.00012901248495527469,5.581940513366135e-06,0.0988636721375844,0.024872409783861838
46_H2,3.4221165945232e-05,0.0,1.8059938611258985e-07,0.04172715408693833,0.010440388963067418
46_MASS,1.5453275791160963e-06,0.0,0.0,0.030628122392438006,0.00765741693000428
47_H2,0.00011764208057434828,0.0,0.0017465724376961589,0.017755608336392795,0.004904955713665825
47_H3,2.6821166065036297e-06,0.0,0.0,0.1945901030015919,0.0486481962795496
47_NCI,0.00014764241697040584,5.235597413205354e-05,1.9690517092385562e-06,0.25705283754380936,0.06431370124665527
47_MASS,0.0001451177600998991,0.0,2.884552304749377e-05,0.17600758917858364,0.04404538811543276
48_H2,0.0004928959636165399,0.0,3.464439942035824e-05,0.13587244900357995,0.03409999734165421
48_H3,3.3405081160572264e-05,0.0,0.0,0.10901886398240371,0.02726306726589107
48_NCI,0.0008097165542624464,0.0,0.00010639498941600323,0.17611842360404695,0.04425863378693135
48_MASS,0.00041580897773346124,0.0,3.399896377231926e-05,0.08997196928806053,0.02260544430739158
49_H3,0.0004330209057607757,0.0,1.4459426438406808e-06,0.005120727587195036,0.001388798608899913
49_NCI,0.0003723783380577326,6.197208762645825e-05,2.0543815480777994e-05,0.26298225451516744,0.0658592871890831
50_H2,4.2285913100276316e-06,0.0,0.0,0.19935404815307706,0.04983956918609677
50_H3,7.387173393107797e-06,0.0,0.0,0.18871275847666408,0.047180036412514295
50_NCI,9.375642801477495e-06,0.0,0.0,0.1667731717378388,0.04169563684516007
50_MASS,2.766522168483146e-06,0.0,0.0,0.018722314491235226,0.0046812702533509274
51_H2,0.0007534567857989001,2.8802659168043814e-05,6.226690402399981e-06,0.17458006997408515,0.04384213902736362
51_H3,0.00012060077911500544,0.0,0.0,0.027277417988062738,0.006849504691794436
51_NCI,0.0007312893995283807,0.0,3.442865636316128e-05,0.0983512186561526,0.024779234178011034
52_H2,5.8114779803778075e-05,0.0,3.18740785587579e-05,0.09601735444654212,0.024026835826226164
52_H3,4.968239250478629e-06,0.0,0.0,0.26288833656763594,0.06572332620172161
52_NCI,6.068326526179618e-05,0.0,0.00039831717731431127,0.11468623399438849,0.028786308609241147
52_MASS,0.00040375020386987115,0.0,2.504129588487558e-05,0.15336663109124785,0.03844885564775065
53_H2,1.3336280996653902e-05,0.0,0.0,0.026598309248640317,0.006652911382409242
53_H3,5.499609447517787e-09,0.0,0.0,0.03224269824165449,0.008060675935315984
53_NCI,4.473112619906753e-05,0.0,0.0,0.15868243794004358,0.03968179226656066
53_MASS,8.481652188145393e-06,0.0,0.0,0.006588543380563103,0.0016492562581878123
55_NCI,0.0007014803295957648,0.0,0.001385884010232985,0.018417838637447784,0.0051263007443191335
56_H2,0.0002901385560291148,0.00013689411835133376,0.0007519609062001109,0.03329868414481636,0.00861941943134923
56_H3,9.502864630281521e-07,0.0,0.0,0.016671919003068712,0.004168217322382935
56_MASS,0.0003949134706616156,0.0,0.010819115675985813,0.11226781606393091,0.030870461302644585
57_H2,9.285261380934561e-08,0.0,0.0,0.13912410461143065,0.03478104936601112
58_H2,0.00014900989873820446,0.0,1.7892974938149564e-05,0.016849082681129505,0.004253996388701465
59_H2,0.00022830611286606164,0.0,1.5227370568027254e-05,0.11695645654953113,0.029299997508241304
59_H3,1.1224108160720136e-05,0.0,0.0,0.10750717402753766,0.026879599533924596
59_NCI,0.0005511208788603485,0.0,3.8666175328216923e-07,0.002596579690771927,0.0007870218078463894
59_MASS,3.2248186560314926e-05,0.0,1.6792664609965868e-06,0.0037691257283036773,0.0009507632953312472
60_H2,0.0035815267040727626,0.0,0.0,0.1690495961665975,0.04315778071766757
60_MASS,0.00028775125723076695,0.0,0.0,0.08071344892243527,0.02025030004491651
62_NCI,0.00023402515959110236,0.0,1.0524359822738916e-05,0.08404886634448372,0.02107335396597439
62_MASS,0.0003826218988101485,0.0,3.42548155458644e-05,0.1623672687913914,0.04069603637643685
64_H2,0.0026815644807803084,0.0,5.273382612358546e-06,0.015546116526033268,0.004558238597356484
65_H2,0.0,0.0,7.753706449875608e-05,0.025181226003040885,0.00631469076688491
65_MASS,1.9448559265245487e-05,0.0,3.2965144782792777e-06,0.05885984208322709,0.014720646789242653
66_NCI,0.00012904449175220876,0.0,3.086588185396977e-05,0.421505014001875,0.1054162310938703
68_H2,6.877461240778626e-05,0.0,5.832081342305173e-07,0.014979995795491757,0.0037623384040084435
68_H3,1.2944604974769704e-05,0.0,0.0,0.48488873382385683,0.1212254196072079
68_NCI,3.8019534375584185e-06,0.0,9.036580195243005e-06,0.09958481502529402,0.024899413389731707
68_MASS,0.0001508261350196688,0.0,0.0004293155507184565,0.10586461905643385,0.026611190185542994
69_H2,8.796900722826823e-05,0.0,1.561444662456779e-07,0.10787201204480233,0.02699003429912421
69_H3,0.0,0.0,0.001170582021586597,0.021846332213580545,0.0057542285587917855
69_NCI,2.1161689175510977e-05,0.0,0.0,0.0412023684674643,0.010305882539159953
69_MASS,0.00011591412275187991,0.0,0.0,2.662708596348754e-05,3.5635302178841865e-05
70_H2,0.0009817531376758919,0.0,0.0,0.04687668378307897,0.011964609230188716
70_H3,4.777305621588856e-05,0.0,0.0,0.00034641448271219847,9.854688473202175e-05
70_NCI,0.000166482085261712,0.0,0.0,0.3559847717524783,0.089037813459435
72_MASS,2.0816997477471245e-06,0.0,0.0,0.007245578293352908,0.0018119149982751637
73_H2,0.00020895630401262039,0.0,1.988585836443235e-06,0.06260088917415221,0.01570295851600032
73_NCI,4.9690815261605065e-05,0.0,1.9461124622921488e-07,0.1036398049270152,0.025922422588380758
73_MASS,0.00045065881065434166,0.0,1.3333470327836494e-08,0.05248113628956688,0.013232952108422888
74_H2,1.055141766747479e-05,0.0,2.0462457541725598e-05,0.04947089651039707,0.012375477596401568
74_NCI,2.1855907188691735e-05,0.0,1.3912023533180218e-08,0.0027148941669700895,0.0006841909965455786
74_MASS,0.00012497928608158488,5.454437740565292e-05,0.0,0.06161788328474305,0.015449351737057571
75_H2,1.4709801907605565e-05,0.0,0.0,0.024836737469775275,0.00621286181792072
75_NCI,5.426684741818881e-05,0.0,0.0,0.04016049666908843,0.010053690879126654
75_MASS,1.4724006290900931e-05,0.0,0.0,0.03708783166466172,0.009275638917738156
77_H2,5.969109008591973e-06,0.0,0.0,0.00693171419084154,0.001734420824962533
77_NCI,0.0,0.0,2.8476523539211485e-07,0.04620040722466082,0.011550172997474052
78_H2,7.15961491630713e-06,0.0,9.061839591595344e-06,0.010432219060715809,0.0026121101288059277
78_NCI,5.915400787102241e-05,0.0,5.177766070119105e-05,0.04610659447219643,0.01155438153519216
78_MASS,1.2681482152450165e-05,0.0,0.0,0.004301525042093498,0.001078551631061487
79_H2,3.5837307473517867e-06,1.5680925989070556e-05,4.983216058462858e-05,0.05056679858339533,0.012658973850179094
79_H3,2.948866959911621e-06,0.0,0.0,0.05321176365146973,0.01330367812960741
79_NCI,2.421703526902086e-05,0.0,6.022748857503757e-05,0.02874005867508725,0.007206125799732827
79_MASS,4.052194382581278e-05,0.0,0.0,0.0016092528291098928,0.0004124436932339264
80_H2,0.00014754093993497196,0.0,0.00015315400378312916,0.07371096089391602,0.01850291395940853
80_NCI,0.00038871983887940777,0.0,3.575556183932349e-05,0.20997063181248862,0.05259877680330184
80_MASS,0.00030112226155195226,0.0,0.000510510872118175,0.028914597871666715,0.00743155775133421
81_H2,5.9657347150406194e-05,0.0,6.434394890675321e-06,0.14688926467715924,0.03673883910480008
81_H3,6.004404476949557e-05,0.0,0.0,0.15138645024006947,0.03786162357120974
81_NCI,2.239129322024853e-05,0.0,3.593010660551954e-06,0.18057044445192819,0.045149107188952244
81_MASS,8.731968406396385e-05,0.0,1.2844005823353655e-06,0.06980604729864973,0.017473662845824006
82_H2,7.614416816588705e-06,0.0,2.657918457771302e-06,0.1721980286323975,0.04305207524191797
82_MASS,1.0919913483608038e-05,0.0,4.98612052979297e-07,0.03461268579893922,0.00865602608111895
83_H2,0.0006286951054972385,0.0,0.0003101412730757147,0.2837471578950564,0.07117149856840733
83_NCI,0.0006507322551205137,0.0,4.445157901500352e-05,0.034109587595455224,0.008701192857397686
83_MASS,0.005541075820922985,0.0016307572288222383,0.0005681321490556002,0.07629464399808157,0.0210086522992206
84_H2,0.0003650055184554228,0.0,8.296919259009883e-05,0.06028170812949746,0.015182420710135746
84_H3,8.959525914642082e-07,0.0,0.0,0.07309036474663168,0.018272815174805786
84_NCI,9.015606835654899e-05,5.76345950516612e-06,1.2564214557642117e-05,0.20434988610526592,0.05111459246192132
84_MASS,0.00028779508379530113,0.00015942576160987753,5.9921887441305444e-05,0.13071762845523838,0.03280619279702122
85_H2,0.011950859096083816,0.01727831594343192,0.0009056268027052283,1.0,0.25753370046055524
85_H3,0.004376434798437532,0.002111041828887341,0.002286444650962949,0.32289764040477537,0.08291789042076579
85_NCI,0.0031894443658976785,0.0005424103666909997,0.0004214030923321843,0.27215441109240035,0.0690769172293303
86_H3,1.6752865786285382e-05,0.0,0.0,0.1319047993355377,0.032980388050330996
86_NCI,9.536115598284132e-05,0.0,0.0,0.2581151296531449,0.06455262270228194
87_H3,1.7454413572067283e-07,0.0,1.979517583095003e-05,0.11351481844480965,0.02838369704119408
87_NCI,0.00015883908319514007,0.0,2.9596685635624453e-05,0.024457378034850766,0.0061614534509203825
88_H2,0.00015613326099283718,0.0,6.433333328459412e-05,0.015074024226621656,0.003823622705224772
88_H3,7.170015122431231e-05,0.0,0.00031986075919121504,0.13733452813628474,0.03443152226167507
88_MASS,0.000665280922244297,6.821924051593841e-06,7.755371916573495e-05,0.12988153764713276,0.0326577985531486
89_H2,0.05837136549147,0.014701400116962584,0.0001335447741439566,0.5275235303638222,0.15018246018659967
89_H3,0.008934048306110332,0.004404696927390924,0.0017542502610012889,0.5764099710856416,0.14787574164503603
89_MASS,0.008531124576088818,0.019348119202549866,0.01792270690202713,0.34927347611733645,0.09876885669950057
90_H3,1.1355107436527633e-05,0.0,0.0,0.10783977349206886,0.026962782149876345
90_NCI,0.001236856898846646,0.00013377003545973423,1.1450121746747755e-05,0.26634174284649537,0.06693095497563713
90_MASS,0.00588874951733752,0.008096486967851842,0.004434378817677498,0.11121508920308487,0.032408676126487936
91_H2,0.001745329010501578,0.0010500720107094502,1.0131877388630528e-05,0.4377028815361721,0.11012710360869293
91_H3,0.000526727957106236,0.0,0.0,0.1934817431022846,0.04850211776484771
91_NCI,0.006231465896200633,0.0,0.0,0.20974519546591552,0.05399416534052904
91_MASS,0.004037355393057424,0.0004200998070349815,0.0,0.2301060365702388,0.0586408729425828
92_H2,0.0009090717895147699,0.0035500711491714397,0.00026421461370773613,0.2959595191921961,0.07517071918614751
92_H3,0.00016942252045457242,0.0001372837373554014,6.203124939929694e-05,0.7408710214893883,0.1853099397491494
92_NCI,0.00202909449178021,0.0003574808443561262,0.0006354129291139543,0.5099413177533688,0.12824082650465476
92_MASS,0.0009833317850396672,0.0013059249469871816,0.002045791130512953,0.03128225735946109,0.008904326305500223
93_H2,0.028290814848667772,0.03622275835101606,0.0003311751061119139,0.3388315035733713,0.10091906296979175
93_H3,0.0002282551786533758,0.0,0.00013390503590926528,0.06416414377521844,0.01613157599744527
93_NCI,0.006577401132479818,0.0014569709949427377,3.961131369578652e-05,0.2165270062060297,0.05615024741178701
93_MASS,0.04000550656276152,0.04547191441948285,0.018564412370324135,0.34592530706411506,0.11249178510417089
94_H2,0.00024885074650554933,0.0,0.0017523790011182427,0.26357165821425277,0.06639322199046914
94_MASS,0.00011740049000132236,1.4499767565900751e-05,3.087828736170195e-05,0.19913389322591268,0.049824167942710405
95_H2,0.0016260671646738513,0.005070323321381695,8.985052409116179e-05,0.27068442292687217,0.06936766598425471
95_H3,6.937802679327169e-06,0.0,0.0,0.043811716855414136,0.010954663664523365
95_NCI,0.0009067114387154592,0.0003441273764629064,7.875377150412533e-07,0.09425650631222215,0.02387703316627889
95_MASS,0.0005639606733657,0.0,0.0037783028092235327,0.2658054414838015,0.06753692624159768
96_H2,0.0003400308208502689,0.000566746661207954,0.00018562925106380135,0.5257943714399633,0.13172169454327134
96_H3,1.112899957251175e-05,0.0,0.0,0.44733988328135865,0.11183775307023279
96_MASS,0.0004399667140281893,8.67099246702374e-05,3.6779108540940797e-06,0.16617190458337386,0.041675564783231596
97_H2,0.00017736209998855446,0.0,0.00018052941595669836,0.024810407728971376,0.0062920748112291576
97_H3,0.0030831273348986624,0.0,0.0,0.05731665671928809,0.015099946013546688
97_MASS,0.0036575149525606148,0.0,0.003157760016620159,0.1386437058982534,0.03636474521685854
98_H2,0.0002812596090910553,7.79632802548393e-06,6.183591267472366e-06,0.16196685061782748,0.04056552253655287
98_H3,3.15409021419069e-06,0.0,0.0,0.015330924318160733,0.003833519602093731
98_NCI,0.00012901758565966886,0.0,2.3791906642145477e-05,0.06476499255988322,0.016229450513046258
98_MASS,4.165623373662328e-05,1.229565780177478e-06,2.1167720660741907e-06,0.11115142005364874,0.027799105656307905
99_H2,0.004203437387717199,0.003052457421021366,0.0014101247070357203,0.10863730785547873,0.029325831842813253
99_H3,0.00029799121021636385,0.0,4.341996373113943e-06,0.17283515466375926,0.043284371967587186
99_MASS,0.003523279798154113,0.004033528955226577,4.5602823206536414e-07,0.1354839621035515,0.03576030672129106
100_MASS,0.00018812890869186998,0.0,8.223342717883497e-08,0.02210450544045957,0.005573179145644655
101_H3,0.0005598078071953446,0.0,0.0069249290972948074,0.1752432257024395,0.04568199065173241
101_NCI,0.00019386985267299997,0.0008990174120672594,9.038818120643555e-07,0.46649266290255564,0.116896613512277
101_MASS,0.0004367420503701034,0.0,0.0,0.1110021530792683,0.027859723782409602
102_H2,8.154750961430447e-06,0.0,2.856862010958139e-06,0.04929855539652616,0.012327391752374637
102_H3,0.0004912145648001518,0.0,0.0,0.12997691326661276,0.032617031957853225
102_NCI,3.446971988224086e-05,0.002284150231979703,9.669313385529676e-07,0.1505100618701835,0.038207412188346
102_MASS,0.013539471200709165,0.020069375151266035,0.16138401627540588,0.11130559007718237,0.07657461317614087
103_H2,0.00013571434454204514,0.0,0.0061983284540474415,0.2075942415206361,0.0534820710798064
103_NCI,0.0006270089246932992,0.0,5.861246336280601e-06,0.033194597936789944,0.008456867026954881
103_MASS,0.00018148153140022828,0.00025736333728084625,0.0,0.22287489254867454,0.0558284343543389
104_H2,4.9383164831044916e-05,5.810247296325727e-07,0.0021220047492533922,0.058734129453683226,0.015226524598124324
104_H3,4.4658869717643496e-05,0.0,1.3045238119957503e-05,0.20302721400787252,0.05077122952892753
104_MASS,0.00021795797077743602,4.76611587214191e-05,0.0008140078862197697,0.06279801343397894,0.01596941011242439
105_MASS,3.796833706671696e-05,0.0,1.1314386028971057e-05,0.1269302962572716,0.03174489474509182
106_H2,3.083110975648253e-05,0.00024722933299439835,4.364838787296321e-06,0.06442955261543118,0.016177994474242337
106_H3,4.009685008043614e-05,0.0,7.091774705259013e-07,0.2665579356780545,0.06664968542640137
106_NCI,0.0001760445657751148,0.0,6.846356427558931e-06,0.011824854792332192,0.0030019364286337164
106_MASS,0.00024367291818679846,0.0,3.2764790375949815e-05,0.12947704100784382,0.032438369679101645
107_H2,0.0019059543630445385,0.0,0.00011574820382520556,0.29648876707585814,0.07462761741068197
107_H3,6.47262480928369e-06,0.0,0.0,0.11980881846928818,0.029953822773524364
107_NCI,0.0010570861974269524,0.0,0.0005121034337207675,0.10162276722178436,0.02579798921323302
107_MASS,0.0015332471856275636,0.0,0.024328533560037613,0.0328882967402359,0.014687519371475269
108_H2,0.00047218647292130735,0.0,2.8912752441101475e-06,0.2669199868639071,0.06684876615301813
108_H3,1.2259314712779699e-06,0.0,1.4420496654565795e-06,0.209977501389183,0.052495042342579935
108_NCI,0.0006182533739791076,0.0,2.994083297380712e-05,0.0633544203691007,0.016000653644013405
108_MASS,0.0014636709211191773,7.245655988107447e-07,2.5506333258817904e-06,0.2708093927736204,0.06806908472341608
110_H2,0.007293616698185848,0.006160456127109434,0.0022751514334231615,0.04722909784415787,0.01573958052571908
110_H3,0.00011464717150033555,0.0,0.0,0.1600833809824854,0.04004950703849643
110_NCI,0.0073590683011215815,0.002609577126472947,0.00324302283115685,0.08589959231575812,0.024777815143627376
111_NCI,0.0010534096477199577,0.0004956807071542927,4.39214454672765e-05,0.3469232468911466,0.08712906467287204
112_H3,0.00019366777548744332,0.0,1.1649409316305537e-05,0.006241217093831799,0.001611633569658887
112_NCI,0.003012247171466796,0.0022338184281478256,0.0007065559038892388,0.1572738178031638,0.040806609826666916
112_MASS,0.002775097149675526,0.0003851953132910942,0.0007548255962319672,0.09824262788345825,0.02553943648566421
113_H2,5.245626574461881e-05,0.0,7.353788760156021e-07,0.023563856548765298,0.0059042620483464835
113_H3,5.8524341780296785e-06,0.0,0.0,0.09375810097521041,0.02344098835234711
113_NCI,0.00023478459746655744,0.0,0.0,0.586078355539673,0.14657828503428488
113_MASS,8.261081988090757e-05,0.0,0.0,0.04974981479251095,0.012458106403097965
114_H2,0.0013496724065201944,0.0,4.401475052873138e-06,0.08712824449488768,0.022120579594115185
114_H3,2.326223079266961e-06,0.0,1.0817121619766112e-05,0.24681228146319026,0.061706356201972325
114_NCI,0.005567832252145888,1.676190180610303e-05,2.134210808435455e-05,0.5897022405660093,0.1488270442070114
114_MASS,0.00020778992185315295,6.40944993762707e-05,1.598276639924734e-06,0.10779678556566114,0.02701756706588262
115_H2,0.0015013348221637908,0.0010984991600576765,0.00022447646188084036,0.07325422411727953,0.01901963364034546
115_H3,0.00031392444291949225,0.0006453778254608017,0.0,0.24495818215050058,0.06147937110472022
115_NCI,0.0005750172782788042,0.00028216303397949217,5.532943760044873e-06,0.3406786670177553,0.0853853450684434
115_MASS,0.0017736126621250262,8.614821017841027e-05,1.2620497500392958e-06,0.05015028599822045,0.013002827230068481
116_H2,0.004392185893243341,0.02095919841707844,0.005461739841848612,0.12182165996594582,0.03815869602952905
116_NCI,3.796061674282068e-05,0.0,2.832632526406087e-05,0.2482105469210566,0.06206920846576587
116_MASS,9.336417362918028e-05,0.0,5.136325498256156e-08,0.06291409184977224,0.0157518768466641
117_H3,0.0009288752186296063,0.0,0.0001472627918701619,0.17839240927190017,0.044867136820599986
117_NCI,0.002330306989005828,0.0,1.7317672245553695e-05,0.2307036435555969,0.05826281705421207
117_MASS,0.0031040862635934746,0.008173966986302208,9.8363911092747e-05,0.21487944632934952,0.056563965872584485
118_H3,6.799852696021682e-05,0.0,0.0,0.06901441209205578,0.017270602654753997
118_NCI,0.0023038209317810814,0.0011257234229322586,5.038492236053571e-05,0.2727566203187117,0.06905913739894638
119_H2,0.000255582971326966,0.0,1.5865239220147487e-06,0.10714798617445256,0.026851288917425387
119_H3,0.00010355021216853953,0.0,2.579408828751184e-06,0.376685640870604,0.09419794262290032
119_MASS,0.002287857834539296,0.0017576520590247733,0.0002040729596046731,0.13649753449745178,0.03518677933765513
121_H2,0.0014613579830249183,0.0013852916602557185,8.592717495048419e-05,0.6466070426526367,0.16238490486771695
121_H3,1.534048233641498e-05,0.0,6.620413387281587e-06,0.05187999416415013,0.012975488764968457
121_NCI,0.005550755109307172,0.0011431414266460942,0.0006995059084147215,0.40905696885651016,0.10411259282521954
121_MASS,0.002851463457258506,0.0,5.1164879550924525e-05,0.10385359295430947,0.026689055322779726
122_H3,6.754457320485107e-05,0.0,2.1993705558998045e-06,0.14772342052080328,0.03694829111614101
122_NCI,0.0002335285682441346,2.7200554834648915e-05,1.0530182407819666e-05,0.16382245065318674,0.041023427489668335
122_MASS,0.0003367036170865142,0.0,3.0043486276554177e-06,0.06583430363102052,0.016543502899183674
123_H2,0.0007101928215964554,0.0,0.0006559854373335838,0.025174399099528122,0.00663514433961454
123_H3,1.853938423510759e-05,0.0,0.0,0.1770553608319035,0.04426847505403465
123_NCI,8.070816359773341e-05,0.0,7.122701208572835e-05,0.15138760477527632,0.037884884987739946
123_MASS,2.6790361805391663e-05,0.0,0.0,0.05265757101082644,0.013171090343157957
124_H2,3.195077355764178e-05,0.0,0.00024991639656946063,0.27483937662733127,0.0687803109493646
124_H3,5.286495259483327e-09,0.0,0.0,0.03611147503747963,0.009027870080993722
124_NCI,1.0917218868483896e-05,0.0,0.00040109470137394965,0.2675863117566209,0.06699958091921583
124_MASS,0.3959823161734206,0.09971313724470288,0.0,0.12333746239164146,0.15475822895244123
125_H2,0.00011913656555146894,0.0,5.493507615028648e-06,0.12839436070587976,0.03212974769476156
125_H3,7.883828538686168e-06,0.0,0.0,0.06327247765470786,0.015820090370811637
125_NCI,0.00013349135395527672,0.0,0.00034283811692148447,0.28604462029561634,0.07163023744162328
125_MASS,0.00018628757487651305,0.0,6.506257363980694e-07,0.16511042174930293,0.04132433998747896
127_H2,3.0402863164202506e-06,0.0,0.0,0.26106569089380327,0.06526718279502992
127_H3,0.0,0.0,0.0,0.07900785342889007,0.019751963357222516
127_MASS,4.7545127117801503e-07,0.0,0.0,0.008071202868856913,0.002017919580032023
128_H2,0.000459308894306264,0.00015472859066319303,0.0,0.033298893521531946,0.008478232751625351
128_H3,7.472226186980504e-06,0.0,5.482863343786448e-05,0.06004324470753774,0.015026386391790646
128_NCI,0.0008095953761583252,0.0,3.238203134969808e-05,0.27372243591747236,0.0686411033312451
128_MASS,0.0007298435811193676,0.0,0.0003187762340530753,0.03898385194655579,0.010008117940432059
129_H2,0.0006531923426589252,0.0005237585592187781,3.9398644730681553e-05,0.0989050784465746,0.02503035699829575
129_MASS,0.0013515807183595784,4.345759560502034e-07,1.0179459195569507e-06,0.03829530888750844,0.009912085531935906
130_NCI,4.2783525683133674e-05,0.0,0.0,0.025617169654505993,0.006414988295047282
131_H2,1.7166343137043496e-05,0.0,0.0,0.09521677224188031,0.02380848464625434
131_H3,2.2302484126084014e-05,0.0,0.0,0.08378456579480956,0.02095171706973391
131_MASS,1.7740322093734021e-06,0.0,7.151627983148501e-07,0.01196279253049912,0.002991320431376702
132_H2,0.0017552149155641093,0.0,4.517810157267377e-05,0.07189216671108152,0.018423139932054577
132_NCI,0.0004632032519143008,0.0,4.411204372445354e-06,0.01794067796489407,0.004602073105295204
135_H2,0.00010851556468958807,0.0,0.0,0.03541493350877422,0.008880862268365953
135_H3,5.8361719534866794e-05,0.0,0.0,0.15791924131808527,0.03949440075940503
135_NCI,8.385252403046954e-05,0.0,0.0,0.07829362179347941,0.01959436857937747
135_MASS,2.8380934144023254e-06,0.0,0.0,0.03791094586005119,0.009478445988366398
136_H2,0.0001494045974074092,0.0,1.182841333502438e-05,0.0026570496627336972,0.0007045706683690327
136_MASS,0.00016703582305714623,3.26536235719772e-07,1.7052840121323243e-05,0.12459639943419999,0.031195203658403545
137_H2,6.787849844360264e-07,0.0,0.054211828857660294,0.029555598349742813,0.020942026498096886
137_H3,1.2079744045327079e-05,0.0,0.0,0.12750231156050942,0.03187859782613869
137_NCI,0.00027592540537310834,0.0,1.6717504536245542e-07,0.0954803602314577,0.023939113202969042
138_H2,7.259543834146605e-07,0.0,0.0,0.0122280648962722,0.003057197712663904
138_H3,3.4060013055359686e-06,0.0,0.0,0.01566311463941286,0.003916630160179599
138_NCI,1.2864086312091252e-07,0.0,0.0,0.01934671332703299,0.004836710491974028
138_MASS,4.225461763028521e-06,0.0,0.0,0.0031229913923003223,0.0007818042135158377
139_H2,0.00019760016200212334,0.0,0.0,0.03634113450214682,0.009134683666037237
139_H3,2.1134129188422996e-07,0.0,0.0,0.21159716572863665,0.052899344267482135
139_NCI,1.6273009841363765e-05,0.0007188928830947795,0.0,0.05807226667193519,0.014701858141217834
139_MASS,5.617635011509301e-06,0.0,0.0,0.07132299371184432,0.01783215283671396
140_H2,1.2185522831924863e-05,0.0,0.0,0.6520373781693305,0.1630123909230406
140_H3,1.2680874970354552e-05,0.0,0.0,0.20093831325094516,0.05023774853147888
140_NCI,8.005871276313874e-05,0.0,0.0,0.16959865616582162,0.04241967871964619
140_MASS,2.6805689445908176e-05,0.0,4.662343599193264e-06,0.011984928175789377,0.0030040990522086195
141_NCI,2.357243939017048e-08,0.0,0.0,0.1762361105271052,0.044059033524886146
141_MASS,7.332812601385467e-09,0.0,0.0,0.009929856480095308,0.0024824659532269775
142_NCI,0.0030836440883523115,0.0,0.006622938439249992,0.18452911230041044,0.04855892370700319
143_H2,7.75577360708944e-05,0.0014108512747901692,0.00024332519387826324,0.05610423852160613,0.014458993181586364
143_H3,3.7426589924419078e-06,0.0,0.0,0.1201575883513606,0.030040332752588262
143_MASS,0.0036040808146568866,0.0,0.0,0.006010688778897868,0.0024036923983886886
144_NCI,1.7444537106495453e-05,0.0,0.0005145778995938599,0.04859417925026591,0.012281550421741567
144_MASS,0.00047296876135150315,0.0,0.0006067511276341975,0.036861103642284725,0.009485205882817606
145_H2,1.0362606454133605e-05,0.0,2.9552154501288896e-07,0.11667065308992147,0.029170327804480155
145_NCI,1.1974012324148132e-05,0.0,4.328921022533905e-06,0.04581606278103307,0.011458091428594937
145_MASS,1.4714776831841228e-06,0.0,0.0,0.06666720462319349,0.01666716902521917
146_H3,2.164532856438435e-05,0.0,9.151294216280803e-05,0.049826329397165,0.012484871916973048
146_NCI,0.0007394445692160836,0.0,2.934400072263088e-05,0.27268297290269217,0.06836294036815772
146_MASS,0.00034932967531523814,0.0,0.0005771233118139207,0.047198303281412474,0.012031189067135408
147_H3,0.0,0.0,0.0,0.17422917112175432,0.04355729278043858
147_NCI,4.583976953102358e-05,0.0,0.0,0.20755347205155192,0.05189982795527073
147_MASS,0.005382875176654218,0.0005541558453979411,0.0,0.15284557685723799,0.03969565196982253
148_MASS,0.0016313834370053563,0.0,3.6126343729847576e-06,0.045527504532478856,0.011790625150964299
149_H2,0.00012150805914421988,0.0,2.710593207666534e-07,0.29734327532652877,0.07436626361124844
149_H3,0.00023920008990888956,0.0,1.548496129544219e-06,0.1107964189241753,0.027759291877553435
149_NCI,0.000512737599881698,0.0,0.0,0.0472445471809278,0.011939321195202374
149_MASS,8.727341713682652e-05,0.0,1.2007587429252453e-05,0.17261490500667906,0.043178546502811284
150_H2,0.00030768999352611694,0.0006030715432189834,0.00014282568008638918,0.1115035356880894,0.028139280726230224
150_H3,3.1376716174223514e-05,0.0,0.007695139851421118,0.2915423352595178,0.07481721295677828
150_NCI,0.00010598475087291867,0.0,5.175101250642911e-06,0.20507824100376687,0.05129735021397261
150_MASS,0.00010865107811281067,0.0,0.00011619872384471819,0.09026236713969239,0.02262180423541248
151_H2,1.7991577172296862e-05,0.00018566411869595458,0.0,0.17689529422800848,0.04427473748096918
151_H3,3.5453829043051116e-05,0.0,0.0,0.14643059799065034,0.036616512954923346
151_NCI,2.6668095215412184e-05,0.0,0.0,0.0727488019183332,0.018193867503387154
152_NCI,0.0004624088909885424,0.00121880835858716,0.0012016440741717815,0.004368342399346033,0.0018128009307733792
154_NCI,0.0005260134682850922,0.0002341307831282645,0.0004681863356381655,0.3194307726224033,0.08016477580236371
154_MASS,0.0006329902899655969,0.001040957830794092,0.000333433214109391,0.1357213510979204,0.03443218310819737
155_H2,0.00014220019511847852,0.0,0.0011148201301693916,0.1951559578375627,0.049103244540712646
155_H3,0.00014284807252988683,0.0,0.0,0.22873582142282475,0.05721966737383866
155_NCI,0.000791281998415192,0.0,0.0013218221720308065,0.3195022805957481,0.08040384619154853
156_H2,0.000562026491073098,0.0,0.0,0.15994118677880007,0.04012580331746829
156_NCI,0.002910736665032974,0.0015387775519837368,2.0022049284307286e-05,0.17075377399838693,0.04380582756617198
156_MASS,1.167318354399128e-05,0.0,9.964978744392283e-07,0.0026848921502851766,0.0006743904579259018
157_H3,5.644854159297647e-05,0.0,8.260244794655591e-05,0.13564237065892537,0.03394535541211623
158_H2,0.00015369397732982256,0.0006642681507876124,8.398741920245811e-05,0.23518382837228313,0.05902144447990076
158_NCI,0.00027903857979784066,0.0,1.3058065633231308e-05,0.1135584679622561,0.028462641151921795
158_MASS,0.00014885256670110514,0.0,3.305491554783657e-05,0.08916948240243383,0.022337847471170694
159_H2,0.0006810419666779004,0.0,8.402866660617292e-05,0.2254968864200818,0.05656548926334147
159_NCI,6.470323880058367e-05,0.0,0.00012547253572847694,0.09504586801226751,0.023809010946699145
159_MASS,0.00035281479394142065,0.0,0.00013962025695946068,0.08525086010917327,0.021435823790018536
161_H3,6.11104106311682e-05,0.0,2.315644280770357e-07,0.030220199932922936,0.007570385476995545
161_NCI,0.00038072221518176634,0.0013460813695260962,0.00011193764657946303,0.6513947810298212,0.16330838056527713
161_MASS,0.003214142285607376,0.01904288252337497,0.0022918004542589188,0.21198966804851535,0.05913462332793915
162_H3,0.0004079525439764633,0.0,5.0632188219879026e-08,0.09545090984440094,0.023964728255141406
162_NCI,0.00022065109325548565,0.0,2.0420923192432383e-06,0.1660452890969714,0.04156699557063653
162_MASS,4.4192227520915173e-05,0.0,1.907628302433295e-06,0.07687679035427188,0.019230722552523807
163_H2,0.00047945895884139614,0.0011062905398097418,4.048161645187065e-05,0.20736746345339266,0.05224842364212392
163_H3,9.366207833421813e-05,5.864332577557977e-06,1.609764410659409e-07,0.2640010096684553,0.06602517426395203
163_NCI,0.00011576317652780132,4.468938777875469e-06,4.3618828726721404e-07,0.2734577944407741,0.06839461568609176
163_MASS,6.422055903983423e-05,0.0,8.021850590012036e-06,0.0012278531235274581,0.0003250238832893261
164_H2,0.0003861078845655831,0.0,0.00014741651830263436,0.058387681903257285,0.014730301576531376
164_H3,0.00012818218910887446,0.0,0.004323713481426239,0.4172362618183617,0.1054220393722242
164_MASS,0.00043469385380070266,0.0006901031784532197,5.81904714636039e-05,0.0035108160673643658,0.001173450892770473
165_H2,0.00030540314789860356,0.0,0.000612472475040704,0.31472024198181026,0.0789095294011874
165_NCI,0.0029035864878512855,0.0,1.2697115380433388e-05,0.39637962588604986,0.09982397737232039
165_MASS,0.00023472895074925655,0.0,0.00016756821423768997,0.007732031649392555,0.0020335822035948753
166_H2,1.2387325288080072e-05,0.0,0.0,0.04391083992455651,0.010980806812461146
166_H3,5.54413999798013e-06,0.0,0.0,0.06561964747875892,0.016406297904689227
166_NCI,8.812654467962189e-07,0.0,0.0,0.1301184723261524,0.032529838397899795
166_MASS,0.00015115012708642373,0.0,0.0,0.0027562627955875184,0.0007268532306684856
167_H2,0.000387990408599924,8.984910631758311e-05,9.592877177055925e-07,0.07467003463194871,0.01878720835864598
167_NCI,9.257604290592847e-05,0.0,2.7777925879490795e-06,0.19501662264698974,0.04877799412062091
167_MASS,0.0009716018998526811,5.8454282334709085e-05,0.002845838898792863,0.2664540431183634,0.06758248454983591
168_H2,0.0004698283136437833,0.0,9.304993000114337e-05,0.40203860231029437,0.10065037013848482
168_H3,3.1846274836832315e-05,0.0,1.2420182429195847e-06,0.0795987280632294,0.01990795408907729
168_NCI,0.0005693004227934394,0.005181404727449712,1.1612366506597027e-05,0.04256411083617636,0.012081607088231527
168_MASS,0.000339526313544712,1.7238722580641328e-05,7.81381968408823e-05,0.16782661255729167,0.04206537894756448
169_H2,0.0001489890169428942,0.0,3.761571747418202e-07,0.12489270693144701,0.03126051802639116
169_MASS,7.141916149635178e-05,0.0,6.701150141452672e-07,0.14744155363113087,0.036878410726910345
170_H2,0.0,0.0,1.8859793726733187e-06,0.006112143653850852,0.0015285074083058814
170_NCI,8.206796348515136e-06,0.00023100770479522726,6.968843422328064e-07,0.26840893380337405,0.067162211297215
171_H2,3.733402081281038e-05,0.0,3.52321112586651e-05,0.02339579070479297,0.005867089209216111
171_H3,7.40892302149203e-05,0.0,1.0781654680158681e-07,0.011249419232605659,0.002830904069841845
171_NCI,0.0003029577508160434,0.0,3.866334373014979e-05,0.08160517600314339,0.020486699274422395
171_MASS,5.2844982963839276e-05,0.0,0.001199708436615765,0.09453725720643656,0.023947452656504043
172_H2,0.00018591015998023757,0.0003156192422640537,0.00015721487579867244,0.5752890614226088,0.14398695142516293
172_H3,2.6115900963086346e-05,0.0,0.00018754899792838842,0.004457610550936873,0.001167818862457087
172_NCI,0.0006269964832154835,0.0,0.0017070129979401827,0.0506768077490682,0.013252704307555967
172_MASS,0.0007142545808980185,0.00032454148259957995,4.4185188016854227e-05,0.34079768662991167,0.08547016697035653
173_H2,0.0004439899821775847,0.0,0.0,0.11565444988773334,0.02902460996747773
173_H3,0.011847456846483249,0.011632140323511276,0.0,0.13737896985984502,0.04021464175745988
173_NCI,3.7364255010289615e-05,0.0,0.0,0.004357868571824195,0.001098808206708621
173_MASS,2.7430362706715163e-05,0.0,0.0,0.07922082989468869,0.019812065064348853
175_H2,0.0010924466189420978,0.0003939584582634927,0.0005855244235135615,0.03661324115561091,0.009671292664082516
175_H3,0.001103502631066662,0.0,0.0001546315907035023,0.29752318653217563,0.07469533018848645
175_MASS,0.0015528061552115193,0.0008320211033834969,0.0,0.10128855703821553,0.025918346074202635
177_H2,0.0010087985223642799,0.0,0.00014992766955401748,0.0871526035956426,0.022077832446890225
177_H3,0.0009170858898856891,0.0,0.0,0.07130696112095795,0.01805601175271091
177_NCI,0.0010106264720450041,0.0,0.0,0.014103126233094827,0.003778438176284958
177_MASS,0.0011837696796647044,0.0,8.355751560884528e-06,0.047883133954852726,0.01226881484651958
178_H2,3.340218961009805e-05,1.0001441893221324e-06,0.0039252606220543385,0.05664424287567869,0.015150976457883112
178_H3,0.0,0.0,0.0,0.0663745018651853,0.016593625466296325
178_NCI,7.462356522639833e-05,0.0,1.3435238770398428e-06,0.12428034733474173,0.031089078605961294
178_MASS,0.00013348767403858236,3.267159968652317e-06,0.0001283682358916849,0.04074070104401149,0.010251456028477603
180_H2,0.0012172661888834048,0.0008370866783134444,0.0013786933850497007,0.3978058432422628,0.10030972237362734
180_H3,0.000910554254825173,0.00010331201780842494,0.0,0.2447971972790003,0.06145276588790847
180_NCI,0.0013609141307111426,0.00020230369655307293,5.1799561333609745e-05,0.4070677011966914,0.1021706796463223
180_MASS,0.0011989200886572118,0.0037300093765205346,0.0006539496826007962,0.2830187290713695,0.07215040205478701
181_H2,1.5552412606378815e-08,0.0,0.0,0.004238800660207837,0.0010597040531551108
182_H2,0.0005689323352093248,0.0,0.0,0.09789449327184213,0.024615856401762864
182_H3,3.6295149136709733e-06,0.0,2.412842513876967e-05,0.02726634578551021,0.006823525931390663
182_NCI,0.00012431772147627606,0.0,3.923499025404453e-05,0.010907010563683445,0.0027676408188534417
182_MASS,0.0005127757445828475,0.0,0.0,0.03310105790346881,0.008403458412012914
183_H2,5.604169659487375e-06,0.0,0.0,0.1321571073354315,0.03304067787627275
183_H3,3.2412995725824223e-06,0.0,0.0,0.013475079095674051,0.0033695800988116586
183_NCI,0.055982620517662576,0.00791062711818074,0.21391253173351288,0.3344329679701904,0.15305968683488663
183_MASS,0.0005904103798873087,0.0,0.0,0.07676683513753496,0.019339311379355566
184_H2,6.771294227438443e-05,0.0,0.0,0.053829795928854826,0.013474377217782302
184_H3,2.593663817449905e-07,0.0,0.0,0.019235697681930567,0.004808989262078078
184_NCI,0.0012264699445694034,0.0,9.127204521064414e-07,0.21900257695689368,0.0550574899054788
185_H2,0.001900151209661495,0.0002586226766051334,1.58112288772827e-05,0.09106506571515484,0.02330991270757469
185_H3,3.456315619461034e-05,0.0,0.0002892896591220051,0.06837873120359558,0.01717564600472805
185_NCI,0.00507950203722692,0.0,1.40275615194696e-05,0.0609577895656913,0.01651282979110942
185_MASS,0.00011771272573472637,0.0,6.340252184600104e-06,0.00030799495132705567,0.00010801198231159554
187_H3,9.578048144764373e-06,0.0,0.0,0.05483892151079304,0.01371212488973445
187_MASS,9.287832743535747e-08,0.0,0.0,0.03622195321442776,0.0090555115231888
188_H2,0.048753279003444006,0.08802939846281967,0.38784995675086975,0.193689889044616,0.17958063081543738
188_H3,1.9117570771871517e-07,0.0,0.0,0.1918995402493657,0.04797493285626835
188_NCI,1.0750155151841075e-05,0.0,0.0,0.15354001233403197,0.03838769062229595
188_MASS,0.009385200746819599,0.02938619494635802,0.0,0.05966718949858096,0.024609646297939644
190_H2,1.5794559380739497e-06,0.0,1.2646830327867065e-05,0.08523047666628097,0.02131117573813673
190_H3,3.2687308229695236e-06,0.0,0.0,0.030610102656768674,0.007653342846897911
190_NCI,2.6357941611376044e-06,0.0,0.0,0.0028196164853383178,0.0007055630698748638
190_MASS,0.00014599562855133888,0.0,0.01296153012663126,0.058169458622613045,0.01781924609444891
191_H2,0.00018671062096384196,0.0,1.946236807270907e-05,0.13407338800195923,0.033569890247748944
191_H3,1.2823904455224287e-07,0.0,0.0,0.04425058056730196,0.011062677201586628
191_NCI,0.0001509934769307989,1.3405494554270574e-05,0.00012533998233266175,0.024031648646735224,0.006080346900138239
191_MASS,1.4748022579923373e-05,0.0,0.0,0.026620539793627072,0.006658821954051749
192_H2,0.0013108854749308305,0.0,4.708848422296796e-09,0.01898533742546408,0.005074056902310833
192_H3,8.00276944819534e-06,0.0,1.5153473214013502e-06,0.08016228619301558,0.020042951077446292
193_H2,1.7066660715982725e-05,0.0,7.73329065850703e-06,0.22796496538748015,0.05699744133471366
193_H3,0.00013170384864334754,0.0,1.1648961617538589e-07,0.0568328186579901,0.014241159749062406
193_NCI,8.688602785339859e-05,0.0,1.4467826076725032e-05,0.01946665671720928,0.004892002642784851
193_MASS,3.322967801624891e-05,0.0,1.6084445633168798e-06,0.047586284729758906,0.011905280713084618
194_H3,7.18024879237726e-06,0.0,4.711718065664172e-05,0.04729260957526228,0.011836726751177825
194_NCI,0.00016164035728463016,0.0,6.13047814113088e-05,0.1655519600485173,0.04144372629680331
194_MASS,8.629471494807838e-05,6.908988449383413e-06,2.731301538005937e-05,0.05367036107078147,0.013447719447389747
195_H2,9.914924515932829e-05,0.0,0.0,0.16003779140626495,0.04003423516285607
195_NCI,0.001250281262074648,0.0,3.1234581001626793e-06,0.013584740431727844,0.0037095362879756635
196_H2,0.0005319689868902074,0.0004511626834413675,3.861255208903458e-06,0.18388698481886645,0.04621849443610173
196_H3,4.789840584406158e-05,0.0,0.0007910288986749947,0.07764814580975439,0.01962176827856836
197_H3,0.0007027458188625253,0.0,0.0006426011095754802,0.2135913183878046,0.053734166329060654
197_NCI,0.0001780158224644663,0.0,0.0001032206928357482,0.035280831365949436,0.008890516970312413
197_MASS,0.00022118593766314712,0.0,0.003478311700746417,0.21081211328081584,0.05362790272980635
198_H2,0.00021654023222463943,0.0003593961035147368,0.00021592402481473982,0.2313771954260122,0.05804226394664158
198_H3,0.00019333498376450291,0.0,0.002036523539572954,0.2848970571842594,0.07178172892689921
198_NCI,0.0017210483145815528,0.0,5.992549745315046e-07,0.2639285262450312,0.06641254345364682
198_MASS,0.00065835393648803,2.5862950690043973e-06,0.0011377254268154502,0.05077970439448403,0.01314459251321413
199_H2,0.0001736119793256528,0.0004166215439871627,0.0,0.11190186388016649,0.028123024350869826
199_H3,9.850591372427583e-05,0.0,0.0,0.15760161489107302,0.03942503020119933
199_NCI,1.3851370846294115e-06,0.0,0.0,0.21325644851029715,0.05331445841184545
200_H2,0.00011903310346946898,0.0,3.7782838262501173e-06,0.3426105015977979,0.0856833282462734
200_NCI,0.00036911209950185614,0.0,7.467927389370743e-06,0.041913712427635676,0.010572573113631726
201_H2,3.876401099548734e-05,0.0,6.240450147743104e-06,0.17617500983660483,0.044055003574437014
201_H3,0.00012485291526152025,0.0,0.0,0.004436681429248437,0.0011403835861274892
201_NCI,0.005705869183389048,0.010494990298752092,0.0006681755767203867,0.05472994355929374,0.017899744654538814
201_MASS,0.00014958637876557134,0.0,5.022079108130129e-07,0.07807935197152818,0.01955736013955114
202_H2,6.679864451201419e-05,0.0,1.0846690656762803e-06,0.02264222171002166,0.005677526255899837
202_H3,5.3500280954305576e-05,0.0,0.0,0.15235947329762448,0.038103243394644694
202_NCI,0.0001635781788502711,0.0,0.0,0.06731600658301472,0.016869896190466246
202_MASS,6.586909625230791e-05,0.0,0.0,0.04730077020572828,0.011841659825495147
203_H2,0.0002000439646210513,0.0,2.91661563096568e-05,0.005917349787277793,0.0015366399770521252
203_H3,1.2182422354244203e-08,0.0,0.0,0.031786357107417236,0.007946592322459898
203_MASS,0.00018680077260599043,0.0,3.09830147671164e-06,0.013035656822866056,0.0033063889742371896
204_H3,3.7076859736702393e-06,0.00020319375314562955,0.0,0.05483144415549392,0.013759586398653306
204_NCI,0.0003606912403079474,0.0,1.089459237846313e-05,0.2155176895204116,0.0539723188382745
204_MASS,0.0006967186359675534,0.001136175556026002,1.3192480764701031e-05,0.07245933462940102,0.01857635532553982
205_H2,0.000336654743602534,0.0006747579415395936,2.6057135983137414e-05,0.16763521355133143,0.042168170843114174
205_NCI,0.0013410429830307247,0.0,0.00020293011039029807,0.13466966162889593,0.03405340868057924
205_MASS,0.0002663168906505216,8.627712612346612e-05,0.0,0.009789669245842316,0.002535565815654076
206_H2,0.001150490000905398,0.0,0.00020627424237318337,0.35265191509945826,0.08850216983568421
206_H3,3.6388328952553844e-08,0.0,0.0,0.09997988849197269,0.02499498122007541
206_NCI,0.003411643893123371,0.00014111240798644157,0.00012929248623549938,0.7039631981401122,0.1769113117318644
206_MASS,0.0004799566240337129,0.0004600060369795968,6.387578537214722e-07,0.04756501685794347,0.012126404569202625
207_H2,0.05199209701964169,0.062395676454447456,0.012098959647119045,0.7290110270419917,0.21387444004079997
207_H3,8.475708835779972e-07,0.0,0.0,0.16629674905707867,0.041574399156990564
207_NCI,0.0011335056245030226,0.0,1.9823763068416156e-05,0.5871091092700923,0.14706560966441592
207_MASS,0.007374661606746267,0.00020160228856153586,0.015669502317905426,0.4816580203865118,0.12622594664993125
208_H2,7.811912007028897e-05,0.0,3.795218435698189e-05,0.02880138338491975,0.007229363672336755
208_H3,1.0809110256218585e-06,0.0,0.0,0.08086647808347705,0.020216889748625667
208_NCI,0.00030213795590598226,0.0,9.57268348429352e-05,0.07755173646673844,0.01948740031437184
208_MASS,0.0004719014158779961,4.941949785984887e-06,6.699203368043527e-05,0.03926288234563865,0.009951679436245767
209_H2,0.00010391021842813837,0.0,3.74944502254948e-05,0.2161089668423449,0.054062592877749636
209_H3,2.1197453282312712e-06,0.0,0.0,0.2575500036743925,0.06438803085493018
209_MASS,0.0007540783072703781,0.0,1.4117722457740456e-05,0.1706454268030791,0.0428534057082018
210_H2,0.00016919626380774527,0.0005499708811386295,0.00032822531647980213,0.05347160424195742,0.013629749175845899
210_H3,1.0876171652326885e-05,0.0,0.0,0.14648273198005926,0.036623402037927896
210_NCI,0.004246333766686153,0.004409368674259097,5.965615127934143e-05,0.325601097914512,0.08357911412668416
210_MASS,0.00048442556494154995,0.0,0.0,0.044550283127953956,0.011258677173223876
211_H2,0.00010646077593619845,0.0,0.0,0.09146544764060967,0.022892977104136465
211_NCI,9.906965527446489e-06,0.0,6.2560047808801755e-06,0.019761429470616917,0.004944398110231311
211_MASS,3.141373808970965e-05,0.0,0.0,0.03949007779115021,0.00988037288230998
212_H2,0.0008040725471384761,0.0008667005585157651,0.0002223352057626471,0.07630965291008797,0.019550690305376213
212_H3,3.947612207408984e-05,0.0,2.8549616217787843e-06,0.06408616819515969,0.01603212481971389
212_MASS,0.0007814596786211789,0.0,3.4755803426378407e-06,0.004573338054078699,0.001339568328260629
213_H2,0.00012196344008634304,0.0,0.0009514159173704684,0.012075804150954004,0.003287295877102704
213_H3,4.9162113641038475e-05,0.0,1.048886315402342e-05,0.20845921270950196,0.052129715921574254
213_NCI,0.0005151791240894229,0.0005959120891910297,0.00024138763546943665,0.12682673574629225,0.032044803648760535
213_MASS,0.00020246051445813802,0.0,0.00015451230865437537,0.04195784095780172,0.010578703445228559
214_MASS,0.0,0.0,0.0,0.017573664312964546,0.0043934160782411365
215_H2,0.00010163221796987488,0.0,1.5797493688296527e-05,0.13190431672348776,0.033005436608786486
215_H3,2.650279635817716e-07,0.0,0.0,0.10195937053365842,0.025489908890405498
215_NCI,6.882740051359974e-05,0.0,1.4161948456603568e-05,0.14619699934671573,0.03656999717392148
215_MASS,0.0015210812322040837,0.01130088841275142,0.0011118381517007947,0.06972710307801723,0.020915227718668383
216_H2,0.00018156802372760236,0.00033480536640530706,1.996698119910434e-05,0.13510812507180875,0.03391111636078519
216_H3,0.00016963112853966508,0.0,5.573534522795853e-08,0.4702668460556526,0.11760913322988438
216_NCI,0.00047447704798633415,0.0016544298979072245,0.00028372634551487863,0.3316328573789619,0.08351137266759259
216_MASS,0.0008097821976545695,0.0,0.000524983974173665,0.05066283941701012,0.012999401397209589
217_MASS,0.00021287082136944418,0.0,7.685643140575849e-06,0.04939804174108335,0.012404649551398342
218_NCI,0.01240498784905617,0.027098616970097276,0.047393057495355606,0.26485509467676366,0.08793793924781818
219_H2,0.001510853534262794,0.00043734426478117544,0.0007402038318105042,0.2649397882733798,0.06690704747605856
219_NCI,0.0008924151548032564,0.0,0.0003336341760586947,0.0157399181057337,0.0042414918591489135
219_MASS,0.0004674159110232553,0.0,0.0004204600991215557,0.07278368139277124,0.01841788935072901
220_H2,5.3502744425648665e-05,0.0002996361229546729,0.008587939664721489,0.20970335062080137,0.05466110728822579
220_NCI,0.000652017786835442,0.0,1.2784901173290564e-06,0.16071990021546517,0.040343299123104484
220_MASS,7.494255079659337e-05,0.0,0.0,0.064679667818899,0.0161886525924239
221_H2,2.9121618295751083e-05,0.0,2.6878963055310123e-08,0.18567750812118558,0.046426664154611094
221_H3,0.00017272205235396065,0.0,0.00026054735644720495,0.2904893820149922,0.07273066285594834
221_NCI,4.437173084632411e-05,0.0,0.0,0.06696098448854913,0.016751339054848866
221_MASS,0.00010645013873657709,0.0,0.0,0.004035165857720557,0.0010354039991142836
223_H2,0.001290628482610269,0.002295238923630641,0.0,0.15391526715011358,0.039375283639088626
223_H3,0.001515555604399181,0.0,0.0,0.41200115768125817,0.10337917832141434
223_NCI,0.0002796735125131911,0.00027571359146518046,1.624765900487546e-05,0.05292422502531551,0.01337396494707469
223_MASS,0.000864213987419461,7.030317773273727e-05,0.0,0.11582778169294874,0.029190574714525235
224_H2,2.43840953871173e-05,0.0,2.8989916245336644e-05,0.06696982027361273,0.016755798571311296
224_H3,2.214071532344678e-05,0.0,0.0,0.08699794263512743,0.02175502083761272
224_NCI,0.0003509857179126196,0.0,2.9457507480401546e-05,0.05979354844879904,0.015043497918548015
224_MASS,0.00011538387802354249,0.0,3.7373422401287826e-07,0.008090998459144511,0.0020516890178480167
225_MASS,0.0,0.0,0.0,0.026032509498723308,0.006508127374680827
226_H2,0.00014336349000750482,6.954511616637395e-07,0.0,0.023300156800759652,0.005861053935482205
226_H3,4.413726801416749e-07,0.0,0.0,0.09373157629630277,0.023433004417245728
226_NCI,0.0005369503850538713,1.8732123211096476e-05,0.0,0.09055268651006752,0.022777092254583124
226_MASS,1.111407610788251e-05,0.0002092801686588002,3.138652027701028e-05,0.06473529020769021,0.016246767743183475
227_H2,0.08377371886831621,0.08349314181496637,0.1746673285961151,0.31799889515086766,0.16498327110756633
227_NCI,0.0009807186974223907,0.0,1.5353708704424207e-06,0.15503860099461195,0.039005213765726195
227_MASS,0.0007554654392472865,0.0004429632419581393,0.0017704460769891739,0.006009229471134415,0.0022445260573322537
228_H3,2.4761610277436857e-05,0.0,0.0,0.20673438548215953,0.05168978677310924
228_MASS,7.240525513067513e-06,0.0,0.0,0.04201062260275751,0.010504465782067644
229_H2,3.0166974830927553e-06,0.0,2.403652104021603e-07,0.01781418448836007,0.004454360387763392
229_NCI,3.4195164649906318e-06,0.0,0.0,0.11778370466809046,0.029446781046138862
229_MASS,0.0001452989911621346,0.0,0.0,0.01570162074017803,0.003961729932835041
230_H3,2.166770380564634e-05,0.0,6.451646328287097e-08,0.08076212939205674,0.020195965403081415
230_NCI,0.00017148351950068054,0.0,0.000371975707821548,0.13297601986940336,0.0333798697741814
230_MASS,0.00016355148986907522,0.0,0.0,0.0722343707824734,0.018099480568085618
231_H3,0.00029593569505912933,1.1744811728380446e-05,0.0018028642516583204,0.06008076287020933,0.015547826907163791
231_MASS,0.0002952042776396254,0.0003403988719499499,0.007814766839146614,0.1449256164746493,0.03834399661584637
232_H2,4.5680622518990746e-06,1.7126748209355903e-05,0.0,0.1165593992681757,0.02914527351965924
234_H2,0.0002818646437009903,0.0,0.0,0.3200142322851302,0.0800740242322078
234_MASS,0.00012219725847335548,0.0,1.8131602530502278e-07,0.09375447373890178,0.02346921307835011
235_H2,3.756619181180464e-05,0.0,1.2609842769961688e-07,0.29641217962995386,0.07411246798004834
235_H3,2.3123551954950328e-05,0.0,0.0,0.055154662062398996,0.013794446403588486
235_NCI,0.03460599150324488,0.0,3.064136762986891e-05,0.11355317444895421,0.03704745182995724
236_H2,1.0720002954199203e-05,0.0,0.0,0.048112836322406,0.012030889081340049
236_NCI,2.0585126471747446e-05,0.0,0.0,0.012644433060238396,0.003166254546677536
236_MASS,1.7931969191837532e-05,0.0,0.0,0.03488178999391954,0.008724930490777844
237_H2,9.662623893798239e-06,0.0,0.0,0.2634208023721832,0.06585761624901924
237_H3,1.9948084156631675e-05,0.0,0.0,0.09796395571364003,0.024495975949449165
237_MASS,0.005428156170864939,0.008562870233858728,0.013295822776854038,0.059495391296917506,0.021695560119623803
239_H2,0.0010884691460878878,0.0,1.0607510603222181e-06,0.23947460492269365,0.06014103370496047
239_MASS,0.00029896930784741954,0.0,0.0,0.17323781658170068,0.043384196472387025
240_H2,6.734617876660829e-06,0.0,0.0,0.10851898468275079,0.02713142982515686
240_H3,1.055387260021544e-05,0.0,0.0,0.1807029859794213,0.04517838496300538
240_NCI,0.0001738471273023013,0.0,2.562053850851953e-06,0.05894458637751404,0.014780248889666798
240_MASS,0.0003641590842396246,0.0,0.0,0.13243698934640055,0.03320028710766004
241_H3,0.00012214422520020254,0.0,0.0,0.03531876155711699,0.008860226445579298
241_MASS,0.000476371551318443,0.00045017962428573925,0.00018961881869472563,0.03949873159073451,0.010153725396258355
242_H2,5.5383500996981736e-05,0.0,1.875359157565981e-05,0.3600750802197278,0.09003730432807511
242_H3,5.966318606613438e-06,0.0,0.0,0.20235037243229145,0.050589084687724516
242_MASS,0.00016994702808708446,0.0006881257420919273,0.0,0.018220150798572594,0.004769555892187902
243_H2,0.00016872480619827113,0.0,1.5258889106917195e-05,0.13830730317922427,0.03462282171863237
243_H3,3.592204735930623e-05,0.0,0.0,0.05120722738894847,0.012810787359076944
243_MASS,4.275672201519669e-05,0.0003429334245317652,2.373689540036139e-06,0.007768340324380692,0.0020391010401169226
245_H2,1.6264721992725942e-05,0.0,0.0043890695087611675,0.09784762855170304,0.025563240695614234
245_NCI,1.1059273736584774e-06,0.0,0.0,0.05851059873917467,0.014627926166637082
247_H3,2.37794102817613e-05,0.0,5.487888120114803e-05,0.13640045001127138,0.03411977707568857
247_NCI,0.00024815590471677715,0.0,4.52021276942105e-06,0.4431429466617034,0.1108489056947974
247_MASS,4.551988913643515e-05,0.0,9.902769670588896e-05,0.03131761200770419,0.007865539898386628
248_H2,1.2795404614889242e-07,0.0,0.0,0.2819075414991737,0.07047691736330496
248_H3,1.620957433719932e-06,0.0,0.0,0.06862398702852096,0.01715640199648867
248_NCI,8.868907504621323e-05,0.0,1.5055513813422294e-06,0.014709982447488959,0.0037000442684791287
248_MASS,1.9509801187249095e-05,1.0270720295326902e-05,4.628193384093038e-09,0.03407135171828437,0.008525284216990083
249_NCI,3.2833282718582952e-06,0.0,0.0,0.08651086135909591,0.021628536171841944
250_H2,1.9026958249521308e-06,0.0,7.202012511697831e-06,0.009466364977526509,0.0023688674214657895
250_MASS,7.916150883038362e-07,0.0,0.0,0.017701945489705963,0.004425684276198567
251_H2,6.758398228983913e-05,0.0,3.2412258406111505e-06,0.18885014842159734,0.04723024340743195
251_NCI,1.852464132909418e-06,0.0,9.431259968550876e-05,0.03556634695350923,0.008915628004331912
251_MASS,0.0001626499772181077,0.0,0.0,0.0008916787167681513,0.0002635821734965647
252_H2,5.910001079534536e-05,3.936342904569915e-05,6.896996637806296e-05,0.05312638059850508,0.013323453501181047
252_NCI,2.959847984543957e-05,0.0,0.0,0.05301116629079034,0.013260191192658945
252_MASS,3.562303618578721e-05,0.0,0.0,0.04986925935887275,0.012476220598764635
253_NCI,2.712887003451973e-07,0.0,0.0,0.09136942581867832,0.02284242427684467
254_NCI,0.00031604657600059976,1.9729318321625217e-05,4.257706677890383e-06,0.1784643182775309,0.044701087969632756
255_H2,2.334886268464503e-05,0.0,1.863254652789692e-07,0.04133624917787629,0.010339946091506553
255_H3,1.1313373255041678e-06,0.0,1.3024829058849718e-05,0.11158329122277659,0.027899361847290235
255_MASS,0.0003472887651813272,0.0,0.0005228418158367276,0.09331592059876628,0.023546512794946083
256_H2,8.586612551462931e-05,0.0,5.288472380016174e-07,0.12830876726465335,0.03209879055935149
256_H3,2.232868634715182e-07,0.0,0.0,0.15374378085817333,0.0384360010362592
256_NCI,2.912303464047324e-05,1.2002031404288756e-05,9.63288766797632e-05,0.04622685564075722,0.011591077395870437
257_H2,1.70938198549741e-05,0.0,2.471467475118061e-08,0.150388326673159,0.03760136130192218
257_H3,2.7040094900854295e-07,0.0,0.0,0.14041304981485225,0.03510333005395032
257_NCI,0.00021750009793262983,0.0,1.9972792415501317e-06,0.14785380236500692,0.03701832493554528
257_MASS,0.0002181332005479573,0.0,0.0,0.11262115139301462,0.028209821148390647
258_H2,0.00020931648483551107,0.0,1.7436864254705142e-06,0.26214267916800865,0.06558843483481741
258_H3,0.00025218427045620346,0.0,0.0,0.1287850721528298,0.0322593141058215
258_NCI,0.0004092021460597177,0.0001819997747300929,7.5516454671742395e-06,0.08792348517227112,0.022130559684632026
259_H2,1.7625127812749437e-05,0.0,7.369504146481631e-06,0.0378086804168866,0.009458418762211457
259_H3,1.651601364004339e-06,0.0,0.0,0.19199424183523076,0.04799897335914869
259_MASS,2.9286307896761656e-05,0.0,0.0001436784368706867,0.009919217181248698,0.0025230454815040365
260_H2,0.00038984028717391667,0.001262206787401756,0.00015619743498973548,0.029576512913678393,0.00784618935581095
260_H3,0.000489132845308075,0.0006460979270933488,0.0011157699627801776,0.38529156367682316,0.09688564110300119
260_NCI,0.0005802171473949791,0.0006837898060255685,0.0,0.14997855225892012,0.03781063980308517
260_MASS,0.0005930760120414982,0.0,5.390577229036353e-08,0.17495029663595935,0.043885856638443285
261_H2,0.000351666345353925,0.0056145921240032,0.001546351588331163,0.02708685237894969,0.008649865609159493
261_MASS,0.0005144772759428672,0.0,0.0,0.024470884762498143,0.006246340509610253
262_H2,0.0004923545989585039,0.00023594624220118178,0.00011824857938336208,0.11253901017126366,0.028346389897951678
262_H3,1.7015436612447642e-06,0.0,0.0,0.025777112111740618,0.006444703413850466
262_MASS,0.0003456204182074384,0.0,4.344593889982207e-06,0.11265096224343325,0.028250231813882667
263_H2,7.591370088380185e-05,0.0,0.0,0.04324709597935054,0.010830752420058584
263_H3,6.565282756479698e-05,0.0,0.0,0.030904625110800204,0.00774256948459125
263_NCI,3.171316171722291e-05,2.7354882839629814e-06,0.001372569240629673,0.15101383977195718,0.03810521441564701
263_MASS,2.6998737789724146e-05,0.0,0.0,0.01765830989397364,0.004421327157940841
264_H2,0.0,0.0,0.0,0.10449781937369089,0.026124454843422722
264_H3,0.0,0.0,0.0,0.031149836248506313,0.007787459062126578
264_NCI,8.943996686330186e-07,0.0,0.0,0.052155468384867204,0.01303909069613396
264_MASS,1.173169327476745e-06,0.0,0.0,0.016532209579019987,0.004133345687086866
265_H2,0.00012987213122224773,0.0,6.504202474388876e-07,0.24630434061933232,0.061608715792700504
265_NCI,7.139117597422062e-05,0.0,2.0621646399376914e-06,0.06141204119591516,0.015371373634132329
265_MASS,9.180420037809238e-05,0.0,2.4375177076763066e-07,0.006633894363076207,0.0016814855788062667
268_H2,0.0002677257975999927,0.00038048397943105073,3.587862738640979e-05,0.0629833689534058,0.015916864339455813
268_H3,0.00038566470825009537,2.547939273246504e-05,8.104435437417123e-06,0.7357659643430041,0.18404630321985602
268_NCI,0.00037805027957866247,0.0009300558618559259,9.026188308780547e-06,0.02162359383105233,0.005735181540198925
268_MASS,0.004605374835286838,0.006819238652961725,0.0026125756558030844,0.3008767898492434,0.07872849474832376
269_H2,0.00021066879728997914,0.00011204888544426158,2.0451027467061067e-06,0.21450180274783862,0.05370664138332989
269_NCI,0.0006300082609961988,0.0005256087124593678,7.826483994222144e-08,0.05923741305454453,0.01509827707321001
269_MASS,0.0003725309098464316,0.0,3.3235442970180884e-05,0.29892751993332495,0.0748333215715354
270_H2,9.399305338680747e-06,0.0005030629149837453,0.0009081978932954371,0.37459888864524316,0.09400488718971525
270_MASS,0.00011204850893668312,0.0,5.087872978037922e-06,0.13284941007330292,0.03324163661380441
271_H2,0.00026406657431858046,0.0,1.79846267656103e-06,0.1159055033215138,0.029042842089627235
271_H3,1.0853628354435247e-05,0.0,0.0,0.3280726966012087,0.08202088755739079
271_MASS,0.00016859979638490132,0.0032175736952876973,2.681746025245957e-07,0.1621743244891467,0.04139019153885546
272_H2,0.00034727100175586793,0.0,1.3330914043763187e-05,0.05319342603076718,0.013388506986641704
272_H3,2.1666925284994693e-05,0.0,0.0,0.1452703037870585,0.03632299267808587
272_NCI,0.000453195891832105,0.00014312191385884227,0.00025104868109337986,0.3939736413056264,0.09870525194810269
273_H2,0.0001289863311520466,0.0,0.0,0.11541487217365405,0.028885964626201525
273_MASS,9.353814926697157e-05,0.0,2.584061121524428e-06,0.09053339640811077,0.022657379654624818
274_H2,0.0006581034315158948,0.0,0.0001254583039553836,0.08359008957976946,0.021093412828810186
274_MASS,0.00028210676161911203,0.0,0.0,0.124309271619441,0.031147844595265026
275_H2,0.0004700572842918575,0.0,0.0,0.09019889408376525,0.022667237842014278
275_NCI,0.00024816348952746444,0.0,8.875983439793345e-06,0.1285533562740975,0.03220259893676619
275_MASS,0.001546011245186341,0.0,0.0,0.0033748310656591196,0.001230210577711365
276_H2,7.408093964014355e-05,0.0,2.191463681811001e-05,0.1575489304132413,0.03941123149742489
276_H3,1.8623911435739196e-06,0.0,0.0,0.10567203645611249,0.026418474711814015
276_MASS,0.00010361865052726148,0.0,0.0,0.04863561341169988,0.012184808015556785
277_H2,0.0003908261881779856,0.0,1.410873665008694e-06,0.28103605102405677,0.07035707202147494
277_H3,2.966724308835157e-06,0.0,2.292219960509101e-07,0.11176060593590002,0.027940950470551226
277_NCI,5.0369617413598984e-05,0.0,2.1381761143857148e-06,0.051464748329770174,0.01287931403082454
277_MASS,2.3662191407628416e-05,0.0,1.0777495873526277e-07,0.15025004960601082,0.037568454893094294
278_H2,8.89864430556047e-05,0.0,0.0,0.05176467382276329,0.012963415066454724
278_H3,0.00017109269950528705,0.004885869394383498,0.0,0.4353196773864526,0.11009415987008535
278_NCI,0.00043993470686180813,0.0,0.0,0.05566375570990216,0.014025922604190992
278_MASS,0.011233112873573241,0.0037573289167840123,0.010899808257818222,0.03857229250617414,0.0161156356385874
279_H2,0.00024727304379247974,0.0,5.4557181101699825e-06,0.1275523321687111,0.03195126523265344
279_H3,0.00010617531813093614,8.784425434417003e-06,0.0,0.17195447585523854,0.04301735889970097
279_NCI,0.0020678209180962697,0.0,2.594788838905515e-06,0.47898526318613144,0.12026391972326665
279_MASS,7.460443091503446e-05,0.0,0.0,0.13065223289815417,0.0326817093322673
280_H2,0.0007524634575072328,0.0020442165491175624,0.0037262383848428726,0.4514750956287843,0.114499503505063
280_H3,3.9422477147290865e-05,0.0,0.0,0.1082892134377503,0.0270821589787244
281_H2,0.0028330695186920773,0.0003239167821261301,2.3799052542017307e-06,0.19161154137332093,0.04869272689484833
281_H3,0.0003589820630086685,0.0,1.6781044905656017e-05,0.06423353516540503,0.01615232456832984
281_NCI,0.0006971614394706777,0.0,0.01939382404088974,0.2277361560004384,0.061956785370199705
281_MASS,0.0023364135382721125,0.0,8.522326243110001e-05,0.08244036041581143,0.021215499304128662
282_H2,3.8414141899344415e-06,0.0,0.0,0.21731912089272912,0.054330740576729764
282_NCI,0.00014755533729656913,0.0,0.0,0.009428478657574374,0.002394008498717736
282_MASS,1.6514446018381187e-06,0.0,0.0,0.020675768360557956,0.005169354951289949
283_H2,0.0023938842217741015,0.0,6.874624432384735e-06,0.12262674599954715,0.03125687621143841
283_H3,1.6440529856526518e-07,0.0,7.150165970415401e-07,0.05933411670349202,0.014833749031346906
283_NCI,0.0001500788091115284,0.0,1.7208505198595958e-07,0.08742668880933377,0.02189423492587432
284_H2,0.00030216580693846566,0.0,0.0,0.11528662229875423,0.028897197026423176
284_NCI,1.2246277443494906e-06,0.0,0.0,0.14192696638959468,0.03548204775433476
284_MASS,1.7136486037120663e-06,0.0,0.0,0.07909901038790375,0.019775181009126865
285_H2,1.0,1.0,1.0,0.527418332774428,0.881854583193607
285_H3,4.2121201584321906e-05,0.0,3.227945910566632e-08,0.12397280332249153,0.03100373920088374
285_NCI,0.0004827713377950927,0.0,0.00014134006050880998,0.8565188211014879,0.21428573312494795
285_MASS,0.00014095857997852625,0.0,0.0,0.07208366114819917,0.018056154932044422
286_H2,0.001052492363500575,0.0,8.53647406984237e-07,0.15012648931925193,0.037794958832539874
286_H3,5.700168347165354e-05,0.0,0.0,0.07217199980426763,0.01805725037193482
286_NCI,0.00042748161410851665,0.00038482206086058734,7.174666825449094e-05,0.28709731669998256,0.07199534176080154
286_MASS,0.0004561767688148353,0.0,8.192040695575997e-06,0.17237384291755947,0.043209552931767474
287_H2,7.090782790764102e-06,0.0,0.0,0.12152862000514257,0.030383927696983334
287_NCI,9.2978063011517e-06,0.0,0.0,0.09804484074800118,0.024513534638575585
287_MASS,0.0032127316006973702,0.0076415411670341235,0.02551231160759926,0.05187739559137329,0.022060994991676013
288_H2,1.2597625015039832e-05,0.0,1.3428276588456356e-06,0.09123284756213053,0.022811697003701104
288_H3,0.00010871245393133496,0.0,0.0,0.31385605886202556,0.07849119282898923
288_NCI,0.0010367414080756402,0.008280100164594595,1.7731713342072908e-07,0.13592156720399465,0.036309646523449576
288_MASS,0.014118595059030991,0.024632415126323567,0.16704154014587402,0.1204693157248706,0.0815654665140248
289_H2,1.4735822340059206e-05,0.0,1.58874590852065e-05,0.10201223133681156,0.025510713654559206
289_H3,4.095702966124109e-06,0.0,0.0,0.07767619584785052,0.01942007288770416
289_NCI,0.0003534885309177911,0.00018688750370310668,0.0003166473179589957,0.17401944431860453,0.043719116917796105
289_MASS,3.043687714926055e-05,0.0,0.0,0.0840150472816077,0.021011371039689242
290_NCI,2.3131553573045865e-05,0.0,2.7539123038877733e-05,0.032107723931198935,0.008039598651952714
290_MASS,0.0003866339097871464,0.0,0.0,0.11235010522638686,0.0281841847840435
291_H2,0.001360242391439099,0.0011778068455335702,0.0009117123554460704,0.3158539022773772,0.07982591596744898
291_H3,0.0016160080340458763,0.00018419106180928547,7.56577865104191e-05,0.592377509516728,0.14856334159977339
291_MASS,0.0013426482820970381,0.000680806245871385,5.0425958761479706e-05,0.09645491616128722,0.024632199162004282
292_H2,0.0014828601670120625,0.0,2.820595682351268e-06,0.08011014717480697,0.020398956984375344
292_H3,5.90957858113359e-06,0.0,9.830651833908632e-06,0.09711734759683831,0.02428327195681334
292_NCI,0.0002862949008644753,0.0,0.0,0.017649655095896256,0.004483987499190183
292_MASS,0.0003756846159908688,0.0,4.24005838794983e-06,0.11071413680142213,0.027773515368950237
293_H2,2.454242564821484e-05,0.0,0.0003213770978618413,0.22383917888710192,0.056046274602653
293_H3,2.389548055720519e-07,3.522315725577556e-06,0.0,0.02789154234147248,0.006973825903000908
293_NCI,0.00010509526286683306,5.9655546670171286e-05,8.322106026525944e-08,0.0684957195051356,0.017165138383933215
293_MASS,1.5616596017468375e-05,0.0,0.0,0.18216972209947993,0.04554633467387435
294_H2,3.110788989134852e-05,0.0,8.566075848648325e-07,0.12462870160895657,0.031165166526608196
294_H3,6.1678031161819074e-06,0.0,0.0,0.22143181649336455,0.05535949607412018
294_NCI,0.18802651380276753,0.326100560819781,0.046292129904031754,0.3466955355185968,0.22677868501129428
294_MASS,0.00013123476170374135,0.0,0.0,0.14250534019818736,0.035659143739972775
296_H2,0.00035931714029148373,0.0,6.711082096444443e-05,0.013622054822985574,0.0035121206960603752
296_NCI,0.0003594287460763877,0.0001705965648008124,7.007087788224453e-06,0.06954672107696344,0.017520938368907217
296_MASS,7.40888699450171e-05,0.0,1.8454566088621505e-05,0.05781172256059178,0.014476066499156354
297_H2,5.795529338054259e-06,0.00010956118623558696,0.0,0.11464643185122612,0.02869044714169994
297_H3,4.0240965476877964e-05,0.0,0.0,0.22654893026958783,0.05664729280876618
297_NCI,8.64672001546058e-06,0.0,5.667949517373927e-05,0.06282294373003439,0.015722067486305898
298_H2,0.0026689020816447902,0.0,2.691002691790345e-06,0.1611726509453643,0.04096106100742522
298_H3,0.009502706321627917,0.0,0.0,0.22076172125369348,0.05756610689383035
298_NCI,7.40094654702041e-05,0.0,6.62235777326714e-07,0.10144581511723787,0.02538012170462135
298_MASS,1.587277635237447e-05,0.0,8.355031155815595e-08,0.020908016934597314,0.005230993315315312
299_H2,5.278113684834932e-05,0.0,1.046593206410762e-05,0.019322455244729468,0.0048464255784104815
299_H3,6.8976206740122655e-09,0.0,0.0,0.12400240237803127,0.031000602318912985
299_NCI,4.62689635730908e-05,0.0,0.0,0.043566937095812025,0.010903301514846279
299_MASS,4.716536134857448e-05,0.0,2.2614297279233142e-07,0.03898072356984058,0.009757028768540487
300_H2,8.231055722342198e-05,0.0,0.0,0.1362803311385533,0.03409066042394418
300_H3,0.001192160133785708,0.02096145356725703,0.0,0.066158574382527,0.022078047020892434
300_NCI,2.690816569510264e-05,0.0,0.0,0.08333476033983012,0.020840417126381305
300_MASS,0.0026477241831738517,0.0,0.0,0.13252940941832894,0.0337942834003757
301_H2,1.1159013634527458e-06,0.0,0.0,0.1222776007378319,0.03056967915979884
301_NCI,1.046770421548929e-05,0.0,0.0,0.06725672109335136,0.016816797199391713
303_H2,2.3615828045013315e-05,0.0,1.8121127141057514e-05,0.0816282850706045,0.020417505506447643
303_H3,0.0008167595635968809,0.0,0.0,0.17245711761223936,0.043318469293959064
303_MASS,6.292292177462624e-05,0.0,5.98461483605206e-05,0.07181027597478351,0.017983261261229663
306_H2,0.0002338545073773328,0.0,2.9780978366034105e-05,0.041035993259728475,0.01032490718636796
306_H3,1.1197658909711101e-06,0.0,0.0,0.021088493042274274,0.005272403202041311
306_NCI,3.6185219562552926e-05,0.0,0.011684686876833439,0.2733849732094785,0.07127646132646863
307_H3,1.6471009550574855e-08,0.0,0.0,0.11173406495594675,0.027933520356739076
310_H3,4.970900010886609e-07,0.0,0.0,0.15906821959934112,0.03976717917233555
310_MASS,5.086090422745961e-06,4.286610279511676e-06,0.0,0.07370381429187593,0.018428296748144547
311_H3,0.00010375312919327842,0.0,0.0,0.11442778592921725,0.028632884764602632
311_NCI,3.960231295508272e-05,0.0,0.0,0.002733038742179288,0.0006931602637835927
311_MASS,1.62656766409376e-05,0.0,0.0,0.013714297961570155,0.003432640909552773
313_H3,4.023145642359043e-06,0.0,0.0,0.0446495052691908,0.01116338210370829
313_NCI,3.1946074663219775e-05,0.00021067330520149727,1.4647139323642477e-06,0.03750404658651078,0.009437032670076964
314_H2,0.00015129376020270666,0.0,0.0,0.12988414359263165,0.03250885933820859
314_H3,3.8009909139208206e-05,0.0,0.0,0.24704101952197988,0.06176975735777977
314_MASS,3.354043785535725e-05,0.0003310854830413836,0.0,0.06269778424968288,0.015765602542644905
316_H2,0.0014797983030689949,0.0,2.2161716515256558e-06,0.2922812708332597,0.07344082132699506
316_H3,1.5600520553780036e-05,0.0,0.0,0.0980093109019928,0.024506227855636647
316_MASS,0.0007667608330931947,0.0,0.0,0.02466958995137496,0.006359087696117038
317_H2,6.851523946802377e-05,0.0,0.0,0.06911186210947667,0.017295094337236173
317_NCI,0.00035235124613937065,0.0,0.00019564497051760554,0.21882455958458077,0.054843138950309435
317_MASS,0.0003000874290973303,0.00012825353472440063,0.0,0.03588974116122084,0.009079520531260642
318_H2,0.00038609264381387763,0.0008988913222657464,8.585711839259602e-07,0.21773408386571877,0.05475498160074558
318_H3,0.00014972282759565114,0.0,0.00018458269187249243,0.12154937411033123,0.030470919907449844
318_NCI,0.0014541686928783715,0.0014405692186497657,0.0002468103193677962,0.32516256739961874,0.08207602890762866
319_H2,0.0010175983163472778,0.0,1.1530278243299108e-06,0.08847656460950921,0.022373828988420205
319_MASS,0.0032720144643962373,0.0,3.705649942276068e-05,0.005205935490393246,0.002128751613553061
320_H2,0.001068465278493812,0.005108913011078688,5.803097792522749e-06,0.12692652389584985,0.033277426320803716
320_H3,1.1379953541088646e-05,0.0,0.0,0.06345458849706911,0.01586649211265255
320_MASS,0.001946418647941064,0.0011043444279679841,1.601645999471657e-05,0.0587816200132747,0.015462099887294616
321_H2,0.0003261426752701352,0.0,5.941130893916124e-07,0.0828999623152368,0.020806674775899082
321_H3,1.805974643564794e-05,0.0,2.2261090180109022e-06,0.0016579006824292647,0.00041954663447073086
321_NCI,3.247472520441405e-05,0.0,0.0,0.18389587854947562,0.045982088318670004
322_H2,0.002174627221558002,0.00010184005957180897,7.28657369108987e-07,0.07520127485906879,0.019369617699391925
322_H3,0.0009118677057504559,0.0,1.9285482267150655e-05,0.29488912363533193,0.07395506920583739
322_NCI,7.121875970209642e-05,0.0,0.016911817714571953,0.09230570377130494,0.02732218506139475
322_MASS,0.0018151619641475429,0.02568926062501975,0.003904465353116393,0.2843435372324356,0.07893810629367982
323_H2,8.503243668905664e-05,4.52851718653896e-06,0.0,0.13524185550498097,0.03383285411471414
323_H3,0.0064143626189260075,0.0,5.710690857085865e-06,0.5275761760699021,0.13349906234492132
323_NCI,0.0006364892824363963,0.00023410206765450367,0.0,0.19380548359045902,0.04866901873513748
323_MASS,0.0037893921830021455,2.5975044869166e-05,8.44188292603576e-08,0.16350496683246113,0.04183010461979043
324_H2,0.0001547712289767091,0.0,2.5193277906510048e-05,0.0725760031714274,0.018188991919577655
324_H3,0.00036545178953077445,0.001051694179935144,0.0004522599920164794,0.4375762791177484,0.10986142126980769
324_NCI,0.00014802229098993504,0.00026843593940733195,5.734988803851593e-07,0.11465534139589234,0.028768093281292498
324_MASS,0.0004173807922079256,6.248544042929984e-05,1.298029701501946e-06,0.15661963437358145,0.03927519965898005
325_NCI,0.0002001674868552046,3.0530663447550053e-06,0.0002580492291599512,0.20172787160558742,0.05054728534698683
325_MASS,0.00252249428397649,0.00032659981867728163,0.0,0.16604992085742493,0.042224753740019674
326_H2,5.4353080769612914e-05,0.0,0.0,0.11502463479705949,0.028769746969457274
326_H3,5.005208816973603e-06,0.0,3.0268313366832444e-06,0.11550229568689584,0.028877581931762375
326_NCI,1.3121501268975552e-05,0.0,7.609579597556149e-07,0.28494422621802823,0.07123952716931424
326_MASS,5.363051681024436e-06,0.0,0.0,0.0060220224312536605,0.0015068463707336712
327_H2,0.0004632435185825918,0.0,0.0008507508900947869,0.04746737974216347,0.01219534353771021
327_H3,5.361616821193462e-07,0.0,0.0,0.06258104620702275,0.015645395592176217
327_NCI,1.4005682730476805e-05,0.0,0.0,0.09342612928802801,0.023360033742689624
328_H2,5.120212794972156e-06,0.0,0.0,0.336433841274762,0.08410974037188924
328_H3,0.0016236960734901523,0.0,0.0,0.22107300041977831,0.05567417412331711
328_NCI,9.9504167667485e-05,0.0,1.7533352547616232e-06,0.05233808588184127,0.01310983584619088
328_MASS,2.221395960963676e-05,0.0,0.0,0.18141159832231943,0.045358453070482266
329_H3,0.00018702099940677496,0.0,5.857818337062781e-07,0.2511757373933539,0.0628408360436486
329_NCI,0.00037238747766851283,0.0,2.4719616703805514e-05,0.4690359612866031,0.11735826709524384
330_H2,0.00014889764629018667,0.0,9.12224834337394e-07,0.10863295870651164,0.02719569214440904
330_H3,4.647659432176442e-05,0.0,0.00038394262082874775,0.1339706040066743,0.033600255805456204
330_NCI,0.0005120988137162074,0.0,0.0003506276407279074,0.2439036951811486,0.061191605408898175
330_MASS,0.00018976034090930266,0.0,3.5675382150657242e-06,0.07401223627770491,0.01855139103920732
332_H3,8.266037853728977e-05,0.0,9.393727850692812e-06,0.12032545365483466,0.03010437694030566
332_NCI,0.0002681984691802227,0.0,0.00011544018343556672,0.0910465086144334,0.022857536816762298
332_MASS,0.0002957429788415085,4.1563775631671705e-05,0.0004354320699349046,0.014071294949577439,0.003711008443496381
333_H2,0.00019204193672060167,1.1119940448181458e-05,0.0003639177593868226,0.1462084847911603,0.03669389110692898
333_NCI,0.00031106311533388793,1.234745912743368e-06,1.95239936147118e-05,0.12752793506786972,0.03196493923068276
333_MASS,0.00034853665704035315,0.0,0.0006525450153276324,0.024144852712729425,0.006286483596274353
334_H2,0.0002182214031161377,0.0,5.345888712326996e-05,0.03711535752999272,0.00934675945505803
334_H3,6.087210995922488e-05,0.0,1.1278231113465154e-06,0.13175574151305633,0.032954435361531725
334_NCI,0.00017078987539174582,0.0,9.413681254955009e-06,0.16138009842017184,0.04039007549420463
334_MASS,0.0001676040078967355,0.000496089736115584,0.0,0.111674214674894,0.028084477104726578
335_H2,0.00019590058855378545,0.0001386400418346627,8.900052307581063e-06,0.3945065768725865,0.09871250438882063
335_H3,0.0001793977697081689,0.0,0.0,0.2380397007781212,0.05955477463695734
335_NCI,6.378877740375864e-05,0.0,1.1696703268171404e-06,0.011130324368398227,0.0027988207040322006
336_H2,0.0006751640808645703,0.00032596304843969835,0.0013909685658290982,0.17504911186379915,0.04436030188973313
336_H3,6.055388334427941e-05,0.0,4.48923819931224e-05,0.06647564532910119,0.016645272898609648
336_NCI,0.0005214834468048013,0.0010178152918664139,0.0,0.041116745488102145,0.01066401105669334
336_MASS,0.0002615196003802552,0.0003531971799853655,3.0309784051496536e-05,0.047841517711754586,0.012121636069042926
337_NCI,0.00038218710861744786,0.0,0.009461568668484688,0.08830105049704132,0.024536201568535865
338_H3,0.00018128116685324884,0.0,0.00013814134581480175,0.21307734305294174,0.05334919139140245
338_NCI,0.0005730603140633192,0.0008134648169797505,6.789017788833007e-05,0.04661455815134399,0.012017243365068849
338_MASS,0.00011157586713031523,0.0,7.026832463452592e-05,0.1802974714586264,0.04511982891259781
339_H2,0.0003498815419667672,0.0,4.1583398342481814e-06,0.0995533267315965,0.02497684165334938
339_H3,0.00023164893400673856,0.0,0.0,0.08156883144964419,0.02045012009591273
339_NCI,0.0012204252363039662,0.0,0.0013167394790798426,0.27900026957085405,0.07038435857155946
339_MASS,3.9644862420042215e-05,0.0,0.0,0.08191678981045615,0.02048910866821905
340_H2,0.00022016841043073193,0.0038178859282344147,8.291593985632062e-06,0.10951710223506024,0.028390862041927756
340_H3,0.0004370748491096362,0.0,1.5691935914219357e-05,0.10750566386919459,0.026989607663554613
340_NCI,0.0009672029413015483,0.0,3.171972551285762e-08,0.15188062036026287,0.03821196375532248
342_H2,9.622599737424765e-05,0.0,0.00027930104988627136,0.01228371427889688,0.00316481033153935
342_H3,7.345844837549168e-05,0.0,5.015885108150542e-06,0.016994878251762026,0.004268338146311417
342_NCI,0.0019296538863076726,0.0001839146367526082,9.835354285314679e-05,0.2559465670524937,0.06453962227960178
342_MASS,0.00010016052876719752,0.0,2.5131143047474325e-05,0.040596404226515524,0.01018042397458255
343_MASS,3.847008526708095e-05,0.0,9.349283658366403e-08,0.033479630983034234,0.008379548640284475
344_H2,0.00019300065161712698,0.0,0.00010686152381822467,0.12648459257688782,0.03169611368808079
344_NCI,0.0009982406538697579,0.00011976054846703936,0.0006558052846230567,0.4095256940258714,0.10282487512820782
345_H2,0.00017792380716622684,4.149972427300271e-05,0.0,0.03175189284847593,0.00799282909497879
345_H3,0.00011576952291518985,0.0,0.0,0.20269979101511887,0.05070389013450852
345_NCI,0.0012416540007222693,0.0,4.9222944653593e-06,0.18183284312333678,0.0457698548546311
346_H2,8.131366046726388e-06,0.0,1.8680589164432604e-06,0.06761228130832948,0.016905570183323164
346_H3,1.7130008530360863e-06,0.0,0.0,0.16361181847153966,0.04090338286809817
346_NCI,2.4863893348272838e-05,0.0,0.0,0.11281225322766995,0.028209279280254556
346_MASS,2.7101507403397683e-05,0.0,0.0,0.1336672080869738,0.0334235773985943
347_H3,4.882695593173193e-05,0.0,3.1280633265851066e-06,0.22017032162209996,0.05505556916033957
347_NCI,0.0004146229073583409,0.0,3.1673916964791715e-06,0.05660023341236202,0.014254505927854209
347_MASS,0.00023884793754907422,0.00026874436039898964,0.00013823492918163538,0.08840752841094418,0.02226333890951847
348_H3,0.00010071084790622576,0.0,6.35737378615886e-05,0.28726123934912956,0.07185638098372435
348_NCI,0.0003136495746909286,0.0,1.7604885215405375e-05,0.35121533608431665,0.08788664763605575
348_MASS,0.0006589423306934695,0.0,0.00013821793254464865,0.028372314201015894,0.007292368616063503
349_H2,5.797196744832309e-05,0.0,0.0011516162194311619,0.11996132027884544,0.03029272711643123
349_H3,1.7332113645624953e-05,0.0,0.0,0.21581844634920166,0.053958944615711824
349_NCI,0.0002718225230631758,0.0,4.387665831018239e-05,0.03323563927472143,0.008387834614023697
349_MASS,0.00016206272154854428,0.0,1.0351464396762822e-07,0.04006785277157126,0.010057504751940944
350_H2,5.808225351693178e-05,0.0005118139318270753,0.0005783165688626468,0.3195691669998983,0.08017934493852624
350_MASS,1.5294813246650418e-05,0.0,0.0,0.09322579248426624,0.023310271824378222
352_H2,9.624602738770547e-05,0.00011953383333214165,6.67617177896318e-06,0.23392656760604724,0.058537255909636515
352_NCI,0.0011066417546287273,0.0017037080661244936,0.0008649980882182717,0.5095350607303711,0.12830260215983566
354_H2,0.00017031567474677455,0.0,6.218549060577061e-06,0.004120529363974268,0.001074265896945405
354_H3,9.020225942992049e-05,0.0,0.0,0.2835062290520442,0.07089910782786853
354_MASS,2.0304473807271074e-05,0.0,1.110215563926431e-07,0.14862656794875403,0.037161745861029424
57_H3,9.285261380934561e-08,0.0,0.0,0.13912410461143065,0.03478104936601112
57_NCI,9.285261380934561e-08,0.0,0.0,0.13912410461143065,0.03478104936601112
82_H3,1.0919913483608038e-05,0.0,4.98612052979297e-07,0.03461268579893922,0.00865602608111895
82_NCI,1.0919913483608038e-05,0.0,4.98612052979297e-07,0.03461268579893922,0.00865602608111895
134_H2,3.4060013055359686e-06,0.0,0.0,0.01566311463941286,0.003916630160179599
134_NCI,3.4060013055359686e-06,0.0,0.0,0.01566311463941286,0.003916630160179599
134_MASS,3.4060013055359686e-06,0.0,0.0,0.01566311463941286,0.003916630160179599
141_H2,3.4060013055359686e-06,0.0,0.0,0.01566311463941286,0.003916630160179599
181_H3,3.4060013055359686e-06,0.0,0.0,0.01566311463941286,0.003916630160179599
214_H2,3.4060013055359686e-06,0.0,0.0,0.01566311463941286,0.003916630160179599
214_NCI,3.4060013055359686e-06,0.0,0.0,0.01566311463941286,0.003916630160179599
225_H2,3.4060013055359686e-06,0.0,0.0,0.01566311463941286,0.003916630160179599
225_H3,3.4060013055359686e-06,0.0,0.0,0.01566311463941286,0.003916630160179599
301_H3,3.4060013055359686e-06,0.0,0.0,0.01566311463941286,0.003916630160179599
175_NCI,0.001103502631066662,0.0,0.0001546315907035023,0.29752318653217563,0.07469533018848645
187_NCI,9.578048144764373e-06,0.0,0.0,0.05483892151079304,0.01371212488973445
327_MASS,5.361616821193462e-07,0.0,0.0,0.06258104620702275,0.015645395592176217
