feature,gbr,xgb,rf,BayesianRidge,mean
1_H3,1.241121709767046e-06,1.7321299310424365e-06,0.00019501686984598003,0.38646352383084964,0.09666537848808411
1_PKB,2.0719791557703795e-06,2.7884416340384632e-05,0.002212074149437376,0.03692056752142504,0.009790649516589645
2_H3,0.0,3.6543167425406864e-07,0.00023902072724108463,0.12485496376767541,0.031273587481647686
2_PKB,0.01935220805252848,0.00014061601541470736,0.02613172634055334,0.020156199289651733,0.016445187424537065
3_H2,0.0,1.822379203986202e-06,0.0004610415901524131,0.10116301129343731,0.025406468815698427
3_H3,5.267311306313588e-09,3.326903606648557e-05,5.2469709182798067e-05,0.47688564718349524,0.11924284779901395
3_PKB,0.0006201788103809508,1.3168366422178224e-05,0.00023486038857600683,0.022402293183536856,0.005817625187228998
4_H2,0.0,5.476631031342549e-06,0.00037627331862921616,0.0761428588271866,0.01913115219421179
4_H3,0.0,2.609292459965218e-05,0.00016181644915088365,0.12744249889998543,0.031907602068433995
4_PKB,0.0005114828699847207,6.181122898851754e-06,0.00040472042740375503,0.04269374669199285,0.010904032778070043
5_H2,0.0,2.795471232275304e-08,1.2570283317918427e-05,0.4362211849311503,0.10905844579229514
5_H3,0.0,0.0,2.11747925561704e-05,0.03302104627438751,0.00826055526673592
6_H2,0.0,1.7228122715096106e-06,8.9372517816378e-05,0.020821244777198156,0.005228085026821511
6_PKB,2.3863069088481404e-05,1.3353519534575753e-06,1.9302211663338138e-05,0.019275703511987537,0.0048300510361732035
7_H2,0.001398749924359207,9.80070217337925e-06,0.0006105971232129944,0.14376186181979717,0.036445252392385684
7_H3,0.0,1.0565268894424662e-05,1.787186853784681e-05,0.019827491125123733,0.004963982065639002
7_PKB,5.094026177848122e-06,5.843798498972319e-05,0.00039244262557642975,0.037057866804560385,0.009378460360326097
9_H2,3.618083201662601e-05,2.61683703683957e-06,0.00016303589045581112,0.0793035866147618,0.01987635504356777
10_H2,0.0,7.458654067704629e-07,0.013008772034476224,0.2502954117147646,0.0658262324036619
10_H3,0.0,0.00023204593162517995,0.00035907457045184746,0.42810717523840197,0.10717457393511975
11_H2,0.0,5.709958713850938e-06,0.00014338567789182988,0.07192097480102272,0.0180175176094071
11_H3,0.0,4.6604395897986706e-09,6.812512890026565e-05,0.04600462067044249,0.011518187614945587
11_PKB,0.0,5.216901627136394e-06,0.00013286327982894706,0.048947833960085896,0.012271478535385495
12_H2,0.00010988852131448212,1.4849923957171995e-08,0.004458040446315503,0.0833105096783667,0.021969613373980162
12_H3,0.0,8.708982868199655e-09,0.004734914996638422,0.33366709224899815,0.08460050398865486
13_H2,0.00023332949442194932,1.1098272807430476e-05,0.004366004860457695,0.01265614285408672,0.0043166438704434484
13_H3,0.0,7.186363149003228e-08,0.008294942629816603,0.3180854245214993,0.08159510975373685
13_PKB,0.0,9.9505723483162e-06,0.02203652257374435,0.2411335432453057,0.0657950040978496
14_H3,0.0,3.8882956232555443e-07,1.8017241643204666e-05,0.21585456443183668,0.053968242625760554
14_PKB,0.0,4.425942279340234e-06,0.00013067952128491777,0.1717014462445995,0.04295913792704094
15_H2,0.0,0.0,1.5449573133032543e-05,0.012612960617512678,0.0031571025476614277
15_PKB,0.0,1.271961082238704e-06,4.658803543698878e-05,0.15812368252021092,0.03954288562918254
16_H2,0.0,9.024015525938012e-07,0.00024352277161566094,0.04205717235187447,0.010575399381260682
16_H3,0.0,5.469094617183146e-07,8.025011450471742e-05,0.11165400644058271,0.027933700866137286
17_H2,7.341776701649378e-05,1.2983599845028948e-05,0.00017440804966690468,0.14845376863419157,0.03717864451268
17_H3,0.0,8.978520149582891e-09,0.0,0.02379258457503079,0.005948148388387735
18_H2,0.0,3.673945343507512e-07,4.7711262515618035e-06,0.04100518992484004,0.010252582111406488
18_H3,0.0,0.0,3.2019239697899377e-06,0.13148077702186725,0.03287099473645926
18_PKB,0.0,0.0,8.998491118810852e-06,0.03482545105322117,0.008708612386084995
20_H2,0.0,3.7871492963859055e-07,1.7583803679274153e-05,0.12985398169501025,0.03246798605340479
21_H2,0.0,5.892109022909153e-09,0.023305191456362586,0.23710352086024195,0.06510217955217838
21_H3,0.0,1.1955857189605013e-05,8.332696387908395e-05,0.12901144415407512,0.03227668174378595
21_PKB,1.7960087474895807e-05,2.28186218009796e-06,4.3119157704503514e-05,0.3050954162143541,0.0762896943304284
22_H2,0.00020405138108373766,1.2419424137988244e-06,0.00012598282059197915,0.07263598360841644,0.018241814938126488
22_H3,0.0,3.8514187394866894e-09,8.298027869602098e-05,0.09454533568259574,0.023657079953177625
24_H2,4.1119094418364215e-06,4.179604275122983e-06,0.000160360138399781,0.38238505562247876,0.09563842681864887
24_H3,0.0,2.0631927327485755e-05,0.0014347176878863593,0.09131250536072469,0.023191963743984634
24_PKB,0.0,2.203528538302635e-06,0.00011891611670704946,0.12562868645826256,0.03143745152587698
25_H2,0.0,1.8837829074414003e-08,8.623654228842552e-06,0.11992629002382571,0.029983733128970905
25_H3,0.0,0.0,7.344683168059933e-06,0.13164271661903493,0.03291251532555075
25_PKB,2.49060369025856e-05,6.534876774821896e-06,0.00011789941717031479,0.1137774446205752,0.02848169623785573
26_H2,0.0,5.098776910017477e-06,2.49128700032253e-05,0.12049364144466712,0.03013091327289509
26_H3,0.0,6.031568318576319e-06,1.8551596937380852e-05,0.013899462373396562,0.0034810113846631295
26_PKB,0.0,7.277880058609298e-07,5.5600130093064674e-05,0.0624050761762092,0.01561535102357703
28_H2,1.3934636465325948e-06,5.237089695242503e-08,0.0001410703617859562,0.1710014133927863,0.04278598239727893
28_PKB,2.0753310947294422e-05,0.0,0.0045335992912278735,0.019201890015039556,0.005939060654303681
29_H2,4.786649161977103e-06,1.3022838629694888e-07,4.54304747555304e-05,0.12952374778430983,0.03239352378415341
29_H3,0.0,1.7586518197276746e-07,4.453880775562322e-06,0.24819094429494454,0.062048893510225515
29_PKB,0.0,4.4590237280317524e-07,5.860588047750356e-05,0.15071302254643704,0.03769301858232184
30_H2,0.0,4.019464995508315e-06,1.6232902136464706e-05,0.004363607695425096,0.0010959650156392674
30_PKB,0.0,0.0,3.419233104944612e-05,0.058112542675719456,0.014536683751692226
31_H2,0.0,6.187324288475793e-06,5.3025655804761764e-06,0.013259032962482839,0.003317630713087948
31_PKB,0.0,0.0,2.7977506650318667e-05,0.1706151765769601,0.042660788520902604
32_H2,0.0,8.225844794651493e-06,8.767164719216086e-05,0.12338656461193857,0.030870615525981346
33_H2,1.3006378193664996e-05,1.1661013559205458e-05,0.0005063183320811584,0.027637459872557963,0.007042111399097998
33_H3,0.0,1.694413549557794e-05,1.8304673654996677e-05,0.34982020234362676,0.08746386278819433
34_H2,0.0,6.94602476869477e-07,0.013804526603928535,0.23453818835881768,0.06208585239130577
34_H3,0.0,2.8681018449105977e-08,5.615601814257144e-05,0.19689637936339205,0.04923814101563827
35_H2,0.0,1.7251590179512277e-05,8.405700820495828e-05,0.0936939783292818,0.023448821731916567
36_PKB,0.0,1.0105627552547958e-05,0.0031270972246138285,0.09313646570832022,0.02406841714012165
37_H2,0.0010661599833594266,7.587750587845221e-06,0.00012459054485902348,0.10386970986444523,0.02626701203581288
37_H3,0.0006679317308744847,0.0,0.0004687314423717659,0.11797199158530018,0.029777163689636607
37_PKB,0.0,1.945606342701467e-08,3.6290925335421046e-05,0.0179514472311345,0.004496939403133337
38_H2,1.4547670854665965e-05,3.867371560772881e-06,0.0010106312896592884,0.10949590102272865,0.02763123683870084
38_H3,0.0,2.644914502525353e-06,0.0007703532478802052,0.08331085109427931,0.02102096231416551
38_PKB,1.3235443466161888e-06,3.0580780730815604e-05,0.0005414031869223413,0.061108751813011175,0.015420514831252737
39_H3,0.0,6.855533456473495e-07,3.8044278244359777e-06,0.13228813786719235,0.03307315696209061
39_PKB,0.0023455470410750495,6.7096675593347754e-06,0.0005706665343473819,0.21604949690146513,0.054743105036111725
40_H2,0.0,7.691877726756502e-06,0.000405716136285369,0.038989714051821105,0.009850780516458308
40_H3,0.0,0.0,6.936448940364387e-05,0.2223255503567164,0.05559872871153001
40_PKB,0.0,6.247248052204668e-07,0.00022629593889641442,0.1613065681128256,0.04038337219413181
41_H2,0.0006939079397078252,6.393108378688339e-06,0.00011012117137462162,0.2120424795756723,0.05321322544878336
41_H3,0.0,3.476590109130484e-07,3.6049849881678156e-05,0.029869195091014,0.007476398149976648
41_PKB,0.0,5.671097369486233e-06,0.0010073165816038014,0.03854184719188525,0.009888708717714634
42_H2,0.0005701676478220614,1.2902188245789148e-05,0.002134336251932757,0.27850514544340027,0.07030563788285021
42_H3,0.0,2.1714468001476916e-09,2.7921502194267785e-06,0.02774563091532726,0.006937106309248371
42_PKB,0.002988562324811221,4.7758153414179105e-06,0.0011860777399731017,0.0646460494551401,0.01720636633381646
43_H2,3.501805173491476e-06,1.540709149594477e-06,0.004749965888039788,0.042492035470403526,0.0118117609681916
43_H3,0.0,0.0013365299673750997,0.09553065956063132,0.18977553908811914,0.07166068215403139
43_PKB,0.0,2.1259621618696656e-08,0.004209386149363147,0.18237857528090565,0.0466469956724726
45_H2,0.0,2.7166615836904384e-05,0.003356131420762321,0.429766518766768,0.1082874542008418
45_PKB,0.0003682623619150248,2.042099367827177e-05,0.00027557456732140123,0.047620378730838374,0.012071159163438268
47_H2,0.0,7.685725336159521e-07,1.2816481688471135e-05,0.18706719558780557,0.046770195160506914
48_H2,0.00010169546919859807,1.1724955584213603e-05,0.0004198254052541807,0.022696608849872988,0.005807463669977495
48_PKB,0.02505504812581275,0.0007434349390678108,0.0027853973754765064,0.2542994626705472,0.07072083577772607
49_H2,2.3080635412343817e-08,1.437555624761444e-06,0.0003332797010332264,0.32870727421809154,0.08226050363884624
49_H3,0.0,3.111936166533269e-07,1.592537301815514e-05,0.12940141575420358,0.032354413080209594
49_PKB,7.022381418447689e-05,1.5369171251222724e-06,0.0003434911172171459,0.1047202731178363,0.02628388124159076
50_H3,0.0,0.00011796589387813583,1.599768485153238e-05,0.019263796392556213,0.0048494399928214705
50_PKB,0.0026026768485158157,2.4240453058155254e-05,0.0013804411115250555,0.17166108451801967,0.04391711073277967
51_H2,0.0,8.293245912227576e-08,9.792459647527894e-05,0.015805599727180698,0.0039759018140287745
51_H3,0.0,0.0,1.567135065041982e-07,0.03160959786131764,0.007902438643706036
51_PKB,0.0,0.0,0.0001182909677227295,0.02895398895610174,0.007268069980956117
52_H2,0.0,1.8218190689367475e-06,0.0036081331451078423,0.2169477316199259,0.05513942164602567
52_H3,0.0,0.0,2.9766155862451962e-05,0.16733631170556443,0.04184151946535672
52_PKB,0.0,5.589111242443323e-05,0.00026583245360650715,0.06900768366264157,0.017332351807168127
53_H2,0.0,7.364254997810349e-05,0.00013493078153906205,0.15961863122629516,0.03995680113945308
53_H3,0.0,0.0,2.3401425319762918e-07,0.02169735008938824,0.0054243960259103595
53_PKB,0.0,0.0007405916112475097,0.0010511572923245158,0.18501970271446458,0.04670286290450915
54_H2,0.0,4.85424607177265e-06,2.1514167630898723e-05,0.1326542225085318,0.03317014773055862
54_H3,0.0,0.0,0.0,0.0285752720815461,0.007143818020386525
54_PKB,0.0,2.79295505833943e-07,2.9578241325150232e-05,0.02186855119596577,0.005474602183199189
56_H2,2.130777553884027e-05,1.1588050256250426e-05,0.00023339464586433014,0.09764400934423265,0.024477574953973017
56_H3,7.585767225436528e-05,5.20965068062651e-06,8.528020753860057e-06,0.0030543863277249232,0.0007859954178534437
56_PKB,1.8592988120672942e-05,2.6108839392691152e-06,0.00026715496255916803,0.06828214317780554,0.017142625503106163
57_H2,0.0001777250654666475,4.35017173003871e-05,0.00014172028054770995,0.0006520150027942356,0.00025374051652724504
57_H3,0.0,0.0,2.5753141396130877e-05,0.05253072447606947,0.013139119404366401
57_PKB,0.00012976441112155137,1.917302597576054e-06,0.0001098747688736587,0.3882081622352707,0.09711242967946587
60_H3,0.0,2.0537972886813805e-05,2.5698397791558953e-05,0.2992134358263369,0.07481491804925382
60_PKB,0.0,8.464427810395136e-05,0.00018460832611168042,0.1440048672449496,0.036068529962291304
61_H2,6.808657723637202e-05,5.58828878638451e-06,0.00011662701436717715,0.37580344685994327,0.0939984371850833
61_PKB,0.0,2.1582089004823501e-07,5.0459701767116314e-05,0.09582655479226328,0.02396930757873011
62_H2,0.0,3.13626260322053e-05,6.825486655507176e-08,0.24259581424874083,0.0606568112824099
62_H3,0.0,0.0,5.6579106436755096e-08,0.10226243283233474,0.025565622352860296
63_H2,0.0003915274551374431,1.3199173736211378e-05,0.00020458152875000335,0.1343952544540542,0.03375114065291947
63_H3,4.422202193916527e-05,4.559475928544998e-05,1.1767907823787546e-05,0.08076514852847833,0.020216683304381682
63_PKB,2.776180912055654e-05,4.717931574305112e-07,0.00017521096504511026,0.1512956230609142,0.03787476690705933
64_PKB,8.603895835222056e-06,0.0002011685719480738,8.072915360520986e-05,0.22399804797693212,0.056072137399580155
65_H2,0.0,0.0,0.004273621714393451,0.1509769441963582,0.03881264147768791
65_H3,0.0,0.0,3.8906737660914643e-07,0.052805652182640724,0.013201510312504333
66_H3,0.0,0.0,1.3475345167520412e-07,0.38145872350082133,0.09536471456356825
66_PKB,3.828480857801632e-05,0.0,9.73825187722253e-08,0.09313104719711023,0.023292357347051755
69_H2,0.0,2.9750501653325045e-06,3.994879248993221e-05,0.15485226145462969,0.038723796324321234
70_H2,0.0,0.006451325491070747,0.000510325698651035,0.08678022855503079,0.02343546993618814
70_H3,0.0,2.9232953835389708e-08,6.820305775981448e-07,0.05333251809009484,0.013333307338406567
70_PKB,0.0,2.5049149598999065e-07,0.0005963645103641669,0.0444551801242658,0.01126294878153149
71_H2,0.0,8.313151056427159e-07,1.1892798289841117e-05,0.008053412126534019,0.002016534059982376
71_H3,0.0,0.0,1.6862879485164527e-07,0.08625081285305632,0.021562745370462794
71_PKB,0.0,0.0,8.685235613411862e-05,0.27306166295747464,0.06828712882840218
74_H2,0.0,1.8623789799221413e-07,1.9524562668461396e-05,0.12209999549792325,0.030529926574622425
74_PKB,0.0,6.1800442381354515e-06,5.767776252674598e-05,0.016839199136381544,0.004225764235786606
77_H2,0.0,0.0002220253081759438,0.0007910617177410238,0.09565765168084603,0.02416768467669075
79_H2,0.0,9.568782388669206e-07,7.327059463789105e-05,0.09130410063621613,0.022844582027273224
80_H2,0.0,1.968559075748999e-07,2.532112243300373e-05,0.08184457187929402,0.02046752246440865
80_H3,0.0,0.0,7.807447925294209e-06,0.07497987690702955,0.01874692108873871
80_PKB,5.857075585771636e-06,0.0,2.059941495280182e-05,0.010540595873787924,0.002641763091081624
81_H2,0.0,1.7588396303835907e-06,0.00019359388754776818,0.10132213553777455,0.025379372066238175
81_PKB,0.00012378075146386684,4.927641839458374e-06,5.956128636161612e-05,0.13706805482325418,0.034314081125729784
82_H2,0.0,3.7302061173249967e-06,2.0103865743945917e-05,0.13605801627777594,0.0340204625874093
82_H3,0.0,0.0,7.833300224036001e-07,0.11349135633717165,0.028373034916798514
82_PKB,0.0,0.0,6.168074865609498e-05,0.05210039417479273,0.013040518730862207
83_H2,0.003559656333405441,0.0003537332231644541,0.0012465189678230208,0.18720041704538273,0.04809008139244391
83_H3,0.0,0.0,1.8813232678087317e-06,0.13568870072212588,0.03392264551134842
83_PKB,2.974647256033622e-08,0.00011807990813395008,0.00030302929993100485,0.1722752745068782,0.04317410336535393
84_H2,0.0022561957344280634,4.755327245220542e-05,0.001444848474927188,0.2737671960704049,0.06937894838805309
84_PKB,0.0,7.514234766858863e-06,0.00017238368657354668,0.031129915726492777,0.007827453411958295
85_H2,0.0,1.2356654224277008e-06,0.0007302993117149129,0.0002529263459245062,0.0002461153307654617
85_H3,0.0,2.2706941308570094e-05,2.9491773970160734e-06,0.2756921560814735,0.06892945305004478
85_PKB,0.00037372377241915925,1.1606490261328872e-05,0.00034920376223038967,0.039523561594867404,0.010064523904944571
86_H2,0.2284814621161582,0.006389988586306572,0.2189926729365636,0.9635538308437119,0.3543544886206851
86_H3,0.007559254723814777,0.002130939392372966,0.00517409298418969,0.7686282418808369,0.1958731322453036
86_PKB,0.002437545207938353,0.0001608529273653403,0.0004426103376163731,0.43097336749036336,0.10850359399082085
87_H3,0.0,0.0,1.1878719491099275e-05,0.03815782555641273,0.009542426068975957
87_PKB,0.0,0.0022701998241245747,3.0265440363283808e-05,0.07736640634422556,0.019916717902178357
88_H2,0.0,3.229715048291837e-06,0.000520609464981265,0.1920333901136464,0.048139307323418985
88_H3,0.0,0.0,1.0794436052870812e-06,0.0037939066734314184,0.0009487465292591764
88_PKB,0.0,1.6745589164202102e-06,0.00018397956291163502,0.11942556591815008,0.029902805009994534
89_H2,0.0,7.149537850636989e-08,5.493710363802709e-05,0.21984587397334696,0.05497522064309087
89_PKB,0.0,2.7753054610002437e-07,5.565951474659496e-05,0.07623017602988212,0.019071528268793703
90_H2,0.016120935740423968,0.003051741747185588,0.004734904342874064,0.34486094093288944,0.09219213069084327
90_H3,0.0,0.0,8.734539216744093e-05,0.4843399559970108,0.12110682534729456
90_PKB,0.003121239799771359,1.7826051816882682e-06,0.0038254209980225044,1.0,0.2517371108507439
91_H2,0.0,2.2642499970970675e-05,0.0019389602340029032,0.1375958443469426,0.03488936177022912
91_H3,0.0,0.0,4.07817068810175e-08,0.05759131861632787,0.014397839849508688
91_PKB,0.0,0.0,0.00011875891561546023,0.06208290337372024,0.015550415572333925
92_H2,0.0,6.39125719317235e-05,0.00035167599706544363,0.2886641889831415,0.07226994438803466
92_H3,0.0,0.0,9.175137550187972e-06,0.08277911855454134,0.020697073423022884
92_PKB,1.0999468079651962e-05,4.674488081946038e-06,0.00022031090282216995,0.12277970971154027,0.03075392364263101
93_H2,0.0007689102539940502,0.0003147088864352554,0.0006606512669011456,0.12970003401851615,0.03286107610646165
93_H3,0.0025345887759923046,7.957339676067932e-08,0.0006279979947047572,0.5944031262888035,0.14939144815822433
93_PKB,0.003671498828228081,0.00014984808512963355,0.0001399464288482823,0.43270471996418475,0.10916650332659769
94_H2,0.5250735219670645,0.020220668986439705,0.10801568197482543,0.2235531038738206,0.21921574420053758
94_H3,0.0,1.3859735759069736e-07,0.00020823525774824012,0.38474266319762046,0.09623775926318157
94_PKB,0.42351763834648154,0.002467180835083127,0.09447119374338407,0.25878623385591787,0.19481056169521666
95_H2,0.00016637411806167437,2.911215460699168e-06,7.629781896864301e-05,0.02372060980873113,0.005991548240305537
95_PKB,0.0,1.987094492506003e-06,6.200355780742873e-05,0.1984113363143128,0.04961883174165318
96_H2,0.012651031640383713,0.001116491388529539,0.022741498534891505,0.3455277419695009,0.09550919088332642
96_H3,0.002864268318490994,3.914042281394359e-06,0.00022196724424998298,0.03816748774386367,0.010314409337221511
97_H2,0.0002516814299765622,3.2390364594903076e-06,0.00028805027756558107,0.30535531724905196,0.0764745719982634
97_H3,0.0,0.0,0.0003612838296810563,0.2812320560504459,0.07039833497003173
97_PKB,0.002637306752837188,9.067936446172098e-08,0.0007938736973970926,0.4568726508557311,0.11507598049633246
98_H2,0.0045305160238104745,0.0,0.003008916577913288,0.24809213056778945,0.0639078907923783
98_H3,1.6688047166020964e-05,0.0,0.00011483391005957759,0.37564415301379916,0.09394391874275619
99_H2,0.0,2.222210241598077e-06,0.0005935261974133219,0.015483373970031564,0.004019780594421621
99_H3,0.0,0.0,5.201241075892405e-05,0.054348657910210416,0.013600167580242335
99_PKB,3.5553953203616867e-06,5.334358320396859e-06,0.00027429724584606275,0.18201489699213166,0.04557452099790462
100_H2,4.464868226191204e-05,4.539556539384648e-05,0.0004388339661371272,0.0337598232585529,0.008572175368086446
100_H3,0.0,0.0007060636999085546,0.00029332929582036055,0.042444845300165186,0.010861059573973526
100_PKB,4.1302505334357074e-05,2.6372081265435554e-06,0.0009152455067355211,0.1672819289392507,0.04206027853986178
101_H2,0.0,2.1391031168604968e-08,5.333550026161989e-06,0.06788501122216235,0.01697259154080492
101_H3,0.0,9.81669700195198e-07,7.093718882895947e-06,0.020709889261584107,0.0051794911625418
101_PKB,0.0,2.2172916658291797e-07,0.00013303913099676248,0.06273799567391657,0.015717814133519976
103_H2,0.0,0.0,1.8573415031706823e-05,0.10865085343103202,0.027167356711515933
103_H3,0.0,0.0,6.101939016927532e-07,0.008708424476867106,0.0021772586676921998
104_H3,0.0,1.7174718891510565e-07,0.0005251919702173569,0.15322619675384183,0.038437890117812026
104_PKB,0.0008384284996786543,2.421424687781837e-05,0.0011660620469075968,0.28374550535807846,0.07144355253788563
105_H2,0.0,9.732842954690568e-06,0.0002914039510806081,0.03885939257066061,0.009790132341173976
105_PKB,0.00013618670529633536,6.120619673311012e-06,0.00016444010287556515,0.017223425018201875,0.004382543111511771
107_H2,0.0,2.7957441943726735e-06,0.00012181007256302204,0.17607089572436635,0.04404887538528093
107_H3,0.0,0.0012510863598436117,0.0003569580603219293,0.1276241611835126,0.03230805140091954
108_H2,0.0,1.5395697118947282e-05,0.0002619562933833128,0.10800437084586871,0.027070430709092742
108_H3,0.0,2.880325700971298e-05,9.602925949494907e-05,0.1406003365054173,0.035181292255480494
108_PKB,0.0,1.01244120287447e-06,0.00017322186644178034,0.27850126825080757,0.06966887563961305
109_PKB,0.000570180995298911,1.699080348771531e-05,0.0005308922932334942,0.02789420639456589,0.007253067621646503
111_H2,0.0006490190924006165,1.4137412108539138e-05,0.0003772865956957403,0.0087045271568098,0.002436242564253674
111_H3,0.0,8.685412467457354e-06,1.4626744092858467e-05,0.28231446636456775,0.07058444463028202
112_H2,0.0002520227589344193,1.1598559694903088e-06,0.006086670036495973,0.14845137742067685,0.038697807518019184
114_H2,0.00012059805997186226,6.035729249731503e-09,7.140470259787171e-05,0.2526855509256174,0.0632193899309791
114_H3,0.0,0.0,1.619639169801794e-05,0.17079491594610324,0.04270277808445032
114_PKB,0.00022138375215170267,0.0,8.65209882679612e-05,0.26622559364177945,0.06663337459554977
115_H2,0.0001865772198062747,4.64081131212879e-06,0.00021602574544299632,0.2419440441081166,0.0605878219711695
115_H3,0.0,5.159151328371081e-07,2.093540285901315e-05,0.6413454979099151,0.16034173730697673
115_PKB,0.0006638764842867104,7.736257430224214e-06,0.00013424293659474612,0.19976569874071975,0.05014288860475786
116_H2,0.005563899140126907,0.00024241099890787154,0.00243249583014848,0.2829274798393818,0.07279157145214127
116_H3,0.0018745349552752215,0.0,0.00199856998671456,0.08926665103999049,0.023284938995495066
116_PKB,0.0028119807681864944,6.776737427571788e-05,0.0013479915313265413,0.22185711481135956,0.05652121362128708
117_H2,0.0,0.0,7.48907320445932e-05,0.17275476921240943,0.0432074149861135
117_PKB,0.0,0.0,4.700571914591386e-06,0.06160912867273657,0.015403457311162789
118_H2,0.0004487613596423336,5.444263661047444e-05,0.00018009419064403902,0.2672356609326097,0.06697973977987663
118_H3,0.013046188903674696,4.4029289711033925e-05,0.004558902710040294,0.18092437977115253,0.049643375168644636
118_PKB,0.0,0.002792451996356249,0.006747804651288097,0.050411760343882665,0.014988004247881753
119_H3,0.0,1.191301089420449e-05,3.412218529877904e-05,0.19935840625856618,0.04985111036368979
119_PKB,0.0029643964795698866,4.358840669738129e-05,0.0008373972105022554,0.025413521694164817,0.007314725947733585
120_H2,0.0,0.0,0.00023424220017863277,0.12707122688314898,0.0318263672708319
120_H3,3.2351731568137657e-06,0.0,0.0001912221631955713,0.11362424629619439,0.028454675908136693
120_PKB,0.0001003715400365257,2.3085622302687625e-09,4.628929895706676e-06,0.19762820441065526,0.04943330179728743
122_H2,0.001675778516778569,0.0037061870098114014,0.004143416749809843,0.6123199449653154,0.1554613318104288
122_H3,0.0,0.0,3.361970913333701e-06,0.14336638098133536,0.03584243573806217
122_PKB,0.03315884872248735,0.0005767258116975427,0.0084823233791977,0.42947444808958596,0.11792308650074214
123_H2,0.0,8.729689966457954e-07,0.00024379749218958436,0.13742689505038594,0.03441789137789304
123_H3,0.001448196127297427,0.0,0.0002815945769903171,0.18509249589536025,0.046705571649912
123_PKB,0.001896932370704708,5.465541562443832e-06,0.0010868226459894556,0.5488441820467893,0.13795835065126147
124_H2,0.0003511709035905162,8.880718087311834e-05,0.000367362487361787,0.06730641568933246,0.01702843906528947
124_H3,0.0007671805074688588,7.849741814425215e-05,0.0001221617735749913,0.1495039833563799,0.037617955763892
124_PKB,0.013201860523416006,0.00011386773257981986,0.00040266097217920806,0.10961217325375491,0.030832640620482486
125_H2,4.562022548996249e-06,4.997420091967797e-06,1.3994803471203575e-05,0.2223389266838547,0.055590620232491714
125_H3,0.0,0.0,0.0,0.06732976791743432,0.01683244197935858
125_PKB,0.0,0.0,8.093451510196195e-06,0.013943168153955627,0.0034878154013664557
129_H2,0.0,5.51634730072692e-06,6.212947356043296e-05,0.08677488649732105,0.021710633079545554
129_H3,3.555207338473978e-05,0.0,1.313905693993067e-05,0.18217171886993086,0.04555510250006388
129_PKB,5.057479867237485e-05,0.0,1.9852211186974594e-05,0.2868415555333637,0.07172799563580577
130_H2,0.0003679335171409825,6.494089757325128e-05,7.029847763717985e-05,0.0006838978408478136,0.0002967676832998068
130_PKB,0.0,0.0,0.00019865913263641187,0.15874245786029606,0.03973527924823312
131_H2,0.0,0.0,0.0002386262984996494,0.05185543150542886,0.013023514450982127
132_H3,0.0,0.0,2.6409941379828362e-05,0.07926298286388749,0.019822348201316828
133_H2,0.0,1.2872833394794725e-06,0.00019438223277281965,0.038507606053066926,0.009675818892294807
133_H3,0.0,0.0,0.0,0.040929312757129965,0.010232328189282491
133_PKB,0.0,3.6727144561155e-06,0.00022497950305558548,0.20856247020699104,0.052197780606125684
136_H2,0.0,1.4306328921520617e-07,3.6866170857878423e-06,0.006236573349036548,0.001560100757352888
136_H3,0.0,4.915709084230002e-08,1.2403293030867898e-05,0.13022633018297247,0.032559695658273546
136_PKB,0.0,0.0,7.081662839486598e-06,0.026476236922060036,0.006620829646224881
137_PKB,0.0,9.243947829418175e-07,0.00021553842258873357,0.12213211345379366,0.03058714406779133
139_H2,0.0,5.311046535894093e-08,1.0580449564118666e-05,0.10368043212882004,0.02592276642221238
142_H3,0.0,0.0,1.6959696421507284e-07,0.07318929698229507,0.01829736664481482
143_PKB,0.0,1.0971702977258246e-06,0.00013270838660736373,0.15916037045202522,0.03982354400223258
144_H2,0.0,1.4773854140059939e-08,2.0092129158893308e-05,0.3329293907152,0.08323737440455325
144_H3,0.0,0.0,1.2391478384322841e-06,0.10753231670209074,0.026883388962482293
144_PKB,0.0,0.0,3.62110415563637e-06,0.08323708660260382,0.020810176926689863
145_H2,6.510824120758498e-05,2.4301241865032353e-05,0.00010444506673194664,0.07276983842158201,0.018240923242846645
145_H3,0.0,0.0,3.818833622076064e-06,0.2407879454923551,0.060197941081494295
145_PKB,0.0,7.154183094826294e-06,0.000701217079300346,0.2608328825302448,0.06538531344815998
146_H2,0.0,9.274015866367336e-08,2.9676499588614064e-05,0.1490672066664356,0.037274243976545725
146_PKB,0.0,2.2075329297877033e-07,0.005425523749514517,0.2090799536317369,0.0536264245336361
147_H2,0.0,2.5875541709297067e-08,9.247756887991181e-05,0.10852328380610579,0.027153946812631852
147_H3,0.0,0.0,2.005954787718506e-06,0.20937308298400406,0.052343772234697945
147_PKB,0.0,6.471422580034414e-07,3.347043052517586e-05,0.1380129732691013,0.03451177271047112
149_H2,0.00021359577814580608,5.27950987816439e-06,0.00031258943709712634,0.14984987316511886,0.037595334472559985
149_H3,0.0,0.0,3.485704405291863e-05,0.05190062515113737,0.012983870548797573
149_PKB,0.0,8.262433226491339e-08,0.00016102157815362658,0.2287713667742461,0.05723311774418299
150_H3,0.006490181292935084,3.141518755001016e-05,0.0006627075598905476,0.09867875717564284,0.02646576530400462
150_PKB,0.0004963026812912809,4.4465377868618816e-05,0.0007923128536974321,0.01213956991805867,0.0033681627077290005
151_H3,0.0,4.751484539156081e-07,8.479817711057345e-05,0.23226417170819558,0.058087361258440016
151_PKB,0.0,3.1450992992176907e-06,0.0002327254179801422,0.028297270116476904,0.007133285158439066
152_H2,0.0,5.371791189645592e-07,3.7637792569076354e-05,0.03561239285056139,0.008912641955562357
152_H3,0.0,0.0,6.894638933711447e-07,0.05498966949428074,0.013747589739543528
152_PKB,0.0,0.0009377781534567475,5.274604138975622e-05,0.2581500424321641,0.06478514165675266
153_H3,0.0,0.0,1.7067570180586116e-06,0.33436915089724284,0.08359271441356522
153_PKB,0.007985123184468873,0.005652829073369503,0.01173094768618022,0.3749940826239103,0.10009074564198223
154_H2,0.00011506452400629096,5.030583452025894e-06,0.00014463822475732939,0.1654497375226182,0.04142861771370846
154_H3,0.0,8.553373476161141e-08,3.4701776302902954e-05,0.15657410794210025,0.03915222381303448
154_PKB,0.000259414985302798,6.759149982826784e-06,0.00024771229252123676,0.034272945271638974,0.00869670792486146
155_H2,9.148162860084346e-05,2.253352704428835e-06,0.0005897015499052438,0.04669468910265435,0.011844531408466216
156_H2,0.0,1.7275797459248565e-09,0.0002407292110030458,0.07300966466754615,0.018312598901532234
156_PKB,0.0,0.0,0.0001513724436470244,0.1983855583488449,0.049634232698122976
157_H2,0.0,1.8585506040835753e-06,4.8569780615629335e-05,0.007638880786899481,0.0019223272795297985
157_PKB,0.0,0.0,3.8663705550569445e-05,0.28519872695986226,0.0713093476663532
158_PKB,0.00047611176665248204,1.1703600648615975e-05,0.0018005382564077691,0.2363962161340459,0.05967114243943869
159_H2,0.0,6.036164450051729e-06,0.00021388987130917345,0.0023094883729012604,0.0006323536021651214
159_PKB,0.0,8.84290875546867e-06,0.0001786168782853858,0.11226403966925314,0.028112874864073496
160_H2,0.0,2.5144930759779527e-07,6.004709687619692e-05,0.2886465719591693,0.07217671762633827
162_H3,0.0,1.0276655615371055e-07,3.3233265879072555e-05,0.045424509815567844,0.011364461462000767
162_PKB,8.969174141982354e-05,5.905905709369108e-06,0.0008515342906332004,0.1430403138735861,0.03599686145283712
163_H2,0.0,2.2979338609729894e-05,0.0001469137113779328,0.040794619160252954,0.010241128052560155
163_H3,0.0,0.0,5.504932543360444e-06,0.15627563494364613,0.039070284969047374
163_PKB,0.0,3.2941422887233784e-06,0.00012172081652564164,0.0887130185538382,0.022209508378163142
164_H2,0.0,1.9010991309187375e-05,0.00043948339202226,0.24086309080578716,0.060330396297279654
164_H3,0.0,0.0,0.0005053114736150643,0.0822181137518845,0.020680856306374888
164_PKB,0.0002385760475375481,5.141421954846237e-09,0.0005873482737466344,0.2648683146478438,0.0664235610276375
165_H2,5.111071980458546e-05,6.444663085858338e-06,0.0005184818828061552,0.30610499406228353,0.07667025783199503
166_H2,0.004229180196870741,1.8029400962404907e-05,0.0016107212246273923,0.4344581576003716,0.11007902210570804
167_H2,0.0009781757124344766,0.0,0.0017679574749446206,0.014926629303904648,0.004418190622820936
167_H3,7.254657103836042e-05,0.0,0.0001781951132773494,0.17619253964046958,0.04411082033119632
168_H2,0.0,0.00011632349924184382,5.7862009699889664e-05,0.14947778377433843,0.03741299232082004
168_H3,0.001142794953842451,1.4864723141272407e-07,0.000133048534643376,0.01048367823713778,0.002939917593213755
168_PKB,0.0,1.0337514595448738e-06,0.0001095895891897574,0.07552395068431796,0.018908643506241815
169_H2,3.459250051576665e-05,3.3727749269019114e-06,0.0004812608406539682,0.2183728440718596,0.054723017546989064
169_H3,0.0,0.0,1.2802303523529648e-05,0.1738323155883673,0.0434612794729727
169_PKB,0.0,1.1776547381714408e-07,0.00027836610105290454,0.11629185046467957,0.029142583582801574
170_H2,0.00010738125477775164,2.1436288477616472e-07,5.087225440458336e-05,0.27183411621158365,0.0679981460209127
172_H2,0.0,6.9636444095522165e-06,1.1973347355743417e-05,0.02624651702237564,0.006566363503535234
172_H3,0.0,0.0,4.192527882275146e-06,0.08363289626915431,0.020909272199259147
172_PKB,0.00025472551409168884,6.08870948326512e-07,8.094045416951229e-06,0.0404405466622428,0.010175993773174942
173_H3,0.0,0.0,0.0,0.05852200513984569,0.014630501284961423
178_H3,0.0007369709277416797,2.8529973860713653e-05,0.0010127781343022494,0.6226441040384262,0.1561055957685827
179_PKB,0.000278512017310229,0.00016909193072933704,0.00012289101997272326,0.13803703193791977,0.034651881726483015
181_H3,0.013657131587244353,0.0034057071898132563,0.0072794875248115305,0.7660380611669521,0.1975950968672053
183_H2,0.0009326682561709915,2.6527482987148687e-05,0.00032579547442548206,0.1804815176385191,0.04544162721302568
183_PKB,0.0,9.265050393558738e-10,0.00034290690417395877,0.0700965417182504,0.01760986238723235
184_H3,0.0,0.0,3.1227264935609976e-06,0.09300063867437035,0.02325094035021598
184_PKB,0.0,0.0,2.02945275254195e-05,0.034689232571562194,0.008677381774771903
185_H2,0.0,3.499300191833754e-07,0.0015792425143767294,0.27167003676671864,0.06831240730277864
185_H3,0.0,0.0,3.838461386223445e-07,0.19401924353712027,0.048504906845814724
185_PKB,0.00024926638029155036,0.003165574511513114,0.001495635999377673,0.059947572412554856,0.016214512325934297
186_H2,0.0,3.160522055623005e-06,5.744332822390494e-06,0.07594464046419806,0.01898838632976902
186_H3,0.0,0.0,4.900674317612223e-06,0.155852633087942,0.0389643834405649
189_H2,0.0,1.1175183090017526e-06,1.4776061245833556e-05,0.03145158515895912,0.00786686968462849
189_PKB,0.0,0.0,4.461378789014528e-05,0.0979804360037304,0.024506262447905134
191_H2,0.8145541531665087,1.0,0.6425701232596638,0.1303631293581762,0.6468718514460872
191_H3,0.0,1.8637067444871036e-09,3.732577955004157e-07,0.02948999820039276,0.007372593330473752
191_PKB,0.0,0.0,1.3646304557322363e-05,0.011289679890853851,0.0028258315488527935
192_H2,9.400968867424968e-05,0.0,0.0,0.020959356658931526,0.005263341586901444
192_PKB,0.0,0.0,6.637883367126153e-05,0.024282168147751207,0.0060871367453556174
193_H2,0.0,0.0,2.2969282644028553e-05,0.03614211142093096,0.009041270175893748
193_PKB,0.0,1.0110651871286791e-08,4.889671197852126e-05,0.009543805617322817,0.0023981781099883023
194_H2,0.0,2.3749782485538162e-05,5.7526197375627416e-05,0.043085341310986874,0.01079165432271201
194_H3,0.0,1.3818561455991585e-05,6.656537542286399e-06,0.1890773583721636,0.04727445836779047
194_PKB,0.0,2.049727527264622e-06,0.00010060019900805638,0.03196781438160192,0.008017616077034311
195_H2,0.0,7.17874809197383e-06,0.0008694497119013569,0.01985454990433375,0.00518279459108177
195_H3,0.0,0.0,3.0978416196404035e-05,0.09613653676845242,0.024041878796162205
195_PKB,0.0,8.094553049886599e-05,0.0006992349163759232,0.007505014059313938,0.002071298626547182
196_H2,0.0,6.9557822826027405e-06,2.974674961473244e-05,0.12098219308459418,0.030254723904122878
196_H3,0.0,0.0,4.1971646799887396e-06,0.02467454916904123,0.006169686583430305
196_PKB,0.0,2.705057511320774e-07,7.211960787261088e-05,0.049607931278073496,0.01242008034792431
197_H2,9.180792136230539e-05,1.5170466213021427e-05,5.9386973344725596e-05,0.14956550760440412,0.03743296824133104
197_H3,0.0,8.913838200896862e-08,1.1462873068613197e-05,0.016988220026035235,0.0042499430093714645
197_PKB,0.0,2.7839664085149707e-07,2.6376160580768554e-05,0.11877798887058706,0.02970116085695217
198_H2,0.0,3.6107849155087024e-06,0.00010975157800368334,0.054957776542501835,0.013767784726355257
198_H3,0.0,5.651912579196505e-05,4.412749626074566e-05,0.013971438701646422,0.0035180213309247833
198_PKB,0.0,9.270462442145799e-08,0.00011979373931527962,0.2242083928684432,0.05608206982809573
199_H2,0.00032301925146782266,6.328833137558831e-07,0.00020804802980585278,0.3194970839529415,0.08000719602938224
199_H3,0.0,6.350284564859976e-08,0.0005396371822900358,0.09492401982573251,0.02386593012771705
199_PKB,2.154289037164903e-07,6.643912797699159e-07,0.0006835301765475856,0.2268946293144873,0.0568947598278046
200_H2,0.022303714038571978,0.029959287494421005,0.021066982963642688,0.07391877914588398,0.03681219091062991
200_H3,0.0,0.0,7.808849021938522e-06,0.09472337448627995,0.02368279583382547
200_PKB,0.061529831443096726,0.0,0.01900026238909887,0.11036945782143279,0.047724887913407094
201_H2,0.0,2.4124537958414294e-06,2.910837983276633e-05,0.2981584838249199,0.07454750116463713
201_H3,0.000133947733932635,0.0,7.903417195429435e-05,0.006662291444126988,0.0017188183375034792
201_PKB,1.064637533535379e-05,2.8088938051951118e-05,8.24645882878887e-05,0.30113110720279046,0.07531307677611641
202_H2,0.0,2.2404702093581363e-08,5.2639436121630016e-05,0.14103139189003797,0.03527101343271542
202_H3,0.0,0.0,5.964081514958619e-07,0.017281433384628973,0.004320507448195118
203_H3,0.0009860276340810917,6.745486462023109e-05,0.0006468255880644445,0.23402540786632575,0.05893142898827288
204_H2,0.0001508967284461338,0.0,1.0838396917532194e-05,0.1164444702326108,0.029151551339493615
204_H3,0.0,0.0,7.408674139782591e-06,0.09811960178141967,0.024531752613889863
204_PKB,0.0,6.944153483345872e-07,7.230338113045952e-06,0.04787976701007956,0.011971922940885235
205_H2,0.0024411644655065383,2.4584373022662476e-05,0.0011892131857953027,0.07812585129471183,0.020445203329759083
205_H3,0.0,4.513442036113702e-06,0.00018276121405831348,0.17623432399669822,0.04410539966319816
205_PKB,0.010034222212695973,9.985061524275807e-07,0.0015499107703561472,0.23426364092715607,0.06146219310409015
206_H2,0.024957121190720587,9.671824955148622e-05,0.02585806018476922,0.25011897583416237,0.07525771886480091
206_H3,0.0,0.0,3.656855053317569e-05,0.07172849986341778,0.01794126710348774
206_PKB,0.0,0.0,0.00043381304377937505,0.022792648894205014,0.005806615484496097
207_H2,7.738340912217709e-06,0.00037951295962557197,0.0008837974647952787,0.0063430531376094095,0.0019035254757356194
207_PKB,0.00020575222749132953,0.0,0.0005195922349422324,0.27865973290933366,0.0698462693429418
208_H2,0.0,0.0,0.010223298661150714,0.142236977147976,0.03811506895228168
208_H3,0.0,0.0,2.5943488633723783e-06,0.07374275970712871,0.01843633851399802
208_PKB,0.0,0.0,7.613646941447053e-05,0.23803486101518997,0.059527749371151115
209_PKB,0.0002985997017817531,2.9122636533429613e-06,0.0002191237538858049,0.28004127160191844,0.07014047683030984
210_H2,0.10226352790378511,0.04699878767132759,0.07755165131729806,0.009845415313785494,0.05916484555154907
210_PKB,0.0,1.3150340691936435e-06,0.00015586959397135284,0.1428096441454182,0.03574170719336468
211_H2,0.0004252273296573839,0.0,0.00013138667626103195,0.12122729318300972,0.030445976797232033
211_H3,0.0,0.0,9.714553434618335e-05,0.08016777294168792,0.020066229619008526
212_H2,0.0,0.0,0.00011895269330737659,0.15099121404513133,0.03777754168460968
213_H2,0.0007877835723895136,2.1401017875177786e-05,0.0035103372148707675,0.19599691630869887,0.05007910952845858
213_PKB,0.0005051637092115127,5.551062258746242e-06,0.0017853515216451402,0.1289842252240971,0.03282007287930313
214_H2,0.00011188797443064051,4.368252575659426e-06,0.0005317055766292337,0.22726354324806397,0.05697787626292487
216_H2,0.0,3.4556073842395563e-06,9.832917715575342e-05,0.0658532694005074,0.01648876354626185
216_PKB,0.0,2.856712910670467e-08,0.0010837455318136633,0.19757187810129478,0.04966391305005939
217_H2,3.700766923073716e-05,2.72274905910308e-06,0.0009107868228564041,0.32475032888346755,0.08142521153115345
217_H3,4.3013562692553627e-05,2.2468016140919644e-06,0.0001614003910490671,0.47872999921546217,0.11973416499270446
217_PKB,0.007659945782187748,8.452666224911809e-05,0.005244132764704149,0.014020661406728304,0.0067523166539673295
218_H2,4.50203096969194e-06,2.208422529292875e-06,0.00015424321261789568,0.02662673519968667,0.006696922216450887
218_H3,0.0,2.1387525350746728e-07,9.122342929960524e-05,0.14385817617953087,0.03598740337102099
218_PKB,0.00011082547622191196,2.5645688310760306e-06,0.00019299625855391577,0.10832620368912714,0.027158147498183512
220_H2,0.00011329552500747003,9.153487212643086e-08,0.00018862784023285066,0.022591481337847562,0.005723374059490002
220_PKB,0.0003473968835541355,1.7588769196663634e-06,6.305875479362194e-05,0.2682828986294856,0.06717377828618826
221_H2,3.349775678553041e-05,3.482439569779672e-05,2.6562526232599445e-05,0.38602438225191266,0.09652981673265715
221_PKB,0.0,6.305122610683611e-07,2.351132769859501e-05,0.08377493696013742,0.02094976970002427
222_H2,0.0,0.0,2.664274211317605e-06,0.23829759237211234,0.05957506416158091
222_H3,0.0,0.0,1.0513541483988118e-05,0.357278891616192,0.089322351289419
224_H2,0.0016202897327636432,2.394974899289082e-06,2.66192509787233e-05,0.0937654061691048,0.023853677531936613
224_H3,0.0,0.0,1.0409274062035588e-05,0.049067122144436176,0.012269382854624552
224_PKB,0.0005884902497280343,0.00020170035713817924,0.0006407132713938522,0.2233018219392612,0.05618318145438032
225_H3,0.0,0.0,1.270782598369463e-07,0.007532741481676248,0.0018832171399840213
225_PKB,0.0,8.660982757646707e-07,0.0002801216264004786,0.11138131654237321,0.027915576066762364
226_H2,0.0,0.0,3.379330646492698e-05,0.004259770651550391,0.0010733909895038296
227_H2,0.0,6.349332124955254e-06,3.311168058826318e-05,0.021182418737244572,0.005305469937489447
227_H3,0.0,0.0004172025073785335,7.551065257658297e-05,0.009597537581755437,0.002522562685427638
227_PKB,0.0,4.559170702123083e-05,5.459571230953274e-05,0.02996446863337877,0.007516164013177383
228_H2,0.0,3.2360348996007815e-06,0.00037961246612900273,0.34570411359597053,0.08652174052424978
228_H3,9.574026621938423e-05,2.2938790777971008e-07,1.4829160073704388e-05,0.23272693530144137,0.05820943352891056
228_PKB,0.0,6.631461019424023e-06,0.00012203389098408641,0.11266130865835255,0.028197493502589016
230_H2,0.0,4.576232583985984e-07,5.395555268209761e-06,0.028613210717658415,0.0071547659740462555
230_PKB,0.0,5.82370018875622e-09,0.00183961329767794,0.09013924312030613,0.022994715560421066
231_H3,0.0,0.0,0.0001235757660220322,0.21654197290479005,0.05416638716770302
232_H2,0.0,2.04837469937047e-05,0.00024515469587293987,0.05118794988987064,0.012863397083184321
232_H3,3.211613920921823e-06,0.0,6.192960791145846e-05,0.026011248196637565,0.006519097354617486
232_PKB,0.0001995150981379,0.00016517247422598302,0.00015093628017719788,0.09471492986181765,0.023807638428589684
233_H2,0.0,2.1693982489523478e-05,2.669533002777967e-07,0.008447855876730125,0.0021174542031299815
233_PKB,0.0,0.0,8.123097580414321e-06,0.02823011639861149,0.007059559874047976
234_PKB,0.0,0.0,1.271256492879054e-06,0.0054367439707691135,0.001359503806815498
235_H3,0.0,3.347218580529443e-06,3.617648715993636e-05,0.025963959157496386,0.006500870715809213
235_PKB,0.0,1.4837976323178736e-06,0.0005300536013112627,0.16853142997854204,0.0422657418443714
236_H2,0.0,2.352464071009308e-05,2.9537181488847432e-06,0.04765438819623281,0.011920216638772947
236_H3,0.0,0.0,1.2619104334618794e-05,0.12255129593273091,0.03064097875926638
236_PKB,0.0,0.0,1.8918002807655354e-05,0.05140859149475169,0.012856877374389836
237_PKB,5.074552837199477e-05,0.0,1.3856971360311807e-05,0.026058362507012465,0.006530741251686193
238_H2,0.0,0.0,9.82133889949401e-06,0.030478165556895573,0.007621996723948767
238_H3,0.0,0.0,4.513304777682596e-07,0.002342648286608209,0.0005857749042714943
238_PKB,0.20499594376905741,0.14236856997013092,0.09443536690669722,0.22517478830606197,0.1667436672379869
239_H2,0.0,0.0,1.7226882136866627e-06,0.09174907248110552,0.022937698792329802
239_PKB,0.0,3.0480639452434843e-06,0.0011376516563645334,0.11498585906476955,0.02903163969626983
241_H3,0.0,1.585570998940966e-06,1.4064164104555509e-05,0.024703760056617844,0.006179852447930335
242_H2,4.1733035455336054e-07,2.420109668221926e-09,7.483693596122541e-05,0.2683328476839276,0.06710202609258827
245_H3,0.0,0.0,2.1414773541908966e-06,0.024004824466925454,0.006001741486069911
248_H3,0.0,8.225838428188581e-06,7.904189185943127e-05,0.09625175235090665,0.024084755020298568
248_PKB,0.0,2.6667599740903825e-05,9.357225014688376e-05,0.18939924421874096,0.04737987101715719
251_H2,0.0,0.0,1.9747261317812325e-05,0.12249962109259376,0.030629842088477893
251_PKB,0.0,0.0,4.3366145478874056e-05,0.005049050294237334,0.0012731041099290521
252_H2,0.0,0.0,8.764361271134258e-07,0.22946088607896029,0.05736544062877185
252_H3,0.0,0.0,3.0888639903467654e-07,0.03512776826745447,0.008782019288463377
254_H2,0.0,9.83509289653739e-06,0.0011716155627262516,0.04076308515280437,0.01048613395210679
254_PKB,0.0,6.461517045863729e-07,0.00016134320899735929,0.05457447975824203,0.013684117279735994
255_PKB,0.0001688793627820914,3.9283140722545795e-06,0.00015930508811041157,0.00061522207711602,0.00023683371052019437
256_H2,0.000159408705596142,3.281695342138846e-07,5.955795104777225e-05,0.21087909943411037,0.05277459856507213
258_H2,0.0,8.14253326097969e-07,0.00033255079547525205,0.16084361135565683,0.04029424410111455
258_PKB,0.0,8.538954432424362e-09,5.0236725618241096e-05,0.19003712962753874,0.047521843723027854
259_H2,0.0010209861524022737,1.0810518688231241e-05,0.0005675547219816957,0.08214758632450733,0.020936734429394883
259_PKB,0.00012231648638476674,3.1493204915022943e-06,0.0009848865713174304,0.005589322116746079,0.0016749186237349446
260_H2,0.0,6.948271789042337e-07,5.139019289991325e-05,0.06289173944026297,0.015735956115085447
260_H3,0.0,0.0,1.3142686165293074e-05,0.1161394079548004,0.029038137660241426
260_PKB,0.0,1.8883164898397808e-07,3.7369876303453094e-05,0.04931156621355901,0.012337281230377863
261_H3,0.029769951600755424,0.0003419971908442676,0.0036038941515474363,0.9723634999829391,0.2515198357315216
263_H2,0.0,3.300090611446649e-06,0.0003203523273277892,0.05800758422441387,0.014582809160588276
263_H3,0.0,0.0,5.532624918045276e-05,0.15195322821610147,0.03800213861632048
264_H2,0.0,9.048994979821146e-05,0.00053776532170575,0.006346068858383821,0.0017435810324719456
264_PKB,0.0,0.0,0.0006375863344467789,0.097784981878019,0.024605642053116446
265_H2,0.08592710534133835,0.03632422909140587,0.0010570050973175487,0.2472764504489289,0.09264619749474767
265_PKB,0.025512088499089754,0.0,0.003456192228447111,0.15704046525730833,0.0465021864962113
266_H2,0.00041569192496746416,4.721091681858525e-05,0.0004026984040188758,0.030390061469340764,0.007813915678786422
266_H3,0.0006247554285846293,0.0,0.00028172016920524466,0.22987152208453066,0.05769449942058013
269_H2,0.004887309610373,0.0005435068742372096,0.004266506948229069,0.04175305188061793,0.012862593828364303
269_H3,0.023348215059602356,0.0,0.0046914131299593395,0.9024223823062999,0.2326155026239654
270_H2,0.0007733930628230091,4.169512612861581e-05,0.0008210490700098624,0.08855798167605,0.022548529733752872
270_PKB,0.0,5.961400347587187e-06,0.00046470942405298153,0.012331810378133783,0.003200620300633588
271_H2,0.0,1.30812736642838e-07,0.0010700578922773507,0.2972529098575443,0.07458077464063959
271_H3,0.0,0.0,0.00019269919372185738,0.0066523497823918415,0.0017112622440284247
271_PKB,0.0025414718687619665,0.0,0.0013276395012144179,0.33688063051616013,0.08518743547153412
272_H2,0.0,0.0,8.857159395795613e-06,0.05230937289772362,0.013079557514279853
273_H3,0.0,0.0,4.088924975259154e-07,0.011748325131111589,0.0029371835059022787
273_PKB,6.483417956459455e-07,4.792741037817905e-06,0.0001808908702716036,0.23466972717288417,0.05871401478149731
274_H3,0.0,8.752440407988615e-06,4.4579792924663986e-05,0.18271635301998926,0.04569242131333048
274_PKB,0.0001430184037201203,4.884779627900571e-06,3.8260125346692643e-05,0.372302478945789,0.09312216056362092
275_H2,0.00029249313186185006,1.4728160749655217e-05,0.0001256432267242471,0.18727460275025568,0.046926866817397855
275_H3,0.00018371652509676227,1.2758479215335683e-06,7.095048566526485e-06,0.04680259931634525,0.011748671684482518
275_PKB,0.010710672727269662,2.5111992272286443e-06,0.03292315793784858,0.1517144292458194,0.048837692777541214
276_PKB,0.007536609125947133,1.3832244803779759e-05,0.13844373017423517,0.6494895192030822,0.19887092268701706
277_H2,3.8523509497326295e-07,1.1547260328370612e-05,8.2931493281645e-05,0.2896191299654159,0.07242849848853022
277_H3,0.0,1.1270321564893493e-08,0.0006808903567930993,0.01310952416987106,0.003447606449246431
277_PKB,0.0010122317409416793,4.760268552672642e-07,0.0005716771797210369,0.05700893737127854,0.01464833057969913
278_H3,0.0,5.860633089938005e-10,2.985672893005758e-06,0.005214749977055197,0.0013044340590028778
278_PKB,0.00012673089274676492,2.7231390049564652e-05,0.00018608870692394093,0.05170753872407283,0.013011897428448275
279_H2,0.0007979880834252997,2.6423918825457804e-05,0.000925806733003562,0.10868888829847465,0.02760977675843224
279_H3,0.0021396943025225124,5.288921745005837e-09,0.00015948294876855037,0.5118394798577568,0.1285346655994924
279_PKB,0.001687799688953751,0.00013606877473648638,0.00039389662265239587,0.1789364828444403,0.045288561982695735
280_H2,0.0,1.2203146582123736e-07,0.00013469857825804677,0.07939426704467736,0.019882271913600306
280_H3,4.26250839463331e-07,0.0,2.371365606526275e-06,0.2505947334480079,0.06264938276611348
280_PKB,0.0010991902509176672,5.70523516216781e-05,0.0015234111052881724,0.04508318451303989,0.01194070955521685
281_H2,1.6905133351578767e-06,3.375454866727523e-07,7.677004885149967e-05,0.039654476558145545,0.00993331866645472
281_H3,8.433337807683796e-07,1.8324112716072705e-06,9.578311928060991e-06,0.07813808336725551,0.019537584356058988
281_PKB,4.5065575045421197e-07,1.439539119019173e-07,0.00017946164460109283,0.19681874982842273,0.04924970152067155
282_PKB,0.0,7.346794518525712e-06,0.0011433100396108329,0.10756812608247299,0.027179695729150587
283_H2,0.0,1.1781021385104395e-06,9.197573282687846e-07,0.07721298833623223,0.019303771548924754
283_PKB,0.0002341126882406555,0.0,6.050282254187636e-06,0.2353426438207083,0.058895701697800784
284_H2,0.0,7.230877674402336e-09,0.18990439479629934,0.07164849773698088,0.06538822494103948
284_H3,0.0,0.0,7.269560629583251e-06,0.06356200447736915,0.015892318509499685
284_PKB,0.0,2.49483900205405e-08,4.421691359437262e-05,0.05728471555008401,0.014332239353017102
285_H2,1.0,0.1742108017206192,1.0,0.19144225225608805,0.5914132634941768
285_H3,0.0,0.0,2.8347014245034515e-07,0.05582406826001425,0.013956087932539175
285_PKB,0.0,0.0,0.19247310156393588,0.18994450845503646,0.09560440250474309
286_H2,0.000559647717454376,5.635907200485235e-06,0.024070667421485753,0.3049762686210409,0.08240305491679538
286_H3,0.0,0.0,9.668513085511533e-06,0.007813461492640342,0.0019557825014314633
286_PKB,0.0,6.301019084276049e-07,0.02312915031095847,0.0015241803886154842,0.006163490200370595
287_H2,0.0,4.758728209708352e-06,0.0002673325944944633,0.20855089783663974,0.05220574728983598
287_H3,0.0,0.0,2.718375281904105e-05,0.04299433909062197,0.010755380710860253
287_PKB,0.0,1.590793181094341e-05,0.00022374297608978566,0.04563614520733711,0.01146894902880946
288_H2,0.013891900922025503,5.5756249395244595e-08,4.713578899524019e-05,0.3187878092909682,0.0831817254395596
288_PKB,0.07184455899135474,0.0,0.0007444528944612876,0.25145819083880516,0.0810118006811553
289_H3,0.006630856693562537,6.8000713326910045e-06,0.000346470420225683,0.30183042142583744,0.07720363715273959
290_H2,6.754975163880566e-06,1.340730477750185e-06,0.0001483837359506059,0.04555335421243445,0.011427458413506671
290_PKB,0.0,1.4541694781655679e-07,9.974353519339313e-05,0.017066725045108467,0.004291653499312419
292_H2,0.02854376480027401,0.0029504955746233463,0.010900917193546102,0.5295954145639163,0.14299764803308995
292_H3,0.012532652407652238,0.0,0.012373436691485875,0.8917527112213901,0.22916470008013207
293_H2,0.0,0.0,0.0005248663840931563,0.10268812356167031,0.025803247486440868
293_H3,0.0,3.9760141845590624e-08,1.3221756292984775e-05,0.09403124231519888,0.023511125957908427
293_PKB,0.0,0.0,4.600464508445351e-05,0.1268963758839975,0.031735595132270485
294_H2,0.0,0.0,9.991932731236858e-05,0.08235853833417443,0.0206146144153717
294_PKB,0.0,7.916241884231567e-07,3.848718251195309e-05,0.0737605544404875,0.01844995831179697
295_H3,0.004636505075190274,0.0,1.552636557642591e-05,0.43530500290295604,0.10998925858593069
297_H2,0.0,7.196199294412509e-05,0.00042861153390953547,0.03400574788693957,0.008626580353448309
297_H3,0.0,3.0681121643283404e-07,0.00021299845237367272,0.04020052796613337,0.010103458307430868
298_H2,0.0,4.701910074800253e-05,0.0002046130295753104,0.031644118399138936,0.007973937632365563
298_H3,0.0003666327800330229,3.1026065698824823e-06,0.00017065841178526864,0.014848619814541773,0.0038472534032324866
299_H2,0.00010050173653512201,1.2454344869183842e-05,0.00010720654904847527,0.0542427409377495,0.013615725892050571
299_H3,0.0,0.0,0.00011406313153099639,0.008506351018518881,0.0021551035375124697
299_PKB,0.0,6.251797231016099e-07,0.00012812933494633057,0.015576800883071014,0.003926388849435112
300_H2,0.0,0.00022679180256091058,5.975043016779306e-05,0.053854710648276044,0.013535313220251187
300_PKB,0.0,0.0,4.8102762707588575e-05,0.07493365402219773,0.01874543919622633
304_H2,2.8213318073550676e-06,1.6962343352133757e-06,0.00041180844334911534,0.02524714708115111,0.006415868272660699
307_H2,2.0047092520269176e-08,8.204663970445836e-08,4.602042071480126e-05,0.11960987926897082,0.02991400044585446
307_H3,0.0,0.0,5.1190796275891673e-08,0.10496841518958615,0.026242116595095608
307_PKB,0.00011144234150985588,0.0,3.9184539837338314e-05,0.06598485520594738,0.016533870521823642
308_H2,0.0,4.814308454115235e-07,1.699735649275788e-05,0.08326325602470637,0.020820183703011134
308_PKB,0.0,2.4867062165867537e-05,4.4257366451364336e-05,0.012881772273923715,0.003237724175635237
309_PKB,0.0008492629815251847,1.4945753719075583e-05,0.00011746980944207833,0.12381518226587536,0.031199215202640424
311_H3,0.0,0.00010138425568584353,1.367299690839461e-05,0.08053990115068796,0.02016373960082055
311_PKB,0.0,0.0,2.6235434040599196e-05,0.0029483764932873055,0.0007436529818319762
312_PKB,0.0,1.399210347585722e-08,3.768905759508207e-06,0.044522012743887354,0.011131448910437585
314_H2,0.0,0.0,1.3452795677178202e-05,0.21885145915893336,0.05471622798865264
314_H3,0.0,0.0,9.970178420897395e-08,0.1372167798476679,0.03430421988736303
314_PKB,0.0,0.0,4.499443040938249e-06,0.019849362212142757,0.004963465413795924
315_H2,0.0,2.3036967832013033e-05,4.1571149233954796e-05,0.06855433129402932,0.01715473485277382
315_H3,0.0,0.0,4.143233103617426e-05,0.04915691395918063,0.0122995865725542
315_PKB,0.0,2.982135356432991e-06,0.00015280190384703713,0.10361668147389388,0.025943116378274338
317_H2,0.08154738149786057,0.014919424429535866,0.014357912520421418,0.06702731308713589,0.044463007883738435
317_PKB,0.0,0.0,0.0003197899174395585,0.09202373042920382,0.023085880086660845
318_H2,0.0,6.839185971330153e-06,1.6660388408560072e-05,0.151026241496011,0.03776243526759772
318_H3,0.0,0.0,8.335966955919983e-06,0.09771180850360627,0.024430036117640545
318_PKB,0.0,3.4689044525748614e-08,3.3100975846867415e-05,0.2924996918436795,0.07313320687714273
319_H2,0.0022553648350117227,1.2293049849176896e-06,0.00017436637138099867,0.06083655582073489,0.015816879083028132
319_H3,0.0,0.0,1.6615746355818948e-05,0.18127903876687934,0.04532391362830879
319_PKB,0.0,5.827314907946857e-06,0.00011544316122037463,0.007319073993357203,0.001860086117371381
320_H2,2.922008791821708e-07,0.0,3.7075630579533014e-05,0.18010264130039896,0.04503500228296442
320_PKB,0.0,3.5659566410828347e-09,1.3047938093900031e-05,0.03142502995318814,0.007859520364309671
321_H2,0.0006777751872488255,4.53444393144764e-09,3.9582488779271514e-05,0.2385130244378604,0.05980759666208311
321_PKB,6.18218435576542e-05,1.8341567056268104e-06,2.759881212184094e-05,0.37578046244303526,0.0939679293138551
322_PKB,0.0,1.8081684629578376e-06,2.9454519821160376e-05,0.08241913579687214,0.020612599621289064
323_H2,5.3363419182802975e-05,0.0,7.566804041779776e-06,0.24835594257097274,0.06210421819854933
323_H3,0.00013391866576025968,0.0,1.242384643844157e-06,0.1892061591054569,0.04733533003896525
323_PKB,0.0,1.0750144383564475e-06,5.043835277812103e-05,0.0326726921199396,0.00818105137178902
324_H2,0.0,5.345627300812339e-07,5.926327287286341e-05,0.08143038422268303,0.020372545514571495
324_H3,0.0,8.01914893600042e-07,6.397890578355063e-05,0.3187061744573165,0.07969273881949841
324_PKB,0.0,0.0,1.0794934466627998e-05,0.137160629649768,0.034292856146058655
325_H3,3.3491283224855904e-07,4.002628429589095e-06,2.2410657999318e-05,0.025326113038365627,0.006338215309406696
325_PKB,0.0,3.062123710151354e-08,6.568173964068428e-05,0.0606940889700256,0.015189950332725848
326_H2,0.0,1.880663376141456e-06,8.24879627218156e-05,0.048270529605122334,0.012088724557805073
326_H3,0.0,1.2631512618099805e-05,5.502740569474939e-05,0.11092404280507528,0.027747925430847035
327_H2,0.0,8.180207800023709e-08,4.952198962785332e-06,0.062277770751085836,0.015570701188031656
327_H3,0.0,0.0,1.0905383395157757e-05,0.1471645935464094,0.03679387473245114
328_H2,0.0,3.407565145607805e-07,0.00017026845048110262,0.3368761441655755,0.0842616883431428
328_H3,0.0,0.0,4.36332626325749e-06,0.09059511227240885,0.022649868899668028
328_PKB,9.072176483824416e-05,9.428475209460885e-07,0.00040448770073398693,0.03664528059343053,0.009285358226630926
329_H2,0.0,2.2131387140689185e-06,1.7158165517773635e-05,0.060575436619462845,0.015148701980923673
329_H3,0.0,1.787495239113923e-05,1.3464578921703438e-05,0.07303760696171838,0.018267236623257806
330_H2,0.0,0.0,0.0004038939690450089,0.0027441454026545394,0.0007870098429248871
331_H2,0.0,0.0,3.8553217989637954e-06,0.09171145144121509,0.022928826690753513
331_H3,0.0,0.0,1.6157052269794038e-05,0.11688601122414108,0.029225542069102717
331_PKB,2.4407784414430288e-06,1.8569228359410772e-06,0.00017898190416874453,0.00973515450180742,0.002479608526813387
332_H2,0.0,6.142875008663395e-06,1.5852867175618622e-05,0.06305856617738174,0.015770140479891507
333_H2,0.0,5.3874277909926604e-06,0.0029972569679039347,0.05480577823801274,0.014452105658426917
333_H3,0.0,0.0,0.0002583638007136954,0.07274282081903181,0.01825029615493638
333_PKB,0.0,4.9928394219023176e-06,0.0002525240982368681,0.30174756236620387,0.07550126982596567
334_H2,5.144133544354161e-06,3.8194383478185046e-07,0.0002273710197613312,0.2094300637319333,0.05241574020726844
334_H3,0.0,2.2886359147378244e-05,4.847134789819036e-05,0.12174050530566911,0.03045296575317867
335_H2,0.0,5.265340405458119e-06,0.0001256410608477499,0.16934559569326635,0.04236912552362989
335_PKB,8.147957371288022e-05,6.337597824312979e-06,7.901598877885707e-05,0.02953123598687387,0.00742451728679748
336_H2,1.27298833812472e-05,6.8372446548892185e-06,0.000475782403388716,0.1286014824915933,0.03227420800575454
336_H3,0.0,0.0,2.3314125791510462e-05,0.28514407137806586,0.07129184637596434
336_PKB,9.894511622269065e-05,3.4614288324519293e-06,0.00012836234658563907,0.06085263613135509,0.015270851255748967
337_H3,0.0,4.601421460392885e-05,3.07397824622825e-05,0.18595241374021995,0.04650729193432154
337_PKB,0.0,2.6144118692172924e-06,7.065705077335289e-05,0.031122483166543063,0.007798938657296408
338_H2,0.0,9.793265235202853e-06,0.0016353631358236643,0.034294835685658935,0.008984998021679451
338_H3,0.0,3.2062062018667348e-06,5.307139900083193e-05,0.10281408669631786,0.02571759107538014
338_PKB,9.431164288939436e-05,1.8028772785783076e-07,0.000758233906645255,0.0346053364948488,0.008864515583027827
339_H2,0.0,2.8721854050672846e-07,4.739023379137975e-05,0.015807365529443063,0.003963760745443737
339_H3,0.0,1.239845573763887e-06,4.639723645579908e-05,0.3252424403318426,0.08132251935346803
339_PKB,0.00012358726340098522,6.689578731311485e-05,0.00024327824094664993,0.0038703312535975105,0.001076023136314565
340_H2,0.0,1.4499134977086214e-06,3.7450726261389138e-06,0.1621531561975269,0.040539587795912685
340_PKB,7.950258621730884e-05,7.655360604985617e-06,0.00019626260648491727,0.1341937612042361,0.03361929543938583
341_H3,0.0,0.0,3.821642707715069e-06,0.03494756642604737,0.008737847017188771
341_PKB,0.0,0.0,1.5943621380007077e-06,0.03582946997518759,0.008957766084331398
342_H2,0.0,0.0,8.95107041751241e-08,0.09594497293655027,0.023986265611813613
342_H3,0.0,0.0,3.083577352812301e-07,0.07422185335307661,0.018555540427702973
342_PKB,0.0,4.574991763206526e-08,1.2251787460263737e-05,0.0048700653542619035,0.00122059072290995
343_H2,0.0,1.5979330783011392e-06,0.00010755784448426084,0.07494346669370869,0.01876315561781781
344_H2,0.0,1.2898756551749102e-07,1.4415640254932832e-05,0.07479951811994881,0.018703515686942316
344_PKB,0.0,4.374023319542175e-06,3.841876787933791e-05,0.0024363805466503068,0.0006197933344622967
345_H2,0.0,1.472745452701929e-06,7.264847801149069e-05,0.08080999630632596,0.020221029382447537
345_H3,0.0,7.316808705581934e-07,3.0988564842371676e-05,0.21253982365934906,0.0531428859762655
346_H2,0.0,1.2271318610146409e-06,4.084128568911487e-05,0.12900124843916,0.032260829214177535
346_H3,0.0,3.1071036232788174e-07,1.4304126291510172e-05,0.1374352358486023,0.03436246267131403
346_PKB,0.0,2.320001385669457e-06,2.7254549062013893e-05,0.03576411364131601,0.008948422047940923
347_H2,0.00013572922974322449,4.329053808760364e-06,0.00016655228656086275,0.5198847086333412,0.13004782980086352
347_H3,0.0,1.3724892596655991e-05,2.8193618156388994e-05,0.05792863278391948,0.014492637823668131
348_H2,0.0,0.0,5.43468750893654e-06,0.018259102425138788,0.004566134278161931
348_H3,0.0,0.0,5.217812531560372e-06,0.12426873780705726,0.031068488904897204
349_H3,0.0,2.4168951995307e-07,1.1219579748571357e-05,0.15093043431737016,0.03773547389665967
349_PKB,0.0,9.939152505467064e-07,1.9275047811531224e-05,0.03522441058682544,0.00881116988747188
350_H2,2.4691771600375425e-05,0.0,2.0269751740212463e-05,0.2529751280705144,0.06325502239846376
350_H3,0.0,0.0,6.841494665582546e-07,0.01734608632429043,0.004336692618439247
351_H2,0.0,4.415562216308899e-05,0.00017551258395296824,0.03833014176604053,0.009637452493039145
351_H3,0.0,4.307336780584592e-07,0.0001793959571706516,0.0041168927216837245,0.0010741798531331086
351_PKB,4.692625661146024e-06,0.0,0.00011097290576545928,0.0058349537222857194,0.0014876548134280811
352_H2,0.0,1.3921749086875934e-06,2.384159784360296e-05,0.0015341575076806358,0.00038984782010823157
352_H3,0.0,1.9971821529907174e-07,1.4791064307217449e-05,0.020583167415077725,0.00514953954940006
353_H2,0.0,1.6143894754350185e-05,0.00022162497280677705,0.004532460816591519,0.0011925574210381615
353_H3,0.00021236651614317008,0.0,6.12965797364814e-05,0.041982369658135565,0.010564008188503804
353_PKB,8.64455727527938e-06,5.769483664153086e-07,0.00013241303189863736,0.019497040611990785,0.0049096687873827795
5_PKB,0.0,0.0,2.11747925561704e-05,0.03302104627438751,0.00826055526673592
12_PKB,0.00010988852131448212,1.4849923957171995e-08,0.004458040446315503,0.0833105096783667,0.021969613373980162
192_H3,0.0,0.0,0.0,0.040929312757129965,0.010232328189282491
139_PKB,0.0,5.311046535894093e-08,1.0580449564118666e-05,0.10368043212882004,0.02592276642221238
142_H2,0.0,0.0,1.6959696421507284e-07,0.07318929698229507,0.01829736664481482
142_PKB,0.0,0.0,1.6959696421507284e-07,0.07318929698229507,0.01829736664481482
178_H2,0.0007369709277416797,2.8529973860713653e-05,0.0010127781343022494,0.6226441040384262,0.1561055957685827
178_PKB,0.0007369709277416797,2.8529973860713653e-05,0.0010127781343022494,0.6226441040384262,0.1561055957685827
210_H3,0.0,0.0,3.1227264935609976e-06,0.09300063867437035,0.02325094035021598
186_PKB,0.0,0.0,4.900674317612223e-06,0.155852633087942,0.0389643834405649
203_H2,0.0009860276340810917,6.745486462023109e-05,0.0006468255880644445,0.23402540786632575,0.05893142898827288
203_PKB,0.0009860276340810917,6.745486462023109e-05,0.0006468255880644445,0.23402540786632575,0.05893142898827288
211_PKB,0.0,0.0,9.714553434618335e-05,0.08016777294168792,0.020066229619008526
222_PKB,0.0,0.0,1.0513541483988118e-05,0.357278891616192,0.089322351289419
226_PKB,0.0,0.0,3.379330646492698e-05,0.004259770651550391,0.0010733909895038296
15_H3,0.0,1.271961082238704e-06,4.658803543698878e-05,0.15812368252021092,0.03954288562918254
16_PKB,0.0,1.271961082238704e-06,4.658803543698878e-05,0.15812368252021092,0.03954288562918254
17_PKB,0.0,1.271961082238704e-06,4.658803543698878e-05,0.15812368252021092,0.03954288562918254
241_H2,0.0,1.585570998940966e-06,1.4064164104555509e-05,0.024703760056617844,0.006179852447930335
242_PKB,4.1733035455336054e-07,2.420109668221926e-09,7.483693596122541e-05,0.2683328476839276,0.06710202609258827
245_PKB,0.0,0.0,2.1414773541908966e-06,0.024004824466925454,0.006001741486069911
261_H2,0.029769951600755424,0.0003419971908442676,0.0036038941515474363,0.9723634999829391,0.2515198357315216
261_PKB,0.029769951600755424,0.0003419971908442676,0.0036038941515474363,0.9723634999829391,0.2515198357315216
269_PKB,0.023348215059602356,0.0,0.0046914131299593395,0.9024223823062999,0.2326155026239654
289_PKB,0.006630856693562537,6.8000713326910045e-06,0.000346470420225683,0.30183042142583744,0.07720363715273959
292_PKB,0.012532652407652238,0.0,0.012373436691485875,0.8917527112213901,0.22916470008013207
295_H2,0.004636505075190274,0.0,1.552636557642591e-05,0.43530500290295604,0.10998925858593069
295_PKB,0.004636505075190274,0.0,1.552636557642591e-05,0.43530500290295604,0.10998925858593069
297_PKB,0.0,3.0681121643283404e-07,0.00021299845237367272,0.04020052796613337,0.010103458307430868
298_PKB,0.0003666327800330229,3.1026065698824823e-06,0.00017065841178526864,0.014848619814541773,0.0038472534032324866
20_H3,0.0,0.0,3.2019239697899377e-06,0.13148077702186725,0.03287099473645926
327_PKB,0.0,0.0,1.0905383395157757e-05,0.1471645935464094,0.03679387473245114
330_H3,0.0,0.0,0.0004038939690450089,0.0027441454026545394,0.0007870098429248871
344_H3,0.0,4.374023319542175e-06,3.841876787933791e-05,0.0024363805466503068,0.0006197933344622967
345_PKB,0.0,4.374023319542175e-06,3.841876787933791e-05,0.0024363805466503068,0.0006197933344622967
347_PKB,0.0,1.3724892596655991e-05,2.8193618156388994e-05,0.05792863278391948,0.014492637823668131
348_PKB,0.0,0.0,5.217812531560372e-06,0.12426873780705726,0.031068488904897204
350_PKB,0.0,0.0,6.841494665582546e-07,0.01734608632429043,0.004336692618439247
352_PKB,8.64455727527938e-06,5.769483664153086e-07,0.00013241303189863736,0.019497040611990785,0.0049096687873827795
19_H3,0.0,0.0,8.998491118810852e-06,0.03482545105322117,0.008708612386084995
19_PKB,0.0,0.0,8.998491118810852e-06,0.03482545105322117,0.008708612386084995
20_PKB,0.0,0.0,8.998491118810852e-06,0.03482545105322117,0.008708612386084995
58_H2,0.0,0.0,8.998491118810852e-06,0.03482545105322117,0.008708612386084995
58_H3,0.0,0.0,8.998491118810852e-06,0.03482545105322117,0.008708612386084995
58_PKB,0.0,0.0,8.998491118810852e-06,0.03482545105322117,0.008708612386084995
30_H3,0.0,4.019464995508315e-06,1.6232902136464706e-05,0.004363607695425096,0.0010959650156392674
179_H2,0.0,0.0,0.0,0.0285752720815461,0.007143818020386525
179_H3,0.0,0.0,0.0,0.0285752720815461,0.007143818020386525
181_H2,0.0,0.0,0.0,0.0285752720815461,0.007143818020386525
181_PKB,0.0,0.0,0.0,0.0285752720815461,0.007143818020386525
184_H2,0.0,0.0,0.0,0.0285752720815461,0.007143818020386525
212_PKB,0.0,0.0,0.0,0.0285752720815461,0.007143818020386525
62_PKB,0.0,0.0,5.6579106436755096e-08,0.10226243283233474,0.025565622352860296
77_PKB,0.0,0.0002220253081759438,0.0007910617177410238,0.09565765168084603,0.02416768467669075
132_H2,0.0,0.0,2.6409941379828362e-05,0.07926298286388749,0.019822348201316828
132_PKB,0.0,0.0,2.6409941379828362e-05,0.07926298286388749,0.019822348201316828
