,feature,gbr,xgb,rf,BayesianRidge,mean,true_position,TMD,amino_acid
0,1_H3,1.241121709767046e-06,1.7321299310424363e-06,0.0001950168698459,0.3864635238308496,0.0966653784880841,1,CT/EC,M
1,1_PKB,2.0719791557703795e-06,2.7884416340384632e-05,0.0022120741494373,0.036920567521425,0.0097906495165896,1,CT/EC,M
2,2_H3,0.0,3.654316742540687e-07,0.000239020727241,0.1248549637676754,0.0312735874816476,2,CT/EC,N
3,2_PKB,0.0193522080525284,0.0001406160154147,0.0261317263405533,0.0201561992896517,0.016445187424537,2,CT/EC,N
4,3_PKB,0.0006201788103809,1.3168366422178224e-05,0.000234860388576,0.0224022931835368,0.0058176251872289,3,N-Termina,G
5,3_H2,0.0,1.822379203986202e-06,0.0004610415901524,0.1011630112934373,0.0254064688156984,3,N-Termina,G
6,3_H3,5.2673113063135885e-09,3.326903606648557e-05,5.246970918279807e-05,0.4768856471834952,0.1192428477990139,3,N-Termina,G
7,4_H2,0.0,5.476631031342549e-06,0.0003762733186292,0.0761428588271866,0.0191311521942117,4,N-Termina,T
8,4_H3,0.0,2.609292459965218e-05,0.0001618164491508,0.1274424988999854,0.0319076020684339,4,N-Termina,T
9,4_PKB,0.0005114828699847,6.181122898851754e-06,0.0004047204274037,0.0426937466919928,0.01090403277807,4,N-Termina,T
10,5_H2,0.0,2.7954712322753042e-08,1.2570283317918429e-05,0.4362211849311503,0.1090584457922951,5,N-Termina,E
11,5_H3,0.0,0.0,2.11747925561704e-05,0.0330210462743875,0.0082605552667359,5,N-Termina,E
12,5_PKB,0.0,0.0,2.11747925561704e-05,0.0330210462743875,0.0082605552667359,5,N-Termina,E
13,6_H2,0.0,1.7228122715096106e-06,8.9372517816378e-05,0.0208212447771981,0.0052280850268215,6,N-Termina,G
14,6_PKB,2.3863069088481404e-05,1.3353519534575753e-06,1.9302211663338135e-05,0.0192757035119875,0.0048300510361732,6,N-Termina,G
15,7_H2,0.0013987499243592,9.80070217337925e-06,0.0006105971232129,0.1437618618197971,0.0364452523923856,7,N-Termina,P
16,7_H3,0.0,1.0565268894424662e-05,1.787186853784681e-05,0.0198274911251237,0.004963982065639,7,N-Termina,P
17,7_PKB,5.094026177848122e-06,5.843798498972319e-05,0.0003924426255764,0.0370578668045603,0.009378460360326,7,N-Termina,P
18,9_H2,3.618083201662601e-05,2.61683703683957e-06,0.0001630358904558,0.0793035866147618,0.0198763550435677,9,N-Termina,F
19,10_H2,0.0,7.458654067704629e-07,0.0130087720344762,0.2502954117147646,0.0658262324036619,10,N-Termina,Y
20,10_H3,0.0,0.0002320459316251,0.0003590745704518,0.4281071752384019,0.1071745739351197,10,N-Termina,Y
21,11_H2,0.0,5.709958713850938e-06,0.0001433856778918,0.0719209748010227,0.0180175176094071,11,N-Termina,V
22,11_H3,0.0,4.6604395897986706e-09,6.812512890026565e-05,0.0460046206704424,0.0115181876149455,11,N-Termina,V
23,11_PKB,0.0,5.216901627136394e-06,0.0001328632798289,0.0489478339600858,0.0122714785353854,11,N-Termina,V
24,12_PKB,0.0001098885213144,1.4849923957171995e-08,0.0044580404463155,0.0833105096783667,0.0219696133739801,12,N-Termina,P
25,12_H2,0.0001098885213144,1.4849923957171995e-08,0.0044580404463155,0.0833105096783667,0.0219696133739801,12,N-Termina,P
26,12_H3,0.0,8.708982868199655e-09,0.0047349149966384,0.3336670922489981,0.0846005039886548,12,N-Termina,P
27,13_H2,0.0002333294944219,1.1098272807430476e-05,0.0043660048604576,0.0126561428540867,0.0043166438704434,13,N-Termina,F
28,13_H3,0.0,7.186363149003229e-08,0.0082949426298166,0.3180854245214993,0.0815951097537368,13,N-Termina,F
29,13_PKB,0.0,9.9505723483162e-06,0.0220365225737443,0.2411335432453057,0.0657950040978496,13,N-Termina,F
30,14_H3,0.0,3.8882956232555443e-07,1.8017241643204663e-05,0.2158545644318366,0.0539682426257605,14,N-Termina,S
31,14_PKB,0.0,4.425942279340234e-06,0.0001306795212849,0.1717014462445995,0.0429591379270409,14,N-Termina,S
32,15_H3,0.0,1.271961082238704e-06,4.658803543698878e-05,0.1581236825202109,0.0395428856291825,15,N-Termina,N
33,15_H2,0.0,0.0,1.5449573133032543e-05,0.0126129606175126,0.0031571025476614,15,N-Termina,N
34,15_PKB,0.0,1.271961082238704e-06,4.658803543698878e-05,0.1581236825202109,0.0395428856291825,15,N-Termina,N
35,16_H2,0.0,9.024015525938012e-07,0.0002435227716156,0.0420571723518744,0.0105753993812606,16,N-Termina,K
36,16_H3,0.0,5.469094617183146e-07,8.025011450471742e-05,0.1116540064405827,0.0279337008661372,16,N-Termina,K
37,16_PKB,0.0,1.271961082238704e-06,4.658803543698878e-05,0.1581236825202109,0.0395428856291825,16,N-Termina,K
38,17_H3,0.0,8.978520149582891e-09,0.0,0.0237925845750307,0.0059481483883877,17,N-Termina,T
39,17_H2,7.341776701649378e-05,1.2983599845028948e-05,0.0001744080496669,0.1484537686341915,0.03717864451268,17,N-Termina,T
40,17_PKB,0.0,1.271961082238704e-06,4.658803543698878e-05,0.1581236825202109,0.0395428856291825,17,N-Termina,T
41,18_H2,0.0,3.673945343507512e-07,4.771126251561804e-06,0.04100518992484,0.0102525821114064,18,N-Termina,G
42,18_PKB,0.0,0.0,8.998491118810852e-06,0.0348254510532211,0.0087086123860849,18,N-Termina,G
43,18_H3,0.0,0.0,3.2019239697899377e-06,0.1314807770218672,0.0328709947364592,18,N-Termina,G
44,19_PKB,0.0,0.0,8.998491118810852e-06,0.0348254510532211,0.0087086123860849,19,N-Termina,V
45,19_H3,0.0,0.0,8.998491118810852e-06,0.0348254510532211,0.0087086123860849,19,N-Termina,V
46,20_H3,0.0,0.0,3.2019239697899377e-06,0.1314807770218672,0.0328709947364592,20,N-Termina,V
47,20_PKB,0.0,0.0,8.998491118810852e-06,0.0348254510532211,0.0087086123860849,20,N-Termina,V
48,20_H2,0.0,3.787149296385906e-07,1.7583803679274153e-05,0.1298539816950102,0.0324679860534047,20,N-Termina,V
49,21_H2,0.0,5.892109022909153e-09,0.0233051914563625,0.2371035208602419,0.0651021795521783,21,N-Termina,R
50,21_PKB,1.7960087474895807e-05,2.28186218009796e-06,4.311915770450352e-05,0.3050954162143541,0.0762896943304284,21,N-Termina,R
51,21_H3,0.0,1.1955857189605013e-05,8.332696387908395e-05,0.1290114441540751,0.0322766817437859,21,N-Termina,R
52,22_H3,0.0,3.8514187394866894e-09,8.298027869602098e-05,0.0945453356825957,0.0236570799531776,22,N-Termina,S
53,22_H2,0.0002040513810837,1.2419424137988244e-06,0.0001259828205919,0.0726359836084164,0.0182418149381264,22,N-Termina,S
54,24_PKB,0.0,2.203528538302635e-06,0.000118916116707,0.1256286864582625,0.0314374515258769,24,N-Termina,F
55,24_H3,0.0,2.0631927327485755e-05,0.0014347176878863,0.0913125053607246,0.0231919637439846,24,N-Termina,F
56,24_H2,4.1119094418364215e-06,4.179604275122983e-06,0.0001603601383997,0.3823850556224787,0.0956384268186488,24,N-Termina,F
57,25_PKB,2.49060369025856e-05,6.534876774821896e-06,0.0001178994171703,0.1137774446205752,0.0284816962378557,25,N-Termina,E
58,25_H2,0.0,1.8837829074414003e-08,8.623654228842552e-06,0.1199262900238257,0.0299837331289709,25,N-Termina,E
59,25_H3,0.0,0.0,7.344683168059933e-06,0.1316427166190349,0.0329125153255507,25,N-Termina,E
60,26_H2,0.0,5.098776910017477e-06,2.49128700032253e-05,0.1204936414446671,0.030130913272895,26,N-Termina,A
61,26_PKB,0.0,7.277880058609298e-07,5.5600130093064674e-05,0.0624050761762092,0.015615351023577,26,N-Termina,A
62,26_H3,0.0,6.031568318576319e-06,1.855159693738085e-05,0.0138994623733965,0.0034810113846631,26,N-Termina,A
63,28_PKB,2.0753310947294425e-05,0.0,0.0045335992912278,0.0192018900150395,0.0059390606543036,28,N-Termina,Q
64,28_H2,1.3934636465325948e-06,5.2370896952425034e-08,0.0001410703617859,0.1710014133927863,0.0427859823972789,28,N-Termina,Q
65,29_PKB,0.0,4.4590237280317524e-07,5.860588047750356e-05,0.150713022546437,0.0376930185823218,29,N-Termina,Y
66,29_H2,4.786649161977103e-06,1.3022838629694888e-07,4.54304747555304e-05,0.1295237477843098,0.0323935237841534,29,N-Termina,Y
67,29_H3,0.0,1.7586518197276749e-07,4.453880775562322e-06,0.2481909442949445,0.0620488935102255,29,N-Termina,Y
68,30_PKB,0.0,0.0,3.419233104944612e-05,0.0581125426757194,0.0145366837516922,30,N-Termina,Y
69,30_H2,0.0,4.019464995508315e-06,1.6232902136464706e-05,0.004363607695425,0.0010959650156392,30,N-Termina,Y
70,30_H3,0.0,4.019464995508315e-06,1.6232902136464706e-05,0.004363607695425,0.0010959650156392,30,N-Termina,Y
71,31_H2,0.0,6.187324288475793e-06,5.302565580476176e-06,0.0132590329624828,0.0033176307130879,31,N-Termina,L
72,31_PKB,0.0,0.0,2.7977506650318667e-05,0.1706151765769601,0.0426607885209026,31,N-Termina,L
73,32_H2,0.0,8.225844794651493e-06,8.767164719216086e-05,0.1233865646119385,0.0308706155259813,32,N-Termina,A
74,33_H2,1.3006378193664996e-05,1.1661013559205458e-05,0.0005063183320811,0.0276374598725579,0.0070421113990979,33,N-Termina,E
75,33_H3,0.0,1.694413549557794e-05,1.830467365499668e-05,0.3498202023436267,0.0874638627881943,33,N-Termina,E
76,34_H2,0.0,6.94602476869477e-07,0.0138045266039285,0.2345381883588176,0.0620858523913057,34,N-Termina,P
77,34_H3,0.0,2.8681018449105977e-08,5.615601814257144e-05,0.196896379363392,0.0492381410156382,34,N-Termina,P
78,35_H2,0.0,1.7251590179512277e-05,8.405700820495828e-05,0.0936939783292818,0.0234488217319165,35,N-Termina,W
79,36_PKB,0.0,1.0105627552547958e-05,0.0031270972246138,0.0931364657083202,0.0240684171401216,36,N-Termina,Q
80,37_PKB,0.0,1.9456063427014673e-08,3.6290925335421046e-05,0.0179514472311345,0.0044969394031333,37,1,F
81,37_H3,0.0006679317308744,0.0,0.0004687314423717,0.1179719915853001,0.0297771636896366,37,1,F
82,37_H2,0.0010661599833594,7.587750587845221e-06,0.000124590544859,0.1038697098644452,0.0262670120358128,37,1,F
83,38_H2,1.4547670854665964e-05,3.867371560772881e-06,0.0010106312896592,0.1094959010227286,0.0276312368387008,38,1,S
84,38_H3,0.0,2.644914502525353e-06,0.0007703532478802,0.0833108510942793,0.0210209623141655,38,1,S
85,38_PKB,1.3235443466161888e-06,3.0580780730815604e-05,0.0005414031869223,0.0611087518130111,0.0154205148312527,38,1,S
86,39_H3,0.0,6.855533456473495e-07,3.8044278244359777e-06,0.1322881378671923,0.0330731569620906,39,1,M
87,39_PKB,0.002345547041075,6.709667559334776e-06,0.0005706665343473,0.2160494969014651,0.0547431050361117,39,1,M
88,40_PKB,0.0,6.247248052204668e-07,0.0002262959388964,0.1613065681128256,0.0403833721941318,40,1,L
89,40_H3,0.0,0.0,6.936448940364387e-05,0.2223255503567164,0.05559872871153,40,1,L
90,40_H2,0.0,7.691877726756502e-06,0.0004057161362853,0.0389897140518211,0.0098507805164583,40,1,L
91,41_H2,0.0006939079397078,6.393108378688339e-06,0.0001101211713746,0.2120424795756723,0.0532132254487833,41,1,A
92,41_H3,0.0,3.476590109130484e-07,3.604984988167816e-05,0.029869195091014,0.0074763981499766,41,1,A
93,41_PKB,0.0,5.671097369486233e-06,0.0010073165816038,0.0385418471918852,0.0098887087177146,41,1,A
94,42_H2,0.000570167647822,1.2902188245789148e-05,0.0021343362519327,0.2785051454434002,0.0703056378828502,42,1,A
95,42_H3,0.0,2.1714468001476916e-09,2.7921502194267785e-06,0.0277456309153272,0.0069371063092483,42,1,A
96,42_PKB,0.0029885623248112,4.775815341417911e-06,0.0011860777399731,0.0646460494551401,0.0172063663338164,42,1,A
97,43_PKB,0.0,2.1259621618696656e-08,0.0042093861493631,0.1823785752809056,0.0466469956724726,43,1,Y
98,43_H3,0.0,0.001336529967375,0.0955306595606313,0.1897755390881191,0.0716606821540313,43,1,Y
99,43_H2,3.501805173491476e-06,1.540709149594477e-06,0.0047499658880397,0.0424920354704035,0.0118117609681916,43,1,Y
100,45_H2,0.0,2.7166615836904384e-05,0.0033561314207623,0.429766518766768,0.1082874542008418,45,1,F
101,45_PKB,0.000368262361915,2.042099367827177e-05,0.0002755745673214,0.0476203787308383,0.0120711591634382,45,1,F
102,47_H2,0.0,7.685725336159521e-07,1.2816481688471135e-05,0.1870671955878055,0.0467701951605069,47,1,L
103,48_H2,0.0001016954691985,1.1724955584213603e-05,0.0004198254052541,0.0226966088498729,0.0058074636699774,48,1,I
104,48_PKB,0.0250550481258127,0.0007434349390678,0.0027853973754765,0.2542994626705472,0.070720835777726,48,1,I
105,49_PKB,7.022381418447689e-05,1.5369171251222724e-06,0.0003434911172171,0.1047202731178363,0.0262838812415907,49,1,M
106,49_H3,0.0,3.111936166533269e-07,1.592537301815514e-05,0.1294014157542035,0.0323544130802095,49,1,M
107,49_H2,2.3080635412343817e-08,1.437555624761444e-06,0.0003332797010332,0.3287072742180915,0.0822605036388462,49,1,M
108,50_H3,0.0,0.0001179658938781,1.599768485153238e-05,0.0192637963925562,0.0048494399928214,50,1,L
109,50_PKB,0.0026026768485158,2.4240453058155254e-05,0.001380441111525,0.1716610845180196,0.0439171107327796,50,1,L
110,51_H3,0.0,0.0,1.567135065041982e-07,0.0316095978613176,0.007902438643706,51,1,G
111,51_PKB,0.0,0.0,0.0001182909677227,0.0289539889561017,0.0072680699809561,51,1,G
112,51_H2,0.0,8.293245912227577e-08,9.792459647527894e-05,0.0158055997271806,0.0039759018140287,51,1,G
113,52_H3,0.0,0.0,2.976615586245196e-05,0.1673363117055644,0.0418415194653567,52,1,F
114,52_PKB,0.0,5.589111242443323e-05,0.0002658324536065,0.0690076836626415,0.0173323518071681,52,1,F
115,52_H2,0.0,1.8218190689367475e-06,0.0036081331451078,0.2169477316199259,0.0551394216460256,52,1,F
116,53_PKB,0.0,0.0007405916112475,0.0010511572923245,0.1850197027144645,0.0467028629045091,53,1,P
117,53_H2,0.0,7.364254997810349e-05,0.000134930781539,0.1596186312262951,0.039956801139453,53,1,P
118,53_H3,0.0,0.0,2.340142531976292e-07,0.0216973500893882,0.0054243960259103,53,1,P
119,54_PKB,0.0,2.79295505833943e-07,2.9578241325150232e-05,0.0218685511959657,0.0054746021831991,54,1,I
120,54_H2,0.0,4.85424607177265e-06,2.1514167630898723e-05,0.1326542225085318,0.0331701477305586,54,1,I
121,54_H3,0.0,0.0,0.0,0.0285752720815461,0.0071438180203865,54,1,I
122,56_H2,2.130777553884027e-05,1.1588050256250426e-05,0.0002333946458643,0.0976440093442326,0.024477574953973,56,1,F
123,56_H3,7.585767225436528e-05,5.20965068062651e-06,8.528020753860057e-06,0.0030543863277249,0.0007859954178534,56,1,F
124,56_PKB,1.8592988120672945e-05,2.6108839392691152e-06,0.0002671549625591,0.0682821431778055,0.0171426255031061,56,1,F
125,57_PKB,0.0001297644111215,1.917302597576054e-06,0.0001098747688736,0.3882081622352707,0.0971124296794658,57,1,L
126,57_H3,0.0,0.0,2.575314139613088e-05,0.0525307244760694,0.0131391194043664,57,1,L
127,57_H2,0.0001777250654666,4.35017173003871e-05,0.0001417202805477,0.0006520150027942,0.0002537405165272,57,1,L
128,58_PKB,0.0,0.0,8.998491118810852e-06,0.0348254510532211,0.0087086123860849,58,1,T
129,58_H2,0.0,0.0,8.998491118810852e-06,0.0348254510532211,0.0087086123860849,58,1,T
130,58_H3,0.0,0.0,8.998491118810852e-06,0.0348254510532211,0.0087086123860849,58,1,T
131,60_H3,0.0,2.0537972886813805e-05,2.5698397791558957e-05,0.2992134358263369,0.0748149180492538,60,1,Y
132,60_PKB,0.0,8.464427810395136e-05,0.0001846083261116,0.1440048672449496,0.0360685299622913,60,1,Y
133,61_H2,6.808657723637202e-05,5.58828878638451e-06,0.0001166270143671,0.3758034468599432,0.0939984371850833,61,1,V
134,61_PKB,0.0,2.1582089004823501e-07,5.045970176711632e-05,0.0958265547922632,0.0239693075787301,61,1,V
135,62_PKB,0.0,0.0,5.6579106436755096e-08,0.1022624328323347,0.0255656223528602,62,CT/EC,T
136,62_H3,0.0,0.0,5.6579106436755096e-08,0.1022624328323347,0.0255656223528602,62,CT/EC,T
137,62_H2,0.0,3.13626260322053e-05,6.825486655507177e-08,0.2425958142487408,0.0606568112824099,62,CT/EC,T
138,63_H3,4.422202193916527e-05,4.559475928544998e-05,1.1767907823787546e-05,0.0807651485284783,0.0202166833043816,63,CT/EC,V
139,63_H2,0.0003915274551374,1.3199173736211378e-05,0.00020458152875,0.1343952544540542,0.0337511406529194,63,CT/EC,V
140,63_PKB,2.776180912055654e-05,4.717931574305112e-07,0.0001752109650451,0.1512956230609142,0.0378747669070593,63,CT/EC,V
141,64_PKB,8.603895835222056e-06,0.000201168571948,8.072915360520986e-05,0.2239980479769321,0.0560721373995801,64,CT/EC,Q
142,65_H3,0.0,0.0,3.8906737660914643e-07,0.0528056521826407,0.0132015103125043,65,CT/EC,H
143,65_H2,0.0,0.0,0.0042736217143934,0.1509769441963582,0.0388126414776879,65,CT/EC,H
144,66_PKB,3.828480857801632e-05,0.0,9.73825187722253e-08,0.0931310471971102,0.0232923573470517,66,CT/EC,K
145,66_H3,0.0,0.0,1.3475345167520412e-07,0.3814587235008213,0.0953647145635682,66,CT/EC,K
146,69_H2,0.0,2.9750501653325045e-06,3.994879248993221e-05,0.1548522614546296,0.0387237963243212,69,CT/EC,R
147,70_PKB,0.0,2.5049149598999065e-07,0.0005963645103641,0.0444551801242658,0.0112629487815314,70,CT/EC,T
148,70_H3,0.0,2.9232953835389708e-08,6.820305775981448e-07,0.0533325180900948,0.0133333073384065,70,CT/EC,T
149,70_H2,0.0,0.0064513254910707,0.000510325698651,0.0867802285550307,0.0234354699361881,70,CT/EC,T
150,71_PKB,0.0,0.0,8.685235613411862e-05,0.2730616629574746,0.0682871288284021,71,CT/EC,P
151,71_H3,0.0,0.0,1.686287948516453e-07,0.0862508128530563,0.0215627453704627,71,CT/EC,P
152,71_H2,0.0,8.313151056427159e-07,1.1892798289841115e-05,0.008053412126534,0.0020165340599823,71,CT/EC,P
153,74_H2,0.0,1.8623789799221413e-07,1.95245626684614e-05,0.1220999954979232,0.0305299265746224,74,2,Y
154,74_PKB,0.0,6.180044238135452e-06,5.767776252674598e-05,0.0168391991363815,0.0042257642357866,74,2,Y
155,77_PKB,0.0,0.0002220253081759,0.000791061717741,0.095657651680846,0.0241676846766907,77,2,L
156,77_H2,0.0,0.0002220253081759,0.000791061717741,0.095657651680846,0.0241676846766907,77,2,L
157,79_H2,0.0,9.568782388669206e-07,7.327059463789105e-05,0.0913041006362161,0.0228445820272732,79,2,L
158,80_H2,0.0,1.968559075748999e-07,2.532112243300373e-05,0.081844571879294,0.0204675224644086,80,2,A
159,80_H3,0.0,0.0,7.807447925294209e-06,0.0749798769070295,0.0187469210887387,80,2,A
160,80_PKB,5.857075585771636e-06,0.0,2.059941495280182e-05,0.0105405958737879,0.0026417630910816,80,2,A
161,81_H2,0.0,1.7588396303835907e-06,0.0001935938875477,0.1013221355377745,0.0253793720662381,81,2,V
162,81_PKB,0.0001237807514638,4.927641839458374e-06,5.956128636161612e-05,0.1370680548232541,0.0343140811257297,81,2,V
163,82_H3,0.0,0.0,7.833300224036001e-07,0.1134913563371716,0.0283730349167985,82,2,A
164,82_PKB,0.0,0.0,6.168074865609498e-05,0.0521003941747927,0.0130405187308622,82,2,A
165,82_H2,0.0,3.7302061173249967e-06,2.010386574394592e-05,0.1360580162777759,0.0340204625874093,82,2,A
166,83_H2,0.0035596563334054,0.0003537332231644,0.001246518967823,0.1872004170453827,0.0480900813924439,83,2,D
167,83_PKB,2.9746472560336222e-08,0.0001180799081339,0.000303029299931,0.1722752745068782,0.0431741033653539,83,2,D
168,83_H3,0.0,0.0,1.881323267808732e-06,0.1356887007221258,0.0339226455113484,83,2,D
169,84_PKB,0.0,7.514234766858863e-06,0.0001723836865735,0.0311299157264927,0.0078274534119582,84,2,L
170,84_H2,0.002256195734428,4.755327245220542e-05,0.0014448484749271,0.2737671960704049,0.069378948388053,84,2,L
171,85_H3,0.0,2.270694130857009e-05,2.949177397016073e-06,0.2756921560814735,0.0689294530500447,85,2,F
172,85_PKB,0.0003737237724191,1.1606490261328872e-05,0.0003492037622303,0.0395235615948674,0.0100645239049445,85,2,F
173,85_H2,0.0,1.2356654224277008e-06,0.0007302993117149,0.0002529263459245,0.0002461153307654,85,2,F
174,86_H2,0.2284814621161582,0.0063899885863065,0.2189926729365636,0.963553830843712,0.3543544886206851,86,2,M
175,86_H3,0.0075592547238147,0.0021309393923729,0.0051740929841896,0.7686282418808369,0.1958731322453036,86,2,M
176,86_PKB,0.0024375452079383,0.0001608529273653,0.0004426103376163,0.4309733674903633,0.1085035939908208,86,2,M
177,87_H3,0.0,0.0,1.1878719491099276e-05,0.0381578255564127,0.0095424260689759,87,2,V
178,87_PKB,0.0,0.0022701998241245,3.0265440363283808e-05,0.0773664063442255,0.0199167179021783,87,2,V
179,88_H2,0.0,3.229715048291837e-06,0.0005206094649812,0.1920333901136464,0.0481393073234189,88,2,F
180,88_PKB,0.0,1.6745589164202102e-06,0.0001839795629116,0.11942556591815,0.0299028050099945,88,2,F
181,88_H3,0.0,0.0,1.0794436052870812e-06,0.0037939066734314,0.0009487465292591,88,2,F
182,89_PKB,0.0,2.775305461000244e-07,5.565951474659496e-05,0.0762301760298821,0.0190715282687937,89,2,G
183,89_H2,0.0,7.14953785063699e-08,5.493710363802709e-05,0.2198458739733469,0.0549752206430908,89,2,G
184,90_PKB,0.0031212397997713,1.7826051816882682e-06,0.0038254209980225,1.0,0.2517371108507439,90,2,G
185,90_H3,0.0,0.0,8.734539216744093e-05,0.4843399559970108,0.1211068253472945,90,2,G
186,90_H2,0.0161209357404239,0.0030517417471855,0.004734904342874,0.3448609409328894,0.0921921306908432,90,2,G
187,91_H2,0.0,2.2642499970970675e-05,0.0019389602340029,0.1375958443469426,0.0348893617702291,91,2,F
188,91_H3,0.0,0.0,4.07817068810175e-08,0.0575913186163278,0.0143978398495086,91,2,F
189,91_PKB,0.0,0.0,0.0001187589156154,0.0620829033737202,0.0155504155723339,91,2,F
190,92_H3,0.0,0.0,9.175137550187972e-06,0.0827791185545413,0.0206970734230228,92,2,T
191,92_PKB,1.0999468079651962e-05,4.674488081946038e-06,0.0002203109028221,0.1227797097115402,0.030753923642631,92,2,T
192,92_H2,0.0,6.39125719317235e-05,0.0003516759970654,0.2886641889831415,0.0722699443880346,92,2,T
193,93_PKB,0.003671498828228,0.0001498480851296,0.0001399464288482,0.4327047199641847,0.1091665033265976,93,2,T
194,93_H2,0.000768910253994,0.0003147088864352,0.0006606512669011,0.1297000340185161,0.0328610761064616,93,2,T
195,93_H3,0.0025345887759923,7.957339676067933e-08,0.0006279979947047,0.5944031262888035,0.1493914481582243,93,2,T
196,94_H3,0.0,1.3859735759069738e-07,0.0002082352577482,0.3847426631976204,0.0962377592631815,94,2,T
197,94_PKB,0.4235176383464815,0.0024671808350831,0.094471193743384,0.2587862338559178,0.1948105616952166,94,2,T
198,94_H2,0.5250735219670645,0.0202206689864397,0.1080156819748254,0.2235531038738206,0.2192157442005375,94,2,T
199,95_H2,0.0001663741180616,2.911215460699168e-06,7.629781896864301e-05,0.0237206098087311,0.0059915482403055,95,2,L
200,95_PKB,0.0,1.987094492506003e-06,6.200355780742873e-05,0.1984113363143128,0.0496188317416531,95,2,L
201,96_H2,0.0126510316403837,0.0011164913885295,0.0227414985348915,0.3455277419695009,0.0955091908833264,96,CT/EC,Y
202,96_H3,0.0028642683184909,3.914042281394359e-06,0.0002219672442499,0.0381674877438636,0.0103144093372215,96,CT/EC,Y
203,97_H3,0.0,0.0,0.000361283829681,0.2812320560504459,0.0703983349700317,97,CT/EC,T
204,97_PKB,0.0026373067528371,9.067936446172099e-08,0.000793873697397,0.4568726508557311,0.1150759804963324,97,CT/EC,T
205,97_H2,0.0002516814299765,3.239036459490308e-06,0.0002880502775655,0.3053553172490519,0.0764745719982634,97,CT/EC,T
206,98_H2,0.0045305160238104,0.0,0.0030089165779132,0.2480921305677894,0.0639078907923783,98,CT/EC,S
207,98_H3,1.6688047166020964e-05,0.0,0.0001148339100595,0.3756441530137991,0.0939439187427561,98,CT/EC,S
208,99_H3,0.0,0.0,5.201241075892405e-05,0.0543486579102104,0.0136001675802423,99,CT/EC,L
209,99_PKB,3.5553953203616867e-06,5.334358320396859e-06,0.000274297245846,0.1820148969921316,0.0455745209979046,99,CT/EC,L
210,99_H2,0.0,2.222210241598077e-06,0.0005935261974133,0.0154833739700315,0.0040197805944216,99,CT/EC,L
211,100_H3,0.0,0.0007060636999085,0.0002933292958203,0.0424448453001651,0.0108610595739735,100,CT/EC,H
212,100_H2,4.464868226191204e-05,4.539556539384648e-05,0.0004388339661371,0.0337598232585529,0.0085721753680864,100,CT/EC,H
213,100_PKB,4.1302505334357074e-05,2.6372081265435554e-06,0.0009152455067355,0.1672819289392507,0.0420602785398617,100,CT/EC,H
214,101_H2,0.0,2.1391031168604968e-08,5.333550026161989e-06,0.0678850112221623,0.0169725915408049,101,CT/EC,G
215,101_H3,0.0,9.81669700195198e-07,7.093718882895947e-06,0.0207098892615841,0.0051794911625418,101,CT/EC,G
216,101_PKB,0.0,2.2172916658291802e-07,0.0001330391309967,0.0627379956739165,0.0157178141335199,101,CT/EC,G
217,103_H2,0.0,0.0,1.8573415031706823e-05,0.108650853431032,0.0271673567115159,103,CT/EC,F
218,103_H3,0.0,0.0,6.101939016927532e-07,0.0087084244768671,0.0021772586676921,103,CT/EC,F
219,104_H3,0.0,1.7174718891510565e-07,0.0005251919702173,0.1532261967538418,0.038437890117812,104,CT/EC,V
220,104_PKB,0.0008384284996786,2.421424687781837e-05,0.0011660620469075,0.2837455053580784,0.0714435525378856,104,CT/EC,V
221,105_H2,0.0,9.732842954690568e-06,0.0002914039510806,0.0388593925706606,0.0097901323411739,105,CT/EC,F
222,105_PKB,0.0001361867052963,6.120619673311012e-06,0.0001644401028755,0.0172234250182018,0.0043825431115117,105,CT/EC,F
223,107_H2,0.0,2.795744194372673e-06,0.000121810072563,0.1760708957243663,0.0440488753852809,107,CT/EC,P
224,107_H3,0.0,0.0012510863598436,0.0003569580603219,0.1276241611835126,0.0323080514009195,107,CT/EC,P
225,108_H2,0.0,1.5395697118947282e-05,0.0002619562933833,0.1080043708458687,0.0270704307090927,108,CT/EC,T
226,108_H3,0.0,2.880325700971298e-05,9.602925949494909e-05,0.1406003365054173,0.0351812922554804,108,CT/EC,T
227,108_PKB,0.0,1.01244120287447e-06,0.0001732218664417,0.2785012682508075,0.069668875639613,108,CT/EC,T
228,109_PKB,0.0005701809952989,1.699080348771531e-05,0.0005308922932334,0.0278942063945658,0.0072530676216465,109,CT/EC,G
229,111_H2,0.0006490190924006,1.4137412108539138e-05,0.0003772865956957,0.0087045271568098,0.0024362425642536,111,3,N
230,111_H3,0.0,8.685412467457354e-06,1.4626744092858467e-05,0.2823144663645677,0.070584444630282,111,3,N
231,112_H2,0.0002520227589344,1.1598559694903088e-06,0.0060866700364959,0.1484513774206768,0.0386978075180191,112,3,L
232,114_H2,0.0001205980599718,6.035729249731503e-09,7.140470259787171e-05,0.2526855509256174,0.0632193899309791,114,3,G
233,114_H3,0.0,0.0,1.619639169801794e-05,0.1707949159461032,0.0427027780844503,114,3,G
234,114_PKB,0.0002213837521517,0.0,8.65209882679612e-05,0.2662255936417794,0.0666333745955497,114,3,G
235,115_PKB,0.0006638764842867,7.736257430224214e-06,0.0001342429365947,0.1997656987407197,0.0501428886047578,115,3,F
236,115_H3,0.0,5.159151328371081e-07,2.093540285901315e-05,0.6413454979099151,0.1603417373069767,115,3,F
237,115_H2,0.0001865772198062,4.64081131212879e-06,0.0002160257454429,0.2419440441081166,0.0605878219711695,115,3,F
238,116_PKB,0.0028119807681864,6.776737427571788e-05,0.0013479915313265,0.2218571148113595,0.056521213621287,116,3,F
239,116_H3,0.0018745349552752,0.0,0.0019985699867145,0.0892666510399904,0.023284938995495,116,3,F
240,116_H2,0.0055638991401269,0.0002424109989078,0.0024324958301484,0.2829274798393818,0.0727915714521412,116,3,F
241,117_H2,0.0,0.0,7.48907320445932e-05,0.1727547692124094,0.0432074149861135,117,3,A
242,117_PKB,0.0,0.0,4.700571914591386e-06,0.0616091286727365,0.0154034573111627,117,3,A
243,118_PKB,0.0,0.0027924519963562,0.006747804651288,0.0504117603438826,0.0149880042478817,118,3,T
244,118_H2,0.0004487613596423,5.444263661047444e-05,0.000180094190644,0.2672356609326097,0.0669797397798766,118,3,T
245,118_H3,0.0130461889036746,4.4029289711033925e-05,0.0045589027100402,0.1809243797711525,0.0496433751686446,118,3,T
246,119_PKB,0.0029643964795698,4.358840669738129e-05,0.0008373972105022,0.0254135216941648,0.0073147259477335,119,3,L
247,119_H3,0.0,1.191301089420449e-05,3.412218529877904e-05,0.1993584062585661,0.0498511103636897,119,3,L
248,120_H2,0.0,0.0,0.0002342422001786,0.1270712268831489,0.0318263672708319,120,3,G
249,120_H3,3.2351731568137657e-06,0.0,0.0001912221631955,0.1136242462961943,0.0284546759081366,120,3,G
250,120_PKB,0.0001003715400365,2.308562230268762e-09,4.628929895706676e-06,0.1976282044106552,0.0494333017972874,120,3,G
251,122_H2,0.0016757785167785,0.0037061870098114,0.0041434167498098,0.6123199449653154,0.1554613318104288,122,3,E
252,122_PKB,0.0331588487224873,0.0005767258116975,0.0084823233791977,0.4294744480895859,0.1179230865007421,122,3,E
253,122_H3,0.0,0.0,3.361970913333701e-06,0.1433663809813353,0.0358424357380621,122,3,E
254,123_PKB,0.0018969323707047,5.465541562443832e-06,0.0010868226459894,0.5488441820467893,0.1379583506512614,123,3,I
255,123_H2,0.0,8.729689966457954e-07,0.0002437974921895,0.1374268950503859,0.034417891377893,123,3,I
256,123_H3,0.0014481961272974,0.0,0.0002815945769903,0.1850924958953602,0.046705571649912,123,3,I
257,124_PKB,0.013201860523416,0.0001138677325798,0.0004026609721792,0.1096121732537549,0.0308326406204824,124,3,A
258,124_H3,0.0007671805074688,7.849741814425215e-05,0.0001221617735749,0.1495039833563799,0.037617955763892,124,3,A
259,124_H2,0.0003511709035905,8.880718087311834e-05,0.0003673624873617,0.0673064156893324,0.0170284390652894,124,3,A
260,125_H2,4.562022548996249e-06,4.997420091967797e-06,1.3994803471203577e-05,0.2223389266838547,0.0555906202324917,125,3,L
261,125_H3,0.0,0.0,0.0,0.0673297679174343,0.0168324419793585,125,3,L
262,125_PKB,0.0,0.0,8.093451510196195e-06,0.0139431681539556,0.0034878154013664,125,3,L
263,129_H3,3.555207338473978e-05,0.0,1.313905693993067e-05,0.1821717188699308,0.0455551025000638,129,3,V
264,129_PKB,5.057479867237485e-05,0.0,1.9852211186974594e-05,0.2868415555333637,0.0717279956358057,129,3,V
265,129_H2,0.0,5.51634730072692e-06,6.212947356043296e-05,0.086774886497321,0.0217106330795455,129,3,V
266,130_PKB,0.0,0.0,0.0001986591326364,0.158742457860296,0.0397352792482331,130,3,V
267,130_H2,0.0003679335171409,6.494089757325128e-05,7.029847763717985e-05,0.0006838978408478,0.0002967676832998,130,3,V
268,131_H2,0.0,0.0,0.0002386262984996,0.0518554315054288,0.0130235144509821,131,3,L
269,132_PKB,0.0,0.0,2.640994137982836e-05,0.0792629828638874,0.0198223482013168,132,3,A
270,132_H2,0.0,0.0,2.640994137982836e-05,0.0792629828638874,0.0198223482013168,132,3,A
271,132_H3,0.0,0.0,2.640994137982836e-05,0.0792629828638874,0.0198223482013168,132,3,A
272,133_H3,0.0,0.0,0.0,0.0409293127571299,0.0102323281892824,133,CT/EC,I
273,133_PKB,0.0,3.6727144561155e-06,0.0002249795030555,0.208562470206991,0.0521977806061256,133,CT/EC,I
274,133_H2,0.0,1.2872833394794725e-06,0.0001943822327728,0.0385076060530669,0.0096758188922948,133,CT/EC,I
275,136_PKB,0.0,0.0,7.081662839486598e-06,0.02647623692206,0.0066208296462248,136,CT/EC,Y
276,136_H2,0.0,1.4306328921520617e-07,3.6866170857878415e-06,0.0062365733490365,0.0015601007573528,136,CT/EC,Y
277,136_H3,0.0,4.915709084230002e-08,1.2403293030867898e-05,0.1302263301829724,0.0325596956582735,136,CT/EC,Y
278,137_PKB,0.0,9.243947829418176e-07,0.0002155384225887,0.1221321134537936,0.0305871440677913,137,CT/EC,V
279,139_PKB,0.0,5.3110465358940935e-08,1.0580449564118666e-05,0.10368043212882,0.0259227664222123,139,CT/EC,V
280,139_H2,0.0,5.3110465358940935e-08,1.0580449564118666e-05,0.10368043212882,0.0259227664222123,139,CT/EC,V
281,142_PKB,0.0,0.0,1.6959696421507284e-07,0.073189296982295,0.0182973666448148,142,CT/EC,P
282,142_H2,0.0,0.0,1.6959696421507284e-07,0.073189296982295,0.0182973666448148,142,CT/EC,P
283,142_H3,0.0,0.0,1.6959696421507284e-07,0.073189296982295,0.0182973666448148,142,CT/EC,P
284,143_PKB,0.0,1.0971702977258246e-06,0.0001327083866073,0.1591603704520252,0.0398235440022325,143,CT/EC,M
285,144_H2,0.0,1.477385414005994e-08,2.0092129158893308e-05,0.3329293907152,0.0832373744045532,144,CT/EC,S
286,144_PKB,0.0,0.0,3.62110415563637e-06,0.0832370866026038,0.0208101769266898,144,CT/EC,S
287,144_H3,0.0,0.0,1.239147838432284e-06,0.1075323167020907,0.0268833889624822,144,CT/EC,S
288,145_H2,6.510824120758498e-05,2.4301241865032356e-05,0.0001044450667319,0.072769838421582,0.0182409232428466,145,CT/EC,N
289,145_H3,0.0,0.0,3.818833622076064e-06,0.2407879454923551,0.0601979410814942,145,CT/EC,N
290,145_PKB,0.0,7.154183094826294e-06,0.0007012170793003,0.2608328825302448,0.0653853134481599,145,CT/EC,N
291,146_H2,0.0,9.274015866367337e-08,2.9676499588614064e-05,0.1490672066664356,0.0372742439765457,146,CT/EC,F
292,146_PKB,0.0,2.2075329297877039e-07,0.0054255237495145,0.2090799536317369,0.0536264245336361,146,CT/EC,F
293,147_H2,0.0,2.5875541709297067e-08,9.24775688799118e-05,0.1085232838061057,0.0271539468126318,147,CT/EC,R
294,147_H3,0.0,0.0,2.005954787718506e-06,0.209373082984004,0.0523437722346979,147,CT/EC,R
295,147_PKB,0.0,6.471422580034414e-07,3.347043052517586e-05,0.1380129732691013,0.0345117727104711,147,CT/EC,R
296,149_PKB,0.0,8.262433226491339e-08,0.0001610215781536,0.2287713667742461,0.0572331177441829,149,CT/EC,G
297,149_H2,0.0002135957781458,5.27950987816439e-06,0.0003125894370971,0.1498498731651188,0.0375953344725599,149,CT/EC,G
298,149_H3,0.0,0.0,3.485704405291863e-05,0.0519006251511373,0.0129838705487975,149,CT/EC,G
299,150_H3,0.006490181292935,3.141518755001016e-05,0.0006627075598905,0.0986787571756428,0.0264657653040046,150,CT/EC,E
300,150_PKB,0.0004963026812912,4.4465377868618816e-05,0.0007923128536974,0.0121395699180586,0.003368162707729,150,CT/EC,E
301,151_H3,0.0,4.751484539156081e-07,8.479817711057345e-05,0.2322641717081955,0.05808736125844,151,CT/EC,N
302,151_PKB,0.0,3.1450992992176907e-06,0.0002327254179801,0.0282972701164769,0.007133285158439,151,CT/EC,N
303,152_H3,0.0,0.0,6.894638933711447e-07,0.0549896694942807,0.0137475897395435,152,CT/EC,H
304,152_H2,0.0,5.371791189645592e-07,3.7637792569076354e-05,0.0356123928505613,0.0089126419555623,152,CT/EC,H
305,152_PKB,0.0,0.0009377781534567,5.274604138975622e-05,0.2581500424321641,0.0647851416567526,152,CT/EC,H
306,153_H3,0.0,0.0,1.7067570180586116e-06,0.3343691508972428,0.0835927144135652,153,4,A
307,153_PKB,0.0079851231844688,0.0056528290733695,0.0117309476861802,0.3749940826239103,0.1000907456419822,153,4,A
308,154_PKB,0.0002594149853027,6.759149982826784e-06,0.0002477122925212,0.0342729452716389,0.0086967079248614,154,4,I
309,154_H2,0.0001150645240062,5.030583452025894e-06,0.0001446382247573,0.1654497375226182,0.0414286177137084,154,4,I
310,154_H3,0.0,8.553373476161141e-08,3.4701776302902954e-05,0.1565741079421002,0.0391522238130344,154,4,I
311,155_H2,9.148162860084346e-05,2.253352704428835e-06,0.0005897015499052,0.0466946891026543,0.0118445314084662,155,4,M
312,156_H2,0.0,1.7275797459248563e-09,0.000240729211003,0.0730096646675461,0.0183125989015322,156,4,G
313,156_PKB,0.0,0.0,0.000151372443647,0.1983855583488449,0.0496342326981229,156,4,G
314,157_PKB,0.0,0.0,3.8663705550569445e-05,0.2851987269598622,0.0713093476663532,157,4,V
315,157_H2,0.0,1.8585506040835755e-06,4.8569780615629335e-05,0.0076388807868994,0.0019223272795297,157,4,V
316,158_PKB,0.0004761117666524,1.1703600648615977e-05,0.0018005382564077,0.2363962161340459,0.0596711424394386,158,4,A
317,159_H2,0.0,6.036164450051729e-06,0.0002138898713091,0.0023094883729012,0.0006323536021651,159,4,F
318,159_PKB,0.0,8.84290875546867e-06,0.0001786168782853,0.1122640396692531,0.0281128748640734,159,4,F
319,160_H2,0.0,2.514493075977953e-07,6.004709687619692e-05,0.2886465719591693,0.0721767176263382,160,4,T
320,162_H3,0.0,1.0276655615371057e-07,3.3233265879072555e-05,0.0454245098155678,0.0113644614620007,162,4,V
321,162_PKB,8.969174141982354e-05,5.905905709369108e-06,0.0008515342906332,0.1430403138735861,0.0359968614528371,162,4,V
322,163_H3,0.0,0.0,5.504932543360444e-06,0.1562756349436461,0.0390702849690473,163,4,M
323,163_H2,0.0,2.2979338609729894e-05,0.0001469137113779,0.0407946191602529,0.0102411280525601,163,4,M
324,163_PKB,0.0,3.2941422887233784e-06,0.0001217208165256,0.0887130185538382,0.0222095083781631,163,4,M
325,164_H2,0.0,1.901099130918737e-05,0.0004394833920222,0.2408630908057871,0.0603303962972796,164,4,A
326,164_PKB,0.0002385760475375,5.141421954846237e-09,0.0005873482737466,0.2648683146478438,0.0664235610276375,164,4,A
327,164_H3,0.0,0.0,0.000505311473615,0.0822181137518845,0.0206808563063748,164,4,A
328,165_H2,5.111071980458546e-05,6.444663085858338e-06,0.0005184818828061,0.3061049940622835,0.076670257831995,165,4,L
329,166_H2,0.0042291801968707,1.8029400962404907e-05,0.0016107212246273,0.4344581576003716,0.110079022105708,166,4,A
330,167_H3,7.254657103836042e-05,0.0,0.0001781951132773,0.1761925396404695,0.0441108203311963,167,4,C
331,167_H2,0.0009781757124344,0.0,0.0017679574749446,0.0149266293039046,0.0044181906228209,167,4,C
332,168_H2,0.0,0.0001163234992418,5.7862009699889664e-05,0.1494777837743384,0.03741299232082,168,4,A
333,168_H3,0.0011427949538424,1.486472314127241e-07,0.0001330485346433,0.0104836782371377,0.0029399175932137,168,4,A
334,168_PKB,0.0,1.0337514595448738e-06,0.0001095895891897,0.0755239506843179,0.0189086435062418,168,4,A
335,169_H2,3.459250051576665e-05,3.372774926901912e-06,0.0004812608406539,0.2183728440718596,0.054723017546989,169,4,A
336,169_H3,0.0,0.0,1.2802303523529648e-05,0.1738323155883673,0.0434612794729727,169,4,A
337,169_PKB,0.0,1.1776547381714408e-07,0.0002783661010529,0.1162918504646795,0.0291425835828015,169,4,A
338,170_H2,0.0001073812547777,2.1436288477616475e-07,5.087225440458336e-05,0.2718341162115836,0.0679981460209127,170,4,P
339,172_PKB,0.0002547255140916,6.08870948326512e-07,8.094045416951229e-06,0.0404405466622428,0.0101759937731749,172,4,L
340,172_H3,0.0,0.0,4.192527882275146e-06,0.0836328962691543,0.0209092721992591,172,4,L
341,172_H2,0.0,6.9636444095522165e-06,1.1973347355743416e-05,0.0262465170223756,0.0065663635035352,172,4,L
342,173_H3,0.0,0.0,0.0,0.0585220051398456,0.0146305012849614,173,4,V
343,178_PKB,0.0007369709277416,2.8529973860713653e-05,0.0010127781343022,0.6226441040384262,0.1561055957685827,178,CT/EC,Y
344,178_H2,0.0007369709277416,2.8529973860713653e-05,0.0010127781343022,0.6226441040384262,0.1561055957685827,178,CT/EC,Y
345,178_H3,0.0007369709277416,2.8529973860713653e-05,0.0010127781343022,0.6226441040384262,0.1561055957685827,178,CT/EC,Y
346,179_H2,0.0,0.0,0.0,0.0285752720815461,0.0071438180203865,179,CT/EC,I
347,179_H3,0.0,0.0,0.0,0.0285752720815461,0.0071438180203865,179,CT/EC,I
348,179_PKB,0.0002785120173102,0.0001690919307293,0.0001228910199727,0.1380370319379197,0.034651881726483,179,CT/EC,I
349,181_H3,0.0136571315872443,0.0034057071898132,0.0072794875248115,0.7660380611669521,0.1975950968672053,181,CT/EC,E
350,181_PKB,0.0,0.0,0.0,0.0285752720815461,0.0071438180203865,181,CT/EC,E
351,181_H2,0.0,0.0,0.0,0.0285752720815461,0.0071438180203865,181,CT/EC,E
352,183_PKB,0.0,9.265050393558737e-10,0.0003429069041739,0.0700965417182504,0.0176098623872323,183,CT/EC,M
353,183_H2,0.0009326682561709,2.6527482987148687e-05,0.0003257954744254,0.1804815176385191,0.0454416272130256,183,CT/EC,M
354,184_H2,0.0,0.0,0.0,0.0285752720815461,0.0071438180203865,184,CT/EC,Q
355,184_H3,0.0,0.0,3.1227264935609976e-06,0.0930006386743703,0.0232509403502159,184,CT/EC,Q
356,184_PKB,0.0,0.0,2.02945275254195e-05,0.0346892325715621,0.0086773817747719,184,CT/EC,Q
357,185_PKB,0.0002492663802915,0.0031655745115131,0.0014956359993776,0.0599475724125548,0.0162145123259342,185,CT/EC,C
358,185_H3,0.0,0.0,3.838461386223445e-07,0.1940192435371202,0.0485049068458147,185,CT/EC,C
359,185_H2,0.0,3.499300191833754e-07,0.0015792425143767,0.2716700367667186,0.0683124073027786,185,CT/EC,C
360,186_PKB,0.0,0.0,4.900674317612223e-06,0.155852633087942,0.0389643834405649,186,CT/EC,S
361,186_H3,0.0,0.0,4.900674317612223e-06,0.155852633087942,0.0389643834405649,186,CT/EC,S
362,186_H2,0.0,3.160522055623005e-06,5.744332822390494e-06,0.075944640464198,0.018988386329769,186,CT/EC,S
363,189_PKB,0.0,0.0,4.461378789014528e-05,0.0979804360037304,0.0245062624479051,189,CT/EC,I
364,189_H2,0.0,1.1175183090017526e-06,1.4776061245833556e-05,0.0314515851589591,0.0078668696846284,189,CT/EC,I
365,191_H2,0.8145541531665087,1.0,0.6425701232596638,0.1303631293581762,0.6468718514460872,191,CT/EC,Y
366,191_H3,0.0,1.863706744487104e-09,3.732577955004157e-07,0.0294899982003927,0.0073725933304737,191,CT/EC,Y
367,191_PKB,0.0,0.0,1.3646304557322364e-05,0.0112896798908538,0.0028258315488527,191,CT/EC,Y
368,192_H2,9.400968867424968e-05,0.0,0.0,0.0209593566589315,0.0052633415869014,192,CT/EC,Y
369,192_H3,0.0,0.0,0.0,0.0409293127571299,0.0102323281892824,192,CT/EC,Y
370,192_PKB,0.0,0.0,6.637883367126153e-05,0.0242821681477512,0.0060871367453556,192,CT/EC,Y
371,193_PKB,0.0,1.0110651871286793e-08,4.889671197852126e-05,0.0095438056173228,0.0023981781099883,193,CT/EC,T
372,193_H2,0.0,0.0,2.2969282644028557e-05,0.0361421114209309,0.0090412701758937,193,CT/EC,T
373,194_H3,0.0,1.3818561455991585e-05,6.656537542286399e-06,0.1890773583721636,0.0472744583677904,194,CT/EC,P
374,194_H2,0.0,2.374978248553816e-05,5.7526197375627416e-05,0.0430853413109868,0.010791654322712,194,CT/EC,P
375,194_PKB,0.0,2.049727527264622e-06,0.000100600199008,0.0319678143816019,0.0080176160770343,194,CT/EC,P
376,195_H3,0.0,0.0,3.0978416196404035e-05,0.0961365367684524,0.0240418787961622,195,CT/EC,H
377,195_H2,0.0,7.17874809197383e-06,0.0008694497119013,0.0198545499043337,0.0051827945910817,195,CT/EC,H
378,195_PKB,0.0,8.094553049886599e-05,0.0006992349163759,0.0075050140593139,0.0020712986265471,195,CT/EC,H
379,196_H3,0.0,0.0,4.19716467998874e-06,0.0246745491690412,0.0061696865834303,196,CT/EC,E
380,196_PKB,0.0,2.705057511320774e-07,7.211960787261088e-05,0.0496079312780734,0.0124200803479243,196,CT/EC,E
381,196_H2,0.0,6.9557822826027405e-06,2.974674961473244e-05,0.1209821930845941,0.0302547239041228,196,CT/EC,E
382,197_H3,0.0,8.913838200896863e-08,1.1462873068613195e-05,0.0169882200260352,0.0042499430093714,197,CT/EC,E
383,197_H2,9.18079213623054e-05,1.5170466213021427e-05,5.93869733447256e-05,0.1495655076044041,0.037432968241331,197,CT/EC,E
384,197_PKB,0.0,2.783966408514971e-07,2.6376160580768558e-05,0.118777988870587,0.0297011608569521,197,CT/EC,E
385,198_H2,0.0,3.6107849155087024e-06,0.0001097515780036,0.0549577765425018,0.0137677847263552,198,CT/EC,T
386,198_PKB,0.0,9.2704624421458e-08,0.0001197937393152,0.2242083928684432,0.0560820698280957,198,CT/EC,T
387,198_H3,0.0,5.651912579196505e-05,4.412749626074566e-05,0.0139714387016464,0.0035180213309247,198,CT/EC,T
388,199_PKB,2.154289037164903e-07,6.643912797699159e-07,0.0006835301765475,0.2268946293144873,0.0568947598278046,199,CT/EC,N
389,199_H3,0.0,6.350284564859976e-08,0.00053963718229,0.0949240198257325,0.023865930127717,199,CT/EC,N
390,199_H2,0.0003230192514678,6.328833137558831e-07,0.0002080480298058,0.3194970839529415,0.0800071960293822,199,CT/EC,N
391,200_PKB,0.0615298314430967,0.0,0.0190002623890988,0.1103694578214327,0.047724887913407,200,CT/EC,N
392,200_H3,0.0,0.0,7.808849021938522e-06,0.0947233744862799,0.0236827958338254,200,CT/EC,N
393,200_H2,0.0223037140385719,0.029959287494421,0.0210669829636426,0.0739187791458839,0.0368121909106299,200,CT/EC,N
394,201_H3,0.0001339477339326,0.0,7.903417195429435e-05,0.0066622914441269,0.0017188183375034,201,CT/EC,E
395,201_H2,0.0,2.4124537958414294e-06,2.910837983276633e-05,0.2981584838249199,0.0745475011646371,201,CT/EC,E
396,201_PKB,1.064637533535379e-05,2.808893805195112e-05,8.24645882878887e-05,0.3011311072027904,0.0753130767761164,201,CT/EC,E
397,202_H2,0.0,2.2404702093581363e-08,5.2639436121630016e-05,0.1410313918900379,0.0352710134327154,202,CT/EC,S
398,202_H3,0.0,0.0,5.964081514958619e-07,0.0172814333846289,0.0043205074481951,202,CT/EC,S
399,203_PKB,0.000986027634081,6.745486462023109e-05,0.0006468255880644,0.2340254078663257,0.0589314289882728,203,5,F
400,203_H2,0.000986027634081,6.745486462023109e-05,0.0006468255880644,0.2340254078663257,0.0589314289882728,203,5,F
401,203_H3,0.000986027634081,6.745486462023109e-05,0.0006468255880644,0.2340254078663257,0.0589314289882728,203,5,F
402,204_H3,0.0,0.0,7.408674139782591e-06,0.0981196017814196,0.0245317526138898,204,5,V
403,204_H2,0.0001508967284461,0.0,1.0838396917532194e-05,0.1164444702326108,0.0291515513394936,204,5,V
404,204_PKB,0.0,6.944153483345872e-07,7.230338113045952e-06,0.0478797670100795,0.0119719229408852,204,5,V
405,205_H2,0.0024411644655065,2.458437302266248e-05,0.0011892131857953,0.0781258512947118,0.020445203329759,205,5,I
406,205_PKB,0.0100342222126959,9.985061524275809e-07,0.0015499107703561,0.234263640927156,0.0614621931040901,205,5,I
407,205_H3,0.0,4.513442036113702e-06,0.0001827612140583,0.1762343239966982,0.0441053996631981,205,5,I
408,206_PKB,0.0,0.0,0.0004338130437793,0.022792648894205,0.005806615484496,206,5,Y
409,206_H2,0.0249571211907205,9.671824955148622e-05,0.0258580601847692,0.2501189758341623,0.0752577188648009,206,5,Y
410,206_H3,0.0,0.0,3.656855053317569e-05,0.0717284998634177,0.0179412671034877,206,5,Y
411,207_PKB,0.0002057522274913,0.0,0.0005195922349422,0.2786597329093336,0.0698462693429418,207,5,M
412,207_H2,7.738340912217709e-06,0.0003795129596255,0.0008837974647952,0.0063430531376094,0.0019035254757356,207,5,M
413,208_H3,0.0,0.0,2.5943488633723783e-06,0.0737427597071287,0.018436338513998,208,5,F
414,208_PKB,0.0,0.0,7.613646941447053e-05,0.2380348610151899,0.0595277493711511,208,5,F
415,208_H2,0.0,0.0,0.0102232986611507,0.142236977147976,0.0381150689522816,208,5,F
416,209_PKB,0.0002985997017817,2.9122636533429613e-06,0.0002191237538858,0.2800412716019184,0.0701404768303098,209,5,V
417,210_PKB,0.0,1.3150340691936435e-06,0.0001558695939713,0.1428096441454182,0.0357417071933646,210,5,V
418,210_H2,0.1022635279037851,0.0469987876713275,0.077551651317298,0.0098454153137854,0.059164845551549,210,5,V
419,210_H3,0.0,0.0,3.1227264935609976e-06,0.0930006386743703,0.0232509403502159,210,5,V
420,211_H3,0.0,0.0,9.714553434618335e-05,0.0801677729416879,0.0200662296190085,211,5,H
421,211_PKB,0.0,0.0,9.714553434618335e-05,0.0801677729416879,0.0200662296190085,211,5,H
422,211_H2,0.0004252273296573,0.0,0.000131386676261,0.1212272931830097,0.030445976797232,211,5,H
423,212_PKB,0.0,0.0,0.0,0.0285752720815461,0.0071438180203865,212,5,F
424,212_H2,0.0,0.0,0.0001189526933073,0.1509912140451313,0.0377775416846096,212,5,F
425,213_H2,0.0007877835723895,2.1401017875177782e-05,0.0035103372148707,0.1959969163086988,0.0500791095284585,213,5,I
426,213_PKB,0.0005051637092115,5.551062258746242e-06,0.0017853515216451,0.1289842252240971,0.0328200728793031,213,5,I
427,214_H2,0.0001118879744306,4.368252575659426e-06,0.0005317055766292,0.2272635432480639,0.0569778762629248,214,5,I
428,216_H2,0.0,3.4556073842395563e-06,9.832917715575342e-05,0.0658532694005074,0.0164887635462618,216,5,L
429,216_PKB,0.0,2.8567129106704673e-08,0.0010837455318136,0.1975718781012947,0.0496639130500593,216,5,L
430,217_H3,4.3013562692553627e-05,2.2468016140919644e-06,0.000161400391049,0.4787299992154621,0.1197341649927044,217,5,I
431,217_H2,3.700766923073716e-05,2.72274905910308e-06,0.0009107868228564,0.3247503288834675,0.0814252115311534,217,5,I
432,217_PKB,0.0076599457821877,8.452666224911809e-05,0.0052441327647041,0.0140206614067283,0.0067523166539673,217,5,I
433,218_H3,0.0,2.138752535074673e-07,9.122342929960524e-05,0.1438581761795308,0.0359874033710209,218,5,V
434,218_PKB,0.0001108254762219,2.56456883107603e-06,0.0001929962585539,0.1083262036891271,0.0271581474981835,218,5,V
435,218_H2,4.50203096969194e-06,2.208422529292875e-06,0.0001542432126178,0.0266267351996866,0.0066969222164508,218,5,V
436,220_PKB,0.0003473968835541,1.7588769196663634e-06,6.305875479362194e-05,0.2682828986294856,0.0671737782861882,220,5,F
437,220_H2,0.0001132955250074,9.153487212643087e-08,0.0001886278402328,0.0225914813378475,0.00572337405949,220,5,F
438,221_PKB,0.0,6.305122610683611e-07,2.351132769859501e-05,0.0837749369601374,0.0209497697000242,221,5,F
439,221_H2,3.349775678553041e-05,3.482439569779672e-05,2.6562526232599445e-05,0.3860243822519126,0.0965298167326571,221,5,F
440,222_H3,0.0,0.0,1.0513541483988118e-05,0.357278891616192,0.089322351289419,222,5,C
441,222_H2,0.0,0.0,2.664274211317605e-06,0.2382975923721123,0.0595750641615809,222,5,C
442,222_PKB,0.0,0.0,1.0513541483988118e-05,0.357278891616192,0.089322351289419,222,5,C
443,224_H2,0.0016202897327636,2.394974899289082e-06,2.66192509787233e-05,0.0937654061691048,0.0238536775319366,224,5,G
444,224_H3,0.0,0.0,1.0409274062035588e-05,0.0490671221444361,0.0122693828546245,224,5,G
445,224_PKB,0.000588490249728,0.0002017003571381,0.0006407132713938,0.2233018219392612,0.0561831814543803,224,5,G
446,225_H3,0.0,0.0,1.270782598369463e-07,0.0075327414816762,0.001883217139984,225,CT/EC,Q
447,225_PKB,0.0,8.660982757646707e-07,0.0002801216264004,0.1113813165423732,0.0279155760667623,225,CT/EC,Q
448,226_H2,0.0,0.0,3.379330646492698e-05,0.0042597706515503,0.0010733909895038,226,CT/EC,L
449,226_PKB,0.0,0.0,3.379330646492698e-05,0.0042597706515503,0.0010733909895038,226,CT/EC,L
450,227_PKB,0.0,4.559170702123083e-05,5.459571230953274e-05,0.0299644686333787,0.0075161640131773,227,CT/EC,V
451,227_H2,0.0,6.349332124955254e-06,3.311168058826318e-05,0.0211824187372445,0.0053054699374894,227,CT/EC,V
452,227_H3,0.0,0.0004172025073785,7.551065257658297e-05,0.0095975375817554,0.0025225626854276,227,CT/EC,V
453,228_PKB,0.0,6.631461019424023e-06,0.000122033890984,0.1126613086583525,0.028197493502589,228,CT/EC,F
454,228_H3,9.574026621938424e-05,2.293879077797101e-07,1.4829160073704388e-05,0.2327269353014413,0.0582094335289105,228,CT/EC,F
455,228_H2,0.0,3.236034899600781e-06,0.000379612466129,0.3457041135959705,0.0865217405242497,228,CT/EC,F
456,230_PKB,0.0,5.82370018875622e-09,0.0018396132976779,0.0901392431203061,0.022994715560421,230,CT/EC,V
457,230_H2,0.0,4.576232583985984e-07,5.395555268209761e-06,0.0286132107176584,0.0071547659740462,230,CT/EC,V
458,231_H3,0.0,0.0,0.000123575766022,0.21654197290479,0.054166387167703,231,CT/EC,K
459,232_H2,0.0,2.04837469937047e-05,0.0002451546958729,0.0511879498898706,0.0128633970831843,232,CT/EC,E
460,232_H3,3.211613920921823e-06,0.0,6.192960791145846e-05,0.0260112481966375,0.0065190973546174,232,CT/EC,E
461,232_PKB,0.0001995150981379,0.0001651724742259,0.0001509362801771,0.0947149298618176,0.0238076384285896,232,CT/EC,E
462,233_PKB,0.0,0.0,8.123097580414321e-06,0.0282301163986114,0.0070595598740479,233,CT/EC,A
463,233_H2,0.0,2.169398248952348e-05,2.669533002777967e-07,0.0084478558767301,0.0021174542031299,233,CT/EC,A
464,234_PKB,0.0,0.0,1.271256492879054e-06,0.0054367439707691,0.0013595038068154,234,CT/EC,A
465,235_PKB,0.0,1.4837976323178736e-06,0.0005300536013112,0.168531429978542,0.0422657418443714,235,CT/EC,A
466,235_H3,0.0,3.347218580529443e-06,3.617648715993636e-05,0.0259639591574963,0.0065008707158092,235,CT/EC,A
467,236_H3,0.0,0.0,1.2619104334618794e-05,0.1225512959327309,0.0306409787592663,236,CT/EC,Q
468,236_H2,0.0,2.352464071009308e-05,2.9537181488847432e-06,0.0476543881962328,0.0119202166387729,236,CT/EC,Q
469,236_PKB,0.0,0.0,1.8918002807655358e-05,0.0514085914947516,0.0128568773743898,236,CT/EC,Q
470,237_PKB,5.074552837199477e-05,0.0,1.3856971360311807e-05,0.0260583625070124,0.0065307412516861,237,CT/EC,Q
471,238_H2,0.0,0.0,9.82133889949401e-06,0.0304781655568955,0.0076219967239487,238,CT/EC,Q
472,238_PKB,0.2049959437690574,0.1423685699701309,0.0944353669066972,0.2251747883060619,0.1667436672379869,238,CT/EC,Q
473,238_H3,0.0,0.0,4.513304777682596e-07,0.0023426482866082,0.0005857749042714,238,CT/EC,Q
474,239_PKB,0.0,3.0480639452434843e-06,0.0011376516563645,0.1149858590647695,0.0290316396962698,239,CT/EC,E
475,239_H2,0.0,0.0,1.7226882136866629e-06,0.0917490724811055,0.0229376987923298,239,CT/EC,E
476,241_H3,0.0,1.585570998940966e-06,1.4064164104555507e-05,0.0247037600566178,0.0061798524479303,241,CT/EC,A
477,241_H2,0.0,1.585570998940966e-06,1.4064164104555507e-05,0.0247037600566178,0.0061798524479303,241,CT/EC,A
478,242_PKB,4.173303545533605e-07,2.420109668221926e-09,7.483693596122541e-05,0.2683328476839276,0.0671020260925882,242,CT/EC,T
479,242_H2,4.173303545533605e-07,2.420109668221926e-09,7.483693596122541e-05,0.2683328476839276,0.0671020260925882,242,CT/EC,T
480,245_PKB,0.0,0.0,2.1414773541908966e-06,0.0240048244669254,0.0060017414860699,245,CT/EC,K
481,245_H3,0.0,0.0,2.1414773541908966e-06,0.0240048244669254,0.0060017414860699,245,CT/EC,K
482,248_H3,0.0,8.225838428188581e-06,7.904189185943127e-05,0.0962517523509066,0.0240847550202985,248,CT/EC,K
483,248_PKB,0.0,2.6667599740903825e-05,9.357225014688376e-05,0.1893992442187409,0.0473798710171571,248,CT/EC,K
484,251_PKB,0.0,0.0,4.3366145478874056e-05,0.0050490502942373,0.001273104109929,251,CT/EC,T
485,251_H2,0.0,0.0,1.9747261317812325e-05,0.1224996210925937,0.0306298420884778,251,CT/EC,T
486,252_H3,0.0,0.0,3.0888639903467654e-07,0.0351277682674544,0.0087820192884633,252,CT/EC,R
487,252_H2,0.0,0.0,8.764361271134258e-07,0.2294608860789602,0.0573654406287718,252,CT/EC,R
488,254_H2,0.0,9.83509289653739e-06,0.0011716155627262,0.0407630851528043,0.0104861339521067,254,6,V
489,254_PKB,0.0,6.461517045863729e-07,0.0001613432089973,0.054574479758242,0.0136841172797359,254,6,V
490,255_PKB,0.000168879362782,3.92831407225458e-06,0.0001593050881104,0.000615222077116,0.0002368337105201,255,6,I
491,256_H2,0.0001594087055961,3.281695342138846e-07,5.955795104777225e-05,0.2108790994341103,0.0527745985650721,256,6,I
492,258_H2,0.0,8.14253326097969e-07,0.0003325507954752,0.1608436113556568,0.0402942441011145,258,6,V
493,258_PKB,0.0,8.538954432424362e-09,5.0236725618241096e-05,0.1900371296275387,0.0475218437230278,258,6,V
494,259_H2,0.0010209861524022,1.081051868823124e-05,0.0005675547219816,0.0821475863245073,0.0209367344293948,259,6,I
495,259_PKB,0.0001223164863847,3.1493204915022943e-06,0.0009848865713174,0.005589322116746,0.0016749186237349,259,6,I
496,260_H2,0.0,6.948271789042337e-07,5.139019289991325e-05,0.0628917394402629,0.0157359561150854,260,6,A
497,260_H3,0.0,0.0,1.3142686165293074e-05,0.1161394079548004,0.0290381376602414,260,6,A
498,260_PKB,0.0,1.8883164898397808e-07,3.736987630345309e-05,0.049311566213559,0.0123372812303778,260,6,A
499,261_PKB,0.0297699516007554,0.0003419971908442,0.0036038941515474,0.9723634999829393,0.2515198357315216,261,6,F
500,261_H3,0.0297699516007554,0.0003419971908442,0.0036038941515474,0.9723634999829393,0.2515198357315216,261,6,F
501,261_H2,0.0297699516007554,0.0003419971908442,0.0036038941515474,0.9723634999829393,0.2515198357315216,261,6,F
502,263_H3,0.0,0.0,5.532624918045276e-05,0.1519532282161014,0.0380021386163204,263,6,I
503,263_H2,0.0,3.300090611446649e-06,0.0003203523273277,0.0580075842244138,0.0145828091605882,263,6,I
504,264_PKB,0.0,0.0,0.0006375863344467,0.097784981878019,0.0246056420531164,264,6,C
505,264_H2,0.0,9.048994979821146e-05,0.0005377653217057,0.0063460688583838,0.0017435810324719,264,6,C
506,265_H2,0.0859271053413383,0.0363242290914058,0.0010570050973175,0.2472764504489289,0.0926461974947476,265,6,W
507,265_PKB,0.0255120884990897,0.0,0.0034561922284471,0.1570404652573083,0.0465021864962113,265,6,W
508,266_H2,0.0004156919249674,4.721091681858525e-05,0.0004026984040188,0.0303900614693407,0.0078139156787864,266,6,L
509,266_H3,0.0006247554285846,0.0,0.0002817201692052,0.2298715220845306,0.0576944994205801,266,6,L
510,269_H2,0.004887309610373,0.0005435068742372,0.004266506948229,0.0417530518806179,0.0128625938283643,269,6,A
511,269_H3,0.0233482150596023,0.0,0.0046914131299593,0.9024223823063,0.2326155026239654,269,6,A
512,269_PKB,0.0233482150596023,0.0,0.0046914131299593,0.9024223823063,0.2326155026239654,269,6,A
513,270_PKB,0.0,5.961400347587187e-06,0.0004647094240529,0.0123318103781337,0.0032006203006335,270,6,G
514,270_H2,0.000773393062823,4.169512612861581e-05,0.0008210490700098,0.08855798167605,0.0225485297337528,270,6,G
515,271_PKB,0.0025414718687619,0.0,0.0013276395012144,0.3368806305161601,0.0851874354715341,271,6,V
516,271_H2,0.0,1.30812736642838e-07,0.0010700578922773,0.2972529098575443,0.0745807746406395,271,6,V
517,271_H3,0.0,0.0,0.0001926991937218,0.0066523497823918,0.0017112622440284,271,6,V
518,272_H2,0.0,0.0,8.857159395795613e-06,0.0523093728977236,0.0130795575142798,272,6,A
519,273_H3,0.0,0.0,4.088924975259154e-07,0.0117483251311115,0.0029371835059022,273,6,F
520,273_PKB,6.483417956459455e-07,4.792741037817905e-06,0.0001808908702716,0.2346697271728841,0.0587140147814973,273,6,F
521,274_H3,0.0,8.752440407988615e-06,4.457979292466399e-05,0.1827163530199892,0.0456924213133304,274,6,Y
522,274_PKB,0.0001430184037201,4.884779627900571e-06,3.826012534669264e-05,0.372302478945789,0.0931221605636209,274,6,Y
523,275_H3,0.0001837165250967,1.2758479215335683e-06,7.095048566526485e-06,0.0468025993163452,0.0117486716844825,275,CT/EC,I
524,275_H2,0.0002924931318618,1.4728160749655215e-05,0.0001256432267242,0.1872746027502556,0.0469268668173978,275,CT/EC,I
525,275_PKB,0.0107106727272696,2.5111992272286443e-06,0.0329231579378485,0.1517144292458194,0.0488376927775412,275,CT/EC,I
526,276_PKB,0.0075366091259471,1.383224480377976e-05,0.1384437301742351,0.6494895192030822,0.198870922687017,276,CT/EC,F
527,277_PKB,0.0010122317409416,4.760268552672642e-07,0.000571677179721,0.0570089373712785,0.0146483305796991,277,CT/EC,T
528,277_H2,3.85235094973263e-07,1.1547260328370612e-05,8.2931493281645e-05,0.2896191299654159,0.0724284984885302,277,CT/EC,T
529,277_H3,0.0,1.1270321564893493e-08,0.000680890356793,0.013109524169871,0.0034476064492464,277,CT/EC,T
530,278_PKB,0.0001267308927467,2.723139004956465e-05,0.0001860887069239,0.0517075387240728,0.0130118974284482,278,CT/EC,H
531,278_H3,0.0,5.860633089938004e-10,2.985672893005758e-06,0.0052147499770551,0.0013044340590028,278,CT/EC,H
532,279_H2,0.0007979880834252,2.6423918825457804e-05,0.0009258067330035,0.1086888882984746,0.0276097767584322,279,CT/EC,Q
533,279_PKB,0.0016877996889537,0.0001360687747364,0.0003938966226523,0.1789364828444403,0.0452885619826957,279,CT/EC,Q
534,279_H3,0.0021396943025225,5.288921745005837e-09,0.0001594829487685,0.5118394798577568,0.1285346655994924,279,CT/EC,Q
535,280_PKB,0.0010991902509176,5.70523516216781e-05,0.0015234111052881,0.0450831845130398,0.0119407095552168,280,CT/EC,G
536,280_H2,0.0,1.2203146582123736e-07,0.000134698578258,0.0793942670446773,0.0198822719136003,280,CT/EC,G
537,280_H3,4.26250839463331e-07,0.0,2.371365606526275e-06,0.2505947334480079,0.0626493827661134,280,CT/EC,G
538,281_H2,1.6905133351578767e-06,3.375454866727523e-07,7.677004885149967e-05,0.0396544765581455,0.0099333186664547,281,CT/EC,S
539,281_H3,8.433337807683796e-07,1.8324112716072705e-06,9.578311928060993e-06,0.0781380833672555,0.0195375843560589,281,CT/EC,S
540,281_PKB,4.50655750454212e-07,1.439539119019173e-07,0.000179461644601,0.1968187498284227,0.0492497015206715,281,CT/EC,S
541,282_PKB,0.0,7.346794518525712e-06,0.0011433100396108,0.1075681260824729,0.0271796957291505,282,CT/EC,D
542,283_H2,0.0,1.1781021385104395e-06,9.197573282687846e-07,0.0772129883362322,0.0193037715489247,283,CT/EC,F
543,283_PKB,0.0002341126882406,0.0,6.050282254187636e-06,0.2353426438207083,0.0588957016978007,283,CT/EC,F
544,284_H2,0.0,7.230877674402336e-09,0.1899043947962993,0.0716484977369808,0.0653882249410394,284,CT/EC,G
545,284_PKB,0.0,2.49483900205405e-08,4.421691359437262e-05,0.057284715550084,0.0143322393530171,284,CT/EC,G
546,284_H3,0.0,0.0,7.269560629583251e-06,0.0635620044773691,0.0158923185094996,284,CT/EC,G
547,285_PKB,0.0,0.0,0.1924731015639358,0.1899445084550364,0.095604402504743,285,CT/EC,P
548,285_H2,1.0,0.1742108017206192,1.0,0.191442252256088,0.5914132634941768,285,CT/EC,P
549,285_H3,0.0,0.0,2.834701424503452e-07,0.0558240682600142,0.0139560879325391,285,CT/EC,P
550,286_H2,0.0005596477174543,5.635907200485235e-06,0.0240706674214857,0.3049762686210409,0.0824030549167953,286,CT/EC,I
551,286_PKB,0.0,6.301019084276049e-07,0.0231291503109584,0.0015241803886154,0.0061634902003705,286,CT/EC,I
552,286_H3,0.0,0.0,9.668513085511531e-06,0.0078134614926403,0.0019557825014314,286,CT/EC,I
553,287_PKB,0.0,1.590793181094341e-05,0.0002237429760897,0.0456361452073371,0.0114689490288094,287,7,F
554,287_H3,0.0,0.0,2.718375281904105e-05,0.0429943390906219,0.0107553807108602,287,7,F
555,287_H2,0.0,4.758728209708352e-06,0.0002673325944944,0.2085508978366397,0.0522057472898359,287,7,F
556,288_PKB,0.0718445589913547,0.0,0.0007444528944612,0.2514581908388051,0.0810118006811553,288,7,M
557,288_H2,0.0138919009220255,5.57562493952446e-08,4.713578899524019e-05,0.3187878092909682,0.0831817254395596,288,7,M
558,289_H3,0.0066308566935625,6.8000713326910045e-06,0.0003464704202256,0.3018304214258374,0.0772036371527395,289,7,T
559,289_PKB,0.0066308566935625,6.8000713326910045e-06,0.0003464704202256,0.3018304214258374,0.0772036371527395,289,7,T
560,290_H2,6.754975163880566e-06,1.340730477750185e-06,0.0001483837359506,0.0455533542124344,0.0114274584135066,290,7,I
561,290_PKB,0.0,1.454169478165568e-07,9.974353519339313e-05,0.0170667250451084,0.0042916534993124,290,7,I
562,292_PKB,0.0125326524076522,0.0,0.0123734366914858,0.8917527112213901,0.229164700080132,292,7,A
563,292_H3,0.0125326524076522,0.0,0.0123734366914858,0.8917527112213901,0.229164700080132,292,7,A
564,292_H2,0.028543764800274,0.0029504955746233,0.0109009171935461,0.5295954145639163,0.1429976480330899,292,7,A
565,293_H2,0.0,0.0,0.0005248663840931,0.1026881235616703,0.0258032474864408,293,7,F
566,293_H3,0.0,3.9760141845590624e-08,1.3221756292984775e-05,0.0940312423151988,0.0235111259579084,293,7,F
567,293_PKB,0.0,0.0,4.600464508445351e-05,0.1268963758839975,0.0317355951322704,293,7,F
568,294_PKB,0.0,7.916241884231567e-07,3.848718251195309e-05,0.0737605544404875,0.0184499583117969,294,7,F
569,294_H2,0.0,0.0,9.991932731236858e-05,0.0823585383341744,0.0206146144153717,294,7,F
570,295_PKB,0.0046365050751902,0.0,1.552636557642591e-05,0.435305002902956,0.1099892585859306,295,7,A
571,295_H2,0.0046365050751902,0.0,1.552636557642591e-05,0.435305002902956,0.1099892585859306,295,7,A
572,295_H3,0.0046365050751902,0.0,1.552636557642591e-05,0.435305002902956,0.1099892585859306,295,7,A
573,297_PKB,0.0,3.0681121643283404e-07,0.0002129984523736,0.0402005279661333,0.0101034583074308,297,7,T
574,297_H2,0.0,7.196199294412509e-05,0.0004286115339095,0.0340057478869395,0.0086265803534483,297,7,T
575,297_H3,0.0,3.0681121643283404e-07,0.0002129984523736,0.0402005279661333,0.0101034583074308,297,7,T
576,298_H2,0.0,4.701910074800253e-05,0.0002046130295753,0.0316441183991389,0.0079739376323655,298,7,S
577,298_H3,0.000366632780033,3.1026065698824823e-06,0.0001706584117852,0.0148486198145417,0.0038472534032324,298,7,S
578,298_PKB,0.000366632780033,3.1026065698824823e-06,0.0001706584117852,0.0148486198145417,0.0038472534032324,298,7,S
579,299_PKB,0.0,6.251797231016099e-07,0.0001281293349463,0.015576800883071,0.0039263888494351,299,7,A
580,299_H2,0.0001005017365351,1.2454344869183842e-05,0.0001072065490484,0.0542427409377495,0.0136157258920505,299,7,A
581,299_H3,0.0,0.0,0.0001140631315309,0.0085063510185188,0.0021551035375124,299,7,A
582,300_H2,0.0,0.0002267918025609,5.975043016779306e-05,0.053854710648276,0.0135353132202511,300,7,V
583,300_PKB,0.0,0.0,4.8102762707588575e-05,0.0749336540221977,0.0187454391962263,300,7,V
584,304_H2,2.821331807355068e-06,1.6962343352133755e-06,0.0004118084433491,0.0252471470811511,0.0064158682726606,304,7,V
585,307_H2,2.0047092520269176e-08,8.204663970445837e-08,4.602042071480126e-05,0.1196098792689708,0.0299140004458544,307,7,I
586,307_H3,0.0,0.0,5.1190796275891673e-08,0.1049684151895861,0.0262421165950956,307,7,I
587,307_PKB,0.0001114423415098,0.0,3.918453983733832e-05,0.0659848552059473,0.0165338705218236,307,7,I
588,308_PKB,0.0,2.4867062165867537e-05,4.4257366451364336e-05,0.0128817722739237,0.0032377241756352,308,7,M
589,308_H2,0.0,4.814308454115235e-07,1.699735649275788e-05,0.0832632560247063,0.0208201837030111,308,7,M
590,309_PKB,0.0008492629815251,1.4945753719075585e-05,0.000117469809442,0.1238151822658753,0.0311992152026404,309,CT/EC,M
591,311_PKB,0.0,0.0,2.62354340405992e-05,0.0029483764932873,0.0007436529818319,311,CT/EC,K
592,311_H3,0.0,0.0001013842556858,1.367299690839461e-05,0.0805399011506879,0.0201637396008205,311,CT/EC,K
593,312_PKB,0.0,1.399210347585722e-08,3.768905759508207e-06,0.0445220127438873,0.0111314489104375,312,CT/EC,Q
594,314_H2,0.0,0.0,1.3452795677178202e-05,0.2188514591589333,0.0547162279886526,314,CT/EC,R
595,314_PKB,0.0,0.0,4.499443040938249e-06,0.0198493622121427,0.0049634654137959,314,CT/EC,R
596,314_H3,0.0,0.0,9.970178420897397e-08,0.1372167798476679,0.034304219887363,314,CT/EC,R
597,315_H2,0.0,2.3036967832013037e-05,4.15711492339548e-05,0.0685543312940293,0.0171547348527738,315,CT/EC,N
598,315_PKB,0.0,2.982135356432991e-06,0.000152801903847,0.1036166814738938,0.0259431163782743,315,CT/EC,N
599,315_H3,0.0,0.0,4.143233103617426e-05,0.0491569139591806,0.0122995865725542,315,CT/EC,N
600,317_PKB,0.0,0.0,0.0003197899174395,0.0920237304292038,0.0230858800866608,317,CT/EC,M
601,317_H2,0.0815473814978605,0.0149194244295358,0.0143579125204214,0.0670273130871358,0.0444630078837384,317,CT/EC,M
602,318_H3,0.0,0.0,8.335966955919983e-06,0.0977118085036062,0.0244300361176405,318,CT/EC,V
603,318_PKB,0.0,3.4689044525748614e-08,3.3100975846867415e-05,0.2924996918436795,0.0731332068771427,318,CT/EC,V
604,318_H2,0.0,6.839185971330153e-06,1.6660388408560072e-05,0.151026241496011,0.0377624352675977,318,CT/EC,V
605,319_H2,0.0022553648350117,1.2293049849176896e-06,0.0001743663713809,0.0608365558207348,0.0158168790830281,319,CT/EC,T
606,319_PKB,0.0,5.827314907946857e-06,0.0001154431612203,0.0073190739933572,0.0018600861173713,319,CT/EC,T
607,319_H3,0.0,0.0,1.6615746355818948e-05,0.1812790387668793,0.0453239136283087,319,CT/EC,T
608,320_PKB,0.0,3.5659566410828343e-09,1.3047938093900033e-05,0.0314250299531881,0.0078595203643096,320,CT/EC,T
609,320_H2,2.922008791821708e-07,0.0,3.707563057953301e-05,0.1801026413003989,0.0450350022829644,320,CT/EC,T
610,321_PKB,6.18218435576542e-05,1.8341567056268104e-06,2.759881212184094e-05,0.3757804624430352,0.0939679293138551,321,CT/EC,L
611,321_H2,0.0006777751872488,4.53444393144764e-09,3.958248877927152e-05,0.2385130244378604,0.0598075966620831,321,CT/EC,L
612,322_PKB,0.0,1.8081684629578376e-06,2.9454519821160376e-05,0.0824191357968721,0.020612599621289,322,CT/EC,C
613,323_H2,5.3363419182802975e-05,0.0,7.566804041779776e-06,0.2483559425709727,0.0621042181985493,323,CT/EC,C
614,323_PKB,0.0,1.0750144383564475e-06,5.043835277812103e-05,0.0326726921199396,0.008181051371789,323,CT/EC,C
615,323_H3,0.0001339186657602,0.0,1.242384643844157e-06,0.1892061591054569,0.0473353300389652,323,CT/EC,C
616,324_H3,0.0,8.01914893600042e-07,6.397890578355063e-05,0.3187061744573165,0.0796927388194984,324,CT/EC,G
617,324_H2,0.0,5.345627300812339e-07,5.926327287286341e-05,0.081430384222683,0.0203725455145714,324,CT/EC,G
618,324_PKB,0.0,0.0,1.0794934466627998e-05,0.137160629649768,0.0342928561460586,324,CT/EC,G
619,325_H3,3.349128322485591e-07,4.002628429589095e-06,2.2410657999318e-05,0.0253261130383656,0.0063382153094066,325,CT/EC,K
620,325_PKB,0.0,3.062123710151354e-08,6.568173964068428e-05,0.0606940889700256,0.0151899503327258,325,CT/EC,K
621,326_H2,0.0,1.880663376141456e-06,8.24879627218156e-05,0.0482705296051223,0.012088724557805,326,CT/EC,N
622,326_H3,0.0,1.2631512618099803e-05,5.502740569474939e-05,0.1109240428050752,0.027747925430847,326,CT/EC,N
623,327_H3,0.0,0.0,1.0905383395157755e-05,0.1471645935464094,0.0367938747324511,327,CT/EC,P
624,327_PKB,0.0,0.0,1.0905383395157755e-05,0.1471645935464094,0.0367938747324511,327,CT/EC,P
625,327_H2,0.0,8.18020780002371e-08,4.952198962785332e-06,0.0622777707510858,0.0155707011880316,327,CT/EC,P
626,328_H3,0.0,0.0,4.36332626325749e-06,0.0905951122724088,0.022649868899668,328,CT/EC,L
627,328_H2,0.0,3.407565145607805e-07,0.0001702684504811,0.3368761441655755,0.0842616883431428,328,CT/EC,L
628,328_PKB,9.072176483824416e-05,9.428475209460884e-07,0.0004044877007339,0.0366452805934305,0.0092853582266309,328,CT/EC,L
629,329_H3,0.0,1.787495239113923e-05,1.3464578921703438e-05,0.0730376069617183,0.0182672366232578,329,CT/EC,G
630,329_H2,0.0,2.2131387140689185e-06,1.7158165517773635e-05,0.0605754366194628,0.0151487019809236,329,CT/EC,G
631,330_H2,0.0,0.0,0.000403893969045,0.0027441454026545,0.0007870098429248,330,CT/EC,D
632,330_H3,0.0,0.0,0.000403893969045,0.0027441454026545,0.0007870098429248,330,CT/EC,D
633,331_H2,0.0,0.0,3.8553217989637954e-06,0.091711451441215,0.0229288266907535,331,CT/EC,D
634,331_H3,0.0,0.0,1.6157052269794038e-05,0.116886011224141,0.0292255420691027,331,CT/EC,D
635,331_PKB,2.4407784414430288e-06,1.8569228359410768e-06,0.0001789819041687,0.0097351545018074,0.0024796085268133,331,CT/EC,D
636,332_H2,0.0,6.142875008663395e-06,1.5852867175618622e-05,0.0630585661773817,0.0157701404798915,332,CT/EC,E
637,333_H2,0.0,5.3874277909926604e-06,0.0029972569679039,0.0548057782380127,0.0144521056584269,333,CT/EC,A
638,333_H3,0.0,0.0,0.0002583638007136,0.0727428208190318,0.0182502961549363,333,CT/EC,A
639,333_PKB,0.0,4.9928394219023176e-06,0.0002525240982368,0.3017475623662038,0.0755012698259656,333,CT/EC,A
640,334_H2,5.144133544354161e-06,3.819438347818505e-07,0.0002273710197613,0.2094300637319333,0.0524157402072684,334,CT/EC,S
641,334_H3,0.0,2.2886359147378244e-05,4.847134789819036e-05,0.1217405053056691,0.0304529657531786,334,CT/EC,S
642,335_H2,0.0,5.265340405458119e-06,0.0001256410608477,0.1693455956932663,0.0423691255236298,335,CT/EC,T
643,335_PKB,8.147957371288022e-05,6.337597824312979e-06,7.901598877885707e-05,0.0295312359868738,0.0074245172867974,335,CT/EC,T
644,336_H2,1.27298833812472e-05,6.8372446548892185e-06,0.0004757824033887,0.1286014824915933,0.0322742080057545,NA,NA,-
645,336_H3,0.0,0.0,2.3314125791510465e-05,0.2851440713780658,0.0712918463759643,NA,NA,-
646,336_PKB,9.894511622269065e-05,3.4614288324519293e-06,0.0001283623465856,0.060852636131355,0.0152708512557489,NA,NA,-
647,337_H3,0.0,4.601421460392885e-05,3.07397824622825e-05,0.1859524137402199,0.0465072919343215,336,CT/EC,T
648,337_PKB,0.0,2.6144118692172924e-06,7.065705077335289e-05,0.031122483166543,0.0077989386572964,336,CT/EC,T
649,338_PKB,9.431164288939436e-05,1.802877278578308e-07,0.0007582339066452,0.0346053364948488,0.0088645155830278,337,CT/EC,V
650,338_H3,0.0,3.2062062018667348e-06,5.307139900083193e-05,0.1028140866963178,0.0257175910753801,337,CT/EC,V
651,338_H2,0.0,9.793265235202853e-06,0.0016353631358236,0.0342948356856589,0.0089849980216794,337,CT/EC,V
652,339_H2,0.0,2.872185405067285e-07,4.739023379137975e-05,0.015807365529443,0.0039637607454437,338,CT/EC,S
653,339_H3,0.0,1.239845573763887e-06,4.639723645579908e-05,0.3252424403318426,0.081322519353468,338,CT/EC,S
654,339_PKB,0.0001235872634009,6.689578731311485e-05,0.0002432782409466,0.0038703312535975,0.0010760231363145,338,CT/EC,S
655,340_H2,0.0,1.4499134977086214e-06,3.7450726261389138e-06,0.1621531561975269,0.0405395877959126,339,CT/EC,K
656,340_PKB,7.950258621730884e-05,7.655360604985617e-06,0.0001962626064849,0.1341937612042361,0.0336192954393858,339,CT/EC,K
657,341_H3,0.0,0.0,3.821642707715069e-06,0.0349475664260473,0.0087378470171887,340,CT/EC,T
658,341_PKB,0.0,0.0,1.5943621380007075e-06,0.0358294699751875,0.0089577660843313,340,CT/EC,T
659,342_H2,0.0,0.0,8.95107041751241e-08,0.0959449729365502,0.0239862656118136,341,CT/EC,E
660,342_H3,0.0,0.0,3.083577352812301e-07,0.0742218533530766,0.0185555404277029,341,CT/EC,E
661,342_PKB,0.0,4.574991763206526e-08,1.2251787460263736e-05,0.0048700653542619,0.0012205907229099,341,CT/EC,E
662,343_H2,0.0,1.5979330783011392e-06,0.0001075578444842,0.0749434666937086,0.0187631556178178,NA,NA,-
663,344_H3,0.0,4.374023319542175e-06,3.841876787933791e-05,0.0024363805466503,0.0006197933344622,NA,NA,-
664,344_PKB,0.0,4.374023319542175e-06,3.841876787933791e-05,0.0024363805466503,0.0006197933344622,NA,NA,-
665,344_H2,0.0,1.2898756551749102e-07,1.4415640254932832e-05,0.0747995181199488,0.0187035156869423,NA,NA,-
666,345_H2,0.0,1.472745452701929e-06,7.264847801149069e-05,0.0808099963063259,0.0202210293824475,NA,NA,-
667,345_PKB,0.0,4.374023319542175e-06,3.841876787933791e-05,0.0024363805466503,0.0006197933344622,NA,NA,-
668,345_H3,0.0,7.316808705581934e-07,3.098856484237168e-05,0.212539823659349,0.0531428859762655,NA,NA,-
669,346_PKB,0.0,2.320001385669457e-06,2.7254549062013893e-05,0.035764113641316,0.0089484220479409,NA,NA,-
670,346_H2,0.0,1.2271318610146409e-06,4.084128568911487e-05,0.12900124843916,0.0322608292141775,NA,NA,-
671,346_H3,0.0,3.1071036232788174e-07,1.4304126291510172e-05,0.1374352358486023,0.034362462671314,NA,NA,-
672,347_PKB,0.0,1.3724892596655993e-05,2.8193618156388997e-05,0.0579286327839194,0.0144926378236681,342,CT/EC,T
673,347_H2,0.0001357292297432,4.329053808760364e-06,0.0001665522865608,0.5198847086333412,0.1300478298008635,342,CT/EC,T
674,347_H3,0.0,1.3724892596655993e-05,2.8193618156388997e-05,0.0579286327839194,0.0144926378236681,342,CT/EC,T
675,348_H2,0.0,0.0,5.43468750893654e-06,0.0182591024251387,0.0045661342781619,343,CT/EC,S
676,348_H3,0.0,0.0,5.217812531560372e-06,0.1242687378070572,0.0310684889048972,343,CT/EC,S
677,348_PKB,0.0,0.0,5.217812531560372e-06,0.1242687378070572,0.0310684889048972,343,CT/EC,S
678,349_PKB,0.0,9.939152505467064e-07,1.9275047811531224e-05,0.0352244105868254,0.0088111698874718,344,CT/EC,Q
679,349_H3,0.0,2.4168951995307e-07,1.1219579748571357e-05,0.1509304343173701,0.0377354738966596,344,CT/EC,Q
680,350_H3,0.0,0.0,6.841494665582546e-07,0.0173460863242904,0.0043366926184392,345,CT/EC,V
681,350_H2,2.4691771600375425e-05,0.0,2.0269751740212463e-05,0.2529751280705144,0.0632550223984637,345,CT/EC,V
682,350_PKB,0.0,0.0,6.841494665582546e-07,0.0173460863242904,0.0043366926184392,345,CT/EC,V
683,351_H3,0.0,4.307336780584592e-07,0.0001793959571706,0.0041168927216837,0.0010741798531331,346,CT/EC,A
684,351_PKB,4.692625661146024e-06,0.0,0.0001109729057654,0.0058349537222857,0.001487654813428,346,CT/EC,A
685,351_H2,0.0,4.415562216308899e-05,0.0001755125839529,0.0383301417660405,0.0096374524930391,346,CT/EC,A
686,352_H2,0.0,1.3921749086875934e-06,2.384159784360296e-05,0.0015341575076806,0.0003898478201082,347,CT/EC,P
687,352_H3,0.0,1.9971821529907174e-07,1.4791064307217449e-05,0.0205831674150777,0.0051495395494,347,CT/EC,P
688,352_PKB,8.64455727527938e-06,5.769483664153086e-07,0.0001324130318986,0.0194970406119907,0.0049096687873827,347,CT/EC,P
689,353_H2,0.0,1.6143894754350185e-05,0.0002216249728067,0.0045324608165915,0.0011925574210381,348,CT/EC,A
690,353_H3,0.0002123665161431,0.0,6.12965797364814e-05,0.0419823696581355,0.0105640081885038,348,CT/EC,A
691,353_PKB,8.64455727527938e-06,5.769483664153086e-07,0.0001324130318986,0.0194970406119907,0.0049096687873827,348,CT/EC,A
