Names	Single_Prediction	Prediction_Means	Prediction_Medians	Prediction_Lower_Bounds	Prediction_Upper_Bounds	Std_Deviation	%Identity_Nearest_VPOD_Sequence
GQ422482.1	526.2	524.3	525.0	517.1	527.8	3.2	97.159
AY673768.1	496.2	496.8	497.0	492.5	500.2	2.1	95.763
AY673763.1	453.6	453.1	454.5	438.1	464.8	7.0	81.481
AY673756.1	523.8	520.7	521.2	514.7	525.3	3.0	96.307
AY673738.1	496.1	496.8	496.8	492.6	500.1	2.1	95.48
AY673708.1	424.6	424.1	424.4	413.3	433.5	4.4	94.872
AY673688.1	552.9	552.5	552.8	542.1	561.0	4.9	93.838
GQ422522.1	483.0	485.0	485.1	474.9	492.8	4.2	95.739
JF823570.1	518.7	519.6	517.4	515.6	532.6	4.6	87.32
JF823556.1	518.7	519.6	517.4	515.6	532.6	4.6	87.32
JF823555.1	518.7	519.6	517.4	515.6	532.6	4.6	87.32
JF823569.1	561.5	556.9	558.9	532.8	568.4	9.3	97.753
JF823567.1	526.4	534.4	536.4	512.6	551.5	9.9	89.045
JF823566.1	520.3	532.5	534.9	509.0	554.1	11.8	89.607
JF823565.1	558.3	554.5	556.1	532.6	566.3	8.7	97.191
JF823564.1	546.1	544.8	542.2	524.6	566.7	12.6	96.629
JF823562.1	521.2	530.7	528.8	514.0	552.5	10.1	90.449
JF823561.1	521.0	531.2	528.8	515.2	553.4	10.4	91.011
JF823560.1	526.4	534.9	536.7	512.7	552.4	9.8	89.607
JF823559.1	521.2	530.7	528.8	514.0	552.5	10.1	90.449
JF823558.1	546.1	544.8	542.2	524.6	566.7	12.6	96.91
JF823557.1	561.6	558.6	561.0	536.8	569.7	8.9	97.472
JF823554.1	520.3	532.5	534.9	509.0	554.1	11.8	89.607
JF823553.1	561.5	556.9	558.9	532.8	568.4	9.3	97.753
JF823552.1	521.0	531.2	528.8	515.2	553.4	10.4	91.011
ON623870.1	553.8	556.7	557.9	544.8	565.2	6.3	92.437
MW681828.1	465.7	471.9	472.1	444.2	500.3	14.7	34.615
MW681827.1	514.1	512.6	512.7	506.2	518.5	3.2	86.416
MW681826.1	511.5	515.9	515.7	508.4	521.6	3.4	88.184
MW681825.1	476.7	486.3	487.0	475.8	494.3	5.1	86.012
MW681824.1	470.3	473.2	473.3	464.8	483.2	4.6	89.286
MW681823.1	451.0	464.0	464.3	433.9	490.1	15.4	40.196
MW681822.1	469.2	457.6	457.7	445.1	469.0	6.7	82.153
MW681821.1	461.1	453.4	454.1	437.6	465.0	6.9	85.47
MW681820.1	419.0	420.5	420.1	407.1	432.9	6.8	86.969
MW681819.1	562.1	555.9	555.8	544.9	568.0	6.6	91.036
MW681818.1	461.4	486.0	485.9	460.4	515.5	15.7	37.011
MW681817.1	492.7	483.1	483.3	452.5	519.2	18.0	40.066
MW681816.1	493.6	497.7	498.2	484.1	506.5	5.6	87.006
MW681815.1	493.4	495.1	495.2	488.2	500.2	3.2	92.373
MW681814.1	479.0	479.4	479.2	453.3	506.7	14.2	30.351
MW681812.1	465.8	474.7	472.1	452.1	508.8	15.9	35.374
MW681811.1	489.5	484.9	487.2	451.9	510.2	16.0	35.526
MW681810.1	476.6	480.3	481.3	447.9	514.0	17.5	31.154
MW681809.1	476.6	483.1	483.5	452.4	513.8	16.0	39.931
MW681808.1	459.8	480.2	482.4	452.9	507.1	14.9	33.333
MW681806.1	507.5	483.8	482.7	453.1	512.3	17.0	27.74
MW681805.1	489.2	485.0	486.1	459.8	511.9	15.0	33.681
MW681804.1	462.8	472.1	469.7	445.3	504.3	14.6	46.226
MW681803.1	479.2	492.9	493.3	464.0	522.1	14.6	33.948
MW681802.1	459.2	461.9	462.3	426.4	492.4	16.4	39.61
MW681801.1	490.7	481.1	481.3	443.6	507.4	17.4	38.095
MW681800.1	443.0	459.5	459.9	427.9	491.8	17.4	36.074
MW681799.1	476.1	470.0	471.0	437.3	506.4	17.1	26.736
MW681798.1	464.4	470.7	471.3	433.8	501.1	17.3	38.722
MW681797.1	364.0	363.1	363.9	345.8	376.4	7.5	86.686
AB208675.1	449.7	444.4	449.9	416.4	452.1	11.0	73.67
AB208674.1	420.1	423.6	420.1	406.6	454.0	9.8	77.005
AB208673.1	359.7	374.1	367.6	347.5	422.4	21.6	65.903
AB177984.1	558.9	547.2	547.6	528.6	562.7	10.1	78.796
AF247117.1	424.6	424.1	424.4	413.3	433.5	4.4	94.872
AF247113.1	453.2	452.3	454.7	438.0	461.1	6.6	81.766
AY775059.1	499.2	499.5	499.3	497.1	502.6	1.5	98.023
AF247130.1	520.3	519.7	520.0	513.9	523.9	3.0	96.875
AF247131.1	552.9	552.4	552.8	542.0	561.0	4.9	93.838
AY775114.1	497.3	496.8	496.9	494.1	499.1	1.3	98.023
HM049231.1	367.3	366.2	367.1	357.0	374.4	4.2	95.224
HM049228.1	371.8	367.5	366.6	357.3	381.4	6.2	95.522
HM049227.1	371.8	367.5	366.6	357.3	381.4	6.1	95.522
HM049224.1	367.3	366.2	367.1	357.0	374.4	4.2	95.224
HM049222.1	372.6	367.9	368.3	359.2	376.8	4.6	94.03
HM049219.1	367.3	366.2	367.1	357.0	374.4	4.2	95.224
HM049216.1	371.8	367.5	366.6	357.3	381.4	6.1	95.821
HM049213.1	367.3	366.2	367.1	357.0	374.4	4.2	95.224
HM049212.1	367.3	366.2	367.1	357.0	374.4	4.2	94.925
HM049210.1	372.3	368.2	368.3	358.7	375.4	4.4	93.731
HM049209.1	379.5	372.6	372.4	361.1	383.1	6.2	93.433
HM049208.1	379.5	372.8	373.0	361.7	383.2	6.2	93.731
HM049415.1	526.2	524.5	525.2	517.2	527.8	3.1	96.875
HM049412.1	525.9	524.3	524.9	517.0	527.9	3.1	96.591
HM049454.1	515.1	515.7	516.4	508.8	519.5	3.0	96.591
HM049453.1	515.1	515.8	516.5	508.9	519.5	3.0	96.307
HM049452.1	515.1	515.7	516.4	508.8	519.5	3.0	96.307
HM049449.1	515.1	515.7	516.4	508.8	519.5	3.0	96.307
HM049447.1	515.1	515.8	516.5	508.9	519.5	3.0	96.307
HM049445.1	520.3	519.0	519.4	512.6	524.2	3.0	89.489
HM049439.1	520.1	520.3	520.6	515.2	524.4	2.7	96.307
HM049438.1	520.3	520.3	520.5	515.2	524.5	2.8	96.591
HM049437.1	515.1	515.8	516.5	508.9	519.5	3.0	96.307
HM049435.1	515.1	515.7	516.4	508.8	519.5	3.0	96.591
HM049433.1	515.1	515.8	516.5	508.9	519.5	3.0	96.307
HM049302.1	456.5	453.1	454.6	438.0	464.1	7.0	81.534
HM049300.1	457.3	453.2	454.9	437.9	464.2	7.1	81.766
HM049294.1	453.6	453.3	454.8	438.1	464.9	7.0	81.481
HM049290.1	453.6	453.3	454.8	438.1	464.9	7.0	81.481
HM049288.1	453.0	452.0	453.3	436.9	463.2	6.8	81.481
JF262089.1	515.1	515.7	516.4	508.8	519.5	3.0	96.591
JF262085.1	367.3	366.2	367.1	357.0	374.4	4.2	95.224
JF262084.1	553.6	551.7	552.2	540.7	560.1	5.1	93.838
AF247118.1	422.1	422.6	422.7	415.5	431.5	3.4	95.442
AF247114.1	457.3	453.2	454.9	437.9	464.2	7.1	81.766
DQ088652.1	483.6	483.3	483.9	475.4	489.4	3.0	95.368
DQ088651.1	527.4	525.9	527.4	518.5	528.3	3.4	97.275
DQ088650.1	516.4	517.1	518.3	510.1	520.0	3.2	96.73
DQ088649.1	423.3	422.7	422.9	415.6	431.2	3.5	95.902
DQ088648.1	367.2	366.5	367.7	356.1	371.7	4.2	95.429
AF247122.1	515.1	515.6	516.4	508.8	519.5	3.0	96.875
AF028014.1	476.8	488.0	487.0	455.9	522.5	16.5	41.284
FJ839436.1	475.9	473.3	474.4	432.8	505.0	17.0	40.533
FJ839435.1	479.3	475.4	475.5	435.0	504.3	16.8	42.089
MN519172.1	449.5	461.4	462.4	428.7	488.9	14.9	44.136
MN519164.1	540.6	538.7	538.3	522.2	552.9	8.0	82.466
MN519153.1	491.2	490.4	490.7	477.4	499.8	5.6	79.718
MN519143.1	496.5	494.0	494.5	486.2	499.9	3.5	92.09
NM_001290643.2	496.5	475.5	474.8	449.8	500.3	14.3	26.316
NM_001290644.2	482.3	473.2	474.9	446.1	499.8	14.7	blastp unsuccessful
NM_001425972.1	484.5	473.2	472.9	440.8	502.6	14.9	22.5
NT_166527.1	484.5	473.2	472.9	440.8	502.6	14.9	22.5
CAJNRD030001121.1	420.2	447.9	449.0	408.4	484.9	19.5	blastp unsuccessful
CAJNRD030001124.1	495.5	479.5	478.8	448.8	508.0	15.3	28.571
AF190671.2	358.1	362.1	359.4	356.2	380.4	6.1	95.376
M55171.2	499.5	498.7	499.6	491.9	502.4	2.8	96.264
AH009854.2	507.7	511.1	508.1	507.4	533.8	7.5	98.329
AM270991.1	507.7	511.1	508.1	507.4	533.8	7.5	98.329
AM920436.1	442.7	455.8	457.5	419.1	488.3	17.8	blastp unsuccessful
BC156916.1	474.6	479.0	481.0	450.7	501.4	13.7	34.68
BC139827.1	458.7	457.3	457.2	422.2	490.8	17.2	37.736
BC132010.1	478.6	475.6	474.9	446.8	505.9	15.0	32.281
BC104486.1	481.0	486.1	486.6	466.6	502.4	9.8	42.857
DQ779924.1	444.0	459.7	460.3	432.9	493.8	17.6	blastp unsuccessful
DQ779923.1	450.1	461.8	461.3	428.1	495.2	18.5	blastp unsuccessful
AF140241.1	474.6	479.0	481.0	450.7	501.4	13.7	34.68
AF076930.1	498.0	483.5	484.3	449.4	517.0	17.6	24.823
AH005930.2	536.3	537.3	538.0	529.8	541.9	3.2	94.505
NM_204245.2	486.1	473.9	477.4	435.3	500.6	18.1	30.303
NM_001318431.2	476.7	483.4	482.2	448.6	517.0	16.5	37.762
LC360414.1	485.5	479.1	480.8	446.9	506.1	16.1	30.479
AB436160.1	464.2	486.4	487.7	456.1	511.2	14.8	36.226
AB436159.1	476.6	486.2	486.4	458.4	517.5	14.6	37.063
AB368183.3	473.5	475.8	476.6	443.0	509.6	17.6	28.99
AB295599.1	457.6	464.8	464.7	431.1	492.0	16.0	39.308
U15762.1	468.1	478.7	478.3	448.7	506.9	14.8	51.475
M92039.1	417.1	410.9	416.9	382.7	419.3	10.9	89.254
M92038.1	506.8	506.2	507.5	499.8	510.8	3.7	98.592
M92037.1	455.1	453.7	455.0	444.1	459.4	3.8	86.301
AY339627.1	501.1	475.2	476.1	445.2	508.1	16.3	28.571
AY339626.1	483.6	484.1	484.6	457.4	514.4	15.6	30.241
AF364328.1	467.2	457.1	459.2	420.6	486.8	18.0	blastp unsuccessful
GQ280390.1	454.7	468.6	468.0	431.7	500.8	17.1	43.218
EF055883.2	462.0	471.2	472.3	435.4	498.4	16.0	43.854
U87449.1	469.5	480.0	479.4	450.2	507.8	15.0	48.882
AB368182.1	480.2	486.6	486.7	458.4	516.5	15.6	29.066
EU124634.1	467.9	471.7	472.8	436.0	503.4	17.2	40.411
EU124633.1	462.2	465.4	464.9	435.9	495.6	15.9	39.623
EU124632.1	456.0	464.9	464.9	431.1	492.4	16.0	39.623
EU124631.1	477.9	469.2	470.4	432.6	493.3	17.2	39.057
EU124630.1	477.9	469.2	470.4	432.6	493.3	17.2	39.057
AB295600.1	469.7	483.7	482.9	462.6	507.1	13.3	46.154
AB255031.1	462.2	465.4	464.9	435.9	495.6	15.9	39.308
MH979603.1	478.2	488.4	489.2	476.0	497.4	5.8	85.714
MH979568.1	450.8	446.4	446.2	435.1	460.8	6.9	84.615
MH979545.1	551.1	548.3	550.6	523.7	564.9	11.3	88.796
MH979519.1	519.3	516.9	517.2	510.2	522.2	3.2	88.761
MH991745.1	474.6	477.1	477.2	469.4	483.9	4.1	88.69
MH991730.1	462.1	453.5	453.4	439.0	469.6	8.5	81.303
AY775102.1	379.7	371.1	369.9	357.8	392.8	8.0	93.731
AY775116.1	499.2	499.4	499.3	496.9	502.6	1.5	97.74
AY780519.1	555.6	555.4	555.6	542.9	563.1	4.8	93.838
AY775092.1	513.7	512.9	513.4	505.5	518.0	3.5	96.591
GQ422477.1	526.2	524.5	525.2	517.2	527.8	3.1	96.875
ON738356.1	367.4	373.1	373.0	354.8	395.1	10.3	85.672
AH007800.2	560.0	559.2	558.8	554.4	563.6	2.1	96.328
AH007799.2	448.6	448.0	448.1	441.7	453.6	2.6	94.135
AH007798.2	392.7	391.6	392.9	374.5	401.5	6.2	94.03
AH007731.2	504.5	504.0	503.7	498.8	510.1	2.9	98.592
AH007730.2	502.3	502.5	502.4	500.8	504.9	0.9	98.575
U50598.1	464.9	474.2	474.8	444.9	499.4	14.9	52.05
MN519165.1	509.8	523.0	524.0	499.4	542.5	10.7	78.962
MN519144.1	493.6	492.3	493.0	484.6	498.4	3.7	94.915
EU329445.1	554.9	553.8	556.3	524.4	566.2	10.6	98.31
EU329433.1	556.6	547.7	546.7	518.8	570.5	15.3	98.596
EU329432.1	556.6	547.9	547.1	519.1	570.5	15.2	98.876
EU329431.1	556.6	547.6	546.7	518.6	570.5	15.3	98.315
EU329429.1	556.9	547.2	546.9	518.9	570.1	15.3	98.034
EU329436.1	556.6	547.9	547.1	519.1	570.5	15.2	99.157
JX867527.1	408.9	407.1	406.6	380.6	430.9	13.6	88.825
JX867523.1	408.8	407.1	406.3	380.7	430.8	13.5	88.539
JX867522.1	409.3	408.2	407.7	380.5	432.1	13.9	88.539
AB761214.1	559.0	553.0	554.1	536.5	563.0	6.7	92.997
AB731902.1	495.9	497.3	497.2	491.4	502.4	3.1	85.714
AB731901.1	547.0	550.5	551.9	535.5	561.6	7.0	90.991
AB731900.1	500.3	495.9	496.2	481.9	507.2	6.7	81.375
AB731899.1	492.7	485.1	486.8	464.8	500.0	8.6	74.212
EU523856.1	471.6	476.0	474.9	453.7	499.9	12.5	45.0
EU523855.1	477.2	462.3	463.1	434.1	488.8	14.6	39.009
EU523854.1	478.3	475.7	476.2	446.3	506.5	15.1	46.0
AY660540.1	558.7	552.6	552.7	542.4	561.0	5.0	93.557
AY660539.1	523.8	520.7	521.3	514.7	525.3	3.0	96.591
AY660538.1	453.6	453.3	454.9	438.1	464.9	7.1	81.481
EU329470.1	525.8	530.2	530.5	508.5	549.2	10.0	92.958
EU329468.1	554.4	542.5	543.0	522.6	560.1	10.5	87.921
DQ088640.1	421.6	423.1	423.1	416.9	430.6	3.0	95.157
DQ088637.1	452.8	453.1	454.6	438.1	464.6	7.0	84.136
DQ088634.1	515.1	515.8	516.5	508.9	519.5	3.0	96.307
DQ088631.1	525.9	524.2	524.9	516.9	527.9	3.2	96.307
DQ088628.1	556.2	555.0	555.2	545.6	561.8	4.6	93.838
DQ088646.1	482.1	482.7	483.3	474.0	489.4	3.5	94.783
GQ422472.1	498.9	499.5	499.3	497.5	502.4	1.3	97.458
KY368276.1	368.8	379.9	379.6	354.2	411.2	15.8	67.222
KY368275.1	377.0	379.2	377.4	356.5	406.2	13.8	67.024
KY368274.1	526.2	520.2	518.7	499.8	548.8	11.9	77.926
AB111463.1	395.8	394.9	395.8	371.3	419.8	11.8	89.337
EU090914.1	520.6	519.6	519.4	514.5	526.1	3.1	87.896
EU090913.1	518.9	518.9	518.8	513.0	524.8	3.0	90.202
AB212996.1	488.6	477.5	477.7	450.5	512.5	15.7	blastp unsuccessful
AB212995.1	451.6	466.7	467.8	434.0	496.5	17.2	blastp unsuccessful
AB212994.1	448.2	457.7	457.4	426.8	493.6	17.9	29.167
AB212993.1	461.3	479.9	480.8	448.1	514.4	17.6	blastp unsuccessful
KT008401.1	548.0	546.8	548.8	524.4	559.6	9.1	87.571
KT008400.1	560.2	555.3	556.9	537.3	570.0	8.4	88.796
KT008399.1	355.0	359.6	355.3	352.8	382.0	8.4	87.5
KT008398.1	415.9	424.8	416.1	415.8	452.9	12.2	81.429
KT008397.1	505.2	504.5	504.9	499.5	506.4	1.7	99.713
KT008396.1	489.0	489.5	488.4	485.1	497.0	3.1	91.977
KT008395.1	474.9	475.8	476.0	468.1	483.9	3.4	92.55
KT008394.1	467.7	469.6	467.1	466.2	483.9	4.8	92.264
KT008393.1	493.5	491.7	491.9	480.2	500.2	5.5	79.009
KT008392.1	501.5	499.2	501.2	490.5	502.2	4.5	92.938
CR392348.10	484.2	479.8	481.2	455.6	497.6	10.5	blastp unsuccessful
JX293364.1	493.7	496.3	493.8	469.8	525.8	15.5	36.364
JX293363.1	469.6	480.3	480.6	451.2	506.8	14.9	32.424
JX293362.1	452.8	472.6	472.0	446.5	503.9	15.5	34.539
JX293361.1	469.9	471.7	471.8	439.7	502.8	16.2	34.936
JX293360.1	474.4	481.7	482.8	449.2	511.4	16.8	37.54
BC163681.1	491.3	487.4	488.1	457.2	520.4	17.1	36.422
BC162681.1	456.2	469.0	469.8	440.9	495.9	15.6	37.812
BC164163.1	474.8	475.5	475.9	467.4	483.1	3.4	92.264
BC128815.1	461.8	475.5	475.1	447.9	509.0	16.8	41.824
BC116614.1	463.3	463.6	465.0	432.1	490.4	15.6	37.829
BC076120.1	540.0	540.4	541.1	515.9	557.8	10.5	87.006
BC067683.1	355.0	359.7	355.3	352.8	382.0	8.4	87.202
GQ925719.1	467.0	467.2	467.0	435.4	502.1	17.3	36.364
GQ925718.1	477.5	476.2	475.0	442.8	509.2	18.3	39.344
GQ925717.1	450.7	461.3	462.1	426.9	488.8	16.5	36.202
GQ925715.1	456.2	469.0	469.8	440.9	495.9	15.6	37.812
AY493740.1	472.0	482.4	481.0	448.9	506.5	14.8	30.556
L11014.1	501.2	499.0	500.3	489.2	505.5	4.9	92.09
AY078161.1	459.9	461.8	461.4	429.6	489.6	16.6	37.829
AF109373.1	350.3	362.8	359.0	351.1	388.8	10.4	86.012
AF109370.1	505.2	504.4	505.0	499.4	506.2	1.8	99.713
AF109369.1	467.8	468.8	467.2	459.2	483.7	5.3	91.977
AY900004.1	451.6	466.6	467.8	434.3	496.5	17.1	blastp unsuccessful
AL844847.6	450.2	458.3	456.3	418.5	494.6	21.0	blastp unsuccessful
AL713850.6	467.3	471.3	469.9	433.7	504.0	19.1	30.986
AY996588.1	444.8	465.6	465.5	441.0	496.4	15.8	40.798
AY900005.1	473.6	471.4	472.4	440.8	501.4	15.9	blastp unsuccessful
AB087810.1	355.0	359.4	355.0	353.1	382.0	8.4	87.202
AB087811.1	501.7	499.1	501.1	490.2	502.5	4.5	92.938
AB035277.1	472.1	478.2	477.5	449.2	509.2	16.8	41.137
KX132101.1	393.6	395.8	397.1	373.1	419.2	11.6	89.337
KX132099.1	393.6	395.9	397.2	373.2	419.2	11.5	89.337
KX132098.1	392.4	396.0	397.1	373.2	419.3	11.5	89.049
MN519154.1	500.7	500.0	500.5	484.8	515.3	8.0	81.127
MN519145.1	501.4	496.7	496.9	489.1	503.5	3.5	88.418
JX867486.1	391.4	388.6	389.2	367.2	404.6	9.7	90.544
JX867484.1	391.4	388.6	389.2	367.2	404.6	9.7	90.258
JX867481.1	391.4	389.5	390.2	369.7	405.3	9.5	90.258
JX867479.1	391.4	390.0	390.4	369.7	408.4	10.0	90.258
AY927652.1	362.5	372.8	370.1	358.9	396.0	9.7	81.548
MW219674.1	459.1	452.6	452.0	439.5	467.6	7.3	84.419
MW219673.1	502.0	500.6	501.3	488.8	510.2	5.7	83.478
MW219672.1	498.6	497.2	498.5	490.1	499.7	2.9	96.848
GCES01144684.1	461.4	482.6	484.3	458.8	501.0	12.7	31.818
MW219681.1	513.2	513.3	513.4	503.4	521.1	4.1	85.511
MW219680.1	509.3	511.5	512.2	503.3	518.2	4.0	85.552
MW219682.1	445.6	444.7	444.6	432.1	456.6	6.4	83.429
MW219679.1	490.7	491.4	491.3	489.1	495.2	1.3	98.276
AH005931.2	536.3	537.3	538.0	529.8	541.9	3.2	94.505
KP881318.1	415.8	420.4	419.6	408.8	433.7	6.8	85.755
KP881312.1	476.3	486.6	487.0	474.7	496.0	5.3	86.31
KP881306.1	520.3	516.4	516.7	508.8	522.8	3.9	87.32
KP881292.1	491.4	493.6	493.8	488.2	497.9	3.0	92.655
KP881273.1	558.5	547.5	547.8	528.1	558.8	8.4	88.796
L11863.1	492.6	494.2	492.3	491.9	504.9	4.7	92.938
L11867.1	560.6	556.1	560.6	537.2	562.2	7.8	89.356
L11866.1	505.0	503.1	505.5	491.2	506.2	4.3	93.696
L11865.1	511.0	509.0	510.7	501.6	511.5	3.1	90.544
L11864.1	443.0	443.6	443.0	432.9	458.9	5.9	81.429
GQ168789.1	552.9	552.0	553.9	533.1	568.1	9.2	89.636
AB383149.1	483.8	470.1	470.8	434.8	502.6	18.1	44.59
MH979626.1	518.2	516.1	516.8	507.4	521.9	3.7	88.184
MH979613.1	480.7	491.1	491.9	477.1	501.1	5.8	86.012
MH979592.1	415.8	420.7	420.5	404.0	442.3	9.5	80.966
MH979579.1	443.7	446.6	446.4	434.8	459.6	5.9	81.303
MH979553.1	546.5	546.7	549.2	525.4	561.1	10.1	88.796
MH979530.1	515.4	513.1	512.8	507.2	519.0	3.3	87.5
MH991748.1	473.8	476.9	477.2	468.6	484.0	4.2	88.393
AY771353.1	495.2	490.8	491.5	476.8	500.2	5.6	83.478
AY927653.1	365.4	373.8	371.0	357.4	400.1	9.9	82.44
MH979563.1	448.6	445.9	445.5	434.2	460.4	7.0	78.754
MH979540.1	543.0	542.2	545.2	519.5	556.8	9.9	88.235
MH979513.1	512.9	515.2	515.2	507.2	522.1	3.9	87.608
MH991725.1	463.2	456.4	457.1	441.0	470.1	7.7	82.153
DQ352182.1	375.8	391.1	390.0	364.7	417.6	15.3	89.595
DQ352180.1	546.2	543.1	543.3	531.8	554.0	5.6	86.555
MN519178.1	439.9	465.9	469.3	435.9	493.5	16.6	31.438
KT749682.1	452.5	469.3	468.2	435.6	499.0	15.7	42.724
KT749679.1	555.8	548.5	550.0	529.9	563.3	8.4	85.205
KT749677.1	357.9	367.3	358.0	357.8	403.4	15.2	80.299
KT749674.1	440.4	443.3	439.1	433.4	462.1	8.4	71.006
KT749673.1	492.4	491.9	492.1	482.2	501.2	4.3	86.197
AY366495.1	358.0	368.2	359.4	357.8	403.6	15.0	80.299
AY366494.1	492.6	491.8	492.1	481.2	500.0	4.0	84.789
AY366493.1	496.5	496.4	496.9	487.9	501.1	2.8	89.235
AY366492.1	439.6	443.2	439.1	434.1	461.9	8.6	70.71
EU329465.1	523.2	525.0	525.6	504.9	545.3	9.8	92.676
EU329460.1	560.5	550.0	550.9	531.4	563.8	9.4	95.787
LC127191.1	502.3	501.1	502.7	493.2	503.4	3.1	96.61
LC127190.1	352.8	354.9	353.0	349.6	375.5	6.1	94.328
LC127189.1	407.3	408.6	407.8	398.0	426.5	6.6	94.034
LC127188.1	438.0	440.2	438.2	435.2	456.3	5.2	86.325
LC127187.1	475.1	471.2	475.6	456.2	476.0	6.8	91.594
LC127186.1	517.6	519.0	516.6	515.9	532.5	4.6	89.337
LC127185.1	547.3	553.2	554.5	532.6	565.5	7.9	91.011
LC127184.1	523.0	534.1	520.6	519.2	571.0	21.2	98.315
LC127183.1	515.8	522.9	516.1	515.8	548.9	10.9	89.888
HQ260690.1	524.1	534.0	534.9	508.9	550.0	11.5	97.797
HQ260689.1	497.1	491.1	493.0	468.5	502.1	8.7	94.444
HQ260688.1	479.1	487.4	487.9	462.9	504.4	11.2	blastp unsuccessful
HQ260687.1	480.8	490.0	491.3	465.1	513.1	13.1	blastp unsuccessful
HQ260686.1	497.0	492.3	494.2	468.9	504.8	8.7	96.648
HQ260685.1	386.4	382.0	380.2	362.9	409.1	12.9	93.585
HQ260684.1	467.0	473.6	473.2	456.7	492.9	9.4	90.0
HQ260683.1	466.9	474.2	474.2	458.8	489.3	8.3	89.796
HQ260682.1	538.2	547.7	549.6	525.2	563.2	10.6	92.025
HQ260681.1	527.9	535.0	531.9	506.5	564.0	16.1	98.71
HQ260680.1	499.2	520.4	519.9	494.0	545.7	12.9	92.557
HQ260679.1	539.5	546.5	549.2	518.1	561.7	11.4	99.029
HQ260676.1	503.5	522.6	522.3	495.1	547.7	13.3	92.857
AB748990.1	406.2	408.7	407.9	398.0	427.4	6.7	94.602
AB748989.1	352.8	354.9	353.0	349.3	375.5	6.1	94.03
AB748987.1	526.2	539.3	529.7	520.3	571.2	18.9	98.596
AB748986.1	518.0	527.4	523.1	516.8	549.4	10.3	90.449
AB748985.1	567.1	561.6	569.7	524.1	570.8	15.1	99.157
AB748984.1	563.4	560.3	562.7	530.2	570.5	10.4	99.157
HQ260677.1	555.7	548.0	547.4	519.5	571.2	15.3	98.876
JF303638.1	438.4	441.2	439.7	433.0	456.1	5.4	85.755
DQ912023.1	502.3	501.2	502.6	493.2	503.9	3.0	96.893
DQ168661.1	565.6	560.0	563.4	529.1	570.5	10.8	98.034
DQ168660.1	522.9	534.3	520.9	518.9	571.0	21.3	98.034
DQ168659.1	563.4	560.4	562.9	530.1	570.5	10.5	98.876
DQ234860.1	407.3	408.6	407.8	398.0	426.5	6.6	94.068
JX867431.1	405.4	406.4	405.7	380.2	437.4	14.9	87.755
JX867430.1	405.4	406.4	405.7	380.2	437.4	14.9	87.464
JX867429.1	405.4	406.4	405.7	380.2	437.4	14.9	88.047
MN519168.1	546.9	546.5	546.6	531.7	558.5	7.4	83.562
MN519157.1	476.2	485.6	486.2	470.6	498.9	7.7	79.155
MN519146.1	499.0	496.7	497.5	489.7	501.2	3.2	88.983
AY775105.1	367.1	365.8	366.3	355.7	373.2	4.2	94.925
AY775085.1	421.6	423.1	423.1	416.9	430.6	3.0	95.157
AY775119.1	499.0	499.3	499.1	496.9	502.1	1.3	98.023
AY780522.1	552.9	551.8	552.3	541.4	559.9	5.1	93.277
GQ452103.1	482.4	483.6	483.4	474.9	490.4	3.9	95.455
AY775095.1	513.4	512.8	513.6	505.5	517.5	3.4	96.023
GQ422476.1	526.2	524.5	525.2	517.2	527.8	3.1	96.875
AY214139.1	436.9	443.7	443.3	427.6	460.6	9.3	74.074
AY214138.1	396.2	380.4	380.1	358.9	409.0	12.9	80.24
AY214137.1	507.3	494.6	494.6	480.8	508.9	7.6	77.874
AY214136.1	501.6	498.4	498.6	492.1	502.7	2.9	86.158
AY214135.1	559.9	553.2	554.3	533.1	566.5	8.5	84.034
EF526299.1	444.6	449.4	448.9	433.8	464.7	7.8	81.818
EF526298.1	379.8	384.5	382.3	367.3	408.2	11.0	84.104
EF526297.1	554.0	549.3	548.9	529.2	563.3	8.7	85.753
EF526296.1	506.4	503.5	503.9	492.7	514.9	5.0	85.634
EF526295.1	504.3	502.7	502.9	496.1	508.6	3.2	92.938
AY775101.1	379.3	372.7	372.8	361.7	383.1	6.2	94.328
AY775084.1	421.6	423.1	423.0	416.6	430.6	3.3	94.872
AY775115.1	497.7	497.8	497.7	495.4	500.1	1.4	97.74
AY780518.1	556.2	554.5	554.9	544.1	561.2	4.6	93.838
AY775091.1	513.7	514.5	515.5	507.9	518.8	3.1	96.307
GQ422483.1	525.9	524.2	524.9	516.9	527.9	3.2	96.307
GQ422515.1	482.1	482.7	483.3	474.0	489.4	3.5	94.783
GQ422487.1	526.2	524.3	525.0	517.1	527.8	3.2	97.159
AY673769.1	496.1	496.8	496.8	492.6	500.1	2.1	95.48
AY673764.1	453.6	453.1	454.5	438.1	464.8	7.0	81.481
AY673757.1	524.1	520.9	521.5	514.6	525.2	3.0	96.307
AY673740.1	496.2	496.8	497.0	492.5	500.2	2.1	95.48
AY673710.1	424.6	424.1	424.4	413.3	433.5	4.4	94.872
AY673690.1	551.7	548.0	548.5	537.1	556.9	5.1	93.277
GQ422506.1	483.0	485.0	485.1	474.9	492.8	4.2	95.739
AY775100.1	372.6	367.9	368.3	359.2	376.8	4.6	94.03
AY775074.1	452.8	453.0	454.6	438.1	464.6	7.0	83.853
AY775112.1	497.7	497.6	497.5	494.7	500.1	1.5	98.023
AY780517.1	558.6	551.9	552.1	542.0	560.5	5.2	92.997
AY775090.1	520.4	519.0	519.4	512.6	524.3	3.0	89.773
GQ422480.1	524.3	523.1	523.5	515.8	527.6	3.1	96.023
GQ422516.1	482.9	483.1	483.4	474.2	490.3	3.7	93.913
LC007936.1	380.2	394.5	395.8	367.9	422.9	14.6	76.877
LC007935.1	503.4	497.7	497.8	482.2	509.9	7.0	81.662
LC007934.1	491.6	486.1	486.6	472.4	496.4	6.0	81.089
LC007933.1	495.5	498.5	499.5	481.3	513.0	7.6	79.656
LC007932.1	555.1	549.5	549.5	535.1	562.8	7.0	82.667
LC007929.1	503.9	497.1	497.3	482.2	510.0	7.2	81.375
LC007927.1	495.3	497.7	497.9	481.0	511.5	7.6	79.37
AB731903.1	555.1	549.5	549.5	535.1	562.8	7.0	86.835
MN519170.1	489.5	475.5	474.5	443.8	505.6	15.0	51.393
MN519167.1	554.8	551.9	553.3	539.5	561.1	6.0	86.301
MN519162.1	390.6	373.6	372.4	356.1	391.5	10.0	81.493
MN519156.1	504.6	503.7	504.2	495.1	511.5	4.6	82.817
DQ088641.1	424.6	424.1	424.4	413.3	433.5	4.4	94.872
DQ088638.1	453.6	453.3	454.8	438.1	464.9	7.0	81.481
DQ088635.1	520.3	519.9	520.3	514.1	524.0	3.0	97.159
DQ088632.1	526.2	524.5	525.2	517.2	527.8	3.1	96.875
DQ088629.1	558.7	552.6	552.7	542.4	561.0	5.0	93.838
DQ088647.1	479.4	481.1	481.5	471.3	487.6	3.9	94.783
GQ422524.1	367.1	365.8	366.4	356.8	374.0	4.2	95.224
GQ422473.1	497.7	497.6	497.5	494.7	500.1	1.5	98.023
GQ422523.1	482.4	482.9	483.1	474.4	490.0	3.6	95.455
AY775118.1	497.3	496.8	496.9	494.1	499.1	1.3	98.023
AY780521.1	552.0	547.2	546.9	536.5	556.0	5.3	92.717
AY775094.1	515.1	515.8	516.5	508.9	519.5	3.0	96.023
GQ422517.1	479.7	480.6	481.2	471.2	487.0	3.9	95.17
GQ422497.1	525.8	524.2	524.9	517.1	528.0	3.2	96.591
KC594699.1	562.5	558.8	559.1	547.7	570.0	6.1	91.597
KC594698.1	562.0	557.1	557.7	547.8	566.0	5.0	91.877
KC594697.1	569.2	562.0	562.0	552.8	571.1	5.3	92.157
KC594694.1	562.5	558.8	559.1	547.7	570.0	6.1	91.877
KC594702.1	508.2	510.1	510.5	497.4	520.3	6.3	86.364
KC594701.1	515.0	513.4	513.5	504.2	520.0	3.9	87.784
KC594700.1	510.4	512.0	512.2	502.0	518.2	4.0	87.5
ON817135.1	455.2	447.5	447.2	437.4	457.6	5.8	84.571
ON817126.1	491.9	487.9	487.9	476.5	498.1	5.9	85.797
ON817125.1	510.3	509.8	510.1	500.5	518.0	4.8	87.608
ON817124.1	509.7	510.3	511.0	501.6	518.0	4.7	85.269
JX867449.1	403.4	407.9	408.3	383.0	431.1	14.3	88.921
JX867448.1	404.8	407.1	407.0	381.5	433.2	14.8	85.042
JX867447.1	404.8	407.1	407.0	381.5	433.2	14.8	85.042
JX867446.1	401.7	409.0	409.1	383.9	434.1	14.2	88.63
JX867445.1	405.2	408.0	408.3	383.2	432.2	14.3	89.213
JX867444.1	405.4	408.1	407.8	383.7	432.3	14.4	89.504
JX867442.1	402.7	409.5	409.4	383.7	436.3	14.3	88.338
MF434482.1	429.5	433.9	432.4	393.0	481.2	23.0	41.534
MF434481.1	429.5	433.9	432.4	393.0	481.2	23.0	41.534
MF434480.1	378.3	404.6	403.8	374.8	441.0	16.7	57.951
MF434478.1	420.9	421.2	420.1	389.7	451.9	16.0	61.254
MF434476.1	440.4	440.8	440.9	406.3	483.5	21.3	39.809
MF434474.1	508.9	524.7	524.9	492.2	554.2	16.7	67.867
DQ356245.1	380.3	385.9	384.0	365.2	414.1	13.7	91.908
DQ356244.1	545.0	542.5	542.0	533.4	552.7	5.3	86.835
EU919539.1	562.0	558.2	558.8	546.2	566.9	5.6	89.916
AY726544.2	392.0	380.3	380.5	356.9	404.1	14.0	94.22
AY726545.1	418.8	399.1	413.0	365.8	421.7	21.2	93.064
AY745192.1	539.7	538.0	537.9	529.6	547.8	5.2	86.686
MH979602.1	477.5	486.4	487.1	474.1	496.7	5.7	86.012
MH979518.1	519.2	516.6	516.9	510.2	522.2	3.2	88.184
MH991744.1	472.9	476.9	477.4	468.5	484.1	4.3	88.393
KY458213.1	460.1	454.9	454.6	441.1	470.8	8.1	83.003
KY458212.1	452.9	448.3	447.3	436.9	464.0	6.9	81.303
KY458208.1	547.5	545.4	547.3	523.1	561.2	10.5	89.076
AY214144.1	435.9	441.9	441.9	425.9	460.6	8.6	74.359
AY214143.1	391.8	379.9	379.3	359.1	409.0	13.2	80.838
AY214142.1	506.8	495.4	495.0	481.1	509.6	7.6	77.299
AY214141.1	501.6	498.3	498.5	492.1	502.7	2.8	85.876
AY214140.1	565.3	556.4	558.1	539.0	569.6	8.5	84.314
JN990733.1	496.6	494.3	494.4	488.1	500.5	3.6	90.96
JN990732.1	562.2	557.8	558.5	541.5	566.2	5.7	90.756
MK209576.1	385.5	383.8	382.8	363.9	404.9	10.3	89.049
MK209535.1	549.4	546.4	547.7	529.2	555.0	6.3	92.857
MK209489.1	501.5	500.4	500.4	497.6	502.6	1.3	97.126
NT_166527.1	501.5	500.4	500.4	497.6	502.6	1.3	97.126
AY552608.1	420.1	414.3	419.8	386.8	420.2	11.1	88.439
AF132042.1	516.0	520.8	516.3	515.6	533.1	6.0	93.681
EF457995.1	494.5	498.0	498.0	493.8	502.2	2.1	94.828
AY631039.1	543.6	550.1	549.3	530.9	568.5	10.0	91.317
AY631038.1	458.8	461.6	461.6	445.4	473.5	6.9	94.618
AY631037.1	512.9	516.3	516.3	507.3	523.7	3.8	88.184
AY631036.1	500.5	498.2	498.6	489.8	504.6	3.9	91.243
OK432517.1	453.6	429.0	427.8	393.2	472.8	21.0	50.904
MT112887.1	456.5	455.0	455.2	420.5	480.0	16.0	45.821
MT112886.1	551.7	527.8	528.5	497.2	554.0	14.0	57.955
MT112885.1	536.1	523.5	524.3	493.6	550.0	14.7	64.8
MT112884.1	528.4	524.4	525.0	486.4	560.3	18.5	56.484
MT112883.1	610.8	571.9	610.9	494.7	611.1	49.1	59.945
MT112882.1	545.7	544.5	544.1	506.4	584.0	21.8	58.63
MT112881.1	546.4	530.6	533.9	499.6	546.5	13.8	61.69
MT112879.1	533.5	535.3	537.2	510.1	556.6	11.5	63.324
MT112878.1	547.6	532.0	536.7	495.4	547.7	14.5	62.535
MT112877.1	539.2	532.2	539.0	494.4	539.2	13.5	63.662
MT112873.1	540.9	527.7	528.3	495.6	549.5	13.3	60.795
MT112872.1	541.8	529.2	529.1	500.8	550.3	13.1	61.08
MT112871.1	520.2	518.4	519.1	488.7	542.4	14.8	65.607
MT112870.1	452.3	470.8	469.4	433.7	507.6	18.0	42.936
MT112869.1	445.2	466.9	466.3	431.4	502.2	19.4	43.539
MT112868.1	467.6	454.7	454.2	429.0	483.4	14.2	40.517
MT112867.1	453.8	463.3	462.9	426.0	495.4	19.0	43.454
MT112866.1	457.1	467.2	468.5	434.5	496.6	18.1	45.383
MT112865.1	535.8	526.5	527.2	497.6	548.2	13.0	61.932
MT112864.1	452.0	457.9	459.3	431.8	485.3	14.0	44.509
MT112863.1	474.4	475.1	478.1	443.9	512.0	17.7	45.144
MT112862.1	440.5	465.6	465.8	439.9	492.9	14.6	45.55
MT112861.1	511.3	517.9	518.2	489.4	540.5	13.5	56.941
MT112859.1	528.5	526.4	527.7	499.4	552.4	13.8	65.169
MG020535.1	466.9	468.5	467.9	440.1	495.8	15.6	29.167
MG020534.1	437.1	458.1	456.9	425.9	497.3	17.9	43.75
MG020533.1	496.7	469.9	470.0	436.8	497.5	17.0	blastp unsuccessful
MG020532.1	498.3	481.3	480.4	452.8	513.2	17.2	34.146
MG020531.1	492.3	490.8	492.3	472.0	504.4	8.9	blastp unsuccessful
MG020530.1	501.1	485.9	484.0	460.7	515.8	14.0	33.846
MG020529.1	461.8	456.9	459.5	421.4	488.9	16.8	22.535
MG020528.1	468.6	464.7	468.1	428.3	495.5	17.0	blastp unsuccessful
MG020527.1	473.0	468.7	468.2	431.2	504.7	17.9	blastp unsuccessful
MG020526.1	459.2	469.1	472.2	427.2	496.1	17.6	blastp unsuccessful
MG020525.1	475.9	470.2	471.6	439.0	497.6	16.4	blastp unsuccessful
MG020524.1	524.7	522.8	523.1	495.7	541.8	12.8	62.216
MG020522.1	452.1	463.4	463.3	420.5	495.3	19.7	44.011
MG020521.1	610.8	570.8	607.4	494.8	611.2	48.5	59.211
DQ646869.1	540.1	527.4	526.6	497.8	549.9	13.4	60.511
DQ646871.1	542.4	528.6	528.4	497.9	550.8	13.3	61.667
DQ646870.1	607.7	562.5	587.7	491.7	612.8	45.1	56.693
GQ422496.1	526.2	524.3	525.0	517.1	527.8	3.2	97.159
AY673770.1	496.2	496.8	497.0	492.5	500.2	2.1	95.763
AY673765.1	453.6	453.1	454.5	438.1	464.8	7.0	81.481
AY673758.1	523.8	520.7	521.2	514.7	525.3	3.0	96.307
AY673711.1	424.6	424.1	424.4	413.3	433.5	4.4	94.872
AY673692.1	551.7	548.0	548.5	537.1	556.9	5.1	92.997
GQ422514.1	483.0	485.1	485.2	474.9	492.8	4.3	95.455
GQ422510.1	483.0	485.0	485.1	474.9	492.8	4.2	95.739
MW219690.1	519.3	513.0	513.2	503.5	520.2	4.5	83.768
MW219689.1	510.0	510.7	511.2	499.9	520.9	4.6	85.269
MW219688.1	512.6	512.3	513.0	500.9	520.9	4.6	85.836
MW219691.1	452.3	448.2	448.2	435.9	460.1	7.2	84.0
MW219687.1	490.8	492.1	490.9	489.9	501.6	3.3	99.424
ON817142.1	439.8	432.0	432.4	418.5	443.9	6.7	87.216
ON817114.1	492.9	487.9	488.2	475.7	498.2	5.9	87.202
ON817113.1	516.3	513.9	514.7	504.6	521.3	4.0	85.552
MW219678.1	513.2	512.1	512.8	503.2	520.6	4.1	86.119
MW219677.1	514.9	513.0	513.2	504.6	519.0	3.7	85.552
MW219676.1	449.5	447.5	447.6	435.5	459.1	6.6	85.755
MW219675.1	498.2	498.7	499.1	492.8	501.8	2.3	98.851
EF667285.1	391.2	382.5	382.1	362.2	403.6	10.2	91.143
EF667284.1	391.2	382.3	381.6	362.2	403.6	10.2	91.143
NT_166527.1	391.2	382.5	382.1	362.2	403.6	10.2	91.143
AF425076.1	504.5	494.2	494.7	478.9	506.6	7.7	80.117
AF425075.1	437.5	442.9	442.7	427.2	460.5	8.6	74.359
AF425074.1	392.0	384.0	383.0	360.0	417.6	14.7	80.24
AF425073.1	565.3	555.8	557.2	537.2	568.4	8.6	84.874
AF425072.1	501.4	497.9	498.5	488.4	502.7	3.4	85.876
DQ088639.1	422.1	422.6	422.7	415.5	431.5	3.4	95.157
DQ088636.1	457.3	453.2	454.9	437.9	464.2	7.1	81.766
DQ088633.1	515.1	515.7	516.4	508.8	519.5	3.0	96.307
DQ088630.1	525.9	524.2	524.9	516.9	527.9	3.2	96.307
DQ088627.1	556.2	554.5	554.9	544.1	561.6	4.6	94.118
DQ088645.1	479.7	480.6	481.2	471.2	487.0	3.9	94.783
GQ422475.1	498.9	499.5	499.3	497.5	502.4	1.3	97.458
AY771352.1	488.0	487.0	487.8	474.8	493.6	4.2	84.348
AY927651.1	369.3	375.3	369.1	368.8	407.0	11.6	81.845
GU906264.1	487.4	486.5	487.4	451.8	517.8	17.1	40.643
GU906263.1	487.4	486.5	487.4	451.8	517.8	17.1	40.643
GU906262.1	487.4	486.5	487.4	451.8	517.8	17.1	40.643
AF000947.1	487.1	486.5	487.1	451.7	517.8	17.1	40.708
MN519163.1	542.4	541.3	541.0	523.8	554.8	7.7	82.74
MN519152.1	486.5	486.4	486.5	473.3	497.6	6.4	79.155
MN519142.1	499.0	495.7	495.9	489.7	501.2	3.1	90.96
DQ352179.1	546.2	544.6	544.9	535.4	553.0	4.5	87.115
MW219664.1	459.5	453.7	453.7	440.8	466.5	7.3	84.136
MW219663.1	502.0	500.6	501.3	488.8	510.2	5.7	83.478
MW219662.1	494.8	495.1	495.1	491.5	498.1	1.8	98.281
MT850057.1	552.0	550.4	552.0	527.6	565.1	10.4	90.683
MT850056.1	517.4	522.6	521.6	516.1	534.0	4.4	89.049
MT850055.1	559.5	558.0	558.9	547.9	565.1	5.0	95.518
MT663560.1	355.1	357.3	355.1	352.4	376.0	5.6	94.328
AY296737.2	447.5	447.9	447.9	438.8	457.6	3.7	86.325
AY296740.1	559.5	558.0	559.0	548.0	565.4	5.0	94.118
AY296739.1	517.4	522.6	521.6	516.1	534.0	4.4	88.793
AY296738.1	501.8	501.1	501.1	496.8	505.0	2.1	93.22
AY296736.1	397.6	404.7	397.4	396.9	430.6	11.1	94.034
AY296741.1	551.7	549.2	549.8	527.2	564.9	10.5	90.373
AH007939.2	442.1	441.6	441.1	425.5	458.4	8.3	74.074
U12025.1	532.8	525.9	525.6	505.7	543.2	9.2	79.718
U12024.1	534.1	531.8	532.5	510.4	546.0	8.8	82.521
AY587901.1	571.7	558.5	560.4	523.1	577.7	14.7	92.651
AY587904.1	351.7	372.1	357.1	348.4	421.1	24.4	64.146
AY587903.1	475.8	472.8	478.1	435.8	498.1	18.5	75.526
AY587902.1	436.1	439.1	437.7	424.1	458.2	9.1	77.045
AY655163.1	340.1	369.5	361.5	339.0	428.9	26.4	65.289
AY214149.1	437.4	445.4	445.2	430.1	465.6	9.5	73.789
AY214148.1	390.1	381.3	382.3	356.9	416.1	14.3	80.24
AY214147.1	509.0	498.1	497.6	482.7	512.8	7.9	79.24
AY214146.1	501.6	498.7	498.8	492.5	504.6	3.1	85.876
AY214145.1	559.9	552.9	553.9	533.5	566.6	8.9	84.874
DQ309027.1	498.7	495.8	495.9	487.2	506.5	5.2	78.492
MF035580.1	381.0	392.5	387.2	360.2	434.7	21.3	65.0
MF035579.1	360.5	378.9	375.3	351.0	420.5	20.9	66.765
MF035578.1	430.5	435.0	434.6	420.8	459.9	8.6	89.211
MF035577.1	548.8	539.3	539.8	522.5	555.6	9.3	80.952
MF035575.1	430.5	435.0	434.5	420.8	459.9	8.6	89.211
AY673771.1	497.8	497.4	497.4	494.8	500.3	1.6	97.175
AY673742.1	497.9	497.6	497.7	495.1	500.4	1.5	97.458
AY673712.1	424.6	425.1	425.2	414.7	434.1	4.6	94.587
AY673691.1	552.9	552.5	552.8	542.1	561.0	4.9	93.838
MH979601.1	478.3	488.2	489.3	475.2	496.9	5.8	85.714
MH979586.1	430.3	440.6	441.0	420.2	465.1	11.3	82.353
MH979567.1	449.0	448.1	447.1	437.2	463.1	6.6	79.887
MH979544.1	551.7	548.8	551.3	525.9	564.9	10.9	89.076
MH979517.1	519.2	516.7	516.8	510.1	522.5	3.2	88.184
MH991743.1	473.4	477.5	477.8	469.2	486.4	4.4	87.5
MH991729.1	456.8	453.5	453.2	438.8	469.6	8.2	82.72
AY775106.1	372.6	367.9	368.3	359.2	376.8	4.6	94.03
AY775065.1	419.4	423.2	423.0	417.2	431.4	3.0	95.157
AY775121.1	499.2	499.5	499.3	497.1	502.6	1.5	98.023
AY775071.1	514.8	515.2	515.9	508.5	519.5	3.1	96.307
AY775061.1	452.8	453.1	454.6	438.1	464.6	7.0	84.136
MH979609.1	481.4	491.4	492.0	477.4	501.1	5.7	85.417
MH979590.1	420.9	424.0	422.1	410.2	443.2	8.6	85.795
MH979575.1	450.3	446.5	446.5	434.0	460.6	6.7	79.887
MH979526.1	526.8	518.6	518.8	510.7	524.6	3.7	88.184
MH991746.1	473.7	475.4	475.6	467.2	482.9	4.2	88.393
NT_166527.1	473.7	475.4	475.6	467.2	482.9	4.2	88.393
AB619216.1	545.3	550.0	550.4	536.2	558.5	5.7	91.292
MN519158.1	505.8	506.9	506.7	493.2	521.7	6.6	81.408
MN519147.1	501.8	497.8	498.3	490.2	503.4	3.3	87.853
MH979593.1	417.6	418.1	417.0	403.2	437.6	8.9	83.523
MH979580.1	443.8	446.4	446.0	434.9	459.6	5.9	81.303
MH979531.1	515.4	513.2	513.1	507.2	519.3	3.4	88.761
GQ422490.1	526.2	524.3	525.0	517.1	527.8	3.2	97.159
AY673767.1	496.2	496.8	497.0	492.5	500.2	2.1	95.48
AY673761.1	453.6	453.1	454.5	438.1	464.8	7.0	81.481
AY673754.1	523.8	520.7	521.2	514.7	525.3	3.0	96.307
AY673753.1	523.8	520.9	521.4	515.5	524.9	2.7	96.307
AY673739.1	496.1	496.8	496.8	492.6	500.1	2.1	95.48
AY673709.1	424.6	424.1	424.4	413.3	433.5	4.4	94.872
AY673699.1	523.8	520.9	521.4	515.5	524.9	2.7	96.307
AY673689.1	551.7	548.0	548.5	537.1	556.9	5.1	92.997
GQ422513.1	483.0	485.0	485.1	474.9	492.8	4.2	95.739
NC_044212.2	483.0	485.0	485.1	474.9	492.8	4.2	95.739
GQ280393.1	461.4	469.9	470.0	437.4	499.3	15.9	43.564
AF222333.1	560.7	560.6	560.3	556.4	565.4	2.4	94.633
AF222332.1	440.8	442.1	441.0	436.7	450.6	3.2	87.123
AF222331.1	359.3	372.8	359.5	358.8	405.9	17.4	92.216
AF222330.1	504.9	503.9	504.7	495.7	509.0	3.1	96.056
AB547151.1	480.0	482.8	481.7	458.4	513.0	15.6	28.485
MK209527.1	546.3	543.0	544.1	524.2	551.5	6.2	93.132
MK209481.1	499.2	498.1	498.4	493.6	501.2	2.0	96.552
KT933073.1	468.7	476.3	476.6	463.5	486.2	6.6	83.382
JX564537.1	563.8	560.3	559.6	551.0	571.0	6.0	93.838
EF517407.1	526.9	510.8	521.6	479.4	528.4	18.5	88.304
KU645265.1	360.7	367.3	366.3	355.4	382.8	8.0	81.268
KU645264.1	361.6	366.8	364.7	357.2	383.6	7.4	88.358
KU645263.1	361.0	364.8	362.9	352.4	381.1	7.6	85.591
KU645262.1	355.2	362.2	360.8	351.6	378.9	7.3	86.455
KU645261.1	361.6	368.0	367.3	356.3	383.2	7.6	84.726
KU645260.1	361.0	364.4	363.4	352.6	380.8	7.5	86.167
KU645238.1	539.7	528.9	531.2	509.7	544.1	9.2	84.11
KU645237.1	542.1	532.4	533.7	512.6	546.9	9.5	84.384
KU645236.1	542.1	532.6	533.4	513.4	547.0	9.3	84.932
KU645235.1	539.9	530.9	532.6	511.2	546.5	9.7	83.836
KU645234.1	541.9	531.2	532.6	512.4	546.7	9.5	83.836
KU645233.1	539.9	531.3	532.3	512.9	546.4	9.4	84.384
KU645211.1	478.6	479.2	475.6	470.1	496.3	8.3	86.479
KU645210.1	466.6	471.0	467.5	460.9	487.5	8.5	85.915
KU645209.1	469.1	470.6	467.0	459.6	488.4	8.6	85.07
KU645208.1	463.1	468.5	464.3	457.9	487.2	9.0	85.915
KU645207.1	462.1	469.6	465.6	459.3	488.4	8.9	85.915
KU645206.1	467.4	472.1	467.2	462.9	489.1	8.8	84.789
AY024356.1	359.5	363.7	360.0	357.5	380.1	7.1	85.303
