feature,rf,xgb,gbr,BayesianRidge,mean
1,1.843597189361994e-05,5.521303592104232e-06,6.5317613435418105e-06,0.06572006244106146,0.016437637869472683
2,0.00033325135037407905,6.286915595410392e-05,0.0005322620138233984,0.09808451123380713,0.024753223438489676
3,0.00042354941325712156,4.586050636135042e-05,0.0009722352707755385,0.15660272985080062,0.039511093760298654
4,7.042958314163974e-05,2.694311842788011e-05,0.0,0.10443866135485506,0.026134008514106147
5,3.971180934685114e-05,2.5089873361139325e-06,0.0,0.08308312319715923,0.02078133599846055
6,1.3565238522168376e-05,3.790817208937369e-05,0.0,0.03791646036682496,0.009491983444359125
7,6.784909012307517e-05,1.691032412054483e-05,0.0,0.04989670787197338,0.01249536682155425
8,0.0001934189504149765,2.240144385723397e-05,0.0,0.0717696304286919,0.017996362705741027
9,0.013706491516649115,4.362284380476922e-05,0.0,0.044260759335165704,0.014502718423904897
10,0.00032419120425865685,5.500724000739865e-06,0.0,0.11809313833645585,0.02960570756617881
11,3.726630933601798e-05,6.1856594584241975e-06,3.971125509705349e-05,0.06734408207876302,0.01685681132566363
12,6.917962775345349e-06,1.4520414879370946e-06,0.0,0.09037711580254919,0.022596371451703116
13,6.482172013016106e-05,4.1550956666469574e-05,5.7469736216307896e-05,0.05825052770863581,0.014603592530412188
14,8.976030389837311e-05,1.2975881872989703e-05,0.0,0.0794294425416522,0.01988304468185589
15,1.4884736117573264e-05,1.3007997040404007e-05,0.0,0.13028520564374854,0.03257827459422663
16,2.9855268084909128e-05,2.1082716557430103e-05,3.412460554992502e-05,0.1221560811463989,0.030560285934147793
17,0.00011950658841902679,3.979159737355076e-05,0.00012445285636489503,0.08202507583136821,0.02057720671838142
18,1.6758714855583806e-06,0.0582081601023674,0.0,0.02182397195753435,0.020008451982846828
19,7.072164096166e-05,2.958679397124797e-05,0.00012448112487238177,0.082662521338432,0.02072182772455932
20,2.3035382854571585e-05,0.0,0.0,0.04499251938641469,0.011253888692317315
21,4.7180316202485154e-05,0.0006565986550413072,0.0,0.06371138809094007,0.016103791765545966
22,0.00014923783843483657,0.00019461287593003362,0.0,0.02647581590515958,0.006704916654881112
23,0.0,0.0,0.0,0.0,0.0
24,7.968661477091279e-05,2.114718154189177e-05,0.0,0.13016778915993357,0.0325671557390616
25,7.358138252390281e-05,3.034615292563103e-05,0.0,0.060517357392631484,0.015155321232020255
26,3.385094253282492e-05,0.0388367585837841,0.0,0.05172887857319701,0.022649872024878483
27,0.00014574388538811866,9.693379979580641e-05,0.00030381166422739576,0.10707050981190373,0.026904249790328762
28,9.76496171465883e-07,0.0,0.0,0.05303192934714374,0.013258226460828802
29,2.0056551328304393e-05,8.346793947566766e-06,0.0,0.12440801399571108,0.03110910433524674
30,7.599511874465143e-05,2.5336861654068343e-05,0.0,0.22346978373805076,0.05589277892961237
31,8.92700207508721e-05,1.4287942576629575e-05,0.043182161270082266,0.028974795458758085,0.018065128673041962
32,9.613328699050898e-05,2.0895178749924526e-05,0.0006072669156694671,0.11337296595689908,0.028524315334577246
33,0.00020360803621333317,0.00010462878708494827,1.0684284364804348e-05,0.05983834014501186,0.015039315313168737
34,0.0001668860801003564,0.0002589984505902976,7.049070641637696e-05,0.051070992626242144,0.012891841965837293
35,3.285365446797027e-05,4.3587646359810606e-05,0.00015316319347948986,0.07354193429687025,0.01844288469779438
36,8.346255190844555e-05,6.724010017933324e-05,0.0,0.13156195565130072,0.03292816457584712
37,0.00023246298545099588,0.00015083908510860056,0.005086461478505464,0.077478481812667,0.020737061340433016
38,0.0004181259369817696,1.0217874660156667e-05,0.00023161434798011268,0.04971777237753857,0.012594432634290153
39,0.00020749532115680173,2.0285013306420296e-05,0.00010017528456593314,0.10190201816513368,0.02555749344604071
40,2.659811858582034e-05,3.282799298176542e-06,0.0,0.07182472087222289,0.01796365044752672
41,0.00018686232406471017,0.0002681307087186724,0.00028027215453836,0.07344278701054849,0.018544513049467557
42,0.00019823372122636427,7.778663712088019e-05,8.97948875870834e-05,0.12510845436257698,0.031368567402127824
43,7.320337418612834e-05,5.6664198666567245e-08,0.0,0.04253374081450635,0.010651750213222786
44,6.872830965317266e-05,4.530625665211119e-05,0.00019452442101578084,0.12965579580742423,0.032491088698686325
45,0.0013501903057844835,9.651122127252165e-06,7.43852922390825e-06,0.07159397738013151,0.01824031433431679
46,0.00033937628919563257,3.2761727197794244e-05,4.5226637380596866e-05,0.06910833582601539,0.017381425119947353
47,0.0032415095708323576,0.004080062732100487,0.0,0.10263976707593969,0.027490334844718134
48,3.293512912490832e-05,5.097573375678621e-05,0.0,0.020399901689024322,0.0051209531379765045
49,0.0004731944937545285,8.597660780651495e-06,0.00019999327935032578,0.08566596934969631,0.021586938695895452
50,0.00025661347298002943,9.042052261065692e-05,1.3823129090794472e-05,0.0660548920024394,0.01660393728178022
51,9.76496171465883e-07,0.0,0.0,0.05303192934714374,0.013258226460828802
52,0.00029316498664792536,5.23341768712271e-05,0.0003694990900781386,0.19039792742392825,0.04777823141938139
53,1.8780542359482855e-05,4.8167406930588186e-05,0.0,0.12842752487444542,0.032123618205933874
54,5.436137574093647e-05,8.921922562876716e-05,0.0,0.06412731930927121,0.01606772497766023
55,0.0,0.0,0.0,0.0,0.0
56,0.00022906723360973839,5.132388832862489e-05,1.1962830222903732e-05,0.08560443072118118,0.02147419616833561
57,0.0002587013547928683,0.00010027177631855011,9.016715347833953e-05,0.06598169950162254,0.016607709946553074
58,1.9015050396755548e-06,0.0,0.0,0.14212833353510315,0.03553255876003571
59,0.00036244406770833033,3.9709477277938277e-05,0.0006260396885625521,0.165728077299991,0.04168906763338496
60,0.00027302714200298577,3.238246790715493e-05,7.334364490134063e-05,0.10734403528881799,0.02693069713590737
61,0.000450987583743015,0.0008599363500252366,0.0,0.06863610840290049,0.017486758084167185
62,0.0,0.0,0.0,0.0,0.0
63,0.0003859181232193814,0.0002319805062143132,1.401302544344703e-05,0.09056935434964619,0.022800316501130832
64,0.00013010682195955836,1.6165697161341086e-05,0.0,0.09727707547177543,0.024355836997724083
65,0.03474164168436326,0.01742166467010975,0.1090945312019353,0.04694823869866794,0.05205151906376906
66,0.0,0.0,0.0,0.0,0.0
67,0.0,0.0,0.0,0.0,0.0
68,0.0,0.0,0.0,0.0,0.0
69,2.0450703190876668e-05,0.0001200924307340756,0.0,0.06489328738367812,0.016258457629400768
70,0.001303092259604146,0.001781741506420076,0.0,0.060129132816468166,0.015803491645623096
71,0.0,0.1164163202047348,0.0,0.016416168526577287,0.03320812218282802
72,0.0,0.0,0.0,0.0,0.0
73,0.0,0.0,0.0,0.0,0.0
74,1.7112966660825853e-05,0.0,0.0,0.0279799009027983,0.006999253467364782
75,0.0,0.0,0.0,0.0,0.0
76,0.0,0.0,0.0,0.0,0.0
77,0.00014392500000289912,0.00174325134139508,0.00015530733074201378,0.07678675669933929,0.01970731009286982
78,0.0,0.0,0.0,0.0,0.0
79,0.009360458761170873,8.462375262752175e-05,0.04430136715132893,0.13418519348567604,0.04698291078770084
80,9.07793285883378e-05,1.0119734724867158e-05,0.0,0.20433416636276755,0.05110876635652019
81,0.00023064769736038523,1.4268154700403102e-05,0.0,0.02728505492534989,0.00688249269435267
82,0.00015009048395582365,7.101300980139058e-06,0.00031076151334725403,0.13064059185606608,0.032777136288587326
83,8.689746216666836e-05,1.1626001651166007e-05,0.0,0.05154278983192057,0.012910328323934602
84,0.0003502148930007987,3.950617974624038e-05,0.0,0.006870859000399404,0.0018151450182866107
85,0.0002877001192621058,1.5680598153267056e-05,0.00019898289277570257,0.0847777296134277,0.02132002330590469
86,0.026304059940281455,0.0239742211997509,0.0352210027247085,0.737703845151755,0.20580078225412396
87,0.000133920150605838,0.0002581134031061083,0.0,0.07473729044097219,0.018782330998671035
88,7.70612972721991e-05,2.9400935090961866e-05,0.00022564564951490232,0.08226947746732352,0.020650396337300397
89,3.0131700496419903e-05,4.5898968892288394e-06,0.0,0.13591195623085042,0.03398666945705902
90,0.006107967258373671,0.00021485588513314724,0.004778308396115632,0.6069043035784812,0.15450135877952592
91,0.00035296070669593754,5.2149411203572527e-05,0.00011146778564217502,0.1902068505030358,0.04768085710164437
92,3.3350741200083464e-05,5.578769105341053e-06,0.0,0.10565657304817481,0.02642387563962006
93,0.008394433682443147,0.00046679924707859755,0.007140501077786444,0.4988147221812002,0.1287041140471271
94,0.0005958793177340064,0.00012031716323690489,0.0003177193571924815,0.21766760798202964,0.05467538095504826
95,0.00024595383146649427,3.104560528299771e-05,7.424801621407583e-05,0.1464725285472119,0.036705944000043865
96,0.002497810623139769,0.0007489301497116685,0.0022960034151998134,0.14681330507594395,0.0380890123159988
97,0.0011252342712022767,9.141492046182975e-05,0.0005225468865100735,0.2663038336774466,0.0670107574389052
98,5.6346162006819735e-05,5.779123057436664e-06,0.0,0.08119577059717524,0.020314473970559875
99,0.00012531038350068287,3.6919893318554386e-05,6.084460122697564e-05,0.06831111693003222,0.017133547952019608
100,0.0005024047237201894,0.00011373617599019781,0.0016670764134124171,0.10942151908578839,0.0279261840997278
101,5.111588838875615e-06,3.6663422520177846e-07,0.0,0.03850465528489938,0.009627533376990864
102,0.0,0.0,0.0,0.0,0.0
103,0.00013577457463481517,3.4042675451928517e-06,0.00020085136610488257,0.15783178468754244,0.03954295372395683
104,0.00029396585532193007,3.216068944311701e-05,0.0,0.08462785989459311,0.02123849660983954
105,0.00017926058706211825,4.695054030889878e-06,0.0,0.032884664434593376,0.008267155018921597
106,0.0,0.0,0.0,0.0,0.0
107,0.004402700704732049,5.991210855427198e-05,0.0,0.08771463321035676,0.02304431150591077
108,0.0006504626741910846,0.0007980933878570795,0.0007373224671295849,0.08300797989692031,0.021298464606524514
109,0.0073439689852720725,0.0036939443089067936,0.0390874792835735,0.3599136667982662,0.10250976484400465
110,0.0,0.0,0.0,0.0,0.0
111,0.00011872548630736109,0.00020132039207965136,5.663575196591778e-05,0.13548162291699814,0.03396457613683777
112,0.00470265342542262,0.00012097406579414383,0.013330913529000267,0.0960933269250689,0.028561966986321484
113,0.00751129765653363,0.0002530868514440954,0.0053614004046101974,0.15579658428494583,0.04223059229938344
114,0.001081941950784705,9.103868796955794e-05,0.000379579018736563,0.13804049298137494,0.03489826315971644
115,0.00020715540550030287,5.166288246982731e-05,0.00021717121735428593,0.0650898204520831,0.01639145248935188
116,0.0020229584759125633,0.0008605056209489703,0.0014924233330696646,0.13374821336346737,0.03453102519834964
117,0.0008808373902125934,9.4459333922714e-05,0.0003453641098829464,0.2549474820736253,0.06406703572691089
118,0.0034597160417086585,0.0005516672390513122,0.021415796679246493,0.3154871153056359,0.0852285738164106
119,0.0010397440073383285,3.452947930782102e-05,0.004396610601658788,0.1964478372891397,0.05047968034436116
120,0.0003251549017937622,2.448494160489645e-05,0.00010972630067850305,0.07466563279754435,0.018781249735405375
121,0.0,0.0,0.0,0.0,0.0
122,0.004273549791586641,0.00013669711188413203,0.004553991629576689,0.35796996182772656,0.0917335500901935
123,8.925375820417533e-05,1.1543019354576245e-05,0.0,0.11898407180274821,0.02977121714507674
124,0.0004923605975603992,0.0002636269200593233,0.0017370044839636798,0.09423802489882695,0.024182754225102587
125,2.774014994377814e-05,2.6520105166127905e-05,0.0,0.3652746713884137,0.0913322329108809
126,0.0,0.0,0.0,0.0,0.0
127,0.0,0.0,0.0,0.0,0.0
128,0.0,0.0,0.0,0.0,0.0
129,3.505634568956276e-05,1.1947346138185821e-05,3.0448501367209807e-05,0.15553813000157163,0.03890389554869165
130,5.180480408332133e-05,3.9816091884858906e-05,0.0,0.02007571445236762,0.00504183383708395
131,0.0005270083769880848,0.0006833288935013115,0.0,0.09935047515104861,0.025140203105384503
132,3.089492902468879e-05,0.0,0.0,0.06065730996842836,0.015172051224363261
133,5.536430720891645e-05,9.399111149832606e-06,0.0,0.03802444277675422,0.009522301548778242
134,0.0,0.0,0.0,0.0,0.0
135,0.0,0.0,0.0,0.0,0.0
136,1.2227879766497593e-05,0.0,0.0,0.00699693916849889,0.0017522917620663469
137,0.00016230569823746685,5.4168540373211727e-05,4.150253033830107e-06,0.14467034017413932,0.03622274116644596
138,0.0,0.0,0.0,0.0,0.0
139,1.4361389694215267e-05,0.008950255811214447,0.0,0.12253555382374938,0.03287504275616451
140,0.0,0.0,0.0,0.0,0.0
141,0.0,0.0,0.0,0.0,0.0
142,0.0,0.0,0.0,0.0,0.0
143,2.5063542264562965e-05,3.8433048757724464e-05,0.0,0.04053783499166512,0.010150332895671852
144,0.0001572175894168215,6.881499575683847e-05,0.0,0.04180100968490911,0.010506760567520692
145,0.00013582431833443416,1.3468051292875316e-05,0.0,0.11654029479912044,0.029172396792186937
146,5.71566479383522e-05,1.1738189641619101e-05,0.0,0.018631856980199146,0.004675187954444779
147,7.085280904144616e-05,7.397242143269978e-07,2.1435820504592143e-05,0.08714289267404805,0.021808980256952104
148,0.0,0.0,0.0,0.0,0.0
149,0.00012769808119338726,1.2926517229061574e-05,0.00036052146139247873,0.05141894823671488,0.012980023574132452
150,0.0002427218627986121,0.00038826846866868436,0.0006075767565341718,0.11117447600376573,0.0281032607729418
151,0.0001306173132948916,0.0001314944529440254,0.0,0.06599369575167073,0.01656395187947741
152,8.652503773374602e-06,6.011745426803827e-05,0.00018598627021492795,0.09174119434307475,0.02299898764283277
153,0.0,0.0,0.0,0.0,0.0
154,9.748395777839593e-05,4.0598642954137176e-05,3.9421678322101506e-05,0.09672944838086625,0.02422673816498022
155,0.00022382098611531257,0.0002339498169021681,0.0004726078166748233,0.08019267659982258,0.020280763804878723
156,0.00011541153647132205,1.4789758040478773e-07,7.488753248320217e-05,0.1595484631217056,0.03993472752206013
157,3.885407543201431e-05,1.3587629837275017e-05,0.0,0.03481156348772128,0.008716001298247641
158,0.0002466098475689297,0.0001683691079961136,3.605950786765009e-05,0.017682881962316953,0.004533480106437411
159,7.820320495830668e-05,0.00011900629760930315,0.0005650483174417359,0.05610566541065107,0.014216980807665104
160,9.03901384826223e-05,7.01676117387251e-06,0.0,0.021407860547791327,0.005376316861861956
161,0.0,0.0,0.0,0.0,0.0
162,0.00030441826681218534,1.3757299711869564e-05,0.00033127450964590203,0.07407782143382818,0.018681817877499535
163,0.00014915512944438866,0.0001237654942087829,0.0,0.10535246773744104,0.026406347090273553
164,0.0012539667131468296,0.0005149109638296068,0.04901893386633838,0.30332591889630384,0.08852843260990466
165,0.00026668884988725395,0.00013841026520822197,7.37601528503932e-05,0.11453140852306827,0.028752566947753536
166,6.926841242723198e-05,3.704219125211239e-06,0.0,0.07631604131833611,0.019097253487472137
167,3.218436887794922e-05,0.0,0.0,0.03535664841381363,0.008847208195672893
168,0.002333459737018978,0.0020077861845493317,0.0019287671694097328,0.15370997440192768,0.039994996873226434
169,9.993352541839512e-05,0.00030969735234975815,3.8453864283676284e-05,0.03257907695479756,0.008256790424212348
170,0.0,0.0,0.0,0.0,0.0
171,0.0,0.0,0.0,0.0,0.0
172,3.078501242074077e-05,0.0001581682008691132,0.0,0.08526582745107239,0.02136369516609056
173,0.00028066708251456713,2.244499683001777e-06,0.0,0.02913019540866901,0.007353276747716644
174,0.0,0.0,0.0,0.0,0.0
175,0.0,0.0,0.0,0.0,0.0
176,0.0,0.0,0.0,0.0,0.0
177,0.0,0.0,0.0,0.0,0.0
178,0.0015849177347415822,0.00015432194049935788,0.0033740967118533398,0.3792549606332362,0.09609207425508262
179,6.756372010082285e-05,3.494560223771259e-05,6.297208176598182e-05,0.042084657591945566,0.01056253474901252
180,0.0,0.0,0.0,0.0,0.0
181,0.1977516670289172,0.03250423073768616,0.1550048047335881,0.7070775587313561,0.2730845653078869
182,0.0,0.0,0.0,0.0,0.0
183,0.00033130194596948535,0.0006282065878622234,0.00045500714455542563,0.12379081140411972,0.03130133177062672
184,0.11793904235639761,2.6098077796632424e-05,0.11862706474608979,0.3542455071051127,0.14770942807134918
185,7.5743066780913435e-06,1.3457026852847775e-06,0.0,0.06543160113873177,0.016360130287023787
186,0.0,0.0,0.0,0.0,0.0
187,0.0,0.0,0.0,0.0,0.0
188,0.0,0.0,0.0,0.0,0.0
189,3.138635324769765e-05,7.226235084090149e-06,0.0001418478508844229,0.06835798921667209,0.017134612413972076
190,0.0,0.0,0.0,0.0,0.0
191,0.025886472909088517,0.06863562762737274,0.7457287052153233,0.1374828269226815,0.24443340816861653
192,9.76496171465883e-07,0.0,0.0,0.05303192934714374,0.013258226460828802
193,6.673582181532072e-06,0.0,0.0,0.07258563319576304,0.018148076694486145
194,6.059176109021056e-05,6.711596597597236e-06,1.4235853837342301e-05,0.03928215656178596,0.009840923943327777
195,9.299019762287073e-05,0.0001401091431034729,6.463841264482415e-05,0.07714680030327574,0.019361134514161726
196,2.886875298520921e-05,0.02911718748509884,0.0,0.04598548199058911,0.01878288455716829
197,2.9415094653010146e-05,1.3079584277875256e-06,8.973573354848921e-06,0.11028268931338642,0.027580596484955516
198,5.819078929845349e-05,7.915949936432298e-06,0.0004011454317725065,0.08184767994103155,0.020578733028009735
199,0.0003300712565447517,8.995951247925404e-06,4.94869416300969e-05,0.057720330154404365,0.014527221075956784
200,7.60554420167294e-05,2.8046051738783717e-05,4.041482613765838e-05,0.1501401178966856,0.037571158554144696
201,4.436427883248495e-05,1.5803985661477782e-05,0.0,0.02504983628887162,0.006277501138341396
202,6.287640547964097e-05,2.6826940029422985e-06,0.0,0.04947371426240922,0.01238481834047295
203,0.0008371811614451693,0.0002659443416632712,0.000581302455472252,0.21277560578108023,0.053615008434915234
204,8.801697096315103e-06,1.6182737283543247e-07,0.0,0.06541265712766034,0.016355405163032372
205,2.762357599619214e-05,2.137694536941126e-05,0.0,0.048852195217172246,0.012225298934634463
206,0.00015310889364438413,1.1648930922092404e-06,0.0,0.06126319923796737,0.015354368256175992
207,0.00042465494449412316,0.00026863496168516576,2.0040936785261265e-05,0.23967665906631383,0.06009749747731959
208,9.263122688658352e-05,0.0,0.0,0.02743093212704264,0.006880890838482306
209,0.0001268399644652697,3.072083927690983e-05,0.00014188046048978223,0.02620932579959918,0.006627191765957785
210,3.4973488945572526e-05,1.7333155710730352e-06,0.0,0.06524970157203643,0.016321602094138268
211,0.0003049733172005992,0.0,0.00031038499988915875,0.12051602698085945,0.0302828463244873
212,4.575607841265219e-06,0.0,0.0,0.02854687670676702,0.007137863078652071
213,0.0001534592681816734,2.14559149753768e-05,9.93076525562621e-05,0.06440098222693925,0.01616880126566314
214,0.0002067138803123031,1.4301550436357502e-05,0.000146861991717895,0.08245210761103737,0.02070499625837598
215,0.0,0.0,0.0,0.0,0.0
216,9.340175015699565e-05,0.00018327815632801503,0.00026779088044581647,0.026595768645021053,0.00678505985798797
217,0.0001390938725756311,2.1182002456043847e-05,0.00021524052592585964,0.09368305843374071,0.023514643708674562
218,0.00010602526506911241,1.4277224181569181e-05,0.0,0.043006001109841804,0.010781575899773122
219,7.421878005257524e-06,3.4862150641856715e-06,0.0,0.023379259489784747,0.005847541895713547
220,0.00017678440172014912,7.039901538519189e-05,1.6523618534403317e-05,0.03664107413368272,0.009226195292330616
221,2.2120614399490118e-05,1.8208424080512486e-05,0.0,0.03879349962012221,0.009708457164650554
222,4.102333037445045e-05,1.094195312134616e-07,0.0,0.07297856010450329,0.01825492321360224
223,0.0,0.0,0.0,0.0,0.0
224,0.0003718700934732259,0.0005675855209119618,0.0,0.18713344949678265,0.04701822627779196
225,8.643219433209107e-05,6.116353324614465e-05,0.0,0.07637083482693666,0.019129607638628723
226,1.4915678934789943e-05,0.0,0.0,0.03133871368501194,0.007838407340986682
227,1.9076467066423706e-05,5.093873551231809e-05,0.0,0.054147750173711685,0.013554441344072608
228,0.00018257057406184603,5.558410703088157e-05,0.00029818710203222045,0.13793225215960572,0.03461714848568267
229,8.1979331758654e-05,8.594748942414299e-05,0.00042914721828228255,0.08351422225231092,0.021027824072944
230,0.025881544076751292,9.636677305024932e-07,0.0016582708289918193,0.11882896131962034,0.03659243497327349
231,0.0005527013413532777,0.0003809759800788015,0.00017436173441677603,0.17391744224868766,0.04375637032613413
232,0.00020589935528673154,0.00015511589299421757,4.585512879861692e-05,0.07171024674801861,0.018029279281274544
233,6.174648783966294e-05,1.3050911547907162e-05,0.0,0.13181109697173637,0.032971473592780985
234,0.0,0.0,0.0,0.0,0.0
235,4.4019103570208684e-05,3.9289307096623816e-06,0.0,0.0838202332006764,0.02096704530873907
236,0.0,0.0,0.0,0.0,0.0
237,0.0,0.0,0.0,0.0,0.0
238,1.5293537305259168e-05,2.326591811652179e-06,0.0,0.04282546891591485,0.010710772261257941
239,7.559984283417957e-05,1.6097668776637875e-05,0.0,0.037197603648959146,0.009322325290142491
240,0.0,0.0,0.0,0.0,0.0
241,2.29649535622803e-05,2.9372442895692075e-06,0.0,0.042720557216345746,0.010686614853549398
242,0.0002930290126838417,4.8796255214256234e-06,0.0,0.09511332035431275,0.023852807248129503
243,0.0,0.0,0.0,0.0,0.0
244,0.0,0.0,0.0,0.0,0.0
245,7.502459423313445e-06,0.0,0.0,0.041386605602025915,0.010348527015362307
246,0.0,0.0,0.0,0.0,0.0
247,0.0,0.0,0.0,0.0,0.0
248,0.0001303740938465719,6.149545242806198e-06,0.0,0.1253735790236271,0.03137752566567912
249,0.0,0.0,0.0,0.0,0.0
250,0.0,0.0,0.0,0.0,0.0
251,0.00010662677104335025,3.6654164432547987e-05,0.0,0.11261402590192765,0.028189326709350888
252,0.0002513320653877293,6.224408480193233e-06,0.00023051449030631846,0.08749028571655688,0.021994589170182783
253,0.0,0.0,0.0,0.0,0.0
254,1.494212983385382e-06,0.0,0.0,0.035703465473643045,0.008926239921656608
255,0.00019141594808658904,6.261641829041764e-05,0.0,0.05010116634390845,0.012588799677571365
256,0.00010462966303492014,0.00018308906874153763,0.0,0.025273534536509528,0.0063903133170714966
257,0.0,0.0,0.0,0.0,0.0
258,1.4615216961608762e-05,7.962975359987468e-06,0.0,0.007106640088835591,0.0017823045702892967
259,0.00022217182032327652,3.4092907299054787e-05,0.00021972020153975517,0.05244830286310985,0.013231071948067984
260,0.02102196922629233,0.1003534346818924,0.020250708842483235,0.04879124577896717,0.04760433963240879
261,0.009339775684251945,0.000709741550963372,0.037596524175792526,0.7541958933587563,0.20046048369244102
262,0.019546414015694732,0.07516328245401382,0.013997141959819537,0.016854168195157854,0.031390251656171486
263,0.0006230831703334804,4.292411540518515e-05,0.00025654347026513236,0.13233369031966496,0.033314060268917194
264,0.0006754091669411834,0.0,0.0,0.020540563083215283,0.005303993062539117
265,0.242833833963828,0.041348110884428024,0.3340657234696479,0.44974733862485883,0.26699875173569065
266,0.00033774803362277814,5.6513006711611524e-05,0.00029911965454348433,0.07203598931270623,0.018182342501896025
267,0.0,0.0,0.0,0.0,0.0
268,0.0,0.0,0.0,0.0,0.0
269,0.024486219264731275,0.0012266453122720122,0.04072344010113125,0.958619612078536,0.2562639791891676
270,0.0005481013279973565,0.00023037097707856447,7.787922688150111e-05,0.047343445405726804,0.012049949234421056
271,3.254363211352302e-05,3.854453098028898e-05,5.5211672089520204e-05,0.14732117601130665,0.036861868961622496
272,0.0,0.0,0.0,0.0,0.0
273,2.8908031814086103e-05,5.914125267736381e-06,1.622795488933687e-06,0.03729340299121567,0.009332461985946606
274,0.00010227979872502065,8.772356522968039e-06,0.0,0.1409098696176359,0.03525523044322097
275,0.0006610121786514209,2.6587978936731815e-05,0.00012836976933843454,0.1500948114290611,0.03772769533899692
276,2.021169010676617e-06,0.0,0.0,0.1288174639573846,0.032204871281598824
277,0.00015417982835633405,2.7270953069091775e-05,1.0658956219494342e-05,0.0742517636121798,0.01861096833745618
278,0.00015893219472024224,0.0011953602079302073,0.0,0.09892328563103224,0.025069394508420672
279,0.02864759065984057,0.025994597002863884,0.026695061023534795,0.16314838946861937,0.06112140953871466
280,0.0003456570147216818,3.181452484568581e-06,0.0,0.08755875088498044,0.021976897338046673
281,0.0002321997383786377,2.9510780223063193e-05,0.0,0.03926061498543949,0.009880581376010299
282,0.00037521193598944103,4.233793151797727e-05,5.510493399544215e-05,0.11765217511835885,0.02953120747996543
283,3.7549239874650974e-05,2.114463910629638e-07,0.0,0.13573009018392948,0.0339419627175488
284,0.000274583070002318,3.0999956379673677e-06,0.0,0.028699313906764095,0.007244249243101095
285,2.7916975898861635e-05,8.065232464105065e-07,0.0,0.05226965888219191,0.013074595595334297
286,1.0,1.0,1.0,0.13453769880676197,0.7836344247016905
287,0.0002106491923616624,2.756943467829842e-05,0.0005857071453588261,0.061195434286211874,0.015504840014652665
288,0.0005656962028094806,0.0,0.003356077683112281,0.10839441146521295,0.028079046337783676
289,0.00029416481120839145,7.485868991352618e-05,0.000546094134650872,0.11307347830483783,0.028497148985152654
290,0.0001811233057493786,1.4584737982659135e-05,4.34911077554412e-06,0.11968955671096708,0.029972403466368664
291,0.0,0.0,0.0,0.0,0.0
292,0.02423330152782907,0.0006692149909213185,0.04908928054695044,1.0,0.26849794926642523
293,5.1276882338214524e-05,3.007687382705626e-06,0.0,0.056676665804248426,0.014182737593492336
294,7.566563538801033e-05,4.765397818573547e-07,0.00035408857961703375,0.014587235445643615,0.003754366550107629
295,3.163279381426631e-05,4.951199116476346e-06,0.0,0.15865810815918063,0.039673673038027844
296,0.0,0.0,0.0,0.0,0.0
297,0.00010370234553453645,4.979362984158797e-06,0.0002403664467219231,0.030629399314381314,0.007744611867405483
298,0.0012809121946114014,0.000275787286227569,0.0003237812105845333,0.11071451609344071,0.028148749196216055
299,0.00012578058914494057,2.8115853638155386e-05,0.00018130313676307033,0.09021496742320818,0.02263754175068859
300,0.00038600278536020974,0.00020990030316170305,0.011427630742244739,0.14162310226596836,0.03841165902418375
301,0.0,0.0,0.0,0.0,0.0
302,0.0,0.0,0.0,0.0,0.0
303,4.556733756913843e-06,0.0,0.0,0.07960658014753873,0.01990278422032391
304,0.00010265275861272802,9.520827006781474e-06,2.7504967239456088e-06,0.06660272313807061,0.016679411805103517
305,0.0,0.0,0.0,0.0,0.0
306,0.0,0.0,0.0,0.0,0.0
307,6.223279775026892e-05,3.282176066932152e-06,1.774277912569748e-05,0.06312360926009888,0.015801716753260444
308,5.367732948556506e-05,1.7949692846741527e-05,2.0222582105247295e-05,0.050313294928110604,0.01260128613313704
309,8.508341996565715e-05,1.3545808542403392e-05,0.0,0.14183801776080762,0.03548416174732892
310,0.0,0.0,0.0,0.0,0.0
311,2.3064268680601505e-05,2.584888989076717e-06,0.0,0.04151674970108505,0.010385599714688682
312,0.0,0.0,0.0,0.0,0.0
313,0.0,0.0,0.0,0.0,0.0
314,1.6134800084111846e-05,3.3730141240084777e-06,0.0002923746166103365,0.03641159779125978,0.009180870055519558
315,0.00011875196942508033,2.5309309421572834e-05,0.00021534706269490803,0.12814849850774798,0.03212697671232238
316,0.0,0.0,0.0,0.0,0.0
317,0.011792799501594828,0.02821289747953415,0.07923116866751267,0.10690404108403483,0.05653522668316912
318,0.0007695226438886305,0.000627248315140605,0.0011919293964869492,0.06758289139413122,0.01754289793741185
319,0.0002161392412006833,7.652065505681094e-06,0.0,0.07961930393276712,0.01996077380986837
320,0.00016178920358842335,0.0,6.18925498128551e-06,0.045559997587261813,0.01143199401145788
321,9.445982345928097e-05,3.1310355552705005e-05,0.0,0.08871947845421072,0.022211312158305675
322,1.5259022868244584e-05,0.0,0.0,0.08037443143683733,0.02009742261492639
323,0.000104334986634783,1.0531795851420611e-05,0.0,0.09755573406675062,0.024417650212309207
324,0.00028338394198532227,5.251857510302216e-05,0.0,0.0777482764412285,0.01952104473957921
325,2.1364160446739957e-05,0.0,0.0,0.06721149015348622,0.01680821357848324
326,4.2623357520796295e-05,1.359209704787645e-07,0.0,0.07067830646208838,0.017680266435144913
327,4.21795837983415e-05,3.44727322953986e-06,0.0,0.10586136361637748,0.02647674761835134
328,3.777155263231841e-05,6.4295313677575905e-06,7.643921068425844e-05,0.10028482874026125,0.025101367258736396
329,0.00010535032018665743,4.973995964974165e-05,0.0,0.05186627041707376,0.013005340174227541
330,9.007185799145513e-05,1.2659874073506217e-06,0.0,0.11367043914286942,0.028440444247067057
331,0.0001224172867130273,2.1689287677872926e-05,7.99784726979361e-05,0.054902831208573165,0.013781729063915501
332,0.00011048170369090038,4.7788794290681835e-06,8.64393295815966e-05,0.10686649644087062,0.026767049088393047
333,0.00025719246121996776,0.00045559421414509416,0.00020769334769641902,0.07227842535591815,0.01829972634474491
334,0.000417149992310789,9.262143976229709e-06,0.0005176615074796668,0.09914342544943011,0.0250218747732992
335,0.00013396183965777139,4.302891466068104e-05,0.0003225691200224797,0.06052739898642557,0.015256739715191625
336,9.079007690819629e-05,4.506030381890014e-05,0.00023735500019820703,0.0404767696028614,0.010212493745946677
337,5.1364269371681114e-05,1.8368415112490766e-05,0.0,0.03832430189448363,0.009598508644741951
338,0.0021681290168640284,0.0014177600387483835,0.002986231124328565,0.07364560436091719,0.020054431135214542
339,3.066963275141779e-05,8.338569750776514e-05,0.0,0.08034934981210716,0.020115851285591586
340,9.388996939499452e-05,0.000405980390496552,0.0008028199578442167,0.12194401839129394,0.030811677177257427
341,0.0,0.0,0.0,0.0,0.0
342,8.694497967178831e-05,0.0,0.0,0.03595814784587072,0.009011273206385626
343,0.0001802581795319812,2.1313101115083555e-06,0.00022622666860672727,0.086303130953195,0.021677936777861305
344,5.123338836919061e-05,8.333552978001535e-05,0.0,0.1735253483898485,0.04341497932699943
345,0.0004292913914753596,7.074610493873479e-06,0.00020006636504354364,0.037562022017661637,0.009549613596168603
346,6.091000996151989e-05,2.1550353267230093e-05,4.231060893598073e-05,0.08049997924992101,0.020156187555521437
347,6.518667104416217e-05,3.166411624988541e-05,2.053127205903936e-05,0.10089357201982439,0.02525273851979437
348,0.0,0.0,0.0,0.0,0.0
349,5.9315093568663346e-05,0.00016469218826387078,0.0003709405764705218,0.10665376884406834,0.026812179175592848
350,2.7217402752294077e-05,0.00029521004762500525,0.0,0.06165685194916277,0.015494819849885016
351,8.533495760887244e-05,4.4696869736071676e-05,0.0,0.09406275398853264,0.023548196453969397
352,5.1341300527574264e-05,6.7356631916482e-06,0.0,0.10291055346385523,0.025742157606893613
