,feature,rf,xgb,gbr,BayesianRidge,mean,true_position,TMD,amino_acid
0,1,1.843597189361994e-05,5.521303592104232e-06,6.5317613435418105e-06,0.0657200624410614,0.0164376378694726,1,CT/EC,M
1,2,0.000333251350374,6.286915595410392e-05,0.0005322620138233,0.0980845112338071,0.0247532234384896,2,CT/EC,N
2,3,0.0004235494132571,4.586050636135042e-05,0.0009722352707755,0.1566027298508006,0.0395110937602986,3,N-Termina,G
3,4,7.042958314163974e-05,2.694311842788011e-05,0.0,0.104438661354855,0.0261340085141061,4,N-Termina,T
4,5,3.971180934685114e-05,2.5089873361139325e-06,0.0,0.0830831231971592,0.0207813359984605,5,N-Termina,E
5,6,1.3565238522168376e-05,3.790817208937369e-05,0.0,0.0379164603668249,0.0094919834443591,6,N-Termina,G
6,7,6.784909012307517e-05,1.691032412054483e-05,0.0,0.0498967078719733,0.0124953668215542,7,N-Termina,P
7,8,0.0001934189504149,2.240144385723397e-05,0.0,0.0717696304286919,0.017996362705741,8,N-Termina,N
8,9,0.0137064915166491,4.362284380476922e-05,0.0,0.0442607593351657,0.0145027184239048,9,N-Termina,F
9,10,0.0003241912042586,5.500724000739865e-06,0.0,0.1180931383364558,0.0296057075661788,10,N-Termina,Y
10,11,3.726630933601798e-05,6.1856594584241975e-06,3.971125509705349e-05,0.067344082078763,0.0168568113256636,11,N-Termina,V
11,12,6.917962775345349e-06,1.4520414879370946e-06,0.0,0.0903771158025491,0.0225963714517031,12,N-Termina,P
12,13,6.482172013016106e-05,4.155095666646957e-05,5.7469736216307896e-05,0.0582505277086358,0.0146035925304121,13,N-Termina,F
13,14,8.976030389837311e-05,1.2975881872989705e-05,0.0,0.0794294425416522,0.0198830446818558,14,N-Termina,S
14,15,1.4884736117573264e-05,1.3007997040404009e-05,0.0,0.1302852056437485,0.0325782745942266,15,N-Termina,N
15,16,2.9855268084909128e-05,2.1082716557430103e-05,3.412460554992502e-05,0.1221560811463989,0.0305602859341477,16,N-Termina,K
16,17,0.000119506588419,3.979159737355076e-05,0.0001244528563648,0.0820250758313682,0.0205772067183814,17,N-Termina,T
17,18,1.6758714855583806e-06,0.0582081601023674,0.0,0.0218239719575343,0.0200084519828468,18,N-Termina,G
18,19,7.072164096166e-05,2.958679397124797e-05,0.0001244811248723,0.082662521338432,0.0207218277245593,19,N-Termina,V
19,20,2.3035382854571585e-05,0.0,0.0,0.0449925193864146,0.0112538886923173,20,N-Termina,V
20,21,4.7180316202485154e-05,0.0006565986550413,0.0,0.06371138809094,0.0161037917655459,21,N-Termina,R
21,22,0.0001492378384348,0.00019461287593,0.0,0.0264758159051595,0.0067049166548811,22,N-Termina,S
22,23,0.0,0.0,0.0,0.0,0.0,23,N-Termina,P
23,24,7.968661477091279e-05,2.114718154189177e-05,0.0,0.1301677891599335,0.0325671557390616,24,N-Termina,F
24,25,7.358138252390281e-05,3.034615292563103e-05,0.0,0.0605173573926314,0.0151553212320202,25,N-Termina,E
25,26,3.385094253282492e-05,0.0388367585837841,0.0,0.051728878573197,0.0226498720248784,26,N-Termina,A
26,27,0.0001457438853881,9.69337997958064e-05,0.0003038116642273,0.1070705098119037,0.0269042497903287,27,N-Termina,P
27,28,9.76496171465883e-07,0.0,0.0,0.0530319293471437,0.0132582264608288,28,N-Termina,Q
28,29,2.0056551328304397e-05,8.346793947566766e-06,0.0,0.124408013995711,0.0311091043352467,29,N-Termina,Y
29,30,7.599511874465143e-05,2.5336861654068343e-05,0.0,0.2234697837380507,0.0558927789296123,30,N-Termina,Y
30,31,8.92700207508721e-05,1.4287942576629575e-05,0.0431821612700822,0.028974795458758,0.0180651286730419,31,N-Termina,L
31,32,9.613328699050898e-05,2.089517874992453e-05,0.0006072669156694,0.113372965956899,0.0285243153345772,32,N-Termina,A
32,33,0.0002036080362133,0.0001046287870849,1.0684284364804348e-05,0.0598383401450118,0.0150393153131687,33,N-Termina,E
33,34,0.0001668860801003,0.0002589984505902,7.049070641637696e-05,0.0510709926262421,0.0128918419658372,34,N-Termina,P
34,35,3.285365446797027e-05,4.3587646359810606e-05,0.0001531631934794,0.0735419342968702,0.0184428846977943,35,N-Termina,W
35,36,8.346255190844555e-05,6.724010017933324e-05,0.0,0.1315619556513007,0.0329281645758471,36,N-Termina,Q
36,37,0.0002324629854509,0.0001508390851086,0.0050864614785054,0.077478481812667,0.020737061340433,37,1,F
37,38,0.0004181259369817,1.0217874660156667e-05,0.0002316143479801,0.0497177723775385,0.0125944326342901,38,1,S
38,39,0.0002074953211568,2.0285013306420296e-05,0.0001001752845659,0.1019020181651336,0.0255574934460407,39,1,M
39,40,2.659811858582034e-05,3.282799298176542e-06,0.0,0.0718247208722228,0.0179636504475267,40,1,L
40,41,0.0001868623240647,0.0002681307087186,0.0002802721545383,0.0734427870105484,0.0185445130494675,41,1,A
41,42,0.0001982337212263,7.778663712088019e-05,8.97948875870834e-05,0.1251084543625769,0.0313685674021278,42,1,A
42,43,7.320337418612834e-05,5.666419866656725e-08,0.0,0.0425337408145063,0.0106517502132227,43,1,Y
43,44,6.872830965317266e-05,4.530625665211119e-05,0.0001945244210157,0.1296557958074242,0.0324910886986863,44,1,M
44,45,0.0013501903057844,9.651122127252164e-06,7.43852922390825e-06,0.0715939773801315,0.0182403143343167,45,1,F
45,46,0.0003393762891956,3.2761727197794244e-05,4.522663738059687e-05,0.0691083358260153,0.0173814251199473,46,1,L
46,47,0.0032415095708323,0.0040800627321004,0.0,0.1026397670759396,0.0274903348447181,47,1,L
47,48,3.293512912490832e-05,5.097573375678621e-05,0.0,0.0203999016890243,0.0051209531379765,48,1,I
48,49,0.0004731944937545,8.597660780651495e-06,0.0001999932793503,0.0856659693496963,0.0215869386958954,49,1,M
49,50,0.00025661347298,9.042052261065692e-05,1.3823129090794472e-05,0.0660548920024394,0.0166039372817802,50,1,L
50,51,9.76496171465883e-07,0.0,0.0,0.0530319293471437,0.0132582264608288,51,1,G
51,52,0.0002931649866479,5.23341768712271e-05,0.0003694990900781,0.1903979274239282,0.0477782314193813,52,1,F
52,53,1.8780542359482852e-05,4.8167406930588186e-05,0.0,0.1284275248744454,0.0321236182059338,53,1,P
53,54,5.436137574093647e-05,8.921922562876716e-05,0.0,0.0641273193092712,0.0160677249776602,54,1,I
54,55,0.0,0.0,0.0,0.0,0.0,55,1,N
55,56,0.0002290672336097,5.132388832862489e-05,1.1962830222903732e-05,0.0856044307211811,0.0214741961683356,56,1,F
56,57,0.0002587013547928,0.0001002717763185,9.016715347833951e-05,0.0659816995016225,0.016607709946553,57,1,L
57,58,1.9015050396755548e-06,0.0,0.0,0.1421283335351031,0.0355325587600357,58,1,T
58,59,0.0003624440677083,3.970947727793828e-05,0.0006260396885625,0.165728077299991,0.0416890676333849,59,1,L
59,60,0.0002730271420029,3.238246790715493e-05,7.334364490134063e-05,0.1073440352888179,0.0269306971359073,60,1,Y
60,61,0.000450987583743,0.0008599363500252,0.0,0.0686361084029004,0.0174867580841671,61,1,V
61,62,0.0,0.0,0.0,0.0,0.0,62,CT/EC,T
62,63,0.0003859181232193,0.0002319805062143,1.401302544344703e-05,0.0905693543496461,0.0228003165011308,63,CT/EC,V
63,64,0.0001301068219595,1.6165697161341086e-05,0.0,0.0972770754717754,0.024355836997724,64,CT/EC,Q
64,65,0.0347416416843632,0.0174216646701097,0.1090945312019353,0.0469482386986679,0.052051519063769,65,CT/EC,H
65,66,0.0,0.0,0.0,0.0,0.0,66,CT/EC,K
66,67,0.0,0.0,0.0,0.0,0.0,67,CT/EC,K
67,68,0.0,0.0,0.0,0.0,0.0,68,CT/EC,L
68,69,2.0450703190876668e-05,0.000120092430734,0.0,0.0648932873836781,0.0162584576294007,69,CT/EC,R
69,70,0.0013030922596041,0.00178174150642,0.0,0.0601291328164681,0.015803491645623,70,CT/EC,T
70,71,0.0,0.1164163202047348,0.0,0.0164161685265772,0.033208122182828,71,CT/EC,P
71,72,0.0,0.0,0.0,0.0,0.0,72,CT/EC,L
72,73,0.0,0.0,0.0,0.0,0.0,73,CT/EC,N
73,74,1.7112966660825853e-05,0.0,0.0,0.0279799009027983,0.0069992534673647,74,2,Y
74,75,0.0,0.0,0.0,0.0,0.0,75,2,I
75,76,0.0,0.0,0.0,0.0,0.0,76,2,L
76,77,0.0001439250000028,0.001743251341395,0.000155307330742,0.0767867566993392,0.0197073100928698,77,2,L
77,78,0.0,0.0,0.0,0.0,0.0,78,2,N
78,79,0.0093604587611708,8.462375262752175e-05,0.0443013671513289,0.134185193485676,0.0469829107877008,79,2,L
79,80,9.07793285883378e-05,1.0119734724867158e-05,0.0,0.2043341663627675,0.0511087663565201,80,2,A
80,81,0.0002306476973603,1.4268154700403102e-05,0.0,0.0272850549253498,0.0068824926943526,81,2,V
81,82,0.0001500904839558,7.101300980139058e-06,0.0003107615133472,0.130640591856066,0.0327771362885873,82,2,A
82,83,8.689746216666836e-05,1.1626001651166009e-05,0.0,0.0515427898319205,0.0129103283239346,83,2,D
83,84,0.0003502148930007,3.950617974624038e-05,0.0,0.0068708590003994,0.0018151450182866,84,2,L
84,85,0.0002877001192621,1.5680598153267056e-05,0.0001989828927757,0.0847777296134277,0.0213200233059046,85,2,F
85,86,0.0263040599402814,0.0239742211997509,0.0352210027247085,0.737703845151755,0.2058007822541239,86,2,M
86,87,0.0001339201506058,0.0002581134031061,0.0,0.0747372904409721,0.018782330998671,87,2,V
87,88,7.70612972721991e-05,2.9400935090961863e-05,0.0002256456495149,0.0822694774673235,0.0206503963373003,88,2,F
88,89,3.0131700496419903e-05,4.58989688922884e-06,0.0,0.1359119562308504,0.033986669457059,89,2,G
89,90,0.0061079672583736,0.0002148558851331,0.0047783083961156,0.6069043035784812,0.1545013587795259,90,2,G
90,91,0.0003529607066959,5.2149411203572527e-05,0.0001114677856421,0.1902068505030358,0.0476808571016443,91,2,F
91,92,3.3350741200083464e-05,5.578769105341053e-06,0.0,0.1056565730481748,0.02642387563962,92,2,T
92,93,0.0083944336824431,0.0004667992470785,0.0071405010777864,0.4988147221812002,0.1287041140471271,93,2,T
93,94,0.000595879317734,0.0001203171632369,0.0003177193571924,0.2176676079820296,0.0546753809550482,94,2,T
94,95,0.0002459538314664,3.104560528299771e-05,7.424801621407583e-05,0.1464725285472119,0.0367059440000438,95,2,L
95,96,0.0024978106231397,0.0007489301497116,0.0022960034151998,0.1468133050759439,0.0380890123159988,96,CT/EC,Y
96,97,0.0011252342712022,9.141492046182977e-05,0.00052254688651,0.2663038336774466,0.0670107574389052,97,CT/EC,T
97,98,5.6346162006819735e-05,5.779123057436664e-06,0.0,0.0811957705971752,0.0203144739705598,98,CT/EC,S
98,99,0.0001253103835006,3.691989331855439e-05,6.084460122697564e-05,0.0683111169300322,0.0171335479520196,99,CT/EC,L
99,100,0.0005024047237201,0.0001137361759901,0.0016670764134124,0.1094215190857883,0.0279261840997278,100,CT/EC,H
100,101,5.111588838875615e-06,3.666342252017785e-07,0.0,0.0385046552848993,0.0096275333769908,101,CT/EC,G
101,102,0.0,0.0,0.0,0.0,0.0,102,CT/EC,Y
102,103,0.0001357745746348,3.404267545192852e-06,0.0002008513661048,0.1578317846875424,0.0395429537239568,103,CT/EC,F
103,104,0.0002939658553219,3.216068944311701e-05,0.0,0.0846278598945931,0.0212384966098395,104,CT/EC,V
104,105,0.0001792605870621,4.695054030889878e-06,0.0,0.0328846644345933,0.0082671550189215,105,CT/EC,F
105,106,0.0,0.0,0.0,0.0,0.0,106,CT/EC,G
106,107,0.004402700704732,5.991210855427198e-05,0.0,0.0877146332103567,0.0230443115059107,107,CT/EC,P
107,108,0.000650462674191,0.000798093387857,0.0007373224671295,0.0830079798969203,0.0212984646065245,108,CT/EC,T
108,109,0.007343968985272,0.0036939443089067,0.0390874792835735,0.3599136667982662,0.1025097648440046,109,CT/EC,G
109,110,0.0,0.0,0.0,0.0,0.0,110,CT/EC,C
110,111,0.0001187254863073,0.0002013203920796,5.663575196591778e-05,0.1354816229169981,0.0339645761368377,111,3,N
111,112,0.0047026534254226,0.0001209740657941,0.0133309135290002,0.0960933269250689,0.0285619669863214,112,3,L
112,113,0.0075112976565336,0.000253086851444,0.0053614004046101,0.1557965842849458,0.0422305922993834,113,3,E
113,114,0.0010819419507847,9.103868796955794e-05,0.0003795790187365,0.1380404929813749,0.0348982631597164,114,3,G
114,115,0.0002071554055003,5.166288246982731e-05,0.0002171712173542,0.0650898204520831,0.0163914524893518,115,3,F
115,116,0.0020229584759125,0.0008605056209489,0.0014924233330696,0.1337482133634673,0.0345310251983496,116,3,F
116,117,0.0008808373902125,9.4459333922714e-05,0.0003453641098829,0.2549474820736253,0.0640670357269108,117,3,A
117,118,0.0034597160417086,0.0005516672390513,0.0214157966792464,0.3154871153056359,0.0852285738164106,118,3,T
118,119,0.0010397440073383,3.452947930782102e-05,0.0043966106016587,0.1964478372891397,0.0504796803443611,119,3,L
119,120,0.0003251549017937,2.448494160489645e-05,0.0001097263006785,0.0746656327975443,0.0187812497354053,120,3,G
120,121,0.0,0.0,0.0,0.0,0.0,121,3,G
121,122,0.0042735497915866,0.0001366971118841,0.0045539916295766,0.3579699618277265,0.0917335500901935,122,3,E
122,123,8.925375820417533e-05,1.1543019354576243e-05,0.0,0.1189840718027482,0.0297712171450767,123,3,I
123,124,0.0004923605975603,0.0002636269200593,0.0017370044839636,0.0942380248988269,0.0241827542251025,124,3,A
124,125,2.774014994377814e-05,2.6520105166127905e-05,0.0,0.3652746713884137,0.0913322329108809,125,3,L
125,126,0.0,0.0,0.0,0.0,0.0,126,3,W
126,127,0.0,0.0,0.0,0.0,0.0,127,3,S
127,128,0.0,0.0,0.0,0.0,0.0,128,3,L
128,129,3.505634568956276e-05,1.194734613818582e-05,3.0448501367209807e-05,0.1555381300015716,0.0389038955486916,129,3,V
129,130,5.180480408332133e-05,3.9816091884858906e-05,0.0,0.0200757144523676,0.0050418338370839,130,3,V
130,131,0.000527008376988,0.0006833288935013,0.0,0.0993504751510486,0.0251402031053845,131,3,L
131,132,3.089492902468879e-05,0.0,0.0,0.0606573099684283,0.0151720512243632,132,3,A
132,133,5.536430720891645e-05,9.399111149832606e-06,0.0,0.0380244427767542,0.0095223015487782,133,CT/EC,I
133,134,0.0,0.0,0.0,0.0,0.0,134,CT/EC,E
134,135,0.0,0.0,0.0,0.0,0.0,135,CT/EC,R
135,136,1.2227879766497593e-05,0.0,0.0,0.0069969391684988,0.0017522917620663,136,CT/EC,Y
136,137,0.0001623056982374,5.4168540373211727e-05,4.150253033830107e-06,0.1446703401741393,0.0362227411664459,137,CT/EC,V
137,138,0.0,0.0,0.0,0.0,0.0,138,CT/EC,V
138,139,1.4361389694215269e-05,0.0089502558112144,0.0,0.1225355538237493,0.0328750427561645,139,CT/EC,V
139,140,0.0,0.0,0.0,0.0,0.0,140,CT/EC,C
140,141,0.0,0.0,0.0,0.0,0.0,141,CT/EC,K
141,142,0.0,0.0,0.0,0.0,0.0,142,CT/EC,P
142,143,2.5063542264562965e-05,3.8433048757724464e-05,0.0,0.0405378349916651,0.0101503328956718,143,CT/EC,M
143,144,0.0001572175894168,6.881499575683847e-05,0.0,0.0418010096849091,0.0105067605675206,144,CT/EC,S
144,145,0.0001358243183344,1.3468051292875316e-05,0.0,0.1165402947991204,0.0291723967921869,145,CT/EC,N
145,146,5.71566479383522e-05,1.17381896416191e-05,0.0,0.0186318569801991,0.0046751879544447,146,CT/EC,F
146,147,7.085280904144616e-05,7.397242143269978e-07,2.1435820504592143e-05,0.087142892674048,0.0218089802569521,147,CT/EC,R
147,148,0.0,0.0,0.0,0.0,0.0,148,CT/EC,F
148,149,0.0001276980811933,1.2926517229061574e-05,0.0003605214613924,0.0514189482367148,0.0129800235741324,149,CT/EC,G
149,150,0.0002427218627986,0.0003882684686686,0.0006075767565341,0.1111744760037657,0.0281032607729418,150,CT/EC,E
150,151,0.0001306173132948,0.000131494452944,0.0,0.0659936957516707,0.0165639518794774,151,CT/EC,N
151,152,8.652503773374602e-06,6.011745426803827e-05,0.0001859862702149,0.0917411943430747,0.0229989876428327,152,CT/EC,H
152,153,0.0,0.0,0.0,0.0,0.0,153,4,A
153,154,9.748395777839592e-05,4.0598642954137176e-05,3.942167832210151e-05,0.0967294483808662,0.0242267381649802,154,4,I
154,155,0.0002238209861153,0.0002339498169021,0.0004726078166748,0.0801926765998225,0.0202807638048787,155,4,M
155,156,0.0001154115364713,1.4789758040478773e-07,7.488753248320217e-05,0.1595484631217056,0.0399347275220601,156,4,G
156,157,3.885407543201431e-05,1.3587629837275015e-05,0.0,0.0348115634877212,0.0087160012982476,157,4,V
157,158,0.0002466098475689,0.0001683691079961,3.605950786765009e-05,0.0176828819623169,0.0045334801064374,158,4,A
158,159,7.820320495830668e-05,0.0001190062976093,0.0005650483174417,0.056105665410651,0.0142169808076651,159,4,F
159,160,9.03901384826223e-05,7.01676117387251e-06,0.0,0.0214078605477913,0.0053763168618619,160,4,T
160,161,0.0,0.0,0.0,0.0,0.0,161,4,W
161,162,0.0003044182668121,1.3757299711869564e-05,0.0003312745096459,0.0740778214338281,0.0186818178774995,162,4,V
162,163,0.0001491551294443,0.0001237654942087,0.0,0.105352467737441,0.0264063470902735,163,4,M
163,164,0.0012539667131468,0.0005149109638296,0.0490189338663383,0.3033259188963038,0.0885284326099046,164,4,A
164,165,0.0002666888498872,0.0001384102652082,7.37601528503932e-05,0.1145314085230682,0.0287525669477535,165,4,L
165,166,6.926841242723198e-05,3.704219125211239e-06,0.0,0.0763160413183361,0.0190972534874721,166,4,A
166,167,3.218436887794922e-05,0.0,0.0,0.0353566484138136,0.0088472081956728,167,4,C
167,168,0.0023334597370189,0.0020077861845493,0.0019287671694097,0.1537099744019276,0.0399949968732264,168,4,A
168,169,9.993352541839512e-05,0.0003096973523497,3.845386428367629e-05,0.0325790769547975,0.0082567904242123,169,4,A
169,170,0.0,0.0,0.0,0.0,0.0,170,4,P
170,171,0.0,0.0,0.0,0.0,0.0,171,4,P
171,172,3.078501242074077e-05,0.0001581682008691,0.0,0.0852658274510723,0.0213636951660905,172,4,L
172,173,0.0002806670825145,2.244499683001777e-06,0.0,0.029130195408669,0.0073532767477166,173,4,V
173,174,0.0,0.0,0.0,0.0,0.0,174,CT/EC,G
174,175,0.0,0.0,0.0,0.0,0.0,175,CT/EC,W
175,176,0.0,0.0,0.0,0.0,0.0,176,CT/EC,S
176,177,0.0,0.0,0.0,0.0,0.0,177,CT/EC,R
177,178,0.0015849177347415,0.0001543219404993,0.0033740967118533,0.3792549606332362,0.0960920742550826,178,CT/EC,Y
178,179,6.756372010082285e-05,3.494560223771259e-05,6.297208176598182e-05,0.0420846575919455,0.0105625347490125,179,CT/EC,I
179,180,0.0,0.0,0.0,0.0,0.0,180,CT/EC,P
180,181,0.1977516670289172,0.0325042307376861,0.1550048047335881,0.7070775587313561,0.2730845653078869,181,CT/EC,E
181,182,0.0,0.0,0.0,0.0,0.0,182,CT/EC,G
182,183,0.0003313019459694,0.0006282065878622,0.0004550071445554,0.1237908114041197,0.0313013317706267,183,CT/EC,M
183,184,0.1179390423563976,2.6098077796632424e-05,0.1186270647460897,0.3542455071051127,0.1477094280713491,184,CT/EC,Q
184,185,7.574306678091343e-06,1.3457026852847775e-06,0.0,0.0654316011387317,0.0163601302870237,185,CT/EC,C
185,186,0.0,0.0,0.0,0.0,0.0,186,CT/EC,S
186,187,0.0,0.0,0.0,0.0,0.0,187,CT/EC,C
187,188,0.0,0.0,0.0,0.0,0.0,188,CT/EC,G
188,189,3.138635324769765e-05,7.226235084090149e-06,0.0001418478508844,0.068357989216672,0.017134612413972,189,CT/EC,I
189,190,0.0,0.0,0.0,0.0,0.0,190,CT/EC,D
190,191,0.0258864729090885,0.0686356276273727,0.7457287052153233,0.1374828269226815,0.2444334081686165,191,CT/EC,Y
191,192,9.76496171465883e-07,0.0,0.0,0.0530319293471437,0.0132582264608288,192,CT/EC,Y
192,193,6.673582181532072e-06,0.0,0.0,0.072585633195763,0.0181480766944861,193,CT/EC,T
193,194,6.059176109021056e-05,6.711596597597236e-06,1.42358538373423e-05,0.0392821565617859,0.0098409239433277,194,CT/EC,P
194,195,9.299019762287072e-05,0.0001401091431034,6.463841264482415e-05,0.0771468003032757,0.0193611345141617,195,CT/EC,H
195,196,2.886875298520921e-05,0.0291171874850988,0.0,0.0459854819905891,0.0187828845571682,196,CT/EC,E
196,197,2.9415094653010143e-05,1.3079584277875256e-06,8.973573354848921e-06,0.1102826893133864,0.0275805964849555,197,CT/EC,E
197,198,5.819078929845349e-05,7.915949936432298e-06,0.0004011454317725,0.0818476799410315,0.0205787330280097,198,CT/EC,T
198,199,0.0003300712565447,8.995951247925404e-06,4.94869416300969e-05,0.0577203301544043,0.0145272210759567,199,CT/EC,N
199,200,7.60554420167294e-05,2.804605173878372e-05,4.041482613765838e-05,0.1501401178966856,0.0375711585541446,200,CT/EC,N
200,201,4.436427883248495e-05,1.5803985661477782e-05,0.0,0.0250498362888716,0.0062775011383413,201,CT/EC,E
201,202,6.287640547964097e-05,2.6826940029422985e-06,0.0,0.0494737142624092,0.0123848183404729,202,CT/EC,S
202,203,0.0008371811614451,0.0002659443416632,0.0005813024554722,0.2127756057810802,0.0536150084349152,203,5,F
203,204,8.801697096315103e-06,1.618273728354325e-07,0.0,0.0654126571276603,0.0163554051630323,204,5,V
204,205,2.762357599619214e-05,2.137694536941126e-05,0.0,0.0488521952171722,0.0122252989346344,205,5,I
205,206,0.0001531088936443,1.1648930922092404e-06,0.0,0.0612631992379673,0.0153543682561759,206,5,Y
206,207,0.0004246549444941,0.0002686349616851,2.0040936785261265e-05,0.2396766590663138,0.0600974974773195,207,5,M
207,208,9.263122688658352e-05,0.0,0.0,0.0274309321270426,0.0068808908384823,208,5,F
208,209,0.0001268399644652,3.072083927690983e-05,0.0001418804604897,0.0262093257995991,0.0066271917659577,209,5,V
209,210,3.4973488945572526e-05,1.7333155710730352e-06,0.0,0.0652497015720364,0.0163216020941382,210,5,V
210,211,0.0003049733172005,0.0,0.0003103849998891,0.1205160269808594,0.0302828463244873,211,5,H
211,212,4.575607841265219e-06,0.0,0.0,0.028546876706767,0.007137863078652,212,5,F
212,213,0.0001534592681816,2.14559149753768e-05,9.93076525562621e-05,0.0644009822269392,0.0161688012656631,213,5,I
213,214,0.0002067138803123,1.4301550436357502e-05,0.0001468619917178,0.0824521076110373,0.0207049962583759,214,5,I
214,215,0.0,0.0,0.0,0.0,0.0,215,5,P
215,216,9.340175015699564e-05,0.000183278156328,0.0002677908804458,0.026595768645021,0.0067850598579879,216,5,L
216,217,0.0001390938725756,2.1182002456043847e-05,0.0002152405259258,0.0936830584337407,0.0235146437086745,217,5,I
217,218,0.0001060252650691,1.427722418156918e-05,0.0,0.0430060011098418,0.0107815758997731,218,5,V
218,219,7.421878005257524e-06,3.4862150641856715e-06,0.0,0.0233792594897847,0.0058475418957135,219,5,I
219,220,0.0001767844017201,7.039901538519189e-05,1.6523618534403317e-05,0.0366410741336827,0.0092261952923306,220,5,F
220,221,2.212061439949012e-05,1.8208424080512486e-05,0.0,0.0387934996201222,0.0097084571646505,221,5,F
221,222,4.102333037445045e-05,1.094195312134616e-07,0.0,0.0729785601045032,0.0182549232136022,222,5,C
222,223,0.0,0.0,0.0,0.0,0.0,223,5,Y
223,224,0.0003718700934732,0.0005675855209119,0.0,0.1871334494967826,0.0470182262777919,224,5,G
224,225,8.643219433209107e-05,6.116353324614465e-05,0.0,0.0763708348269366,0.0191296076386287,225,CT/EC,Q
225,226,1.4915678934789945e-05,0.0,0.0,0.0313387136850119,0.0078384073409866,226,CT/EC,L
226,227,1.9076467066423703e-05,5.093873551231809e-05,0.0,0.0541477501737116,0.0135544413440726,227,CT/EC,V
227,228,0.0001825705740618,5.558410703088157e-05,0.0002981871020322,0.1379322521596057,0.0346171484856826,228,CT/EC,F
228,229,8.1979331758654e-05,8.594748942414299e-05,0.0004291472182822,0.0835142222523109,0.021027824072944,229,CT/EC,T
229,230,0.0258815440767512,9.636677305024932e-07,0.0016582708289918,0.1188289613196203,0.0365924349732734,230,CT/EC,V
230,231,0.0005527013413532,0.0003809759800788,0.0001743617344167,0.1739174422486876,0.0437563703261341,231,CT/EC,K
231,232,0.0002058993552867,0.0001551158929942,4.585512879861692e-05,0.0717102467480186,0.0180292792812745,232,CT/EC,E
232,233,6.174648783966294e-05,1.3050911547907162e-05,0.0,0.1318110969717363,0.0329714735927809,233,CT/EC,A
233,234,0.0,0.0,0.0,0.0,0.0,234,CT/EC,A
234,235,4.401910357020869e-05,3.9289307096623816e-06,0.0,0.0838202332006764,0.020967045308739,235,CT/EC,A
235,236,0.0,0.0,0.0,0.0,0.0,236,CT/EC,Q
236,237,0.0,0.0,0.0,0.0,0.0,237,CT/EC,Q
237,238,1.5293537305259168e-05,2.326591811652179e-06,0.0,0.0428254689159148,0.0107107722612579,238,CT/EC,Q
238,239,7.559984283417957e-05,1.6097668776637875e-05,0.0,0.0371976036489591,0.0093223252901424,239,CT/EC,E
239,240,0.0,0.0,0.0,0.0,0.0,240,CT/EC,S
240,241,2.29649535622803e-05,2.9372442895692075e-06,0.0,0.0427205572163457,0.0106866148535493,241,CT/EC,A
241,242,0.0002930290126838,4.879625521425624e-06,0.0,0.0951133203543127,0.0238528072481295,242,CT/EC,T
242,243,0.0,0.0,0.0,0.0,0.0,243,CT/EC,T
243,244,0.0,0.0,0.0,0.0,0.0,244,CT/EC,Q
244,245,7.502459423313445e-06,0.0,0.0,0.0413866056020259,0.0103485270153623,245,CT/EC,K
245,246,0.0,0.0,0.0,0.0,0.0,246,CT/EC,A
246,247,0.0,0.0,0.0,0.0,0.0,247,CT/EC,E
247,248,0.0001303740938465,6.149545242806198e-06,0.0,0.1253735790236271,0.0313775256656791,248,CT/EC,K
248,249,0.0,0.0,0.0,0.0,0.0,249,CT/EC,E
249,250,0.0,0.0,0.0,0.0,0.0,250,CT/EC,V
250,251,0.0001066267710433,3.665416443254799e-05,0.0,0.1126140259019276,0.0281893267093508,251,CT/EC,T
251,252,0.0002513320653877,6.224408480193233e-06,0.0002305144903063,0.0874902857165568,0.0219945891701827,252,CT/EC,R
252,253,0.0,0.0,0.0,0.0,0.0,253,6,M
253,254,1.494212983385382e-06,0.0,0.0,0.035703465473643,0.0089262399216566,254,6,V
254,255,0.0001914159480865,6.261641829041764e-05,0.0,0.0501011663439084,0.0125887996775713,255,6,I
255,256,0.0001046296630349,0.0001830890687415,0.0,0.0252735345365095,0.0063903133170714,256,6,I
256,257,0.0,0.0,0.0,0.0,0.0,257,6,M
257,258,1.4615216961608762e-05,7.962975359987468e-06,0.0,0.0071066400888355,0.0017823045702892,258,6,V
258,259,0.0002221718203232,3.4092907299054787e-05,0.0002197202015397,0.0524483028631098,0.0132310719480679,259,6,I
259,260,0.0210219692262923,0.1003534346818924,0.0202507088424832,0.0487912457789671,0.0476043396324087,260,6,A
260,261,0.0093397756842519,0.0007097415509633,0.0375965241757925,0.7541958933587563,0.200460483692441,261,6,F
261,262,0.0195464140156947,0.0751632824540138,0.0139971419598195,0.0168541681951578,0.0313902516561714,262,6,L
262,263,0.0006230831703334,4.292411540518515e-05,0.0002565434702651,0.1323336903196649,0.0333140602689171,263,6,I
263,264,0.0006754091669411,0.0,0.0,0.0205405630832152,0.0053039930625391,264,6,C
264,265,0.242833833963828,0.041348110884428,0.3340657234696479,0.4497473386248588,0.2669987517356906,265,6,W
265,266,0.0003377480336227,5.651300671161152e-05,0.0002991196545434,0.0720359893127062,0.018182342501896,266,6,L
266,267,0.0,0.0,0.0,0.0,0.0,267,6,P
267,268,0.0,0.0,0.0,0.0,0.0,268,6,Y
268,269,0.0244862192647312,0.001226645312272,0.0407234401011312,0.958619612078536,0.2562639791891676,269,6,A
269,270,0.0005481013279973,0.0002303709770785,7.787922688150111e-05,0.0473434454057268,0.012049949234421,270,6,G
270,271,3.254363211352302e-05,3.854453098028898e-05,5.521167208952021e-05,0.1473211760113066,0.0368618689616224,271,6,V
271,272,0.0,0.0,0.0,0.0,0.0,272,6,A
272,273,2.8908031814086103e-05,5.914125267736381e-06,1.622795488933687e-06,0.0372934029912156,0.0093324619859466,273,6,F
273,274,0.000102279798725,8.772356522968039e-06,0.0,0.1409098696176359,0.0352552304432209,274,6,Y
274,275,0.0006610121786514,2.6587978936731812e-05,0.0001283697693384,0.1500948114290611,0.0377276953389969,275,CT/EC,I
275,276,2.021169010676617e-06,0.0,0.0,0.1288174639573846,0.0322048712815988,276,CT/EC,F
276,277,0.0001541798283563,2.727095306909177e-05,1.0658956219494342e-05,0.0742517636121798,0.0186109683374561,277,CT/EC,T
277,278,0.0001589321947202,0.0011953602079302,0.0,0.0989232856310322,0.0250693945084206,278,CT/EC,H
278,279,0.0286475906598405,0.0259945970028638,0.0266950610235347,0.1631483894686193,0.0611214095387146,279,CT/EC,Q
279,280,0.0003456570147216,3.181452484568581e-06,0.0,0.0875587508849804,0.0219768973380466,280,CT/EC,G
280,281,0.0002321997383786,2.9510780223063197e-05,0.0,0.0392606149854394,0.0098805813760102,281,CT/EC,S
281,282,0.0003752119359894,4.233793151797727e-05,5.510493399544215e-05,0.1176521751183588,0.0295312074799654,282,CT/EC,D
282,283,3.7549239874650974e-05,2.114463910629638e-07,0.0,0.1357300901839294,0.0339419627175488,283,CT/EC,F
283,284,0.0002745830700023,3.099995637967368e-06,0.0,0.028699313906764,0.007244249243101,284,CT/EC,G
284,285,2.7916975898861635e-05,8.065232464105065e-07,0.0,0.0522696588821919,0.0130745955953342,285,CT/EC,P
285,286,1.0,1.0,1.0,0.1345376988067619,0.7836344247016905,286,CT/EC,I
286,287,0.0002106491923616,2.756943467829842e-05,0.0005857071453588,0.0611954342862118,0.0155048400146526,287,7,F
287,288,0.0005656962028094,0.0,0.0033560776831122,0.1083944114652129,0.0280790463377836,288,7,M
288,289,0.0002941648112083,7.485868991352618e-05,0.0005460941346508,0.1130734783048378,0.0284971489851526,289,7,T
289,290,0.0001811233057493,1.4584737982659137e-05,4.34911077554412e-06,0.119689556710967,0.0299724034663686,290,7,I
290,291,0.0,0.0,0.0,0.0,0.0,291,7,P
291,292,0.024233301527829,0.0006692149909213,0.0490892805469504,1.0,0.2684979492664252,292,7,A
292,293,5.127688233821453e-05,3.007687382705626e-06,0.0,0.0566766658042484,0.0141827375934923,293,7,F
293,294,7.566563538801033e-05,4.765397818573547e-07,0.000354088579617,0.0145872354456436,0.0037543665501076,294,7,F
294,295,3.163279381426631e-05,4.951199116476346e-06,0.0,0.1586581081591806,0.0396736730380278,295,7,A
295,296,0.0,0.0,0.0,0.0,0.0,296,7,K
296,297,0.0001037023455345,4.979362984158797e-06,0.0002403664467219,0.0306293993143813,0.0077446118674054,297,7,T
297,298,0.0012809121946114,0.0002757872862275,0.0003237812105845,0.1107145160934407,0.028148749196216,298,7,S
298,299,0.0001257805891449,2.8115853638155382e-05,0.000181303136763,0.0902149674232081,0.0226375417506885,299,7,A
299,300,0.0003860027853602,0.0002099003031617,0.0114276307422447,0.1416231022659683,0.0384116590241837,300,7,V
300,301,0.0,0.0,0.0,0.0,0.0,301,7,Y
301,302,0.0,0.0,0.0,0.0,0.0,302,7,N
302,303,4.556733756913843e-06,0.0,0.0,0.0796065801475387,0.0199027842203239,303,7,P
303,304,0.0001026527586127,9.520827006781474e-06,2.7504967239456088e-06,0.0666027231380706,0.0166794118051035,304,7,V
304,305,0.0,0.0,0.0,0.0,0.0,305,7,I
305,306,0.0,0.0,0.0,0.0,0.0,306,7,Y
306,307,6.223279775026892e-05,3.282176066932152e-06,1.774277912569748e-05,0.0631236092600988,0.0158017167532604,307,7,I
307,308,5.367732948556506e-05,1.7949692846741527e-05,2.0222582105247292e-05,0.0503132949281106,0.012601286133137,308,7,M
308,309,8.508341996565715e-05,1.3545808542403392e-05,0.0,0.1418380177608076,0.0354841617473289,309,CT/EC,M
309,310,0.0,0.0,0.0,0.0,0.0,310,CT/EC,N
310,311,2.3064268680601505e-05,2.584888989076717e-06,0.0,0.041516749701085,0.0103855997146886,311,CT/EC,K
311,312,0.0,0.0,0.0,0.0,0.0,312,CT/EC,Q
312,313,0.0,0.0,0.0,0.0,0.0,313,CT/EC,F
313,314,1.6134800084111846e-05,3.3730141240084777e-06,0.0002923746166103,0.0364115977912597,0.0091808700555195,314,CT/EC,R
314,315,0.000118751969425,2.5309309421572838e-05,0.0002153470626949,0.1281484985077479,0.0321269767123223,315,CT/EC,N
315,316,0.0,0.0,0.0,0.0,0.0,316,CT/EC,C
316,317,0.0117927995015948,0.0282128974795341,0.0792311686675126,0.1069040410840348,0.0565352266831691,317,CT/EC,M
317,318,0.0007695226438886,0.0006272483151406,0.0011919293964869,0.0675828913941312,0.0175428979374118,318,CT/EC,V
318,319,0.0002161392412006,7.652065505681094e-06,0.0,0.0796193039327671,0.0199607738098683,319,CT/EC,T
319,320,0.0001617892035884,0.0,6.18925498128551e-06,0.0455599975872618,0.0114319940114578,320,CT/EC,T
320,321,9.445982345928096e-05,3.1310355552705005e-05,0.0,0.0887194784542107,0.0222113121583056,321,CT/EC,L
321,322,1.5259022868244584e-05,0.0,0.0,0.0803744314368373,0.0200974226149263,322,CT/EC,C
322,323,0.0001043349866347,1.0531795851420613e-05,0.0,0.0975557340667506,0.0244176502123092,324,CT/EC,G
323,324,0.0002833839419853,5.251857510302216e-05,0.0,0.0777482764412285,0.0195210447395792,325,CT/EC,K
324,325,2.136416044673996e-05,0.0,0.0,0.0672114901534862,0.0168082135784832,326,CT/EC,N
325,326,4.2623357520796295e-05,1.359209704787645e-07,0.0,0.0706783064620883,0.0176802664351449,327,CT/EC,P
326,327,4.21795837983415e-05,3.44727322953986e-06,0.0,0.1058613636163774,0.0264767476183513,328,CT/EC,L
327,328,3.777155263231841e-05,6.429531367757591e-06,7.643921068425844e-05,0.1002848287402612,0.0251013672587363,329,CT/EC,G
328,329,0.0001053503201866,4.973995964974165e-05,0.0,0.0518662704170737,0.0130053401742275,330,CT/EC,D
329,330,9.007185799145513e-05,1.2659874073506217e-06,0.0,0.1136704391428694,0.028440444247067,331,CT/EC,D
330,331,0.000122417286713,2.168928767787293e-05,7.99784726979361e-05,0.0549028312085731,0.0137817290639155,332,CT/EC,E
331,332,0.0001104817036909,4.778879429068184e-06,8.64393295815966e-05,0.1068664964408706,0.026767049088393,333,CT/EC,A
332,333,0.0002571924612199,0.000455594214145,0.0002076933476964,0.0722784253559181,0.0182997263447449,334,CT/EC,S
333,334,0.0004171499923107,9.262143976229709e-06,0.0005176615074796,0.0991434254494301,0.0250218747732992,335,CT/EC,T
334,335,0.0001339618396577,4.302891466068104e-05,0.0003225691200224,0.0605273989864255,0.0152567397151916,NA,NA,-
335,336,9.079007690819629e-05,4.506030381890014e-05,0.0002373550001982,0.0404767696028614,0.0102124937459466,NA,NA,-
336,337,5.136426937168112e-05,1.836841511249077e-05,0.0,0.0383243018944836,0.0095985086447419,336,CT/EC,T
337,338,0.002168129016864,0.0014177600387483,0.0029862311243285,0.0736456043609171,0.0200544311352145,337,CT/EC,V
338,339,3.066963275141779e-05,8.338569750776514e-05,0.0,0.0803493498121071,0.0201158512855915,338,CT/EC,S
339,340,9.388996939499452e-05,0.0004059803904965,0.0008028199578442,0.1219440183912939,0.0308116771772574,339,CT/EC,K
340,341,0.0,0.0,0.0,0.0,0.0,340,CT/EC,T
341,342,8.694497967178831e-05,0.0,0.0,0.0359581478458707,0.0090112732063856,341,CT/EC,E
342,343,0.0001802581795319,2.1313101115083555e-06,0.0002262266686067,0.086303130953195,0.0216779367778613,NA,NA,-
343,344,5.123338836919061e-05,8.333552978001535e-05,0.0,0.1735253483898485,0.0434149793269994,NA,NA,-
344,345,0.0004292913914753,7.074610493873479e-06,0.0002000663650435,0.0375620220176616,0.0095496135961686,NA,NA,-
345,346,6.091000996151989e-05,2.1550353267230093e-05,4.231060893598073e-05,0.080499979249921,0.0201561875555214,NA,NA,-
346,347,6.518667104416217e-05,3.166411624988541e-05,2.053127205903936e-05,0.1008935720198243,0.0252527385197943,342,CT/EC,T
347,348,0.0,0.0,0.0,0.0,0.0,343,CT/EC,S
348,349,5.931509356866335e-05,0.0001646921882638,0.0003709405764705,0.1066537688440683,0.0268121791755928,344,CT/EC,Q
349,350,2.721740275229408e-05,0.000295210047625,0.0,0.0616568519491627,0.015494819849885,345,CT/EC,V
350,351,8.533495760887244e-05,4.469686973607168e-05,0.0,0.0940627539885326,0.0235481964539693,346,CT/EC,A
351,352,5.134130052757426e-05,6.7356631916482e-06,0.0,0.1029105534638552,0.0257421576068936,347,CT/EC,P
