feature,p_value,score,BayesianRidge
p1_EWKD,2.853051494452209e-05,18.6186734840681,0.19597859698910808
p1_F,0.20130859178960436,1.6469967966964114,0.0
p1_GAP,0.050664278423694926,3.8801987805866536,0.0
p1_I,0.0006908028277241626,11.998516935646109,0.05186747294189476
p1_L,0.7780759850346457,0.07970732198153661,0.0
p1_M,1.2677317727491592e-17,93.99095804613627,0.1297175259138567
p1_V,0.00020153224277916774,14.508950881915153,0.04919893481498847
p1_Y,1.649945817718491e-09,41.17753034317666,0.2215178045419118
p2_E,0.6357263279764193,0.22527515861942551,0.0
p2_GAP,0.050664278423694926,3.8801987805866536,0.0
p2_N,0.00022947308754841633,14.241350505654998,0.08398468617306319
p2_S,0.161629309543316,1.9779978315620304,0.0
p2_T,0.0018603704361927801,10.028969561144326,0.06467459563349663
p3_D,0.5545307643397801,0.3508073368229793,0.0
p3_G,0.00035650195535446357,13.338547681380875,0.018120912596771878
p3_GAP,0.1771249739523887,1.8384978236439953,0.0
p3_I,0.2524710730934683,1.3195190287308307,0.0
p3_L,0.7195594288700717,0.12939185888536459,0.0
p3_M,1.8764750483055775e-08,35.247681039706016,0.04580856808206223
p3_S,0.5518180402988802,0.3556417239361777,0.0
p3_V,3.055604222548292e-06,23.489241588369957,0.13744500851198505
p3_YRTE,0.1007406158360515,2.726594118790282,0.0
p4_D,0.006461448907407478,7.6249818259566915,0.007670853593513048
p4_GAP,0.03270356925580387,4.645245071367296,0.03789502932886866
p4_K,1.1222744355054873e-07,31.015931079592512,0.1022617675131734
p4_P,0.10535656431390171,2.6538519127847766,0.0
p4_S,0.00020153224277916774,14.508950881915153,0.04919893481498847
p4_T,0.5297403152362616,0.39669536763912844,0.0
p5_DLE,0.17571509465061327,1.8505945952816425,0.0
p5_F,0.2728594894774908,1.2110153948330658,0.0
p5_G,0.018682134005921565,5.650932875515985,0.03549778618427441
p5_GAP,0.8549310443211525,0.033540068844015745,0.0
p5_I,0.004021923351161984,8.53015521712154,0.11173581222572737
p5_P,0.3974909817863663,0.7199343044484321,0.0
p5_S,0.0003490582221813966,13.381603059429871,0.07549053051993382
p5_T,1.2041365948232116e-05,20.477981848964927,0.13610793881199632
p6_G,2.583561550874057e-05,18.83113839994155,0.14021682460850088
p6_GAP,0.8549310443211525,0.033540068844015745,0.0
p6_KD,0.3429922291356158,0.9048221537745503,0.0
p6_N,0.3974909817863663,0.7199343044484321,0.0
p6_S,2.426798128659463e-09,40.22276557279629,0.03040577032682198
p7_GAP,0.6923575125744826,0.15713808471037058,0.0
p7_L,0.03968949389592078,4.304362067147416,0.20688153080104277
p7_M,0.0030267644011239656,9.079075610220318,0.25720546522105636
p7_P,7.895853571800317e-05,16.460280576800635,0.198099199483995
p8_I,0.018682134005921565,5.650932875515985,0.03549778618427441
p8_L,0.01697272814929334,5.825972057544498,0.0635639861853997
p8_MDN,0.17571509465061327,1.8505945952816425,0.0
p8_P,2.426798128659463e-09,40.22276557279629,0.03040577032682198
p8_Q,0.3750145353811605,0.7915967785802949,0.0
p8_R,0.0035351777012530223,8.778695050194292,0.030513593777904274
p8_V,0.29468698489773215,1.105651968541525,0.0
p9_GAP,0.9416136538338143,0.005382024300480775,0.0
p9_P,3.429588911712767e-13,63.49897072262721,0.03118406351230708
p9_S,0.8540313389818617,0.03396217125464434,0.0
p10_F,0.050081295550744594,3.9001546078607015,0.0
p10_GAP,0.35970251016301047,0.84399576156406,0.0
p10_K,0.0783550373364572,3.1406208374824205,0.0
p10_L,0.0015508038148578933,10.387276308622626,0.11788732205135134
p10_W,5.2459514856564113e-14,68.80038716730874,0.14099096253732293
p10_Y,0.006148333527532981,7.719189053178521,0.12272136529959646
p11_G,0.025761747474161954,5.070373582607238,0.03373241055819078
p11_GAP,0.8224963424902383,0.050499426812906124,0.0
p11_M,0.048890355889427216,3.941703323871796,0.0
p11_NTQE,0.0013226493822771804,10.701902483184194,0.27149443455228495
p11_P,0.06718451010489658,3.3986471623406898,0.0
p11_S,0.6299508512759253,0.23306447070188163,0.0
p11_V,0.0006908028277241626,11.998516935646109,0.05186747294189476
p12_EPISM,0.007065515673703753,7.455867176723506,0.20375339563143824
p12_F,0.11264769147846669,2.5458530007671913,0.0
p12_G,1.770194769590489e-13,65.3510387506219,0.0691170989081799
p12_GAP,0.8224963424902383,0.050499426812906124,0.0
p12_L,0.5251436520599715,0.4056379423005578,0.0
p12_N,0.0006908028277241626,11.998516935646109,0.05186747294189476
p12_R,3.428537912956483e-12,57.1793804383977,0.12340420230635848
p12_V,0.6357263279764193,0.22527515861942551,0.0
p13_D,0.005410366405715209,7.962384790393311,0.07665195383705517
p13_GAP,0.22496332879162842,1.4843962243356885,0.0
p13_K,0.003405483561682528,8.850882260479326,0.05084811078099062
p13_LHMESYN,0.13844080560840658,2.218309307427115,0.0
p13_Q,0.0017968402306107766,10.097246205045263,0.03529258300236552
p13_V,1.6133346218597298e-07,30.17066420591813,0.03359039160178454
p14_L,3.5142455442430195e-06,23.17909561905553,0.0636655223859113
p14_M,2.2229844693408264e-11,52.191917545721104,0.22682699757678984
p14_R,0.10263336990038714,2.6963297692626482,0.0
p14_S,0.0006908028277241626,11.998516935646109,0.05186747294189476
p14_V,0.2728594894774908,1.2110153948330658,0.0
p15_D,1.1222744355054873e-07,31.015931079592512,0.1022617675131734
p15_GAP,2.6932877446283438e-11,51.68706177287591,0.10327354788649212
p15_L,0.001802857290994981,10.090674304662755,0.07543734332302103
p15_METIP,0.11625044428729912,2.4953187722976993,0.0
p15_S,6.464166422925445e-06,21.835597993575647,0.012711660842134978
p15_V,0.6723924417942686,0.17950681834757432,0.0
p16_G,0.0006908028277241626,11.998516935646109,0.05186747294189476
p16_GAP,3.610937612240798e-09,39.244807496654474,0.029053103222650426
p16_M,0.45825804158960237,0.5529430236108176,0.0
p16_NEVY,0.8497027201989085,0.0360311781197807,0.0
p16_S,2.1350933037285907e-06,24.287381745884176,0.13409484054342508
p16_T,0.21426898612762535,1.5552413383213302,0.0
p17_D,0.09720499685606968,2.784844431304769,0.0
p17_E,7.370461407888327e-05,16.605035455447563,0.06303016672193049
p17_G,0.010591010741132275,6.696390490865354,0.08250098750523112
p17_GAP,0.8413024464616985,0.040227676361988256,0.0
p17_I,1.3477972079810447e-09,41.680140933746486,0.008858193269466467
p17_K,0.023392893033322048,5.243721815931635,0.03522750340915419
p17_QVMPY,0.7216215944040401,0.12741280009911987,0.0
p17_R,0.2728594894774908,1.2110153948330658,0.0
p17_S,0.13209450277825058,2.292128927671809,0.0
p17_T,0.0017661098687501702,10.131166117733603,0.26694667739214173
p18_D,0.0783550373364572,3.1406208374824205,0.0
p18_E,0.009929923144558813,6.8165891817882,0.050066144093199746
p18_G,0.09062660709411355,2.8997008223953293,0.0
p18_GAP,0.8413024464616985,0.040227676361988256,0.0
p18_H,1.4897903710146896e-07,30.355813529624672,0.09227463071619198
p18_LRNQP,0.8490699473748184,0.036338942909584365,0.0
p18_S,0.6527585148496672,0.20323743848306827,0.0
p18_T,0.5518180402988802,0.3556417239361777,0.0
p19_GAP,1.8417444900234465e-11,52.68813508926758,0.034464349669348526
p19_GP,0.28426012196415523,1.1546953321010238,0.0
p19_H,0.5141384463898757,0.4276246899223774,0.0
p19_Q,0.6357263279764193,0.22527515861942551,0.0
p19_S,0.22971575308544215,1.4542062632316133,0.0
p20_F,0.013885224008968076,6.194538659015942,0.0334104328325794
p20_GAP,2.8082591325185446e-13,64.0569660255811,0.12137335366635658
p20_L,0.9373515146386524,0.0061981636009443095,0.0
p20_V,0.23658631404779135,1.4118763941482169,0.0
p20_Y,5.431379979203153e-12,55.94006912944742,0.14932005758269445
p21_G,2.801119676702724e-20,114.34651088588052,0.0007316047601886314
p21_GAP,2.766556037085214e-12,57.759944006136415,0.009679868774188184
p21_HASV,0.6311469592979523,0.2314379035622542,0.0
p22_E,0.2728594894774908,1.2110153948330658,0.0
p22_G,0.07677837015500737,3.1745303703383687,0.0
p22_GAP,1.4759377496033237e-08,35.8241758197066,0.021500790514035938
p22_I,0.3974909817863663,0.7199343044484321,0.0
p22_PYDT,0.8901612631290085,0.01913527587517108,0.0
p22_Q,0.018682134005921565,5.650932875515985,0.03549778618427441
p22_R,0.12123770174466848,2.428174516779723,0.0
p22_S,3.063657336642961e-09,39.648613455588624,0.019732577995686885
p22_V,0.004021923351161984,8.53015521712154,0.11173581222572737
p23_GAP,5.5307055249876044e-08,32.67699866291508,0.008831091790360011
p23_N,6.822826715397301e-17,88.67208186493619,0.11962881695933607
p23_QSTKP,2.7695908149839568e-05,18.68221073090755,0.2524570823183339
p24_G,0.6357263279764193,0.22527515861942551,0.0
p24_GAP,0.07025685608943898,3.3232945426354594,0.0
p24_H,5.391195150693186e-08,32.73729324355035,0.29043508919375394
p24_I,0.0783550373364572,3.1406208374824205,0.0
p24_LPKVA,0.9154050402146288,0.011320780755420375,0.0
p24_M,0.027578855231393903,4.948386468097958,0.10305591376028053
p24_N,0.0009634373605242045,11.332021760538511,0.07666148234424346
p24_Q,0.02385958853522085,5.208154734738242,0.09530485277152216
p24_R,4.309681352652964e-06,22.727831614526178,0.01921756640107848
p24_S,0.3974909817863663,0.7199343044484321,0.0
p24_Y,0.3114181808177709,1.0314649780873557,0.0
p25_L,1.3822251790305198e-15,79.45599896157862,0.11402251916643841
p25_M,0.019040874147335213,5.616326107700427,0.00731231764997798
p25_S,0.37425014892366915,0.7941410304637203,0.0
p25_T,3.5710303091555668e-12,57.069374423643346,0.18276670935530184
p26_I,0.08794582182181036,2.9491557953746597,0.0
p26_L,3.7260621032932844e-06,23.049502984141125,0.005913879590895124
p26_M,0.0006908028277241626,11.998516935646109,0.05186747294189476
p26_V,1.8922331939231755e-12,58.792046410358616,0.017475404343656232
p26_Y,0.3974909817863663,0.7199343044484321,0.0
p27_F,0.3974909817863663,0.7199343044484321,0.0
p27_G,1.4394613157835094e-11,53.34007655711331,0.004678490112996864
p27_GAP,0.21426898612762535,1.5552413383213302,0.0
p27_I,2.426798128659463e-09,40.22276557279629,0.03040577032682198
p27_V,6.531548642098732e-05,16.85950437390846,0.16107842007447418
p28_E,0.5749154810030577,0.31588191680125216,0.0
p28_F,0.08247645656136025,3.0553741279965108,0.0
p28_GAP,0.25760058885071485,1.2912164359230078,0.0
p28_H,0.0006908028277241626,11.998516935646109,0.05186747294189476
p28_Q,0.3974909817863663,0.7199343044484321,0.0
p28_W,4.1001276481340535e-10,44.66622978159442,0.021696191241286567
p29_GAP,0.25760058885071485,1.2912164359230078,0.0
p29_K,0.007099016704375365,7.446930293587929,0.00736405934917222
p29_L,0.0783550373364572,3.1406208374824205,0.0
p29_N,4.574367342438314e-14,69.19245350271821,0.09131616288133973
p29_Q,2.426798128659463e-09,40.22276557279629,0.03040577032682198
p29_TSMD,0.04301083781516339,4.164005704648022,0.13605509815858233
p30_I,0.00011783211236272003,15.622331337061011,0.14723359841000172
p30_L,0.902000392876123,0.015212553129420953,0.0
p30_V,0.0011234573373400754,11.025881266230648,0.08060437924942197
p30_Y,0.00141420468128698,10.56942534762791,0.013623584296406177
p31_GAP,0.25760058885071485,1.2912164359230078,0.0
p31_L,5.637102272806633e-14,68.59485646563327,0.15258686858401307
p31_N,0.3974909817863663,0.7199343044484321,0.0
p31_P,2.4847732443672213e-07,29.17078775258602,0.14780639020502667
p31_T,0.5096379650879574,0.43685577559696137,0.0
p32_E,0.7593118989658761,0.09420771445983918,0.0
p32_GAP,0.25760058885071485,1.2912164359230078,0.0
p32_KNGS,0.0022833363473275265,9.627654615053512,0.06397107647625098
p32_P,5.322720222247999e-06,22.262462727446167,0.09990770187091264
p33_D,0.1196678701688761,2.448971650100094,0.0
p33_E,0.9087675309368074,0.013175163313629985,0.0
p33_GAP,0.25760058885071485,1.2912164359230078,0.0
p34_E,2.3019239700201672e-07,29.34728184225594,0.14761291076822297
p34_GAP,0.25345795485836914,1.3140186949418409,0.0
p34_H,7.434090566373763e-06,21.529280411600784,0.23414260240700968
p34_M,1.2468264034503197e-19,109.22296534863833,0.11654429966437203
p34_T,0.3974909817863663,0.7199343044484321,0.0
p34_Y,0.1483102887862025,2.110804195760986,0.0
p35_GAP,0.6587582998151429,0.19579895433488312,0.0
p35_L,0.0007687540939030092,11.783751139234024,0.018080980717841297
p35_MDHVS,0.8261733019059482,0.04839497212410034,0.0
p35_Q,0.0001356215635010913,15.329521256265396,0.013983610410677515
p36_E,9.53969311272966e-09,36.8771397122005,0.18247163410752712
p36_GAP,0.6587582998151429,0.19579895433488312,0.0
p36_H,5.26391350737227e-07,27.44815117850083,0.09966119046816442
p36_KFGVAI,4.5493837506056415e-05,17.624446441485357,0.06798248937780905
p36_P,0.050434877804800014,3.8880218853857094,0.0
p36_R,0.0032768613129734617,8.925321231383975,0.0451730196049704
p36_Y,0.2452718116146469,1.3604648175722847,0.0
p37_GAP,0.6587582998151429,0.19579895433488312,0.0
p37_H,1.982380445691107e-15,78.3759974601914,0.1699532051091029
p37_KAY,0.5733459825212643,0.31848488254467794,0.0
p37_L,0.00047363493537995265,12.760716559793208,0.10271804261049164
p37_M,0.7828434742817354,0.07623147942465715,0.0
p38_I,0.008724487357678822,7.058795299154265,0.13497644275826615
p38_V,0.0021205602752679287,9.77228624838644,0.2599541212936876
p39_GAP,0.6084459119622692,0.2635298210781556,0.0
p39_H,0.04847755405190976,3.9563574417203644,0.07289904096745657
p39_P,9.606192100046923e-16,80.55107452525277,0.1170389459310904
p39_QN,0.01068444124410829,6.680033192982437,0.06424063565062248
p39_S,0.6357263279764193,0.22527515861942551,0.0
p40_E,9.131279559751949e-10,42.65164449623855,0.1236695703025865
p40_GAP,0.6084459119622692,0.2635298210781556,0.0
p40_H,0.45825804158960237,0.5529430236108176,0.0
p40_P,2.038736957027474e-08,35.04901218884528,0.1429078217043422
p40_S,0.007385352923592915,7.37227853253995,0.1819686680111391
p41_H,0.5091965694178782,0.43776877156212746,0.0
p41_Y,0.7392336131706769,0.11120443819797317,0.0
p42_W,0.3974909817863663,0.7199343044484237,0.0
p43_L,1.1989632213300255e-19,109.35599500642182,0.21952347022720162
p43_N,0.6357263279764193,0.22527515861942551,0.0
p43_R,0.00028185494589256317,13.819003539038812,0.006595710217351981
p43_Y,7.764756893661256e-18,95.56267884186649,0.21292549158093424
p44_G,0.005074922002259075,8.084491293790297,0.05741133672589653
p44_GAP,0.21426898612762535,1.5552413383213302,0.0
p44_I,0.10315822426525714,2.6880466182527107,0.0
p44_K,0.0925443166817384,2.8652965403140893,0.0
p44_N,0.13780768919490285,2.2255002654686216,0.0
p44_Q,6.739066672682994e-10,43.41333414902446,0.17822999518456883
p44_T,0.00020153224277916774,14.508950881915153,0.04919893481498847
p45_GAP,0.21426898612762535,1.5552413383213302,0.0
p45_Y,1.0915475333536485e-06,25.793322145568037,0.11235521683896779
p46_N,0.4495991815288052,0.574609082513885,0.0
p46_P,0.13630013494553117,2.2427745809989816,0.0
p46_R,0.0006908028277241626,11.998516935646109,0.05186747294189476
p47_E,1.9632067392491303e-10,46.539112575718086,0.04822542683991944
p47_GAP,0.21426898612762535,1.5552413383213302,0.0
p47_P,1.6113013430798728e-18,100.674083596773,0.08000592065570666
p48_F,0.3974909817863663,0.7199343044484321,0.0
p48_GAP,0.21426898612762535,1.5552413383213302,0.0
p48_L,0.015774020602381592,5.960063466410914,0.10175571407177886
p48_M,3.612989353465557e-15,76.58980316481383,0.053032474238081904
p48_P,4.287049179054481e-20,112.87589031656799,0.29849614419931975
p48_V,0.05327336558759468,3.793796999948654,0.0
p49_E,0.0861793277633377,2.9826542385927493,0.0
p49_GAP,0.21426898612762535,1.5552413383213302,0.0
p49_KGA,0.04819067356956159,3.9666200611689404,0.07351547581031156
p49_N,7.449537976164513e-15,74.4554395884507,0.0729057869746339
p49_P,1.3647949065292366e-08,36.01258315133338,0.2010668997818382
p49_S,0.5744654487447849,0.3166268419895039,0.0
p49_T,0.3974909817863663,0.7199343044484321,0.0
p50_DSY,0.28812790469434485,1.1362378201458263,0.0
p50_E,0.00020153224277916774,14.508950881915153,0.04919893481498847
p50_GAP,0.21426898612762535,1.5552413383213302,0.0
p50_I,0.00141420468128698,10.56942534762791,0.014850887177159424
p50_K,0.015231691589884244,6.024261069675477,0.08029919187615868
p50_P,1.263292632797655e-12,59.89573900165696,0.13084858260406995
p50_T,0.0783550373364572,3.1406208374824205,0.0
p51_GAP,0.21426898612762535,1.5552413383213302,0.0
p51_I,0.6357263279764193,0.22527515861942551,0.0
p51_L,1.6963398733282485e-14,72.0532265999795,0.05271025534868057
p51_M,0.03497034786611075,4.52681723447378,0.1407265054768369
p51_S,8.78718158982355e-09,37.076125960605815,0.2041946719195213
p51_T,0.4495991815288052,0.574609082513885,0.0
p51_Y,0.004563178605210605,8.287802068133152,0.08772528524044067
p52_GAP,0.21205086550502908,1.5704676647146179,0.0
p52_L,6.405267197798066e-11,49.42446301013179,0.18527294571116762
p52_M,0.3867028609061003,0.7535858919725736,0.0
p52_SITVAF,0.00019135868725324176,14.615905409698463,0.09832376716418854
p52_W,9.334307292791172e-11,48.44937573397165,0.2198126229055385
p52_Y,0.0006908028277241626,11.998516935646109,0.05186747294189476
p53_F,0.5137124321897388,0.4284924582445107,0.0
p53_H,0.6321947971876275,0.23001873166695982,0.0
p53_N,0.00020153224277916774,14.508950881915153,0.04919893481498847
p53_Y,0.438610712917858,0.6030627839614928,0.0
p54_FST,0.4466905295187933,0.5820347638267339,0.0
p54_G,2.461960620953922e-15,77.72960443063106,0.2518598794924617
p54_I,0.0033580379058925276,8.87799911682659,0.10383292417239283
p54_K,0.6357263279764193,0.22527515861942551,0.0
p54_L,2.3481419427596536e-10,46.08200705720681,0.2201490895645247
p54_N,0.3974909817863663,0.7199343044484321,0.0
p54_R,0.21426898612762535,1.5552413383213302,0.0
p54_Y,0.18728034629156698,1.754554099657914,0.0
p55_F,0.22869268495541037,1.4606410283931643,0.0
p55_G,0.1084419212669151,2.6071689439224843,0.0
p55_I,0.10906786701816429,2.597877708371868,0.0
p55_L,0.35734438462890894,0.852341688080905,0.0
p55_M,0.043027870184928534,4.163315962712286,0.01185441350512997
p56_F,0.0006908028277241626,11.998516935646109,0.05186747294189476
p56_I,0.314746256272989,1.0173274356716282,0.0
p56_L,0.31475824701013055,1.01727685522533,0.0
p56_QM,0.9481566820325381,0.0042417258133925564,0.0
p56_V,0.21426898612762535,1.5552413383213302,0.0
p57_G,3.1518651754354095e-06,23.420394052118976,0.11609011880254161
p57_T,0.6357263279764193,0.22527515861942551,0.0
p57_Y,0.0006908028277241626,11.998516935646109,0.05186747294189476
p58_F,3.304299446771024e-19,105.93287354561356,0.5493742440716304
p58_I,0.2189573727124924,1.5236707574996677,0.0
p58_L,1.6048217311140067e-15,79.00816286047754,0.41754985766760194
p58_M,0.17995663394966052,1.814537302600311,0.0
p58_T,0.00020153224277916774,14.508950881915153,0.04919893481498847
p59_I,0.21964496371619346,1.519109000515751,0.0
p59_L,1.0917840679601882e-07,31.080264682352418,0.1886191516204179
p59_T,3.7575078843177327e-10,44.887150919740016,0.02863038566662057
p59_V,0.013471868821435794,6.250278514678769,0.18407516708985577
p59_Y,0.3376582990406184,0.925095187563161,0.0
p60_I,5.9238092578966734e-21,119.78590440361322,0.1864588798238226
p60_L,0.4495991815288052,0.574609082513885,0.0
p60_M,0.9315997310760015,0.007391476801658468,0.0
p60_Y,2.2885514383450097e-10,46.147563340576134,0.10477792978217665
p61_F,0.8667690102356529,0.02823946222151321,0.0
p61_G,0.1515965445501677,2.076803527167923,0.0
p61_I,2.7950179946059585e-10,45.63832442387126,0.2537497670457571
p61_S,0.09723114501594667,2.7844051148325297,0.0
p61_T,0.012011962848779085,6.462437929882384,0.08331405771836092
p62_F,0.00017172447615634105,14.83978545501122,0.08795878470034663
p62_G,1.1222744355054873e-07,31.015931079592512,0.1022617675131734
p62_I,0.3327978621987744,0.9439487296399793,0.0
p62_L,0.5835907380729948,0.3017460157967145,0.0
p62_M,0.23353244752651403,1.4305041441116035,0.0
p62_V,0.015306850578450036,6.015223342417118,0.4058563265904045
p63_I,0.7691349383277585,0.08645252164949116,0.0
p63_L,0.18666466779319496,1.7594901513603745,0.0
p63_YCT,0.9548455019462025,0.0032166941662683875,0.0
p64_F,7.805743283465486e-08,31.866065157037603,0.05625875994816994
p64_G,0.00016114589877241152,14.971493145787806,0.08466069617529473
p64_M,0.0001356215635010913,15.329521256265396,0.013983610410677515
p64_T,1.8655167396110845e-07,29.83369997007942,0.19057615617171397
p65_F,0.0776312634801461,3.156094160446097,0.0
p65_I,1.5171661693531734e-08,35.75792413863124,0.18187765938466818
p65_L,3.8760435647581825e-07,28.148118320004006,0.0656238076069956
p65_M,0.6357263279764193,0.22527515861942551,0.0
p65_S,0.21426898612762535,1.5552413383213302,0.0
p65_TAN,0.24975903333656926,1.3347725206077838,0.0
p65_V,6.777696984377191e-05,16.781540542107173,0.1804550693795795
p66_F,0.5299169814425321,0.3963544549079369,0.0
p66_I,0.0005079710159360316,12.618902426806708,0.08585860866035934
p66_L,0.3517742868575313,0.8723607172119631,0.0
p66_M,1.1021467644028855e-10,48.020768283250696,0.07959160198550652
p66_S,9.397933323182981e-05,16.09499213854984,0.04831908869178444
p66_T,4.036340521255646e-07,28.055253389784813,0.014488065977286033
p67_G,0.8480007482078484,0.03686205833945382,0.0
p67_S,0.660894056319456,0.1931910848603936,0.0
p68_I,0.5609738848288736,0.3395031597505682,0.0
p68_L,0.6394133735370642,0.22038721221514468,0.0
p68_M,0.004761412831100541,8.206382617949112,0.06829311401723821
p68_T,0.726740022017496,0.12257479288220995,0.0
p68_V,0.2991189461498185,1.0854773562777582,0.0
p68_W,0.8507051199692035,0.035546411372441696,0.0
p69_C,0.6702081442913914,0.18206056518820665,0.0
p69_F,0.02527729429944751,5.104425386509199,0.14508163268430724
p69_I,0.008733963356629662,7.056759051966721,0.04650779790188314
p69_L,0.21710885397556215,1.536020477639914,0.0
p69_S,0.6686205614898517,0.18393007210712095,0.0
p69_T,9.47163632524884e-07,26.11380301669572,0.025217330298903544
p69_V,0.007493296110500884,7.344910073785443,0.1612908228729619
p70_G,0.6084459119622692,0.2635298210781576,0.0
p70_L,0.4495991815288052,0.574609082513885,0.0
p72_F,0.05065136590065742,3.880638122547724,0.0
p72_G,9.467021766638153e-06,21.001269353088702,0.08643338538524498
p72_SCL,0.12132130214778095,2.4270754330589703,0.0
p72_V,0.3974909817863663,0.7199343044484321,0.0
p73_I,0.1567642214496337,2.025005135644422,0.0
p73_L,3.510144769906523e-18,98.12995956329142,0.23415875983936452
p73_M,5.165222871288438e-14,68.84473658926532,0.0647653807839025
p73_V,0.1632435466068631,1.9627591279216758,0.0
p74_V,0.21426898612762535,1.5552413383213344,0.0
p75_L,1.332382891573037e-05,20.258431602714264,0.03192824195338857
p75_M,0.019727649987119334,5.551935160335109,0.1154691454323617
p75_V,0.7355421016969694,0.11449979725240038,0.0
p76_L,0.21426898612762535,1.5552413383213302,0.0
p76_V,0.3974909817863663,0.7199343044484321,0.0
p76_W,2.0166970593193893e-15,78.32472516135815,0.05869224269997872
p76_Y,6.61847276008401e-17,88.76713128983218,0.02281935378055797
p77_L,0.5021375952061744,0.4525577048790362,0.0
p77_T,0.21426898612762535,1.5552413383213302,0.0
p77_V,0.1695428145242353,1.904912318050004,0.0
p78_M,0.07746360523681438,3.159700840235875,0.0
p79_CLG,0.9470903465908623,0.004418273110870891,0.0
p79_I,0.3974909817863663,0.7199343044484321,0.0
p79_M,0.0028578074354600317,9.190528389744346,0.13797431990451461
p79_S,9.978838429119e-09,36.768248357637944,0.16635301733007968
p79_T,6.7584415900251044e-09,37.71339920650416,0.03314803642314279
p80_K,0.41414148642386384,0.6705271605426056,0.0
p80_NC,0.47503674736947543,0.5127629218006241,0.0
p80_R,0.21426898612762535,1.5552413383213302,0.0
p80_S,0.04029578029959858,4.277832190092982,0.11918284570680503
p80_T,0.015982167861048124,5.9360328941695615,0.020182652075051367
p81_D,0.4495991815288052,0.574609082513885,0.0
p81_E,0.21426898612762535,1.5552413383213302,0.0
p81_S,7.544249690914412e-05,16.55602153118749,0.13967211969792473
p81_T,4.062495191340359e-11,50.61023345376371,0.0854535346537098
p81_V,0.0783550373364572,3.1406208374824205,0.0
p82_R,0.3974909817863663,0.7199343044484321,0.0
p82_S,0.21426898612762535,1.5552413383213302,0.0
p83_GAQ,0.10487498103162637,2.6612749155224296,0.0
p83_K,0.3974909817863663,0.7199343044484321,0.0
p83_N,0.03428557352267552,4.561717674577917,0.08347576655268908
p83_P,0.31768173270423383,1.0050199719469446,0.0
p83_S,8.695336849858949e-08,31.612885921552976,0.42922101124339657
p83_T,1.1252227922699477e-10,47.96738356275154,0.09546395127466849
p84_L,0.21426898612762535,1.5552413383213344,0.0
p85_K,4.462488479935272e-13,62.76630350917215,0.05043175787109563
p85_R,2.3012954357799413e-13,64.61427466370674,0.12465220253493771
p85_S,0.6150429220748175,0.25393466379346635,0.0
p86_T,0.4959128935777123,0.46589714547867567,0.0
p87_P,2.3025350433408932e-05,19.078189570486817,0.13128317307773138
p88_G,0.0783550373364572,3.1406208374824205,0.0
p88_N,0.3974909817863663,0.7199343044484321,0.0
p88_R,0.21426898612762535,1.5552413383213302,0.0
p88_S,0.6532203326489009,0.2026589549724849,0.0
p89_N,0.21426898612762535,1.5552413383213344,0.0
p90_I,0.2258687631598464,1.4785852087666513,0.0
p90_L,1.336116630016692e-06,25.33786865253233,0.09609628632824167
p90_M,1.0691715121635524e-06,25.84006389512617,0.14024164299818637
p91_L,2.3683372063755405e-07,29.281582614702923,0.0043894838832284535
p92_Q,0.21426898612762535,1.5552413383213302,0.0
p92_V,4.979906186624509e-07,27.57475719484505,0.1844601045226847
p92_Y,0.3974909817863663,0.7199343044484321,0.0
p93_L,0.0141209886461634,6.163514339747364,0.05537266308703161
p93_V,0.37873793944461254,0.7793074489383677,0.0
p94_S,0.2554466765940099,1.3030148928961696,0.0
p95_M,0.21426898612762535,1.5552413383213302,0.0
p97_I,0.001928083370481603,9.958781699562701,0.1806095930277439
p97_L,0.5461079751218127,0.36596525869404306,0.0
p97_V,7.96297289357499e-10,42.99450654605403,0.036038267924836484
p98_C,2.6934286936427186e-15,77.46206961729946,0.15996606831212148
p98_F,8.762337938157153e-05,16.241733852925506,0.028604441478126953
p98_G,0.3974909817863663,0.7199343044484321,0.0
p98_S,2.0646431808957904e-15,78.2545505240094,0.04340053406330764
p99_N,0.2365885262303103,1.4118630069361733,0.0
p100_L,0.008389024668497728,7.132395586477769,0.04221700733126872
p100_M,0.04331275642511619,4.1518220497288905,0.006159922555585147
p100_S,0.2728594894774908,1.2110153948330658,0.0
p101_F,4.5493837506056415e-05,17.624446441485357,0.11930313084078577
p101_G,0.254429513270214,1.3086296324346416,0.0
p101_I,0.008733963356629662,7.056759051966721,0.03828753807908437
p101_L,6.491147577293314e-12,55.46199317377468,0.07251259476328738
p101_M,1.4807524895681647e-05,20.02978713229836,0.1630508595894907
p101_T,0.8027298535210537,0.06262498531340034,0.0
p101_V,1.7170222002191032e-07,30.026057866974252,0.09871338326306309
p102_I,0.6143586769805909,0.25491948121110136,0.0
p102_M,5.3762478401622934e-17,89.41790904239949,0.005863903749185838
p102_V,0.4495991815288052,0.574609082513885,0.0
p103_IS,0.08945391462030182,2.921134782385138,0.0
p103_L,0.11492672815203094,2.513680741533007,0.0
p103_M,0.053443961304733285,3.7883060798103605,0.0
p103_V,0.21426898612762535,1.5552413383213302,0.0
p104_C,0.4875860180308178,0.48419028064356257,0.0
p104_F,0.005474866689069374,7.93980268514172,0.0805242692373216
p104_I,0.6846419430572372,0.16557666168273763,0.0
p104_L,0.12145137854770252,2.4253670184634153,0.0
p104_M,2.7710437016567013e-11,51.612302622248016,0.23950171298474152
p104_T,7.150378543517376e-07,26.750910892547434,0.05286352295425155
p104_V,0.8817206359744294,0.022212051447589195,0.0
p105_C,6.939136852071674e-11,49.21674383456622,0.19344297809707792
p105_F,0.6326437604132213,0.22941230840427865,0.0
p105_I,0.3268329699101358,0.9675977779875611,0.0
p105_L,1.3269761704986682e-11,53.55580533074791,0.13276711135743072
p105_T,0.7362349785794134,0.11387718904988471,0.0
p105_V,0.0032768613129734617,8.925321231383975,0.0451730196049704
p106_G,0.41414148642386384,0.6705271605426056,0.0
p106_K,1.915865615801667e-21,123.80854794670923,0.9736324953236705
p106_M,1.134806779597503e-21,125.69528136064372,0.17354514025457665
p106_N,0.030747592821316134,4.7546186983596685,0.2691711501113032
p106_P,0.21426898612762535,1.5552413383213302,0.0
p107_C,0.9281137753460784,0.008166194413139155,0.0
p107_F,0.13354656288263914,2.2748906760138143,0.0
p107_M,0.0021860759593062555,9.71274728997168,0.6118957608196892
p107_S,0.010826160167039309,6.655502911614227,0.11277660791421158
p107_T,8.012053910520333e-07,26.492728406600932,0.7807514549318648
p108_P,0.3974909817863663,0.7199343044484237,0.0
p109_F,0.6258529170764779,0.23869065563676875,0.0
p109_H,1.7615527075013605e-05,19.65463011555305,0.08736525912616913
p109_I,4.028986684143865e-17,90.32400786934386,0.3213808845231641
p109_L,0.09710433238220315,2.786536914898068,0.0
p109_M,0.3421993200621458,0.9078086924959495,0.0
p109_P,3.311356079255745e-15,76.84833864396212,0.03990937566481544
p109_T,0.07244492057438744,3.2717710603382306,0.0
p110_F,2.493930350706757e-16,84.65622891535419,0.1497201939787843
p110_L,0.003051725825657761,9.063153873578337,0.05542520280912108
p110_M,0.004173634423826264,8.458987881538077,0.002000497701861028
p110_S,0.2265451009827556,1.4742628752412243,0.0
p110_V,0.012288681336556336,6.420234649933551,0.3161510038758588
p110_Y,0.0006908028277241626,11.998516935646109,0.05186747294189476
p111_G,0.4852020645314371,0.48952409099832417,0.0
p111_I,0.0007096479557222256,11.944404492720588,0.14547868707044717
p111_L,0.0027088943431278815,9.294523526837407,0.011568343895315535
p111_S,0.0783550373364572,3.1406208374824205,0.0
p111_V,4.979889375031608e-05,17.43273828557266,0.07483707704878001
p112_L,0.23110713211321005,1.445510555188736,0.0
p112_M,0.08247645656136025,3.0553741279965108,0.0
p112_V,2.68979764208494e-10,45.735958175371024,0.2531993492756882
p112_Y,1.1989632213300255e-19,109.35599500642182,0.22853569956402267
p113_N,0.6587582998151429,0.19579895433488465,0.0
p113_S,0.25345795485836914,1.3140186949418409,0.0
p114_C,0.0007171635314442307,11.92323272168955,0.13782952596503198
p114_GAP,0.3974909817863663,0.7199343044484321,0.0
p114_L,0.6357263279764193,0.22527515861942551,0.0
p114_S,0.8081630431733198,0.059154530413689364,0.0
p114_TNG,0.6374987790795741,0.22291721515297125,0.0
p115_I,0.10797459263702763,2.614144599539984,0.0
p115_T,0.0006908028277241626,11.998516935646109,0.05186747294189476
p115_Y,3.72374620143041e-15,76.50032760870215,0.1096230339941393
p116_F,0.3056687068560483,1.0563612026866962,0.0
p116_H,0.0010209000589295589,11.21647065267757,0.12670617107228724
p116_K,0.9238006966777652,0.009178626773331576,0.0
p116_N,4.5493837506056415e-05,17.624446441485357,0.00847091542010063
p116_R,0.6150429220748175,0.25393466379346635,0.0
p116_SLMWI,0.17156199877438016,1.886894015071697,0.0
p116_T,0.3974909817863663,0.7199343044484321,0.0
p116_V,0.0006908028277241626,11.998516935646109,0.05186747294189476
p116_Y,0.10116758517470859,2.7197125531499378,0.0
p117_E,2.4309986358754183e-09,40.218497765304406,0.25179858015996665
p117_G,0.23965382107184535,1.3934586772976252,0.0
p117_Q,0.003947595968343078,8.56603733437567,0.08273060136743646
p117_R,8.429426347456658e-05,16.32298307827185,0.16930844494798428
p118_G,1.899937612078203e-19,107.79582266748976,0.25947028886604057
p118_K,0.7074727173218117,0.14134054614658118,0.0
p118_Q,0.22869268495541037,1.4606410283931643,0.0
p118_R,0.0031546408671920207,8.998893309354438,0.1000044336874268
p118_T,1.214486154358197e-16,86.87697512170541,0.19457020554844187
p118_Y,0.0006908028277241626,11.998516935646109,0.05186747294189476
p119_I,0.00029728438692702014,13.7098110658887,0.05266975473079081
p119_K,0.3974909817863663,0.7199343044484321,0.0
p119_L,0.0020775205230081093,9.812436136213925,0.12713860998096757
p119_M,0.9483595474026688,0.004208547791643201,0.0
p119_W,1.9086258230442854e-21,123.82214093144209,0.13021619528406095
p119_Y,0.00014374569133790736,15.20859903982397,0.015452374469865518
p120_I,0.3285619955031758,0.9606836485230775,0.0
p120_L,0.3890727546291699,0.7460783796445429,0.0
p120_T,0.3974909817863663,0.7199343044484321,0.0
p120_V,4.408453046075475e-05,17.69124028289034,0.07521537047178473
p121_F,5.0441660545180104e-17,89.61787414278271,0.4329180741404916
p121_G,1.5343909849722272e-05,19.952820693812846,0.003041784382042414
p121_I,0.0783550373364572,3.1406208374824205,0.0
p121_L,0.0028653029676611293,9.18544199416681,0.4145597026414891
p121_TMW,0.32070766181152555,0.9924894726643513,0.0
p122_L,0.3974909817863663,0.7199343044484321,0.0
p122_Y,0.10486507763230749,2.66142795946074,0.0
p123_D,0.004112262766640558,8.487451228517036,0.26288256099790513
p123_E,0.42958440179150237,0.6272708010541952,0.0
p123_F,7.00561643947146e-07,26.797368840058542,0.11291789832505367
p123_H,0.0001285712051179523,15.440602241520281,0.08665322429996952
p123_P,5.678963617985691e-19,104.12300886248582,0.0949967226070163
p123_Q,0.06558913067254407,3.4392576384401794,0.0
p123_R,0.4495991815288052,0.574609082513885,0.0
p124_E,0.3974909817863663,0.7199343044484321,0.0
p124_F,0.00035776378349898583,13.331340189574103,0.026187647171701627
p124_I,0.007320638606584458,7.388885524234548,0.025320097539910994
p124_L,0.7171946048586897,0.13168262069315712,0.0
p124_M,0.27374171711353834,1.2065514849432433,0.0
p124_V,0.09855838899130509,2.762275274351094,0.0
p125_F,0.05379010234271457,3.777222333259168,0.0
p125_G,1.0347164401365528e-07,31.205730664923095,0.006513585010195927
p125_M,0.10464120865095392,2.664891830091523,0.0
p125_S,1.1222744355054873e-07,31.015931079592512,0.1022617675131734
p127_D,0.002188859358225748,9.710258525579974,0.10109049999048943
p127_E,0.003296485276288113,8.913771782453196,0.10802559237737262
p127_K,0.36656036271371173,0.8201495791162785,0.0
p127_NRTYSV,0.7312356340634002,0.11841206575564316,0.0
p127_Q,9.273599614491527e-05,16.122885690275492,0.008982825895553968
p128_L,1.7950278889449858e-09,40.96853467340711,0.05360104968289061
p128_V,0.0005290249074513187,12.53671109393267,0.002600991173957716
p128_W,0.3974909817863663,0.7199343044484321,0.0
p129_Y,1.0258419083435145e-14,73.5183065470638,0.05056325772811983
p130_G,0.3790405335287651,0.778316236742616,0.0
p131_C,8.26981877665043e-08,31.730536572081913,0.21766058147219694
p131_F,0.1749620695926509,1.8571018757116058,0.0
p131_G,0.6357263279764193,0.22527515861942551,0.0
p131_I,0.00020153224277916774,14.508950881915153,0.04919893481498847
p131_L,6.067208642751737e-05,17.015080519353845,0.12580903639972932
p131_M,0.01651550456730034,5.8759180178090356,0.0010612278393644812
p131_S,0.26857354887532714,1.2329633611840418,0.0
p131_T,0.855775988215243,0.03314614215083156,0.0
p131_V,4.890790600998268e-10,44.220620446935804,0.3316706992210917
p132_C,0.005167023443678046,8.050154715406979,0.10360594115353833
p132_E,0.21426898612762535,1.5552413383213302,0.0
p132_F,0.991151196068376,0.000123403152791842,0.0
p132_G,1.823704336132119e-05,19.579849526125265,0.2689910590814959
p132_I,0.18443075926983074,1.777561461778699,0.0
p132_L,0.12943558237613603,2.3242548337998454,0.0
p132_M,1.201386308681403e-10,47.79874666822175,0.19177885127011116
p132_N,0.0006908028277241626,11.998516935646109,0.05186747294189476
p132_VWT,0.4165421066426912,0.6636454324113517,0.0
p133_S,0.21426898612762535,1.5552413383213302,0.0
p133_T,0.3974909817863663,0.7199343044484321,0.0
p134_F,0.3410276398324237,0.9122391239142174,0.0
p134_G,5.940809408689117e-05,17.05953347359868,0.1494326077507829
p134_S,6.901164122746593e-05,16.74351326116662,0.16106539644091455
p134_T,1.1222744355054873e-07,31.015931079592512,0.1022617675131734
p134_Y,0.3974909817863663,0.7199343044484321,0.0
p135_F,0.2728594894774908,1.2110153948330658,0.0
p135_I,0.0008159112413198052,11.66438773697553,0.047902772686325444
p135_L,0.002255262468645557,9.651828447341531,0.12682810922242357
p135_TMS,0.08513318463230517,3.002848236979773,0.0
p135_V,0.08247645656136025,3.0553741279965108,0.0
p135_Y,8.614140788140976e-06,21.207230348629466,0.12314049827282293
p136_G,0.6258529170764779,0.23869065563676875,0.0
p136_S,1.0463493901869603e-14,73.46046216330087,0.11423125467403399
p136_T,0.001128856558157256,11.016347069253454,0.008047014709152114
p136_Y,1.9575857298458794e-05,19.427203704231463,0.24698200293141215
p138_F,0.569226923772311,0.32538352153814737,0.0
p138_I,2.7120837559697266e-13,64.15440457379776,0.1675665890147177
p138_L,0.3974909817863663,0.7199343044484321,0.0
p138_M,0.1671087431214955,1.9269658050266156,0.0
p138_S,0.03061501547480886,4.762295768059929,0.10646216509764657
p138_T,2.298215538170153e-08,34.762449185420806,0.014687127152760875
p139_G,5.429860284068344e-16,82.2787263791931,0.22942582055724364
p139_I,4.004327706917981e-05,17.895555905785386,0.1047017087436767
p139_S,0.6357263279764193,0.22527515861942551,0.0
p139_T,0.3087546576498138,1.0429231037997522,0.0
p139_V,9.478495577408847e-07,26.112166016128533,0.17430347683123285
p140_G,0.15940729688802938,1.9992628128841274,0.0
p140_S,1.6121673908810862e-16,86.00020078028422,0.10370617674008466
p141_G,2.695333617705383e-13,64.17173220771829,0.07956296987405709
p141_I,1.2940299315508466e-16,86.68032000145304,0.055995750620219074
p141_L,0.3974909817863663,0.7199343044484321,0.0
p141_S,6.830199263874938e-05,16.76528459198242,0.0774301300379794
p141_T,0.21426898612762535,1.5552413383213302,0.0
p142_GLYF,0.5497072064963358,0.35943459028588004,0.0
p142_I,0.0012229092079048365,10.857364240383426,0.04137865017358986
p142_M,2.785714991414158e-09,39.8827028506589,0.2689042005695011
p142_T,0.45647539590669906,0.5573504402391221,0.0
p142_W,5.165494504977655e-16,82.43050519021308,0.09714123234968021
p143_S,0.2514633780478267,1.3251629043060469,0.0
p143_T,0.8785210067831593,0.023439664471831524,0.0
p144_L,0.9576572301534478,0.0028281971269205424,0.0
p144_M,1.372518648377628e-15,79.47715697948837,0.050612551905972414
p144_N,3.5569397947161857e-20,113.52002091946143,0.14395684339090534
p145_C,0.6224654157732226,0.24340441826231887,0.0
p145_P,0.21426898612762535,1.5552413383213302,0.0
p145_S,0.3974909817863663,0.7199343044484321,0.0
p145_T,1.5201967673229566e-12,59.389306061249876,0.05706611095335836
p145_V,0.029782522807253943,4.811317572420236,0.01923376181368353
p146_C,3.662894205070303e-08,33.65222177860411,0.04349492572602941
p146_F,2.587601592349383e-05,18.827789654983142,0.05127163937469209
p146_I,0.2728594894774908,1.2110153948330658,0.0
p146_LWT,0.032040525295707424,4.6815293952630235,0.12260838277497332
p146_M,3.3912077193594647e-06,23.258067550552926,0.1750594195183674
p146_V,0.0512946805818206,3.858893906426238,0.0
p147_V,0.21426898612762535,1.5552413383213302,0.0
p148_C,0.21426898612762535,1.5552413383213302,0.0
p148_S,0.9088215230763468,0.013159504573465432,0.0
p148_T,0.04868186625020372,3.9490879639442276,0.03573166177541107
p149_I,0.25760058885071485,1.2912164359230078,0.0
p149_L,0.6359423782226248,0.22498692679546894,0.0
p149_M,0.3015723243185029,1.0744750026584184,0.0
p149_Y,2.103800674944867e-12,58.50352399943757,0.00998699588229352
p150_E,0.21205086550502908,1.5704676647146179,0.0
p150_V,0.3974909817863663,0.7199343044484321,0.0
p151_R,0.21426898612762535,1.5552413383213344,0.0
p152_F,1.3120540023668178e-05,20.29176146449831,0.06477445511409163
p152_Y,0.0007928982517280406,11.721730477971766,0.05103380700724736
p153_K,0.0003308197358037342,13.491188631554238,0.06763029681140635
p153_L,0.6258529170764779,0.23869065563676875,0.0
p153_N,4.976945510882272e-12,56.17484846057481,0.05559146673587866
p153_Q,0.6357263279764193,0.22527515861942551,0.0
p153_TCSR,0.001493376900229881,10.461766869151647,0.047894333004575206
p154_T,1.8778217247038916e-14,71.75835748290847,0.09475790857591714
p154_V,1.7583646321751844e-12,58.99202887928034,0.11730926825377144
p155_S,0.21426898612762535,1.5552413383213302,0.0
p155_V,0.08520117595295575,3.0015275653155435,0.0
p156_L,0.3974909817863663,0.7199343044484321,0.0
p156_S,0.00011114432897375555,15.744242348105425,0.06562102724286241
p156_T,4.342996849671955e-15,76.04503292693461,0.10512562697014174
p156_V,1.4944486950997943e-14,72.42140800657904,0.048456493043407135
p157_K,2.82492861392717e-19,106.45913565945223,0.25153169477133497
p157_N,9.39577416303094e-11,48.43242552041516,0.0336798790953504
p157_R,0.0012731306261468522,10.777526068631044,0.3137265278512465
p157_S,0.004021923351161984,8.53015521712154,0.11173581222572737
p158_K,0.21426898612762535,1.5552413383213302,0.0
p158_L,0.3974909817863663,0.7199343044484321,0.0
p158_P,6.554395244905032e-23,136.19995547547379,0.20450539243505822
p159_G,0.3974909817863663,0.7199343044484321,0.0
p159_I,0.0022840966074136,9.627004221354436,0.0855661140555513
p159_L,0.0009887174680803445,11.280340433119855,0.06359256627939641
p159_M,0.7365074565667893,0.1136328628654545,0.0
p160_D,2.1255636168886122e-07,29.53154658686852,0.12834830017770163
p160_E,1.2229927304734316e-11,53.77240044165134,0.015608543213203836
p160_F,0.21426898612762535,1.5552413383213302,0.0
p160_QNG,0.9081159289677018,0.013364884249032725,0.0
p160_S,0.3727552962706506,0.799137864033206,0.0
p161_F,0.3974909817863663,0.7199343044484321,0.0
p161_G,7.679265272444748e-13,61.263858769345525,0.002315118574475239
p161_PRS,0.4079204424342314,0.688639473321703,0.0
p161_Y,0.21426898612762535,1.5552413383213302,0.0
p162_GAP,3.5569397947161857e-20,113.52002091946143,0.14395684339090534
p162_K,7.34440618714447e-22,127.27276712999742,0.16691492465271446
p162_R,0.210186970203747,1.583410453477301,0.0
p162_T,0.3974909817863663,0.7199343044484321,0.0
p163_K,1.7067225934674212e-14,72.03551256325827,0.2451280113380363
p163_P,1.0336755892507866e-19,109.86073328668508,0.15356088542910734
p163_R,2.478914708655491e-07,29.17623535511988,0.0036060331382425487
p163_T,0.21426898612762535,1.5552413383213302,0.0
p164_L,0.0002308746256848024,14.228817568728827,0.20100644689771516
p164_M,1.933395111050363e-05,19.45398307353962,0.00196305544904413
p164_VC,0.01068444124410829,6.680033192982437,0.06424063565062248
p165_S,0.0010642162990080186,11.133684340999332,0.04649880801214716
p165_T,1.7058915300426377e-08,35.47627947076091,0.21735546400018763
p166_I,0.14113367464089063,2.188134136942635,0.0
p166_K,0.19462114568490135,1.6971297809185675,0.0
p166_N,3.283578845004142e-11,51.16713369034053,0.08568575794236824
p166_R,4.087470858207391e-15,76.22438839770341,0.30261399298103375
p166_S,0.26047928654974783,1.2756381147000044,0.0
p166_T,0.8778432953218521,0.023704021612290706,0.0
p166_Y,0.0006908028277241626,11.998516935646109,0.05186747294189476
p167_K,0.045394686741304244,4.070190220191075,0.014639917694195188
p167_N,4.462488479935272e-13,62.76630350917215,0.05043175787109563
p167_P,0.6357263279764193,0.22527515861942551,0.0
p167_R,0.36656036271371173,0.8201495791162785,0.0
p167_S,0.22869268495541037,1.4606410283931643,0.0
p167_T,4.554339809310739e-06,22.60596557806134,5.166657836394429e-05
p167_V,0.18042293930788522,1.8106337399409367,0.0
p168_K,2.376849710209872e-09,40.27409632498661,0.014671451108847667
p168_L,0.6357263279764193,0.22527515861942551,0.0
p168_M,0.3974909817863663,0.7199343044484321,0.0
p168_Q,1.1932241411992754e-05,20.497749250160243,0.03883121642076394
p168_RA,0.30210648779634974,1.0720948966450503,0.0
p168_T,0.19525234740654798,1.6923115322146554,0.0
p169_G,0.3974909817863663,0.7199343044484321,0.0
p169_I,0.0006908028277241626,11.998516935646109,0.05186747294189476
p169_SV,0.0028106713355360103,9.222832053494605,0.2158544589246097
p169_W,0.21426898612762535,1.5552413383213302,0.0
p170_FSYT,0.052471631514535835,3.8198566441038864,0.0
p170_I,0.01463685514048429,6.0974708189967854,0.04145970759621042
p170_L,3.441521383511347e-07,28.420924335071064,0.1220117156467808
p170_M,0.0830904579971557,3.0430724000720164,0.0
p170_V,0.0020989485151735447,9.792341309422522,0.07294085338474693
p170_W,0.21426898612762535,1.5552413383213302,0.0
p171_G,0.6357263279764193,0.22527515861942551,0.0
p171_I,0.32569759986388347,0.9721645584657925,0.0
p171_L,6.0869467466990555e-05,17.008224108096055,0.1544607784017766
p171_T,0.21426898612762535,1.5552413383213302,0.0
p171_V,5.2643280881613435e-09,38.32215021374282,0.11783728781227662
p172_IQWF,0.5370823441255461,0.38269876370595246,0.0
p172_K,0.6357263279764193,0.22527515861942551,0.0
p172_L,0.00013323266058838074,15.366486327894833,0.062404189020162905
p172_M,5.1608005398359936e-11,49.986127204812085,0.024846710704113303
p172_R,2.263781242319971e-16,84.95382152516841,0.08046517737348667
p172_V,0.21426898612762535,1.5552413383213302,0.0
p173_I,0.0409572565514922,4.2493660749687905,0.1852780628008759
p173_LNV,0.09681425268629648,2.7914248785004894,0.0
p173_M,0.5079520446824104,0.440350380582208,0.0
p174_F,0.09271428621417002,2.8622850318424073,0.0
p174_I,2.027881506279943e-05,19.351254194545398,0.060421573188986034
p174_L,0.0007917769193217396,11.724567893117849,0.09337478080939055
p174_M,0.14881151392623754,2.105563137672799,0.0
p174_V,0.006509273134331059,7.611009132441156,0.06388727364878077
p175_F,4.239638765233114e-10,44.58159059608512,0.17137274235299568
p175_G,0.0083829857254601,7.133748276580292,0.0526373785917481
p175_L,0.328591877151479,0.960564583355841,0.0
p175_V,0.8940058033743085,0.01781129167765961,0.0
p175_Y,0.42613894676022457,0.6367167585889133,0.0
p176_I,0.0015750459370020868,10.356675820430652,0.2995406564104904
p176_S,0.20276420530002048,1.6363458053416071,0.0
p176_T,3.026765108052094e-08,34.10567399443841,0.22913772890359094
p176_V,0.3564831523546601,0.8554087774117185,0.0
p177_Y,0.05540342288329792,3.726550257416724,0.0
p178_F,0.00274096622528859,9.2716376845612,0.16131129572250533
p178_I,0.9793718538711901,0.0006707447140752115,0.0
p178_L,0.0354178828204285,4.5043961131715,0.40946054688105826
p178_M,0.19956515816598958,1.6598746379983846,0.0
p178_T,2.4814357999447744e-05,18.917606632718694,0.21885528209374427
p178_V,5.187715149067651e-05,17.346150506349378,0.2083875450319809
p179_ITHN,0.022437233397449005,5.3189331204922095,0.15941184651392107
p179_M,0.6357263279764193,0.22527515861942551,0.0
p179_S,1.6099603473392917e-11,53.043677162337104,0.09520415508947422
p179_W,0.009197451063075207,6.9598587087416,0.02039936636773611
p179_Y,7.314446411369985e-08,32.01875815480629,0.1052379194667151
p180_S,3.7735545703256e-15,76.46096524848797,0.15850570381962822
p180_T,1.3016401288975847e-07,30.67008007231907,0.036134575708786816
p181_F,0.5027220943925358,0.45131960373269603,0.0
p181_GV,0.5719591488095783,0.32079664941004243,0.0
p181_I,0.32070766181152555,0.9924894726643513,0.0
p181_L,4.169384045724523e-06,22.80092742170764,0.024412162452522323
p181_M,0.7445660622564423,0.10653845032918828,0.0
p181_S,0.9872698031777627,0.00025541510814537,0.0
p181_T,4.065778733591906e-17,90.29540199072729,0.3324187419373037
p182_G,0.02169034284370688,5.380088857358205,0.04733845079062764
p182_I,0.9739754222134933,0.0010677315691428896,0.0
p182_L,0.48340078106033313,0.4935832001007947,0.0
p182_P,3.888694328909263e-17,90.43556892525574,0.08041620819483786
p183_W,2.8499910315915598e-06,23.6439908701039,0.04456391441203638
p184_C,0.838525202817261,0.04166800102786119,0.0
p184_S,3.712589301661121e-05,18.05654927543263,0.15733498203110297
p184_T,9.676479655711805e-11,48.35642011814706,0.36108471507271245
p184_V,0.0001285712051179523,15.440602241520281,0.08665322429996952
p185_I,0.16660390271221576,1.9315863080581674,0.0
p185_L,0.8715114576100523,0.026247354497955285,0.0
p185_V,0.07102951747220702,3.304904348882007,0.0
p186_L,5.054255471311923e-07,27.540918531488572,0.06161510015189487
p186_M,0.005441008516543599,7.951622298354884,0.19470466309016252
p186_TGP,0.165733527772586,1.9395904124714496,0.0
p187_P,0.00020153224277916375,14.508950881915203,0.04919893481498847
p188_F,0.059301690724522335,3.610365926721227,0.0
p188_IWV,0.7898767318961625,0.07125563124194939,0.0
p188_L,0.0001475251881093007,15.154698567803683,0.06618101144142992
p188_M,2.7084744377835095e-11,51.67228990624234,0.006452410484342803
p188_Y,0.00020153224277916774,14.508950881915153,0.04919893481498847
p189_L,0.12090879777099847,2.4325068155742544,0.0
p189_T,1.6837376389432854e-05,19.752133440899236,0.08469672099926277
p189_Y,0.0783550373364572,3.1406208374824205,0.0
p190_G,6.4665809273962875e-18,96.15186349173977,0.07652118549201456
p190_K,0.17980392272504064,1.815818252565122,0.0
p190_Q,0.00141420468128698,10.56942534762791,0.013623584296406177
p190_R,0.011595164927366917,6.527949917981918,0.06702373181564796
p192_N,5.523656185191127e-12,55.894834514065245,0.005538853093318608
p192_S,0.2469642370692639,1.3507070226104438,0.0
p193_H,0.3974909817863663,0.7199343044484321,0.0
p193_K,0.003747295494712504,8.666308450122653,0.06023661780945166
p193_R,0.01960831556054604,5.5629539283800264,0.07187024451730273
p193_S,0.21426898612762535,1.5552413383213302,0.0
p194_Y,3.8703645917544276e-09,39.07462901111909,0.32525025722369955
p195_D,0.21426898612762535,1.5552413383213302,0.0
p195_I,0.2554466765940099,1.3030148928961696,0.0
p195_Q,0.0006908028277241626,11.998516935646109,0.05186747294189476
p195_T,0.07521827791930509,3.2088362193309856,0.0
p195_V,0.10763505659169745,2.6192337615135224,0.0
p196_TLQ,0.12705097523302095,2.353704102714183,0.0
p196_V,0.21426898612762535,1.5552413383213302,0.0
p198_S,0.21426898612762535,1.5552413383213302,0.0
p199_L,0.3974909817863663,0.7199343044484321,0.0
p199_N,1.3042655813574647e-15,79.63035802339695,0.08762913767070764
p199_S,0.031186179351481193,4.729468134516961,0.12949606161036117
p199_Y,3.666651442327902e-07,28.275478890463365,0.15411881632716645
p200_G,0.21426898612762535,1.5552413383213302,0.0
p200_L,8.367149450778383e-20,110.5817450332329,0.19169224280628097
p200_M,1.7873229168103697e-19,108.0023512368926,0.10373115003559458
p201_I,0.21205086550502908,1.5704676647146179,0.0
p201_T,0.06807518987394427,3.3764251463677106,0.0
p202_QNCG,0.034350629543664975,4.558370483255618,0.11170550670135464
p202_S,0.09366873427839381,2.8454859651892384,0.0
p202_T,1.7200926990073245e-05,19.706021975648536,0.029631356239800406
p202_V,0.021079098215943462,5.4318015117729646,0.034396314949581605
p202_W,0.3974909817863663,0.7199343044484321,0.0
p204_S,5.520924971067243e-09,38.20602199515043,0.0246503846608009
p204_T,0.00022371825570160895,14.293643498415673,0.18370938242362186
p205_I,0.2937590337052889,1.1099256873215408,0.0
p205_T,8.876811517016203e-19,102.63994160169823,0.14586530889920163
p206_N,0.23980951712411552,1.3925315563849843,0.0
p207_S,0.08247645656136025,3.0553741279965108,0.0
p207_W,0.6084459119622692,0.2635298210781556,0.0
p207_Y,0.16483069396761327,1.9479444235370618,0.0
p208_I,0.11492672815203094,2.513680741533007,0.0
p208_L,0.41676516994853163,0.6630089897021236,0.0
p209_E,0.6653754178043401,0.18778677110475886,0.0
p209_K,0.22869268495541037,1.4606410283931643,0.0
p209_N,1.0136378265945194e-07,31.253857546099013,0.030944985173891056
p209_R,0.24532457689498918,1.3601593452931249,0.0
p209_S,0.9508196446075602,0.003816615693995841,0.0
p209_T,3.3928460573084867e-13,63.529002667266084,0.29596775449166474
p210_E,0.0008679576435589062,11.540578565181656,0.150781982660112
p210_K,4.326273751988017e-15,76.0564398327509,0.04518777392950049
p210_N,6.442697456243115e-13,61.74862367138833,0.2436463242120059
p210_R,0.5848451996585593,0.2997368291219137,0.0
p210_T,0.011590026353124162,6.52877277188788,0.15268539275664583
p211_D,6.28597386660933e-05,16.94032661252628,0.14496485085021016
p211_E,0.14815612005295078,2.1124203201051905,0.0
p211_H,0.2728594894774908,1.2110153948330658,0.0
p211_N,0.007320638606584458,7.388885524234548,0.036767168385864614
p211_S,0.15895020753467623,2.0036794637272646,0.0
p211_T,1.7207850035864085e-12,59.05094835463635,0.25848987604705825
p212_D,0.0006908028277241626,11.998516935646109,0.05186747294189476
p212_F,2.014335488863835e-13,64.9879228827803,0.08955010667103848
p212_I,0.01934127963029282,5.587866786680478,0.17995722436955092
p212_MEYNK,0.0031597703235910317,8.995747081252931,0.1756208332105557
p212_P,0.24869483055623473,1.340814004753693,0.0
p212_Q,0.0029885040333674806,9.103744006810814,0.13063291957396075
p212_S,0.5422546453529304,0.37304641488678913,0.0
p212_T,0.3974909817863663,0.7199343044484321,0.0
p212_W,5.10209619687868e-13,62.39453592817007,0.04468736534550913
p213_E,4.5493837506056415e-05,17.624446441485357,0.11930313084078577
p213_F,3.470714433594375e-11,51.02196809265752,0.07584947634105499
p213_L,0.03961505496466774,4.307648956386639,0.014451765650385202
p213_N,0.27800196001946853,1.1852485716845613,0.0
p213_PWTIA,0.7291511409264659,0.12033218526053399,0.0
p213_S,0.7610203057599015,0.09283280301944347,0.0
p213_V,0.02881376319139412,4.870213563188168,0.047025544292377555
p214_D,0.8778432953218521,0.023704021612290706,0.0
p214_H,0.035220836231172774,4.514230860776599,0.09910195104433783
p214_N,0.0002570739768628215,14.007827625149938,0.033637548181818154
p214_P,0.3705729698984155,0.8064835546145814,0.0
p214_S,1.968152449570627e-12,58.68491240409698,0.09989297020041805
p214_T,6.882362403458571e-07,26.837699085908,0.03261404927164379
p215_I,0.22869268495541037,1.4606410283931643,0.0
p215_K,0.24730698976096202,1.3487408861151893,0.0
p215_M,0.0940675619019436,2.8385218675428847,0.0
p215_QVTA,0.006236604586807818,7.692138276182269,0.2763674775657328
p215_R,0.622198730898416,0.2437779497583097,0.0
p216_L,1.961641692096513e-09,40.74868988289113,0.07149437960577776
p216_S,8.128484694378584e-12,54.860348882201,0.1415087367082066
p216_T,0.018770752909147627,5.642319872617541,0.3333284136617354
p216_V,0.0001443126338358002,15.20042225739899,0.14721328330889635
p217_Y,4.165519891527239e-23,137.906514796489,0.23086584738791333
p218_L,0.0732339163554962,3.253604347573376,0.0
p218_M,0.8607741834624465,0.030865013650361237,0.0
p218_V,1.7863936658058e-17,92.89740979420078,0.05323253598508166
p219_F,0.5870419028883659,0.2962395116956485,0.0
p219_G,1.233178049948298e-10,47.73153936865218,0.2071816490253514
p219_I,0.01630153423496428,5.89978907628646,0.11856105584616732
p219_L,0.01565255249155791,5.974240103953235,0.21858403372051924
p219_M,0.4144504470481206,0.6696381545513748,0.0
p219_Q,0.21426898612762535,1.5552413383213302,0.0
p219_R,0.0006908028277241626,11.998516935646109,0.05186747294189476
p219_V,1.96083256693164e-07,29.71825310676918,0.05559026649663012
p219_WYT,0.1442311255546634,2.1542224210443086,0.0
p220_C,5.373762199202503e-05,17.27158095718368,0.09156860331017003
p220_F,0.6846419430572372,0.16557666168273763,0.0
p220_L,0.9379861576734176,0.006072967240971494,0.0
p220_S,0.7842428831171031,0.07522704564991851,0.0
p220_T,0.0006630691292758649,12.08096108866479,0.037468875329762466
p220_V,0.06880642046001145,3.358414781422228,0.0
p221_I,3.398538570944356e-16,83.70757719192994,0.8371896834426737
p221_L,2.0163772948851417e-06,24.415175742388012,0.06524518174843802
p221_M,0.25760058885071485,1.2912164359230078,0.0
p221_Y,8.303481693261293e-17,88.05912076389221,0.02963529566736386
p222_C,0.13293814782703656,2.282087686052335,0.0
p222_F,3.2407368427650984e-31,217.81711729792147,1.0
p222_S,0.02221281636773792,5.337081670211777,0.099863968414715
p222_TG,0.007195647676604922,7.421394717831773,0.19852151285203173
p222_V,0.21426898612762535,1.5552413383213302,0.0
p223_C,0.623191529198311,0.24238919477082513,0.0
p223_F,0.005122751273598097,8.066580488560778,0.008369555866022706
p223_I,3.675039699007268e-06,23.0800219254957,0.252792365041266
p223_T,7.769793449693801e-07,26.562353517597767,0.06388393828159963
p223_V,0.0903266128016905,2.905154939693186,0.0
p224_CLTSY,0.02255247706179979,5.309687146949056,0.07650832349510564
p224_F,0.003945205660741464,8.567202785820653,0.17897354234024146
p224_GAP,0.21426898612762535,1.5552413383213302,0.0
p224_W,0.0019040828643588272,9.983366023990936,0.13252748321601637
p225_C,8.515215426585427e-12,54.736256645970656,0.29302586015435417
p225_GAP,0.21426898612762535,1.5552413383213302,0.0
p225_S,2.441129891537149e-19,106.95039072330928,0.1285540456356652
p225_V,0.03235725354963125,4.664098952238068,0.16274091238313773
p226_GAP,0.21426898612762535,1.5552413383213302,0.0
p226_Y,0.3716539939618331,0.8028372604522874,0.0
p227_F,8.380395977567547e-18,95.31737628872835,0.16922845772645975
p227_GAP,0.21426898612762535,1.5552413383213302,0.0
p227_L,0.9236809024230511,0.009207598604976185,0.0
p227_V,6.4665809273956435e-18,96.15186349174009,0.07774848837276756
p227_Y,0.9991022772207254,1.2700587397500698e-06,0.0
p228_I,2.618661719055624e-11,51.76089841417331,0.0952807128606703
p228_L,0.00029880181406778883,13.699386365251184,0.07875962325785683
p228_MGAF,0.07451428171897186,3.224570546929574,0.0
p228_T,3.1657205600974104e-08,33.99886218205978,0.044163342455924244
p228_V,0.48800426861623414,0.48325897042917676,0.0
p229_W,0.435196580565256,0.6121288688262362,0.0
p229_Y,0.35480769325185746,0.8614049400357116,0.0
p230_L,7.186816646544655e-18,95.8116005136652,0.01145825411514683
p230_M,4.294187222503907e-14,69.37359577459735,0.10937873964336674
p230_T,0.00020153224277916774,14.508950881915153,0.04919893481498847
p230_V,0.3974909817863663,0.7199343044484321,0.0
p231_F,0.04957721622782265,3.917610499928566,0.0
p231_G,0.00024871966495033953,14.075699528102994,0.19162380053506997
p231_I,0.8474268117571129,0.03714446130028335,0.0
p231_L,0.03998387691972536,4.291427172940736,0.031116530191243816
p231_S,1.556339454950705e-05,19.922112454905772,0.3220095967772591
p231_T,2.065624010126079e-09,40.620887439738794,0.22702158218827556
p231_V,0.5222140848037131,0.41141064384661086,0.0
p232_I,0.2610773642538526,1.2724284816600118,0.0
p232_L,0.012726000168252333,6.355510444560215,0.0756332539944823
p232_M,2.6459635709492465e-08,34.42605054118954,0.11664192805598639
p232_T,0.2376477104574152,1.4054707654710383,0.0
p232_VSC,0.726740022017496,0.12257479288220995,0.0
p233_I,0.07628542856676293,3.1852875625310015,0.0
p233_L,0.26857354887532714,1.2329633611840418,0.0
p234_C,0.03508050534209618,4.52127041331948,0.04306821619783793
p234_I,0.0005089664622681666,12.614938586598921,0.16216265138839614
p234_L,0.0006908028277241626,11.998516935646109,0.05186747294189476
p234_T,0.00020153224277916774,14.508950881915153,0.04919893481498847
p234_V,0.22500289612473498,1.4841416933570877,0.0
p235_M,0.21426898612762535,1.5552413383213302,0.0
p235_V,0.0016455809354975828,10.270312583616603,0.03812682483505049
p235_Y,0.03884279783378835,4.342139823227241,0.15650492050533996
p236_C,0.0301575742155292,4.789056073843385,0.14573122317654438
p236_F,0.0019467894231755814,9.939837311956163,0.04728905798240432
p236_S,0.0008089065512833379,11.681664745038717,0.1006874656445082
p236_Y,1.7469734683413802e-12,59.00975271758312,0.044800312466606276
p237_Y,0.21426898612762535,1.5552413383213344,0.0
p238_F,4.956655871159768e-06,22.419347417784977,0.20956728473155212
p238_G,0.3974909817863663,0.7199343044484321,0.0
p238_S,7.702427989948291e-12,55.004186152412586,0.05922853453743953
p238_W,0.0005688184141636006,12.390109037802889,0.1247057439418553
p238_Y,0.3732728281484877,0.7974047242372633,0.0
p239_G,0.5389206561028901,0.37924868158103653,0.0
p239_K,0.0002628959049281276,13.961846756978515,0.02938640816591805
p239_L,0.3974909817863663,0.7199343044484321,0.0
p239_NRH,0.6405584998639613,0.2188824315271685,0.0
p239_Q,4.419964967549848e-14,69.29083970688494,0.06037583276570956
p239_Y,0.583484535619175,0.3019165146400503,0.0
p240_L,0.005328478468262301,7.991457858269345,0.10282488614196901
p241_I,2.9862700074850195e-09,39.711555221227066,0.06635016373721073
p241_LM,0.17436384960409615,1.862294640633147,0.0
p241_V,0.060009330578581106,3.590156381571207,0.0
p241_Y,0.6258529170764779,0.23869065563676875,0.0
p242_D,0.3974909817863663,0.7199343044484321,0.0
p242_G,7.192630291350646e-06,21.601565154126583,0.10656771051909382
p242_K,0.1464947626155898,2.1299585309509546,0.0
p242_M,0.3670843781148898,0.8183530458203435,0.0
p242_Q,1.8147882547795555e-16,85.634727274129,0.04803907551808881
p242_S,0.0007180561831091774,11.920733160264477,0.015236972425383365
p242_T,0.0006908028277241626,11.998516935646109,0.05186747294189476
p242_VNH,0.22188411546855294,1.5043718925282907,0.0
p243_H,9.166166171290942e-18,95.02955475489783,0.15031447180922985
p243_K,0.13269894396856638,2.284927430761413,0.0
p243_Q,0.3599814720440153,0.8430134627211854,0.0
p243_S,0.3955465157926834,0.7259015844304723,0.0
p244_V,0.21426898612762535,1.5552413383213344,0.0
p245_F,1.9522513610095385e-08,35.15281926466372,0.1806406621147501
p245_I,2.843757649925907e-09,39.83191815951358,0.03384526629710646
p245_R,0.00061966553487873,12.21734019131366,0.16308483752857245
p245_S,0.24322123400370776,1.3723991371612239,0.0
p245_V,0.21426898612762535,1.5552413383213302,0.0
p246_D,1.1222744355054873e-07,31.015931079592512,0.1022617675131734
p246_K,0.3974909817863663,0.7199343044484321,0.0
p246_L,0.0005814324325939058,12.345818715825063,0.10818742797561702
p246_M,0.2728594894774908,1.2110153948330658,0.0
p246_N,0.44754406942752156,0.5798478931400208,0.0
p246_RHTQE,0.009191317582933923,6.961107714688575,0.0079409023119342
p246_S,1.3120540023668178e-05,20.29176146449831,0.06477445511409163
p246_V,0.005087944463200603,8.079597539356783,0.03943570651277099
p246_Y,0.21426898612762535,1.5552413383213302,0.0
p247_V,0.3974909817863663,0.7199343044484321,0.0
p247_W,0.21426898612762535,1.5552413383213302,0.0
p248_E,0.3974909817863663,0.7199343044484237,0.0
p249_K,0.49879148944341656,0.45969316911225055,0.0
p249_R,0.21012841753073072,1.5838192594427887,0.0
p249_S,0.21426898612762535,1.5552413383213302,0.0
p250_M,8.762337938157153e-05,16.241733852925506,0.028604441478126953
p250_QER,0.33651476530932645,0.9294979122448428,0.0
p250_S,0.009726919431201138,6.855169971031924,0.012728593749313788
p250_T,0.3033150072957787,1.0667301426624403,0.0
p250_V,0.21426898612762535,1.5552413383213302,0.0
p251_L,1.9989832155126488e-16,85.3367298857848,0.16214351505778501
p251_M,2.110262088733317e-15,78.18929858433982,0.0741824222870986
p251_Q,0.21426898612762535,1.5552413383213302,0.0
p252_G,0.4495991815288052,0.574609082513885,0.0
p252_K,0.07253674948954189,3.26964569576027,0.0
p252_R,0.005800691274698024,7.829769254737102,0.2606089329990667
p252_T,0.6150429220748175,0.25393466379346635,0.0
p252_V,0.22869268495541037,1.4606410283931643,0.0
p253_E,0.3078568858355796,1.046814388842957,0.0
p253_K,0.21426898612762535,1.5552413383213302,0.0
p253_S,0.3974909817863663,0.7199343044484321,0.0
p254_Q,0.6258529170764779,0.23869065563677078,0.0
p254_V,0.3974909817863663,0.7199343044484321,0.0
p255_D,0.21426898612762535,1.5552413383213302,0.0
p256_P,0.21426898612762535,1.5552413383213302,0.0
p257_K,0.4495991815288052,0.5746090825138781,0.0
p258_M,0.8948225621884842,0.01753623811739333,0.0
p258_P,0.21426898612762535,1.5552413383213302,0.0
p259_GAP,0.10797459263702763,2.614144599539984,0.0
p259_N,0.8948225621884842,0.01753623811739333,0.0
p260_GAP,0.10797459263702763,2.614144599539984,0.0
p260_I,0.0783550373364572,3.1406208374824205,0.0
p260_T,0.6150429220748175,0.25393466379346635,0.0
p260_V,0.43588554210243047,0.6102905817936467,0.0
p261_D,6.471863505525937e-11,49.39761251761062,0.10778682975494096
p261_E,9.42260631032411e-06,21.011520914613325,0.08017725286933189
p261_GAP,0.10797459263702763,2.614144599539984,0.0
p261_K,0.18948003845461306,1.7370728755725167,0.0
p262_N,0.21426898612762535,1.5552413383213302,0.0
p262_S,0.4551974758701036,0.5605267825590428,0.0
p262_T,0.07908674155502651,3.1251351419159934,0.0
p263_L,0.6084459119622692,0.2635298210781576,0.0
p263_W,0.21426898612762535,1.5552413383213302,0.0
p264_F,0.21426898612762535,1.5552413383213302,0.0
p264_GAP,0.4495991815288052,0.574609082513885,0.0
p264_QTV,0.009912123626950781,6.819939129159718,0.12593485933028717
p264_R,0.00029918696252294227,13.69674899730504,0.06667311601654088
p264_S,0.0006908028277241626,11.998516935646109,0.05186747294189476
p265_GAP,0.4495991815288052,0.574609082513885,0.0
p265_NKG,0.16381658009603953,1.9573912650246887,0.0
p265_S,0.0067930891644348325,7.530209125528586,0.003932799351679391
p265_T,0.21426898612762535,1.5552413383213302,0.0
p266_E,0.0783550373364572,3.1406208374824205,0.0
p266_G,0.07908674155502651,3.1251351419159934,0.0
p266_GAP,0.5472007404851035,0.363973991839634,0.0
p266_K,0.016243945925889965,5.906269576500244,0.032588765756293006
p266_Q,1.3217547563371864e-10,47.55316763616098,0.07954974973319225
p266_S,2.023672975459673e-10,46.46158699727733,0.04513613862937355
p266_V,0.00020153224277916774,14.508950881915153,0.04919893481498847
p267_E,0.0004703732956452348,12.774730139936855,0.024198113216399083
p267_GAP,0.7713941575308738,0.08472009341827312,0.0
p267_N,1.4792788918446318e-06,25.10910140927351,0.2086474920538606
p267_Q,5.2643280881613435e-09,38.32215021374282,0.11783728781227662
p268_D,0.03508050534209618,4.52127041331948,0.034847956375039055
p268_GAP,0.6084459119622692,0.2635298210781556,0.0
p268_GET,0.07541642089316983,3.2044365222799156,0.0
p268_K,1.2041365948232116e-05,20.477981848964927,0.13610793881199632
p268_N,0.03155859652192221,4.708403033260392,0.1416454060964583
p268_Q,0.009300793514875443,6.938943082735919,0.1897034925121409
p269_D,0.005410366405715209,7.962384790393311,0.07665195383705517
p269_GAP,0.6084459119622692,0.2635298210781556,0.0
p269_K,0.24303483269317255,1.3734901160258943,0.0
p269_N,0.00020153224277916774,14.508950881915153,0.04919893481498847
p269_Q,0.00290908039847244,9.156005508443835,0.04278916921567852
p269_SMG,0.12459250096085515,2.384722494263873,0.0
p270_E,0.8357254422946312,0.04314674055895116,0.0
p270_G,0.06019704235178267,3.584838460517173,0.0
p270_GAP,0.6084459119622692,0.2635298210781556,0.0
p270_K,0.6793364289769708,0.17152911315761843,0.0
p270_N,0.006530323342454414,7.604892511325977,0.14558158776983873
p271_E,4.866652451723531e-07,27.627301001127073,0.13871601857192623
p271_GAP,0.8948225621884842,0.017536238117393813,0.0
p271_K,0.22235412205508046,1.5013012712076845,0.0
p271_M,0.0006908028277241626,11.998516935646109,0.05186747294189476
p271_Q,3.1734508884463606e-08,33.993060520970246,0.07281793443347301
p271_T,5.948790660761668e-15,75.11677503461196,0.08429380484795583
p272_KNA,0.8948152115872618,0.01753870380918872,0.0
p272_S,0.12337964500979028,2.400278795861519,0.0
p272_T,0.00020153224277916774,14.508950881915153,0.04919893481498847
p273_GAP,0.6084459119622692,0.2635298210781556,0.0
p273_T,0.013654706597490431,6.225406969393256,0.04894315511795004
p273_V,0.0016025562694482196,10.32252930682409,0.14963727486629272
p275_F,0.0783550373364572,3.1406208374824205,0.0
p275_G,0.6357263279764193,0.22527515861942551,0.0
p275_I,4.314440757652003e-05,17.7370169202543,0.03998929180138471
p275_L,7.864343890861549e-05,16.468681672845598,0.067442993240998
p275_QM,0.0563636888963999,3.697134581684617,0.0
p275_R,0.6258529170764779,0.23869065563676875,0.0
p275_V,1.1623894677601154e-07,30.933940262296645,0.12588482509121246
p276_K,7.770801884307451e-13,61.23118397086335,0.0060963661080469505
p276_Q,0.21426898612762535,1.5552413383213302,0.0
p276_R,9.191503038882367e-14,67.20280103719904,0.08186472666263926
p277_L,1.5992914683105916e-16,86.02497598343936,0.018979164855483885
p277_Q,0.21426898612762535,1.5552413383213302,0.0
p277_V,0.4495991815288052,0.574609082513885,0.0
p278_L,0.3974909817863663,0.7199343044484321,0.0
p279_R,0.3974909817863663,0.7199343044484321,0.0
p279_W,0.21426898612762535,1.5552413383213302,0.0
p280_I,0.15124753942264643,2.08037433995221,0.0
p280_M,0.4495991815288052,0.574609082513885,0.0
p280_V,0.00023240904922488395,14.215185014310011,0.09297040182113098
p281_C,0.21426898612762535,1.5552413383213302,0.0
p281_T,0.3974909817863663,0.7199343044484321,0.0
p281_VS,0.1076671673773704,2.6187517053274396,0.0
p282_F,0.2741291033090456,1.204597118190667,0.0
p282_I,1.7067225934674212e-14,72.03551256325827,0.2451280113380363
p282_L,1.0726305347840722e-07,31.1216171809587,0.14201338963592822
p283_I,0.00954835423322737,6.88980242744548,0.07281413448113677
p283_L,0.3974909817863663,0.7199343044484321,0.0
p283_M,1.0872752029439524e-19,109.6886045693205,0.07767392893672365
p283_T,4.229756176290732e-12,56.61268915823981,0.11687385134417094
p283_V,0.6314787203319063,0.2309879909056969,0.0
p284_I,6.688207992658916e-19,103.57887358220329,0.1520048944428559
p284_M,0.4495991815288052,0.574609082513885,0.0
p284_T,3.168521998098034e-17,91.08128590219512,0.012163222968677419
p284_VN,0.4064086103781084,0.6931028353414119,0.0
p285_F,0.02759219785068104,4.947522312880234,0.08047191442002172
p285_I,3.4030550726191954e-13,63.520625336027095,0.09736638829513383
p285_M,0.21426898612762535,1.5552413383213302,0.0
p285_V,0.9088215230763468,0.013159504573465432,0.0
p285_Y,0.0006908028277241626,11.998516935646109,0.05186747294189476
p286_C,0.0783550373364572,3.1406208374824205,0.0
p286_F,8.214378418830414e-12,54.83227828997651,0.07651385014990748
p286_G,0.9850738147139766,0.0003511461825631831,0.0
p286_M,0.0006908028277241626,11.998516935646109,0.05186747294189476
p286_S,4.508878576730628e-14,69.23376601426271,0.3161971574660492
p286_T,0.6357263279764193,0.22527515861942551,0.0
p287_I,0.21426898612762535,1.5552413383213302,0.0
p287_L,0.031186179351481193,4.729468134516972,0.12949606161036117
p288_M,0.21426898612762535,1.5552413383213302,0.0
p288_W,8.303481693261293e-17,88.05912076389221,0.02963529566736386
p288_Y,4.866704886951705e-05,17.48145567136517,0.0632253728727119
p289_F,7.997088344988347e-11,48.849125782350136,0.05384282753754359
p289_I,0.00029728438692702014,13.7098110658887,0.05266975473079081
p289_M,0.4495991815288052,0.574609082513885,0.0
p289_V,5.6061805489326616e-08,32.64501940591372,0.018465096267087228
p290_C,0.0008019133907970509,11.699066634176525,0.054896037183072545
p290_F,0.2996533240247874,1.0830709571160413,0.0
p290_I,0.1290224463724229,2.3293130705581495,0.0
p290_L,7.989105601643215e-06,21.371790657473767,0.2267506751208687
p290_M,6.245252821841238e-17,88.94866184107808,0.23073014711771453
p290_V,0.5979115611206928,0.2793222786101859,0.0
p291_G,0.21426898612762535,1.5552413383213302,0.0
p291_S,1.4549417024066566e-09,41.48989684660476,0.20983813230679532
p292_W,0.21426898612762535,1.5552413383213344,0.0
p293_S,0.14791132332570475,2.1149904224640035,0.0
p293_T,0.953358977532596,0.0034322210358533867,0.0
p296_G,7.044816929878353e-08,32.10704433241192,0.2296223266060986
p296_L,6.477576586230923e-15,74.86619690832741,0.08076260267362555
p296_S,0.0006908028277241626,11.998516935646109,0.05186747294189476
p297_I,0.006055719934702281,7.748005033197959,0.33474293511260117
p297_T,0.17995663394966052,1.814537302600311,0.0
p297_V,0.019922961165481524,5.5340505436734375,0.521391050418657
p298_L,0.7820546452146542,0.07680082759196696,0.0
p298_M,8.768553498376482e-09,37.0812683538173,0.20615167647081722
p298_T,0.07677837015500737,3.1745303703383687,0.0
p298_V,1.8823135276230546e-06,24.569019075144904,0.06689146578419682
p299_C,0.3974909817863663,0.7199343044484321,0.0
p299_G,0.21426898612762535,1.5552413383213302,0.0
p299_N,9.470059568273654e-16,80.59413689422004,0.0848385530989788
p299_S,0.19839281084213084,1.6686093064525995,0.0
p299_T,0.09102024090328142,2.8925742080557795,0.0
p300_C,0.6357263279764193,0.22527515861942551,0.0
p300_F,9.016105508793137e-12,54.58376492223172,0.03657209626413937
p300_L,2.015422984923488e-06,24.416233709443826,0.05219242968338986
p300_M,6.320739941275895e-07,27.031265326363847,0.12434844753729991
p300_W,0.015169218115317145,6.031808809218035,0.0730219993222424
p300_Y,0.11492672815203094,2.513680741533007,0.0
p301_I,4.100660242396735e-25,155.8966102407171,0.26193581356374573
p301_L,0.5661332872592024,0.3306294236435042,0.0
p301_M,0.28277322027308477,1.1618765413541252,0.0
p301_T,3.480590966866417e-06,23.200414284753005,0.08361501281707964
p301_W,0.21426898612762535,1.5552413383213302,0.0
p302_G,0.6774382024163114,0.17368875691195917,0.0
p302_S,0.22869268495541037,1.4606410283931643,0.0
p303_C,0.0006908028277241626,11.998516935646109,0.05186747294189476
p303_I,2.869056640289757e-15,77.27418840503945,0.043037338590799966
p303_L,0.6224654157732226,0.24340441826231887,0.0
p303_QGM,0.455675231960586,0.5593376440066129,0.0
p303_S,0.3974909817863663,0.7199343044484321,0.0
p303_T,0.08247645656136025,3.0553741279965108,0.0
p303_V,0.6751445139204859,0.17631952694717992,0.0
p304_L,0.13641960411880102,2.2413977818588315,0.0
p304_WTY,0.0486620705127439,3.9497908760125204,0.198468325655119
p305_G,3.370407041395726e-24,147.55985479244913,0.2259479853270258
p305_K,0.6143586769805909,0.25491948121110136,0.0
p305_RNA,0.0021218122931761538,9.771130848880421,0.26292076218212374
p305_S,0.04868186625020372,3.9490879639442276,0.03573166177541107
p305_T,0.21426898612762535,1.5552413383213302,0.0
p306_E,0.0006908028277241626,11.998516935646109,0.05186747294189476
p306_F,0.6357263279764193,0.22527515861942551,0.0
p306_L,0.9481566820325381,0.0042417258133925564,0.0
p306_NK,0.546581888487057,0.3651007692171347,0.0
p306_P,0.8357254422946312,0.04314674055895116,0.0
p306_S,0.05334966789698565,3.7913387552326268,0.0
p306_T,9.209478099288866e-12,54.52718041570758,0.1075548598473044
p307_E,0.47326000429398196,0.5169085870706228,0.0
p307_K,0.0005235158687403535,12.557890327726318,0.10289394460703497
p307_MLPG,0.3785841881183919,0.7798115249629685,0.0
p307_Q,1.84550580531454e-13,65.23387350055637,0.10779416509704796
p307_R,0.2741291033090456,1.204597118190667,0.0
p307_S,0.027691694300769343,4.941092095332465,0.0860627479574079
p308_ERLHKIMA,0.4969888439246578,0.46357111733944945,0.0
p308_G,0.6357263279764193,0.22527515861942551,0.0
p308_N,0.08247645656136025,3.0553741279965108,0.0
p308_P,0.07875664288621216,3.132101934065638,0.0
p308_Q,0.0006908028277241626,11.998516935646109,0.05186747294189476
p308_S,0.0008092864311797369,11.680723857040801,0.04456289024768986
p308_T,4.767425642135855e-08,33.02779825658903,0.11999973372922533
p309_I,0.0077268829829131936,7.287055139055547,0.07349192358023869
p309_L,1.9599027515402298e-22,132.11803591317727,0.23279236770166137
p309_M,0.4198435993503875,0.6542772974942748,0.0
p309_T,0.21426898612762535,1.5552413383213302,0.0
p309_W,0.11492672815203094,2.513680741533007,0.0
p310_L,0.0008138834095556293,11.669373716530576,0.10804670980010882
p310_V,0.07703806292311367,3.1688933657769343,0.0
p311_NDG,0.022565756527158556,5.308624920027105,0.2207961507248007
p311_S,2.6928562055463473e-17,91.59538125687389,0.13608614548774295
p311_T,1.3249784932790147e-19,109.01649397706576,0.37062294431938786
p312_T,0.21426898612762535,1.5552413383213302,0.0
p313_G,4.9770788574990305e-16,82.54356343229371,0.1355446991042973
p313_H,0.08247645656136025,3.0553741279965108,0.0
p313_L,7.726254119814733e-09,37.38819835270594,0.06093743607494182
p313_M,0.0783550373364572,3.1406208374824205,0.0
p313_V,0.6402086069104744,0.21934154923327384,0.0
p314_F,0.010907304236645366,6.641607127411341,0.11281554426981501
p314_G,6.564316872517809e-06,21.801877256592967,0.10776618677105479
p314_N,0.6357263279764193,0.22527515861942551,0.0
p314_S,0.06957963339514439,3.339593999811219,0.0
p314_T,0.6239540597733969,0.2413258929626092,0.0
p314_V,2.520765703424495e-06,23.917097049531506,0.36487139562241744
p315_I,0.21426898612762535,1.5552413383213302,0.0
p315_S,0.16487507225645043,1.9475325547394498,0.0
p315_T,0.023322709483079063,5.249134815346699,0.06877965339405251
p316_M,4.165519891526826e-23,137.90651479648935,0.23086584738791333
p316_V,0.1227405031209964,2.4085456062063266,0.0
p317_L,0.0008159112413198052,11.66438773697553,0.049130075567078726
p317_V,0.4223186655113087,0.6473262525969375,0.0
p317_W,1.2468264034503197e-19,109.22296534863833,0.11654429966437203
p318_G,4.975186402285055e-16,82.54472086525041,0.18454851036020503
p318_P,3.855938601481477e-17,90.46220356872523,0.019134523854245775
p319_C,0.0008909029954053737,11.488389218760695,0.10250145017376969
p319_S,3.7320302592947e-17,90.5650739179906,0.12122213572877744
p320_I,0.01186497785938005,6.485267680025678,0.061471782289931214
p320_L,0.23574581630013597,1.4169738252426176,0.0
p320_M,0.36656036271371173,0.8201495791162785,0.0
p320_V,3.6212632052662634e-05,18.109603693694677,0.3279721865444131
p321_C,0.32923545047358305,0.9580037349432654,0.0
p321_F,1.635189538652631e-07,30.139415049538577,0.05346939908473245
p322_C,6.321930457034575e-14,68.2675819741829,0.29156628533371837
p324_I,0.39569742616518655,0.7254369407295612,0.0
p324_L,5.2643280881613435e-09,38.32215021374282,0.11783728781227662
p324_M,0.00020153224277916774,14.508950881915153,0.04919893481498847
p324_S,0.0005946637408130283,12.300403911407836,0.058588610620427785
p324_T,0.04819067356956159,3.9666200611689404,0.07228817292955829
p325_N,6.71526354280074e-19,103.5654591698701,0.12229543851807549
p325_S,0.17046281591545404,1.8966719903155234,0.0
p325_V,3.5569397947161857e-20,113.52002091946143,0.14395684339090534
p326_S,0.061048659857285734,3.5609337287390885,0.0
p326_T,0.8778432953218521,0.023704021612290706,0.0
p327_I,0.1419135692414473,2.179516656364931,0.0
p327_M,0.3974909817863663,0.7199343044484321,0.0
p327_S,0.21426898612762535,1.5552413383213302,0.0
p327_V,1.686769636420435e-16,85.86048777771467,0.1396691435557898
p328_L,7.276070200915256e-06,21.576310930552232,0.05842103796177305
p328_VCH,0.30210648779634974,1.0720948966450503,0.0
p328_Y,2.1592020264003837e-16,85.09933387146481,0.19208601443111212
p329_N,4.951727717429202e-17,89.67591414585698,0.15664540272407132
p329_Y,0.21426898612762535,1.5552413383213302,0.0
p331_I,9.077355604971907e-20,110.30363225023773,0.014772755348206462
p331_L,0.6801348980570225,0.1706254132145041,0.0
p331_W,1.4255173979479337e-05,20.112065905100103,0.04533712197970746
p331_Y,3.3787108752009677e-12,57.21894449460851,0.13632979059321756
p332_P,0.21426898612762535,1.5552413383213302,0.0
p332_V,0.8224963424902383,0.05049942681290687,0.0
p334_G,3.160981877560005e-14,70.25383286632939,0.020657746728343807
p334_I,0.21426898612762535,1.5552413383213302,0.0
p334_V,0.4495991815288052,0.574609082513885,0.0
p335_I,0.0005159889967491085,12.587198063042665,0.038269314933553414
p335_L,0.0002021743911713676,14.502385868935898,0.01283182591664221
p335_T,0.0006908028277241626,11.998516935646109,0.05186747294189476
p335_V,0.25760058885071485,1.2912164359230078,0.0
p336_M,0.4495991815288052,0.574609082513885,0.0
p336_N,0.043021939230004906,4.1635561094134586,0.09587471217526214
p336_S,0.19728284019302922,1.6769356880431852,0.0
p337_N,0.4495991815288052,0.574609082513885,0.0
p337_S,0.21426898612762535,1.5552413383213302,0.0
p338_K,0.3974909817863663,0.7199343044484321,0.0
p338_P,0.6258529170764779,0.23869065563677078,0.0
p339_Q,0.4495991815288052,0.574609082513885,0.0
p339_R,2.283126153833195e-08,34.778192983281606,0.15431878947507835
p340_Y,0.29774582323778603,1.091686385376939,0.0
p341_R,0.012315027298238312,6.416268118679606,0.043506286449723416
p342_L,0.0007248303262102518,11.901867428011084,0.1803298866410085
p342_M,0.00020153224277916774,14.508950881915153,0.04919893481498847
p342_Q,0.6485579624732729,0.20854487830699495,0.0
p342_R,0.3974909817863663,0.7199343044484321,0.0
p342_V,5.6118391769014604e-08,32.642639438695554,0.028473348802554047
p343_E,4.165519891526826e-23,137.90651479648935,0.23086584738791333
p343_S,0.3974909817863663,0.7199343044484321,0.0
p344_VI,0.1076671673773704,2.6187517053274396,0.0
p345_G,0.21426898612762535,1.5552413383213302,0.0
p345_H,0.0783550373364572,3.1406208374824205,0.0
p345_K,0.3671835099340932,0.8180135855460782,0.0
p345_Q,1.7665301648280365e-20,115.94889485938981,0.307920154672799
p345_R,0.31784470066107756,1.0043411006531493,0.0
p345_STNF,0.3625847219810653,0.8338973333205356,0.0
p345_Y,5.89044499157865e-17,89.13173243334225,0.12274844042599771
p346_D,0.0783550373364572,3.1406208374824205,0.0
p346_E,0.8974064100031854,0.01668043255083493,0.0
p346_K,9.660938510554616e-07,26.06906086781202,0.005313536267350906
p346_Q,5.946301371787303e-12,55.69698848818316,0.21544915360827746
p346_R,2.557544573524632e-07,29.104186984121956,0.2671670085863621
p346_V,0.5862768567134753,0.29745449753988074,0.0
p346_Y,0.21426898612762535,1.5552413383213302,0.0
p347_L,0.3974909817863663,0.7199343044484321,0.0
p347_R,0.03142840842525097,4.715736949116353,0.10342306028124668
p348_F,5.7735811736480074e-18,96.51764265975625,0.0813231276424765
p348_L,2.4423486354106314e-12,58.09803247198256,0.016643507561506864
p348_M,0.08553274452143227,2.99510358745387,0.0
p348_V,0.5847326546640623,0.2999167281896272,0.0
p349_P,0.5461981986136524,0.3658005697157859,0.0
p349_S,0.2574091835215809,1.292259921269456,0.0
p350_C,0.26927018778703543,1.229366037076116,0.0
p350_FL,0.4867629857108029,0.48602680368643014,0.0
p350_GAP,0.6084459119622692,0.2635298210781556,0.0
p350_S,4.70348534633757e-13,62.62023820998674,0.08787427818773952
p350_T,0.4893185635101952,0.4803411067903981,0.0
p350_W,3.3245830981610103e-18,98.30657635344427,0.02993136677975428
p351_GAP,0.21426898612762535,1.5552413383213302,0.0
p351_L,0.002391450454259866,9.537327229641395,0.2462341207698253
p351_M,4.612974547819242e-06,22.5777477359745,0.2594278096334447
p352_G,3.159074674863136e-05,18.40087268002403,0.04234508958497134
p352_GAP,0.21426898612762535,1.5552413383213302,0.0
p352_K,0.0783550373364572,3.1406208374824205,0.0
p352_MTIRE,0.08333930027825244,3.0381149622630184,0.0
p352_Q,0.1610226703960176,1.9837699493926986,0.0
p352_V,0.8507051199692035,0.035546411372441696,0.0
p353_F,0.6357263279764193,0.22527515861942551,0.0
p353_GAP,0.21426898612762535,1.5552413383213302,0.0
p353_I,1.6048217311140067e-15,79.00816286047754,0.14327163618021693
p353_L,5.38308140330431e-06,22.23765087709392,0.11663459271387945
p353_V,0.03974463473549523,4.301931506757165,0.0797976153777626
p354_E,0.3974909817863663,0.7199343044484321,0.0
p354_G,0.04824418102791515,3.9647009963287294,0.02680638571840882
p354_GAP,0.21426898612762535,1.5552413383213302,0.0
p354_K,0.6572932238960228,0.19759999821760987,0.0
p354_N,1.969366790467168e-13,65.05133071648437,0.22540226578599637
p354_PCTH,0.1867362547828247,1.7589152403024166,0.0
p354_Q,5.389281525828706e-10,43.975817097717226,0.06627091200529556
p354_R,8.118280877921169e-08,31.773924353931267,0.1608571827064079
p354_V,0.9103985409681731,0.01270630034977054,0.0
p355_E,4.165519891526826e-23,137.90651479648935,0.23086584738791333
p355_GAP,0.21426898612762535,1.5552413383213302,0.0
p355_GQV,0.05284434527682464,3.8076893271416665,0.0
p355_K,0.9039182497058273,0.01462005798822009,0.0
p355_P,8.017552941812151e-14,67.59094734290852,0.17793916402329116
p355_S,0.018390038736809795,5.67962719438579,0.034526085786383116
p355_T,0.45825804158960237,0.5529430236108176,0.0
p356_D,0.00885077419719454,7.031844414444101,0.15919865868440855
p356_EFQ,0.34667971321749713,0.8910553611726515,0.0
p356_GAP,0.876646625993742,0.02417451741437033,0.0
p356_K,1.22560663275991e-16,86.84871021939712,0.2707638331689476
p356_L,0.7641038766383568,0.09037910571525105,0.0
p356_P,0.38916611596004436,0.7457839677198153,0.0
p356_S,0.01471824084219825,6.087273158211825,0.06940884600203652
p356_V,0.9889711798684065,0.0001917013496044545,0.0
p357_D,1.6429445252792117e-06,24.87363876792835,0.32667002679030044
p357_GAP,0.876646625993742,0.02417451741437033,0.0
p357_GVRE,0.3116845759648654,1.030326048973652,0.0
p357_H,0.0006908028277241626,11.998516935646109,0.05186747294189476
p357_N,0.7128856276191058,0.13591531054257058,0.0
p357_P,0.03787719213332644,4.386303018455184,0.1825476368871459
p357_S,0.3572863418298834,0.8525480738959529,0.0
p357_T,0.013654706597490431,6.225406969393256,0.04894315511795004
p358_D,1.030878286041358e-14,73.50399284952094,0.010754262672069439
p358_EQNI,0.0684874206107674,3.366246263136741,0.0
p358_G,0.10446659717490216,2.667599245478389,0.0
p358_GAP,0.10768324832846195,2.6185103534155245,0.0
p358_P,2.1874224263423444e-07,29.465204720949433,0.10945288028280556
p358_S,0.5322381662996165,0.3918942454347684,0.0
p359_D,8.585880360025186e-10,42.80580162836189,0.11740102338018157
p359_E,0.052741360052412145,3.8110421021516294,0.0
p359_GAP,0.1671087431214955,1.9269658050266156,0.0
p359_S,1.1179774279861986e-09,42.14595485224543,0.20662240310516355
p360_D,1.9860974291468417e-12,58.66020147232672,0.12336235005404422
p360_GAP,0.34320262161200465,0.9040312714851345,0.0
p360_N,1.5286598661570818e-06,25.0353782039758,0.1840239609540152
p360_S,0.29062040174830106,1.1245105779427267,0.0
p360_T,0.8781262876539574,0.023593449320536808,0.0
p361_ERH,0.6604608332608009,0.1937183835680014,0.0
p361_G,0.0062207092812379735,7.696980114742396,0.07282285793187464
p361_GAP,0.49602599791730584,0.46565223077080903,0.0
p361_Q,0.17199938097598436,1.8830233728907484,0.0
p361_S,0.00015319758300345648,15.076388723205348,0.13866760607098189
p361_T,0.9416875512806239,0.005368384713433107,0.0
p361_V,0.582026566688722,0.3042635110977493,0.0
p362_EDVP,0.015306222849152078,6.015298634119037,0.07612406934325608
p362_GAP,0.6258529170764779,0.23869065563676875,0.0
p362_Q,1.1222744355054873e-07,31.015931079592512,0.1022617675131734
p362_S,6.508845350208267e-07,26.96455333058025,0.30703876093075555
p362_T,0.11254578863866423,2.547308394372716,0.0
p363_GAP,0.6258529170764779,0.23869065563676875,0.0
p363_NIAED,0.27598215015521566,1.1952965352585705,0.0
p363_Q,1.621662224266938e-07,30.158706645352385,0.07538762807323944
p363_S,4.232119077954327e-14,69.4153435468656,0.20357221664839797
p363_T,0.12651482627267624,2.360410904340048,0.0
p363_V,0.6154306310563726,0.2533777051972825,0.0
p364_GAP,0.6258529170764779,0.23869065563676875,0.0
p364_N,0.018682134005921565,5.650932875515985,0.03549778618427441
p364_S,0.669876842250013,0.1824497668567158,0.0
p364_T,5.073151896799788e-16,82.48538333779608,0.31735028524741626
p364_V,2.1754933107904852e-07,29.47784892651586,0.13070442637912716
p365_GAP,0.5514252921661141,0.3563453672546277,0.0
p365_S,0.00239157083939652,9.53722900416392,0.13613862937087232
p365_T,0.2011634497808412,1.648063833369141,0.0
p365_V,0.03244124991098339,4.659506588790456,0.08595974088268542
p366_G,0.003879645211402401,8.59945488904552,0.07143070748639117
p366_GAP,0.7021286953267485,0.14681601468523142,0.0
p366_KV,0.0969494326483358,2.7891450375098175,0.0
p366_S,0.08794196646265032,2.94922810176271,0.0
p366_T,3.157076747783354e-05,18.402223822718245,0.25586827648203714
p367_E,5.8422984971230835e-08,32.547724304413975,0.07420526749137005
p367_G,0.0006908028277241626,11.998516935646109,0.05186747294189476
p367_GAP,0.13781590510071146,2.225406709764373,0.0
p367_K,2.426798128659463e-09,40.22276557279629,0.03040577032682198
p367_NV,0.0037661008725951212,8.65666255207093,0.2119797145662351
p367_S,0.020224026334261944,5.506838019336305,0.07320910485047587
p367_T,0.3739794837782796,0.795043694029498,0.0
p368_E,0.17847665553642347,1.8270051302185892,0.0
p368_GAP,0.13781590510071146,2.225406709764373,0.0
p368_Q,0.0006908028277241626,11.998516935646109,0.05186747294189476
p368_S,1.273162562580887e-07,30.721631835751925,0.19656585227429854
p368_T,6.797606196539534e-07,26.86586017663283,0.22879119626162972
p369_E,0.0006908028277241626,11.998516935646109,0.05186747294189476
p369_GAP,0.13781590510071146,2.225406709764373,0.0
p369_S,0.2867401730296549,1.1428236029347743,0.0
p369_T,0.00018339296119665403,14.703777635019259,0.08683426277285329
p369_VIN,0.11625044428729912,2.4953187722976993,0.0
p370_GAP,0.09172723601775128,2.879858723263853,0.0
p370_N,5.3952535996770644e-05,17.263136834760772,0.03406802308004416
p370_Q,0.016286302831838236,5.901500765176225,0.0821735635445482
p370_S,0.00014068623524313652,15.253299518963795,0.09091364337627952
p370_T,1.6479042084658874e-05,19.79858497975849,0.11668861098495807
p370_V,2.6867945646630263e-14,70.72227019397488,0.006233905628852236
p371_C,5.526297252996738e-10,43.912547992313826,0.0022056207206522273
p371_DPGL,0.06516241096332566,3.450300573327981,0.0
p371_E,0.00020153224277916774,14.508950881915153,0.04919893481498847
p371_GAP,0.15587071642337702,2.033820219616808,0.0
p371_N,1.730370768550236e-10,46.86209772814901,0.2631123349680159
p371_Q,0.1419135692414473,2.179516656364931,0.0
p371_S,0.03329662378878291,4.613442593821905,0.08727059219730197
p371_T,0.012282695167742524,6.421137132662611,0.02843905427637095
p371_V,0.0003490582221813966,13.381603059429871,0.06727027069713501
p372_E,3.723633019808014e-16,83.42830036943508,0.19224243447870734
p372_GAP,1.0894769264425913e-24,152.00068382022656,0.2171251992810694
p372_N,0.040209032645771546,4.281602039010403,0.008008409251944335
p373_E,3.814908029309765e-13,63.20233455725274,0.17909862505081853
p373_K,1.1222744355054873e-07,31.015931079592512,0.1022617675131734
p373_P,5.38308140330431e-06,22.23765087709392,0.11663459271387945
p373_Q,0.41514163587695707,0.6676528865158936,0.0
p373_S,0.9555719512922211,0.0031139185110154203,0.0
p373_TD,0.2327860759915268,1.4351019752191194,0.0
p374_H,0.012561259752520575,6.379617136427475,0.04196597794886512
p374_K,6.361839062609536e-12,55.515904019935526,0.11882094611312186
p374_N,0.7705418059869203,0.08537146205255328,0.0
p374_P,1.0212121445410123e-09,42.37196534153016,0.20874359584644905
p374_Q,0.0062850059601539015,7.677472913183715,0.10004234427726927
p374_R,0.4495991815288052,0.574609082513885,0.0
p374_S,9.397933323182981e-05,16.09499213854984,0.04831908869178444
p374_TIAG,0.09975186754810966,2.742654294499986,0.0
p375_K,0.010283213900692537,6.7513563216683625,0.022454647249497944
p375_P,5.601629342062947e-11,49.7728235209247,0.1769352752322374
p375_Q,0.021456481438885535,5.399691729131709,0.06475861216855885
p375_S,0.03307077082815908,4.625482907670251,0.1006511795301875
p375_V,0.0006908028277241626,11.998516935646109,0.05186747294189476
p376_GAP,0.030495979084131476,4.7692186388379145,0.05936548157550706
p376_K,0.34320262161200465,0.9040312714851345,0.0
p376_PDNG,0.2635892879907067,1.2590476162479676,0.0
p376_Q,0.2728594894774908,1.2110153948330658,0.0
p376_S,0.015701256365212187,5.968542116386738,0.1824908729376354
p376_T,0.009153614632667352,6.968804459872051,0.22047201656332582
p376_V,0.45825804158960237,0.5529430236108176,0.0
p377_G,0.0764850753845078,3.180921710182012,0.0
p377_GAP,0.017757917438992805,5.743388601672468,0.052916807158324676
p377_SVE,0.011034861178059583,6.619978592327989,0.1671852664901884
p377_T,0.005091070323179272,8.07842478371737,0.012156016987975232
p378_D,4.5622986178409976e-05,17.618431144764088,0.07194214626982348
p378_E,0.6320846796729376,0.23016762001373128,0.0
p378_G,0.2980678976305448,1.0902266978599389,0.0
p378_GAP,0.00022713978747899806,14.262389721717021,0.021198215683382985
p378_MYTPS,0.28805528464971963,1.1365814467011597,0.0
p378_N,0.21426898612762535,1.5552413383213302,0.0
