,feature,BayesianRidge,mean,true_position,TMD,amino_acid
0,1,0.2583778700764168,0.2583778700764168,1,CT/EC,M
1,2,0.1481236839781457,0.1481236839781457,2,CT/EC,G
2,3,0.1337659774112412,0.1337659774112412,3,N-Termina,R
3,4,0.0981583635218965,0.0981583635218965,4,N-Termina,D
4,5,0.1787696239263182,0.1787696239263182,NA,NA,-
5,6,0.1700078664756183,0.1700078664756183,NA,NA,-
6,7,0.4398669564652197,0.4398669564652197,NA,NA,-
7,8,0.079702373822961,0.079702373822961,NA,NA,-
8,9,0.0621434237098214,0.0621434237098214,NA,NA,-
9,10,0.2534832011353857,0.2534832011353857,NA,NA,-
10,11,0.2372051726820902,0.2372051726820902,NA,NA,-
11,12,0.2232637892779395,0.2232637892779395,NA,NA,-
12,13,0.0978377498092176,0.0978377498092176,NA,NA,-
13,14,0.2274176796743763,0.2274176796743763,NA,NA,-
14,15,0.1463131087810651,0.1463131087810651,NA,NA,-
15,16,0.1428271649005788,0.1428271649005788,NA,NA,-
16,17,0.1819674384531157,0.1819674384531157,NA,NA,-
17,18,0.1418279416451505,0.1418279416451505,NA,NA,-
18,19,0.0686803592335077,0.0686803592335077,NA,NA,-
19,20,0.2020054680290137,0.2020054680290137,NA,NA,-
20,21,0.0103739625054801,0.0103739625054801,NA,NA,-
21,22,0.0938939738880975,0.0938939738880975,6,N-Termina,Y
22,23,0.2530297349356955,0.2530297349356955,8,N-Termina,N
23,24,0.2330273622402915,0.2330273622402915,10,N-Termina,P
24,25,0.2020039416084296,0.2020039416084296,12,N-Termina,S
25,26,0.049990411798581,0.049990411798581,13,N-Termina,I
26,27,0.130303956553995,0.130303956553995,14,N-Termina,V
27,28,0.0732986249719872,0.0732986249719872,NA,NA,-
28,29,0.1320929129131991,0.1320929129131991,NA,NA,-
29,30,0.1603944073157162,0.1603944073157162,NA,NA,-
30,31,0.299310985451496,0.299310985451496,NA,NA,-
31,32,0.1632883468803944,0.1632883468803944,NA,NA,-
32,33,0.0,0.0,NA,NA,-
33,34,0.3310030072635792,0.3310030072635792,NA,NA,-
34,35,0.0319490670578471,0.0319490670578471,NA,NA,-
35,36,0.196932083515821,0.196932083515821,NA,NA,-
36,37,0.2716888527666873,0.2716888527666873,NA,NA,-
37,38,0.3935076865167601,0.3935076865167601,15,N-Termina,V
38,39,0.1688419025615222,0.1688419025615222,16,N-Termina,H
39,40,0.2979533424187752,0.2979533424187752,17,N-Termina,P
40,41,0.0,0.0,18,N-Termina,H
41,42,0.0,0.0,19,N-Termina,W
42,43,0.2916419051721906,0.2916419051721906,20,N-Termina,R
43,44,0.1892093523748393,0.1892093523748393,21,N-Termina,E
44,45,0.2239008345810121,0.2239008345810121,22,N-Termina,F
45,46,0.1033612039211564,0.1033612039211564,23,N-Termina,D
46,47,0.1277693485513379,0.1277693485513379,24,N-Termina,Q
47,48,0.3011008098738702,0.3011008098738702,25,N-Termina,V
48,49,0.2308241420815544,0.2308241420815544,26,N-Termina,P
49,50,0.1371030497256876,0.1371030497256876,27,N-Termina,D
50,51,0.2418040240672641,0.2418040240672641,28,N-Termina,A
51,52,0.2766381134636235,0.2766381134636235,29,N-Termina,V
52,53,0.0980433563789109,0.0980433563789109,30,N-Termina,Y
53,54,0.3825114789449669,0.3825114789449669,31,N-Termina,Y
54,55,0.0236234075456518,0.0236234075456518,32,N-Termina,S
55,56,0.1033612039211564,0.1033612039211564,33,N-Termina,L
56,57,0.1673524649046536,0.1673524649046536,34,1,G
57,58,0.6749747284322374,0.6749747284322374,35,1,I
58,59,0.266585859787746,0.266585859787746,36,1,F
59,60,0.2901875256266633,0.2901875256266633,37,1,I
60,61,0.3358494326966553,0.3358494326966553,38,1,G
61,62,0.3959528668494524,0.3959528668494524,39,1,I
62,63,0.0,0.0,40,1,C
63,64,0.172117255590157,0.172117255590157,41,1,G
64,65,0.2842764473656012,0.2842764473656012,42,1,I
65,66,0.1137174935689143,0.1137174935689143,43,1,I
66,67,0.0,0.0,44,1,G
67,68,0.1360941276675331,0.1360941276675331,45,1,C
68,69,0.1883676765045673,0.1883676765045673,46,1,G
69,70,0.0,0.0,47,1,G
70,71,0.0,0.0,48,1,N
71,72,0.1722439568707826,0.1722439568707826,49,1,G
72,73,0.29784716030537,0.29784716030537,50,1,I
73,74,0.0,0.0,51,1,V
74,75,0.1468663359798889,0.1468663359798889,52,1,I
75,76,0.0812179220221712,0.0812179220221712,53,1,Y
76,77,0.0,0.0,54,1,L
77,78,0.0,0.0,55,1,F
78,79,0.2241729992262055,0.2241729992262055,56,1,T
79,80,0.1388633841091633,0.1388633841091633,57,1,K
80,81,0.224314559274854,0.224314559274854,58,1,T
81,82,0.0,0.0,59,CT/EC,K
82,83,0.4039797427875553,0.4039797427875553,60,CT/EC,S
83,84,0.0,0.0,61,CT/EC,L
84,85,0.174453158293686,0.174453158293686,62,CT/EC,Q
85,86,0.0,0.0,63,CT/EC,T
86,87,0.2616203576971136,0.2616203576971136,64,CT/EC,P
87,88,0.0,0.0,65,CT/EC,A
88,89,0.0,0.0,66,CT/EC,N
89,90,0.2354864380493221,0.2354864380493221,67,CT/EC,M
90,91,0.0087473384190371,0.0087473384190371,68,CT/EC,F
91,92,0.3675910430463039,0.3675910430463039,69,CT/EC,I
92,93,0.1103463268281426,0.1103463268281426,70,CT/EC,I
93,94,0.0,0.0,71,2,N
94,95,0.0,0.0,72,2,L
95,96,0.0,0.0,73,2,A
96,97,0.215867310135661,0.215867310135661,74,2,F
97,98,0.1540901905542437,0.1540901905542437,75,2,S
98,99,0.0,0.0,76,2,D
99,100,0.0482026348258401,0.0482026348258401,77,2,F
100,101,0.1960381517032172,0.1960381517032172,78,2,T
101,102,0.011685553909145,0.011685553909145,79,2,F
102,103,0.0,0.0,80,2,L
103,104,0.2476973589193734,0.2476973589193734,81,2,V
104,105,0.246696713059281,0.246696713059281,82,2,N
105,106,0.9408305909764904,0.9408305909764904,83,2,G
106,107,1.0,1.0,85,2,F
107,108,0.0,0.0,86,2,P
108,109,0.298026052372185,0.298026052372185,87,2,L
109,110,0.2292368550035187,0.2292368550035187,88,2,M
110,111,0.154032442139713,0.154032442139713,89,2,T
111,112,0.4799994273373466,0.4799994273373466,90,2,I
112,113,0.0,0.0,91,2,S
113,114,0.2746658923519857,0.2746658923519857,92,2,C
114,115,0.1609086800647259,0.1609086800647259,93,2,F
115,116,0.1242471100123962,0.1242471100123962,94,2,L
116,117,0.3346815817279436,0.3346815817279436,95,2,K
117,118,0.3018646932770651,0.3018646932770651,96,2,K
118,119,0.1621521441416091,0.1621521441416091,97,CT/EC,W
119,120,0.1498887608048457,0.1498887608048457,98,CT/EC,I
120,121,0.5649701750387972,0.5649701750387972,99,CT/EC,F
121,122,0.0,0.0,100,CT/EC,G
122,123,0.2777209966389388,0.2777209966389388,101,CT/EC,F
123,124,0.051322169778929,0.051322169778929,102,CT/EC,A
124,125,0.1083834507067555,0.1083834507067555,103,CT/EC,A
125,126,0.0,0.0,104,CT/EC,C
126,127,0.1448754263316603,0.1448754263316603,105,CT/EC,K
127,128,0.0559995530560897,0.0559995530560897,106,CT/EC,V
128,129,0.1007621712900683,0.1007621712900683,107,CT/EC,Y
129,130,0.0,0.0,108,CT/EC,G
130,131,0.2891147868170409,0.2891147868170409,109,CT/EC,F
131,132,0.307011544569454,0.307011544569454,110,3,I
132,133,0.0,0.0,111,3,G
133,134,0.2741817720804927,0.2741817720804927,112,3,G
134,135,0.1978654618712247,0.1978654618712247,113,3,I
135,136,0.245286587411268,0.245286587411268,114,3,F
136,137,0.0,0.0,115,3,G
137,138,0.1917837865499502,0.1917837865499502,116,3,F
138,139,0.3377328019787171,0.3377328019787171,117,3,M
139,140,0.2066650768570064,0.2066650768570064,118,3,S
140,141,0.1414809883994126,0.1414809883994126,119,3,I
141,142,0.2706374621471564,0.2706374621471564,120,3,M
142,143,0.0,0.0,121,3,T
143,144,0.1938683899890999,0.1938683899890999,122,3,M
144,145,0.0760249753932238,0.0760249753932238,123,3,A
145,146,0.1955102416466692,0.1955102416466692,124,3,M
146,147,0.0,0.0,125,3,I
147,148,0.0712058515622592,0.0712058515622592,126,3,S
148,149,0.0199020283696084,0.0199020283696084,127,3,I
149,150,0.0,0.0,128,3,D
150,151,0.0,0.0,129,3,R
151,152,0.1153910217516101,0.1153910217516101,130,3,Y
152,153,0.1136663933849444,0.1136663933849444,131,3,N
153,154,0.2113031295532078,0.2113031295532078,132,CT/EC,V
154,155,0.0,0.0,133,CT/EC,I
155,156,0.1456089267423994,0.1456089267423994,134,CT/EC,G
156,157,0.3540567294596516,0.3540567294596516,135,CT/EC,R
157,158,0.4075371783417368,0.4075371783417368,136,CT/EC,P
158,159,0.1486212832460766,0.1486212832460766,137,CT/EC,M
159,160,0.1434381877659856,0.1434381877659856,138,CT/EC,A
160,161,0.0046135550761469,0.0046135550761469,139,CT/EC,A
161,162,0.3097517421572034,0.3097517421572034,140,CT/EC,K
162,163,0.2672303464188458,0.2672303464188458,141,CT/EC,K
163,164,0.177498279087091,0.177498279087091,142,CT/EC,M
164,165,0.2629036433439448,0.2629036433439448,143,CT/EC,S
165,166,0.2923875768044326,0.2923875768044326,145,CT/EC,H
166,167,0.0432591414589659,0.0432591414589659,146,CT/EC,R
167,168,0.0533099051793904,0.0533099051793904,147,CT/EC,R
168,169,0.2667573685806875,0.2667573685806875,148,CT/EC,A
169,170,0.1570403449920601,0.1570403449920601,149,CT/EC,F
170,171,0.2713170157799783,0.2713170157799783,150,CT/EC,I
171,172,0.1114078802668126,0.1114078802668126,151,CT/EC,M
172,173,0.3692210656326334,0.3692210656326334,152,4,I
173,174,0.1445995634087211,0.1445995634087211,153,4,I
174,175,0.2232030449730133,0.2232030449730133,154,4,F
175,176,0.526773633779817,0.526773633779817,155,4,V
176,177,0.0,0.0,156,4,W
177,178,0.4972094838211827,0.4972094838211827,157,4,L
178,179,0.1894416450006325,0.1894416450006325,158,4,W
179,180,0.1939390188350331,0.1939390188350331,159,4,S
180,181,0.3555452944018072,0.3555452944018072,160,4,V
181,182,0.1272943774807328,0.1272943774807328,161,4,L
182,183,0.0888067141853544,0.0888067141853544,162,4,W
183,184,0.4019286209583216,0.4019286209583216,163,4,A
184,185,0.0,0.0,164,4,I
185,186,0.2553962803158403,0.2553962803158403,165,4,G
186,187,0.0980433563789109,0.0980433563789109,166,4,P
187,188,0.0809289416213001,0.0809289416213001,167,4,I
188,189,0.1687831419985561,0.1687831419985561,168,4,F
189,190,0.1044014975273589,0.1044014975273589,169,4,G
190,191,0.0,0.0,170,4,W
191,192,0.0110377948181355,0.0110377948181355,171,4,G
192,193,0.1316309004646967,0.1316309004646967,172,4,A
193,194,0.6481568554529099,0.6481568554529099,173,CT/EC,Y
194,195,0.1033612039211564,0.1033612039211564,174,CT/EC,T
195,196,0.0,0.0,175,CT/EC,L
196,197,0.0,0.0,176,CT/EC,E
197,198,0.0,0.0,177,CT/EC,G
198,199,0.2466043181808041,0.2466043181808041,178,CT/EC,V
199,200,0.2943590252104301,0.2943590252104301,179,CT/EC,L
200,201,0.0,0.0,180,CT/EC,C
201,202,0.1167333578279766,0.1167333578279766,181,CT/EC,N
202,203,0.0,0.0,182,CT/EC,C
203,204,0.2076090770674718,0.2076090770674718,183,CT/EC,S
204,205,0.2906795546997799,0.2906795546997799,184,CT/EC,F
205,206,0.0,0.0,185,CT/EC,D
206,207,0.0,0.0,186,CT/EC,Y
207,208,0.0,0.0,187,CT/EC,I
208,209,0.3257349204852264,0.3257349204852264,188,CT/EC,S
209,210,0.2950837486329864,0.2950837486329864,189,CT/EC,R
210,211,0.2924238931008647,0.2924238931008647,190,CT/EC,D
211,212,0.2232978884562203,0.2232978884562203,191,CT/EC,S
212,213,0.1278526583794686,0.1278526583794686,192,CT/EC,T
213,214,0.1321454369834862,0.1321454369834862,193,CT/EC,T
214,215,0.5507435312657014,0.5507435312657014,194,CT/EC,R
215,216,0.3455230359626271,0.3455230359626271,195,CT/EC,S
216,217,0.4600681424565461,0.4600681424565461,196,CT/EC,N
217,218,0.1060814937592624,0.1060814937592624,197,CT/EC,I
218,219,0.2597744772406121,0.2597744772406121,198,CT/EC,L
219,220,0.1285725753220656,0.1285725753220656,199,CT/EC,C
220,221,0.6191413648475739,0.6191413648475739,200,5,M
221,222,0.8624717244776472,0.8624717244776472,201,5,F
222,223,0.2159165107387426,0.2159165107387426,202,5,I
223,224,0.257740938433235,0.257740938433235,203,5,L
224,225,0.3881437300163837,0.3881437300163837,204,5,G
225,226,0.0,0.0,205,5,F
226,227,0.2460871239879433,0.2460871239879433,206,5,F
227,228,0.1449450149148808,0.1449450149148808,207,5,G
228,229,0.0,0.0,208,5,P
229,230,0.1129488758583997,0.1129488758583997,209,5,I
230,231,0.3844954644462953,0.3844954644462953,210,5,L
231,232,0.191582442460228,0.191582442460228,211,5,I
232,233,0.0,0.0,212,5,I
233,234,0.1525968653451714,0.1525968653451714,213,5,F
234,235,0.19393051539445,0.19393051539445,214,5,F
235,236,0.1686442319175852,0.1686442319175852,215,5,C
236,237,0.0,0.0,216,5,Y
237,238,0.2613892227722657,0.2613892227722657,217,5,F
238,239,0.0894388405981111,0.0894388405981111,218,5,N
239,240,0.204908845985152,0.204908845985152,219,5,I
240,241,0.1322222274435225,0.1322222274435225,220,5,V
241,242,0.110456218999138,0.110456218999138,221,5,M
242,243,0.2995458211426631,0.2995458211426631,222,5,S
243,244,0.0,0.0,223,5,V
244,245,0.2508069554931245,0.2508069554931245,224,5,S
245,246,0.1285751909952014,0.1285751909952014,225,CT/EC,N
246,247,0.0,0.0,226,CT/EC,H
247,248,0.0,0.0,227,CT/EC,E
248,249,0.0,0.0,228,CT/EC,K
249,250,0.0411841182971249,0.0411841182971249,229,CT/EC,E
250,251,0.2354744892731477,0.2354744892731477,230,CT/EC,M
251,252,0.5193399936327706,0.5193399936327706,231,CT/EC,A
252,253,0.0,0.0,232,CT/EC,A
253,254,0.0,0.0,233,CT/EC,M
254,255,0.0,0.0,234,CT/EC,A
255,256,0.0,0.0,235,CT/EC,K
256,257,0.0,0.0,236,CT/EC,R
257,258,0.0,0.0,237,CT/EC,L
258,259,0.0,0.0,238,CT/EC,N
259,260,0.0,0.0,239,CT/EC,A
260,261,0.1872868752999135,0.1872868752999135,240,CT/EC,K
261,262,0.0,0.0,241,CT/EC,E
262,263,0.0,0.0,242,CT/EC,L
263,264,0.1623964258074616,0.1623964258074616,243,CT/EC,R
264,265,0.0078372600921836,0.0078372600921836,244,CT/EC,K
265,266,0.1028648472715856,0.1028648472715856,NA,NA,-
266,267,0.2329462889916341,0.2329462889916341,245,CT/EC,A
267,268,0.2502475312429805,0.2502475312429805,246,CT/EC,Q
268,269,0.1120216481343287,0.1120216481343287,247,CT/EC,A
269,270,0.2901141568532014,0.2901141568532014,248,CT/EC,G
270,271,0.1732212676570035,0.1732212676570035,249,CT/EC,A
271,272,0.0980433563789109,0.0980433563789109,250,CT/EC,N
272,273,0.1978649735003113,0.1978649735003113,251,CT/EC,A
273,274,0.0,0.0,252,CT/EC,E
274,275,0.1549843349532352,0.1549843349532352,253,CT/EC,M
275,276,0.0876441817127261,0.0876441817127261,254,CT/EC,R
276,277,0.0378215713551062,0.0378215713551062,255,CT/EC,L
277,278,0.0,0.0,256,CT/EC,A
278,279,0.0,0.0,257,CT/EC,K
279,280,0.1852708858985858,0.1852708858985858,258,CT/EC,I
280,281,0.0,0.0,259,CT/EC,S
281,282,0.3857465866634753,0.3857465866634753,260,CT/EC,I
282,283,0.1775990990437461,0.1775990990437461,261,CT/EC,V
283,284,0.1635766434980857,0.1635766434980857,262,6,I
284,285,0.1525854527117206,0.1525854527117206,263,6,V
285,286,0.29531781918748,0.29531781918748,264,6,S
286,287,0.2580590121691442,0.2580590121691442,265,6,Q
287,288,0.0925261050213318,0.0925261050213318,266,6,F
288,289,0.083018268058955,0.083018268058955,267,6,L
289,290,0.3403538932803641,0.3403538932803641,268,6,L
290,291,0.4181642319087882,0.4181642319087882,269,6,S
291,292,0.0,0.0,270,6,W
292,293,0.0,0.0,271,6,S
293,294,0.0,0.0,272,6,P
294,295,0.0,0.0,273,6,Y
295,296,0.2406315062422223,0.2406315062422223,274,6,A
296,297,0.8530494589688422,0.8530494589688422,275,6,V
297,298,0.2720594074200413,0.2720594074200413,276,6,V
298,299,0.1690657841970248,0.1690657841970248,277,6,A
299,300,0.1425520350028348,0.1425520350028348,278,6,L
300,301,0.3443058568776289,0.3443058568776289,279,6,L
301,302,0.0,0.0,280,6,A
302,303,0.0945628832632638,0.0945628832632638,281,6,Q
303,304,0.395506546133648,0.395506546133648,282,6,F
304,305,0.3484735667375969,0.3484735667375969,283,6,G
305,306,0.1588479572493408,0.1588479572493408,284,CT/EC,P
306,307,0.1971211382445714,0.1971211382445714,285,CT/EC,L
307,308,0.1437668871160775,0.1437668871160775,286,CT/EC,E
308,309,0.3051807934088147,0.3051807934088147,287,CT/EC,W
309,310,0.2153148663550657,0.2153148663550657,288,CT/EC,V
310,311,0.4832560964529097,0.4832560964529097,289,CT/EC,T
311,312,0.0,0.0,290,CT/EC,P
312,313,0.1957742385471197,0.1957742385471197,291,CT/EC,Y
313,314,0.3888958826476427,0.3888958826476427,292,CT/EC,A
314,315,0.1370637005595634,0.1370637005595634,293,CT/EC,A
315,316,0.4600681424565461,0.4600681424565461,294,7,Q
316,317,0.1650774744895698,0.1650774744895698,295,7,L
317,318,0.2029491937876418,0.2029491937876418,296,7,P
318,319,0.2229175422750101,0.2229175422750101,297,7,V
319,320,0.3880408587058557,0.3880408587058557,298,7,M
320,321,0.1065535131917848,0.1065535131917848,299,7,F
321,322,0.5810316286022559,0.5810316286022559,300,7,A
322,323,0.0,0.0,301,7,K
323,324,0.148419834415046,0.148419834415046,302,7,A
324,325,0.2652930135587792,0.2652930135587792,303,7,S
325,326,0.0,0.0,304,7,A
326,327,0.2783318717828378,0.2783318717828378,305,7,I
327,328,0.2496045118206885,0.2496045118206885,306,7,H
328,329,0.3121620641208539,0.3121620641208539,307,7,N
329,330,0.0,0.0,308,7,P
330,331,0.1304879495282552,0.1304879495282552,309,7,M
331,332,0.0,0.0,310,7,I
332,333,0.0,0.0,311,7,Y
333,334,0.0411666397268273,0.0411666397268273,312,7,S
334,335,0.068398421875215,0.068398421875215,313,7,V
335,336,0.1910585789890121,0.1910585789890121,314,7,S
336,337,0.0,0.0,315,CT/EC,H
337,338,0.0,0.0,316,CT/EC,P
338,339,0.3075256025229614,0.3075256025229614,317,CT/EC,K
339,340,0.0,0.0,318,CT/EC,F
340,341,0.0866990792209942,0.0866990792209942,319,CT/EC,R
341,342,0.1713817505759312,0.1713817505759312,320,CT/EC,E
342,343,0.4600681424565461,0.4600681424565461,321,CT/EC,A
343,344,0.0,0.0,322,CT/EC,I
344,345,0.4291169586217606,0.4291169586217606,323,CT/EC,S
345,346,0.3241145056904059,0.3241145056904059,324,CT/EC,Q
346,347,0.2061008839943973,0.2061008839943973,325,CT/EC,T
347,348,0.097613675628001,0.097613675628001,326,CT/EC,F
348,349,0.0,0.0,327,CT/EC,P
349,350,0.1173812083171028,0.1173812083171028,328,CT/EC,W
350,351,0.5038401038173722,0.5038401038173722,329,CT/EC,L
351,352,0.08438505273922,0.08438505273922,330,CT/EC,T
352,353,0.2256532937313738,0.2256532937313738,331,CT/EC,C
353,354,0.2388048827251044,0.2388048827251044,332,CT/EC,C
354,355,0.2944892263748418,0.2944892263748418,334,CT/EC,Q
355,356,0.3317147835746374,0.3317147835746374,335,CT/EC,F
356,357,0.3039152241452419,0.3039152241452419,336,CT/EC,D
357,358,0.1197740540555873,0.1197740540555873,337,CT/EC,G
358,359,0.3228560170812915,0.3228560170812915,338,CT/EC,E
359,360,0.3062788427177554,0.3062788427177554,339,CT/EC,S
360,361,0.2107284945390351,0.2107284945390351,340,CT/EC,S
361,362,0.3224504555834364,0.3224504555834364,342,CT/EC,D
362,363,0.2779547928659312,0.2779547928659312,344,CT/EC,A
363,364,0.3212068855356285,0.3212068855356285,346,CT/EC,A
364,365,0.2212981820422565,0.2212981820422565,348,CT/EC,P
365,366,0.3261197732059027,0.3261197732059027,350,CT/EC,S
366,367,0.1760304267410836,0.1760304267410836,352,CT/EC,A
367,368,0.3170034338341762,0.3170034338341762,354,CT/EC,D
368,369,0.1382020134805,0.1382020134805,356,CT/EC,A
369,370,0.1315554097493674,0.1315554097493674,357,CT/EC,A
370,371,0.1652347996137859,0.1652347996137859,358,CT/EC,Q
371,372,0.2772481984477927,0.2772481984477927,359,CT/EC,K
372,373,0.2643740447183425,0.2643740447183425,360,CT/EC,Q
373,374,0.2064104253178627,0.2064104253178627,361,CT/EC,Q
374,375,0.1660663982749159,0.1660663982749159,362,CT/EC,Q
375,376,0.3071084460126854,0.3071084460126854,363,CT/EC,A
376,377,0.1542808656175845,0.1542808656175845,364,CT/EC,A
