feature,xgb,rf,gbr,BayesianRidge,mean
1_H1,8.612933743279427e-05,0.00017108821538947341,0.0003265751913945044,0.27211761227173054,0.06817535125398683
2_P2,1.3583156942331698e-05,2.013647628391617e-05,0.0,0.08816324191160707,0.02204924038620833
2_SCT,4.609428651747294e-05,2.2269449604605326e-05,4.290273141384552e-09,0.16651086126852035,0.0416448073237289
3_H1,1.3134967048245016e-05,0.0002139520314756925,0.0,0.4236873040403113,0.1059785977597088
3_P2,1.1081352567998692e-05,4.430092150772159e-05,0.0001404695222982063,0.13453238251553226,0.03368205857797655
3_SCT,1.2094202247681096e-05,5.270090887875819e-05,0.0,0.11821150109833573,0.02956907405236554
4_H1,3.9684447983745486e-05,9.60078349815375e-05,0.0,0.1755179470776253,0.043913409840147646
4_P2,0.0012666902039200068,0.0001539070893062338,0.0,0.019881367874349142,0.005325491291893846
4_SCT,0.00016574225446674973,8.288768663793086e-05,0.0,0.01681103280017159,0.004264915685319067
5_H1,9.671374573372304e-05,6.575795606942318e-05,9.471729142806572e-05,0.1619103336149103,0.04054188065203538
6_H1,4.2833667976083234e-05,6.285344351800126e-05,0.0,0.2309537614091278,0.05776486213015547
6_P2,0.0008015002822503448,8.315709859711662e-06,0.0,0.07797129513566337,0.019695277781943354
6_SCT,2.0364700503705535e-06,8.600953991886494e-05,0.0,0.10156714464283072,0.02541379766319999
7_H1,2.2387333956430666e-05,0.00014951026638970657,0.0,0.23795633105570974,0.05953205716401397
7_P2,9.585273073753342e-05,4.099166589873272e-05,0.0,0.08919904628863552,0.022333972671317946
7_SCT,3.594224835978821e-06,1.4575199976085931e-05,0.00013691361934278909,0.013155640805819978,0.003327680962493708
8_H1,1.9226354197598994e-05,8.477493139474613e-05,0.0,0.0007511182312042102,0.00021377987919913883
8_P2,5.076819070382044e-05,9.332582153279011e-05,0.0,0.04055545589848806,0.010174887477681168
8_SCT,3.940134320146171e-06,3.2433449543264445e-06,0.0,0.1331667592394044,0.03329348567966972
9_H1,6.033801128069172e-06,2.3901620488896222e-05,0.0,0.07474322430670756,0.018693289932081133
9_P2,9.509851224720478e-05,7.414368537045108e-06,5.527753000303156e-05,0.0412708855586352,0.010357168992355621
9_SCT,0.0,8.865457195533716e-06,0.0,0.15862909232780478,0.03965948944625008
10_H1,0.0002940222038887441,7.862084534731811e-05,0.0,0.04524383502997334,0.011404119519802351
10_P2,2.326989488210529e-05,3.91872262606927e-05,0.0,0.05495646983503941,0.013754731739045553
10_SCT,0.0005965959280729294,2.066801281146213e-06,0.0,0.05780989192548875,0.014602138663710707
11_H1,8.054154818637471e-07,1.2492045761314089e-05,0.0,0.08344438540231743,0.02086442071589015
11_P2,2.878072962175793e-07,7.48938803716174e-06,0.0,0.011533358763082535,0.002885283989603979
12_H1,1.3738687812292483e-05,1.8167222236553505e-05,0.0,5.320844124285567e-05,2.1278587822925415e-05
12_P2,2.722460703807883e-05,4.7536057278888975e-05,3.319097488672602e-05,0.03547858999865676,0.008896635409465113
12_SCT,0.0,2.7288290551605277e-05,0.0,0.18083196071307625,0.04521481225090696
13_H1,1.2806655831809621e-05,6.086943743414481e-05,0.0,0.04606594106943345,0.01153490429067485
13_P2,2.510352715034969e-05,7.806261634239204e-05,0.0,0.07656341931476136,0.019166646364563528
13_SCT,0.011346697807312012,0.0005153041415980416,0.0,0.04750958564625072,0.014842896898790193
15_H1,5.066977610113099e-05,8.078086172282658e-05,0.0,0.03689458256630968,0.00925650830103341
15_P2,6.822152045060648e-06,5.405973034138605e-05,2.9133532350185655e-06,0.008618092113434625,0.0021704718372640226
15_SCT,5.7131190260406584e-05,0.00018298428275650085,0.0,0.08848483179228477,0.022181236816325417
16_H1,0.0,2.1185477061585643e-06,0.0,0.02237192576180971,0.005593511077378967
16_P2,4.9078753363573924e-05,2.04985740894574e-05,4.663906939206395e-06,0.031835651078388955,0.007977473078195298
16_SCT,0.0,8.771342111842903e-09,0.0,0.029493723743788697,0.007373433128782702
17_H1,0.0001005808444460854,3.1296874922068104e-05,0.0,0.0736990277310429,0.01845772636260276
17_P2,2.7621524623100413e-06,4.074981936023288e-05,0.0,0.052500619125834466,0.013136032774414252
17_SCT,0.0,1.947677652384171e-05,0.0,0.03179610006360596,0.007953894210032451
18_H1,3.4038846933981404e-05,1.8670873387627532e-05,0.0,0.033999416413577725,0.008513031533474833
18_SCT,0.0,2.3886054933083757e-06,0.0,0.07832037883614543,0.019580691860409685
19_H1,5.758272436651168e-06,1.0765320435029301e-08,0.0,0.008550416964874583,0.0021390465006579174
19_P2,0.0,1.2110431822051403e-05,0.0,0.024836595800369097,0.0062121765580477875
19_SCT,0.0,1.2294775707077557e-05,0.0,0.08390851666368941,0.020980202859849122
20_H1,8.495969086652622e-05,1.9409773398566208e-05,0.0,0.04168139986318884,0.010446442331863483
20_P2,4.146352694078814e-06,0.010076724914982394,0.0,0.05493891766481695,0.016254947233123356
20_SCT,0.0,4.1013727154485735e-08,0.0,0.264961064851196,0.06624027646623079
21_H1,6.69757355353795e-05,3.4298261408365754e-05,0.0,0.06050689684770623,0.015152042711162494
21_P2,2.0007661305498914e-07,1.2023773539682639e-05,0.0,0.0025983461756426823,0.000652642506448855
21_SCT,0.0,0.00014091000868479751,0.0,0.11774715771915197,0.02947201693195919
22_H1,2.1335821656975895e-05,5.5036234640211645e-06,0.00014279346012247164,0.03276163218806246,0.008232816273326482
22_P2,0.0,6.614560583243673e-05,0.0,0.04326749194820384,0.010833409388509069
22_SCT,0.0,3.6430125830833854e-06,0.0,0.17942579020721044,0.04485735830494838
23_P2,4.8981019062921405e-06,0.00010501988807926992,0.0001934099887229307,0.013667115369545693,0.0034926108370635467
23_SCT,0.0,2.7655233794882714e-05,0.0,0.22745839093753362,0.056871511542832126
24_P2,1.3381549251789693e-05,9.445765533414439e-05,0.0,0.018324509208797024,0.004608087103345739
24_SCT,0.0,1.6602700594030415e-06,0.0,0.011163821204562753,0.002791370368655539
25_P2,1.862940553110093e-05,1.441681592531922e-05,0.0,0.039696828001656984,0.00993246855577835
25_SCT,0.0,0.00023065694823449725,0.0,0.31308428914400377,0.07832873652305956
26_H1,1.2268545106053352e-05,6.753506081567949e-05,0.0,0.0037123591672453024,0.0009480406932917588
26_P2,3.389071935089305e-06,2.882895471452496e-05,0.0,0.030088047452955565,0.007530066369901295
26_SCT,0.0,8.341757972183171e-07,0.0,0.11659467126010002,0.02914887635897431
27_H1,5.68690620639245e-06,1.8622642121857127e-07,0.0,0.06546709109868026,0.016368241057826968
27_P2,0.00020338554168120027,3.960505270613607e-05,0.0,0.009782220385248659,0.002506302744908999
28_H1,0.0015997407026588917,1.922219862418586e-05,0.0,0.016111770601219533,0.004432683375625653
29_H1,0.0,3.740820268457011e-05,0.0014686682854557068,0.03503559510878503,0.009135417899231328
29_P2,0.0,0.0001107178171873856,0.0019887682208824566,0.004667145153379554,0.0016916577978623492
30_H1,4.990429260942619e-06,6.597739441442532e-05,2.9725580574217364e-05,0.021587821701166972,0.005422128776354139
31_H1,0.0030658848118036985,0.00021802581799097433,0.00039910060741191395,0.002718021707122588,0.0016002582360822937
31_P2,0.0,0.00013264807990947844,0.0006035812123717004,0.012011936515438193,0.0031870414519298428
31_SCT,0.0,6.792560227329573e-07,0.0,0.19684688435411057,0.04921189090253333
32_H1,2.7924370442633517e-05,7.653970645423994e-05,0.0,0.04333793440839877,0.010860599621323911
32_P2,1.3158565934645594e-06,3.512452786912268e-05,0.0,0.020710159301272173,0.00518664992143369
32_SCT,0.0,1.0426643243913232e-06,0.0,0.011607280798636353,0.002902080865740186
33_H1,3.8792870327597484e-05,0.00017805769125930687,4.736067703410904e-05,0.017159088912425374,0.004355825037761597
33_P2,1.5612314427926322e-06,1.0940155637438637e-05,0.0,0.05645534248384145,0.014116960967730421
33_SCT,0.0,1.2401239495941122e-06,0.0,0.1851703367486021,0.04629289421813792
34_H1,1.7602359037027782e-07,1.0853407351186405e-05,0.0,0.011067316452429617,0.0027695864708427932
34_P2,0.0,4.3915723723172254e-06,0.0,0.09787561422340008,0.0244700014489431
35_H1,1.4646614090452204e-06,1.4991738539467655e-05,0.0,0.005606504627287902,0.0014057402568091039
35_P2,2.167856337109697e-06,1.1692891852987296e-05,0.0,0.01232551877360001,0.0030848448804475267
35_SCT,0.0,5.014831014265763e-05,0.0,0.11175390227510913,0.02795101264631295
36_H1,1.696292747510597e-05,4.7840683888636134e-05,0.0,0.18591909791170244,0.046495975380766545
36_SCT,0.0,1.8612436460677213e-06,0.0,0.05989195188135935,0.014973453281251355
37_P2,7.0252863224595785e-06,0.00011734464247350982,0.0,0.042466989698398336,0.010647839906798576
37_SCT,0.000321448955219239,0.0001851412372003426,0.00011196097724877271,0.08558711853987762,0.021551417427386494
38_H1,6.64738254272379e-05,0.00022333361677043291,5.568661058162813e-05,0.008498888974484725,0.002211095756816006
38_P2,2.7670526833389886e-05,6.348073599762843e-05,2.8016060606840087e-06,0.06815668230118177,0.01706265879251837
38_SCT,0.0,1.0891764825438096e-05,0.0,0.1514704807918804,0.03787034313917646
39_H1,4.0689366187507403e-07,9.053040842420497e-05,0.0,0.0651712922028317,0.016315557376229445
39_P2,0.0003175032907165587,6.9167446285478955e-06,0.0,0.03499185524539604,0.008829068820185287
39_SCT,0.0,2.5993052595732354e-07,0.0,0.035899460922719395,0.008974930213311338
40_H1,6.675135955447331e-05,3.659959906099739e-05,0.0,0.07496741037561366,0.018767690333557283
40_P2,0.0,2.6987101313740794e-05,0.0,0.02829011334349845,0.007079275111203048
40_SCT,0.0,2.8188223602775874e-05,0.0,0.10571335949839193,0.026435386930498676
41_H1,3.327836384414695e-05,0.00024327664829962493,0.000606194835014513,0.07888483436558497,0.019941896053185814
41_P2,0.0007002479396760464,0.00014623814113389947,0.0008733843869063206,0.0446002821057876,0.011580038143375966
41_SCT,2.8715056032524444e-05,2.5716021781126283e-05,0.00037398882354842456,0.278249492634669,0.06966947813400777
42_H1,1.3615377611131407e-05,0.00039247904568288005,0.0001067266911003992,0.004353772166371631,0.0012166483201915105
42_P2,0.00042857707012444735,1.078549476789397e-05,0.0,0.04669520192924243,0.011783641123533693
42_SCT,0.0,2.821897434119406e-05,0.0,0.012029946294212203,0.0030145413171383494
43_H1,3.915235538443085e-06,6.51977284048329e-06,0.0,0.1267328839893563,0.03168582974943381
43_P2,3.227832792163099e-07,1.0591848887783005e-05,9.358556559795322e-05,0.030135563733749874,0.007560015982878707
43_SCT,0.0,1.2829774085024689e-06,0.0,0.042913495895328314,0.010728694718184204
44_H1,2.974394192278851e-06,3.490280944076127e-05,0.0,0.01318440636260021,0.0033055708915583123
44_P2,0.0019966145046055317,1.186717295668839e-05,0.0,0.002458156354686152,0.0011166595080620931
44_SCT,1.1632002497208305e-05,1.7518634346038466e-05,0.0,0.013965865149503168,0.0034987539465866037
45_H1,4.3828495108755305e-05,0.00031297038266756754,3.9635244567561524e-05,0.008497771309367377,0.0022235513579278153
45_SCT,8.026870091271121e-06,9.229179895948455e-05,0.0,0.02129387258898192,0.005348547814508169
46_P2,0.0,2.1089700082743805e-05,0.0,0.008406738183416942,0.0021069569708749214
47_H1,1.6309026250382885e-05,5.8146352781676e-06,0.0,0.08093875497009745,0.0202402196579065
47_P2,9.77024592430098e-06,8.022995359097622e-05,0.008443995678656082,0.002572588905767816,0.0027766461959847937
47_SCT,0.0,8.33723550034854e-06,0.0,0.10607043059191364,0.026519691956853497
48_H1,2.556355502747465e-05,0.0002060744057203517,0.0004774878523736174,0.03319548485992524,0.00847615266826167
48_P2,3.483707769191824e-05,0.00015581885909163293,0.0001337384736694638,0.1824190920465396,0.045685871614248155
48_SCT,7.129851383069763e-06,0.00015466332170159923,7.28149186347089e-05,0.12311340854356571,0.030837004158821273
49_H1,3.4009483442787314e-06,3.1909858187848024e-05,0.0,0.035936638243883934,0.008992987262604016
49_P2,1.3262585980555741e-06,6.251390643701974e-05,4.455673075750246e-05,0.039987954842346796,0.010024087934534843
49_SCT,0.0,2.3233202408951127e-06,0.0,0.09288847406339353,0.023222699345908607
50_H1,0.0027594156563282013,8.14350994283916e-05,0.00028441312813658903,0.06253648864459606,0.01641543813212231
50_P2,0.0,3.4316413005104686e-05,0.0,0.022261610082845263,0.005573981623962592
50_SCT,0.0,4.044897784837418e-05,0.0,0.09658185681668187,0.02415557644863256
51_H1,3.190752977388911e-05,0.00013289198305217818,0.0,0.05558392579673258,0.013937181327389662
51_P2,0.0014309921534731984,0.0014927379171493086,5.593638156177764e-05,0.017306673877872287,0.005071585082514143
51_SCT,5.739551852457225e-06,5.949551468059939e-05,0.0002921475925205383,0.4416271693560078,0.11049613800376536
52_H1,7.039603246994375e-07,3.950230346140466e-05,0.0,0.0037484825017124568,0.0009471721913746402
52_P2,0.003988646436482668,0.001367655146166469,0.0017587792743765348,0.0745911030003836,0.020426545964352318
52_SCT,0.0,5.947482802141717e-06,0.0,0.04325391774636112,0.010814966307290817
53_H1,0.000254443206358701,3.0949879309626574e-05,0.0,0.012411564847745802,0.0031742394833535323
53_P2,5.196055099077057e-06,2.3654362520863335e-06,2.5671956735208813e-05,0.06303242607343636,0.01576641488038068
53_SCT,0.0,1.4207107096165186e-05,0.0,0.15207437041988747,0.038022144381745906
55_H1,1.6471775552417967e-06,1.2531205780050524e-05,0.0,0.016219523248331313,0.004058425407916651
55_P2,5.948685384282726e-07,3.0193192092732624e-05,9.673168741001161e-06,0.02466450375453161,0.0061762412459759435
55_SCT,0.0,2.140044892058329e-05,0.0,0.026616408890688014,0.006659452334902149
56_H1,0.00016629486344754696,0.0001761086877934082,0.0,0.005981132884157167,0.0015808841088495306
56_P2,1.5507466741837561e-06,1.4038049458369022e-05,0.0,0.027513622557425434,0.006882302838389497
56_SCT,9.177777428703848e-06,3.713202054654597e-06,0.0,0.04421274947456387,0.011056410113511807
57_H1,0.0,2.1631067187950634e-08,0.0,0.03519681887042452,0.008799210125372927
59_H1,7.737919986539055e-06,5.4559860294175596e-05,0.0,0.0067133685891983845,0.0016939165923697747
59_P2,0.0,1.8923016153731125e-05,0.0,0.07735672815421583,0.019343912792592392
59_SCT,0.0,2.3856812854414245e-06,0.0,0.01653230666089034,0.004133673085543945
60_H1,0.0,6.4190859491336515e-06,0.0,0.06562513774977101,0.016407889208930035
60_P2,0.0,2.0439340008868183e-05,0.0,0.040218386025937816,0.01005970634148667
60_SCT,0.0,0.0,0.0,0.1707242358002506,0.04268105895006265
61_H1,0.0,3.0753028474066353e-07,0.0,0.019634685215960124,0.004908748186561216
62_H1,1.1926299521292094e-06,8.873350369841755e-05,0.0,0.1488768143517586,0.037241685121352286
63_H1,8.239635462814476e-06,3.9320170482975355e-05,0.0,0.15820391840399817,0.03956286955248599
63_P2,1.4391985132533591e-06,6.403159119759458e-05,0.0,0.00886042787003631,0.0022314746649367894
63_SCT,7.198029834398767e-06,3.235288924387632e-05,0.0,0.0008637438395399303,0.00022582368965455134
64_P2,0.0,4.938886099839666e-06,0.0,0.036244904624908134,0.009062460877751994
64_SCT,0.0,4.466633300194451e-05,0.0,0.14962037022812927,0.037416259140282807
65_H1,0.0,4.824019651612678e-06,0.0,0.023306508420074274,0.005827833109931472
65_SCT,0.0,0.0,0.0,0.11793048138219783,0.029482620345549458
66_H1,5.205100706007215e-07,2.5918355781100447e-05,0.0,0.006815693217926493,0.0017105330209445486
66_P2,0.0,2.3950419712668787e-05,0.0,0.02361794816073988,0.005910474645113137
66_SCT,0.0,9.466054775367455e-07,0.0,0.222628675318168,0.05565740548091138
68_H1,0.0,6.182371920653435e-06,2.826333929201932e-05,0.1861042826217211,0.04653468208323344
68_SCT,0.0,9.384981081782306e-08,0.0,0.030701182965411477,0.007675319203805574
69_H1,4.1369250425304926e-07,1.6408952577137744e-06,0.0,0.01105079573022783,0.0027632125794974493
69_SCT,0.0,2.9255357135768925e-07,0.0,0.14808781572362478,0.03702202706929904
70_H1,0.0,2.0032857316490406e-06,0.0003198552880065448,0.010631364055997896,0.0027383056574340225
70_P2,0.0,2.243863261735195e-06,0.0,0.02275762103998893,0.005689966225812667
70_SCT,0.0,1.3660196341179466e-06,0.0,0.17914311347457143,0.04478611987355139
71_H1,0.0,5.7293124803379426e-08,0.0,0.04892839317590215,0.012232112617256737
71_P2,0.0,1.2728411597787767e-06,0.0,0.010139758781201394,0.0025352579055902933
71_SCT,0.0,2.108812163496019e-09,0.0,0.08787554423362086,0.021968886585608256
73_H1,0.0007174030761234462,4.604855786979369e-05,0.0,0.07548071399433164,0.01906104140708122
73_P2,0.0,4.896198358960549e-06,0.0,0.013739802456148703,0.0034361746636269157
73_SCT,0.0,9.848127082474105e-08,0.0,0.029371160054985898,0.007342814634064181
74_H1,5.113405131851323e-05,1.3523032931331326e-05,0.0,0.03799134015697718,0.009513999310306756
75_H1,0.0,1.7850716686158462e-07,0.0,0.003488260288705478,0.0008721096989680848
75_P2,3.515732771575131e-07,1.1086056598632637e-06,0.0,0.018031756473266786,0.0045083041630509515
76_P2,3.3888525194925023e-06,1.9228897505454606e-05,1.7291735850540203e-06,0.028565422905115247,0.007147442457181312
78_H1,4.194007942714961e-06,9.13785938538866e-05,0.0,0.024624509949176265,0.006180020637743216
78_P2,1.2656757462536916e-05,5.334599529874313e-05,0.0,0.013101409066178663,0.0032918529547349856
79_H1,5.295926712278742e-06,1.1165440822892242e-05,0.0,0.009301018188807436,0.002329369889085652
79_P2,1.8844673377316212e-06,1.8058667246346404e-05,0.0,0.005092771437442668,0.0012781786430066866
79_SCT,0.0,5.414766511417243e-06,0.0,0.06073517474489998,0.01518514737785285
80_H1,4.2571505218802486e-06,0.00022343904125281212,0.0,0.02198980313597213,0.005554374831936706
80_P2,2.27957934839651e-06,6.578456051181179e-05,0.0,0.0399433213593793,0.010002846374809877
80_SCT,1.009587890621333e-06,1.6101895001059993e-05,0.00016774239630530367,0.033366744784675294,0.00838789966596807
81_H1,1.539476215839386e-06,9.132543122313862e-06,0.0,0.16796871998315013,0.04199484800062207
81_P2,3.934443668640597e-07,3.165908117812306e-05,0.0,0.040681858135512054,0.01017847766526426
81_SCT,1.1114399285361287e-06,7.495102309536202e-05,0.0,0.05682208978237869,0.014224538061350647
82_H1,1.5328718291129917e-05,6.446603604058796e-05,0.0,0.10720210850838524,0.02682047581567924
82_P2,0.00021894538076594472,7.838973154220662e-05,0.0,0.05477430938522442,0.013767911124383143
82_SCT,9.218111785003202e-08,0.00011516898323876214,2.849181177252398e-05,0.1709688511117443,0.042778151021968365
83_H1,7.472975994460285e-05,0.0010063017907887156,0.0021947090123720964,0.290627435072897,0.07347579390900061
83_P2,0.00010077025217469782,0.0006555453055005261,0.0002748255897527781,0.18180185502442506,0.045708249042963264
83_SCT,1.6416021026088856e-05,0.00025915794306063255,0.0,0.285131661172264,0.07135180878408769
84_H1,0.0002895347715821117,0.00029300755962118665,0.0004605839595646741,0.03992218409449701,0.010241327596316244
84_P2,8.258067828137428e-05,1.0296560493871137e-05,0.0,0.06646829689912084,0.01664029353447402
84_SCT,3.3253316360060126e-05,8.855907959671179e-06,0.0,0.27111966661293446,0.06779044395931355
85_H1,0.0008583086892031133,0.02168572481978002,0.023071156380334402,1.0,0.2614037974723294
85_P2,0.00011388710845494643,0.0006300828797583302,0.0020175197154898607,0.6293117052558461,0.15801829873988732
85_SCT,6.172862867970252e-06,0.00013635429892309194,0.0005121123719724571,0.648178927148624,0.1622083916705969
86_H1,2.556289928179467e-06,0.0005092132796895105,0.0,0.15007032487659755,0.03764552361155381
86_P2,3.542647391441278e-05,5.028153218518186e-05,0.0,0.0941865904641266,0.02356807461755655
86_SCT,0.0,6.969479461051217e-05,0.0,0.02567872448816796,0.006437104820694618
87_H1,5.526544191525318e-05,5.035273735918659e-05,0.0,0.13007233426220213,0.03254448811036914
87_SCT,4.5788732677465305e-05,5.636051625490449e-05,0.0,0.26200394734729243,0.0655265241490562
88_H1,0.0002557782572694123,0.001546777556869511,0.002736360925579496,0.38086666590931767,0.09635139566225902
88_P2,5.4799245845060796e-05,0.0009404246739938793,9.958583382633326e-05,0.14053375346359367,0.035407140804314736
88_SCT,6.5075109887402505e-06,0.0001686191369285278,0.0,0.10886674782845181,0.02726046861909227
89_H1,0.00020834773022215813,0.005762112957011165,0.014331902836384618,0.051713012079053294,0.01800384390066781
90_H1,9.234599929186516e-06,5.2653684021561796e-05,0.0,0.014873774892247919,0.0037339157940496667
90_P2,3.8454727473435923e-05,0.0034857891098651526,0.0,0.01564455777655447,0.004792200403473264
91_H1,3.5848829611495603e-06,7.847455814661917e-06,0.0,0.04709069111245377,0.011775530862807396
91_P2,0.0,1.0397523787660349e-05,0.0,0.015471354913244353,0.003870438109258003
91_SCT,0.0,1.560111463666493e-05,0.0,0.022006442852537337,0.0055055109917935005
92_H1,3.884230682160705e-05,0.0009915752516742027,0.0007333063832953106,0.6365820041902276,0.15958643203300468
92_P2,0.0006320030661299825,0.0033311291123134783,0.0016477486103476605,0.3175411267664197,0.08078800188880271
92_SCT,4.592361165123293e-06,0.0005689426211025311,0.0003408979264554412,0.5052339984581407,0.12653710784171593
93_H1,0.0035737815778702497,0.04978997255493719,0.0505321887767034,0.5703371116079207,0.16855826362935789
93_P2,0.0008356760954484344,0.0009428460886442614,0.002449799355530697,0.1910308735216545,0.04881479876531947
93_SCT,0.001855064881965518,0.00040312876989089484,5.732955194340968e-06,0.22542736666033236,0.056922823316845776
94_H1,2.179297007387504e-05,0.00037416737155583516,0.0,0.029035713361437007,0.0073579184257666795
94_P2,1.4841027677903185e-06,3.3099772825438026e-05,0.0,0.0425692881207392,0.010650967999083107
94_SCT,0.0,2.068931783861544e-05,0.0,0.08128870181753038,0.02032734778384225
95_H1,3.356563684064895e-05,9.696866262559384e-05,5.092803971324959e-05,0.06516522815353012,0.016336672623177406
95_P2,0.00021919615392107517,0.0005297197388866316,0.004181228048754771,0.09645921744437035,0.025347340346483206
95_SCT,0.0,1.5500231661726034e-05,0.0,0.09492465348872925,0.023735038430097742
96_H1,0.00013606210995931178,0.00032038272482266556,0.0006959148632625255,0.04479033182804122,0.011485672881521431
96_P2,0.00011750745034078136,0.00011855883324759916,0.0,0.13428558363211873,0.03363041247892678
96_SCT,1.8054797692457214e-06,0.0002723669434706467,0.0,0.31711454187908694,0.07934717857558171
97_H1,0.0001544560509501025,4.152766642424079e-05,8.41986465134412e-05,0.17417109936655745,0.043612820432611304
97_P2,4.831209298572503e-05,7.921304115346779e-05,0.0,0.013854638784805869,0.0034955409797362653
98_H1,0.0001545523409731686,0.0005727712924842378,0.0,0.037695484195584085,0.009605701957260373
98_P2,1.568733864587557e-06,5.081928421973863e-05,0.0,0.06968383735423157,0.017434056343078975
98_SCT,2.7464557206258178e-06,4.3407981252789295e-05,0.0,0.09733014168289654,0.024344074029967487
99_H1,0.00030554537079297006,9.824490133600523e-05,0.0015386211401695856,0.11002899041443406,0.027992850456683156
99_P2,0.00010930110875051469,0.00034411777375510454,0.00010372781525182364,0.007798514358727353,0.002088915264121199
99_SCT,0.00012809765757992864,7.061733889131896e-05,0.0,0.07602424121777995,0.0190557390535628
100_SCT,1.5613519281032495e-05,6.257113406627448e-07,0.0,0.20987414737173288,0.05247259665058864
101_H1,3.305286782051553e-06,7.844278537583011e-06,0.0,0.1570105691472714,0.03925542967814776
101_P2,0.0,1.9440913979109983e-05,0.0,0.049177318853550867,0.012299189941882494
101_SCT,3.129826154690818e-06,3.694178464296115e-07,0.0,0.016189706815180924,0.004048301514795512
102_P2,0.030033430084586143,0.015731319854602608,0.01716829770414753,0.05824860122032518,0.030295412215915363
102_SCT,0.0,2.818448168288724e-06,0.0,0.11858664211826243,0.02964736514160768
103_H1,0.0013980724615976214,0.002984979972626908,0.004369180875187459,0.1349393826420833,0.035922903987873823
103_P2,3.045425955860992e-06,0.003156709694711347,0.00023648192517542805,0.19325950879425022,0.04916393646002321
103_SCT,0.0,2.2774169680847006e-05,0.0,0.3429737131966004,0.08574912184157031
104_H1,8.23394293547608e-06,5.794225802066166e-06,0.0,0.023618921118146247,0.005908237321720947
104_P2,0.0,9.834543336648203e-06,0.0,0.0010989659750667623,0.00027720012960085263
104_SCT,0.0,1.4629419482914629e-06,0.0,0.004723517876946639,0.0011812452047237328
106_H1,0.00017643884348217398,0.00012679487806826958,0.0,0.12478925561125205,0.03127312233320062
106_P2,4.803830597666092e-05,2.5665933243808217e-05,0.0,0.03658487295993996,0.009164644299790107
106_SCT,9.597264579497278e-05,5.788464327186361e-06,0.0,0.071973290963448,0.018018763018392538
107_H1,0.0002191892417613417,0.0010121179562858733,0.0010310214674965677,0.01414963101632943,0.004102989920468304
107_P2,1.3623919585370459e-05,0.00010262335982668114,0.0,0.07453702533019475,0.0186633181524017
107_SCT,0.0,3.9715967724258036e-05,0.0,0.13193258045325534,0.0329930741052449
108_H1,0.0003777160309255123,0.0020808628984191374,0.0015818150539627974,0.2763597070253476,0.07010002525216377
108_SCT,0.0,0.0001239550984567205,0.0001803432530622303,0.23166609338977276,0.05799259793532293
109_H1,6.284425762714818e-05,5.021569268757983e-06,0.0,0.02955639575098206,0.007406065394469492
109_P2,0.0,8.232774215092303e-06,0.0,0.009506283314732722,0.0023786290222369533
109_SCT,0.0,3.298836746104609e-06,0.0,0.006704106364091444,0.0016768513002093871
110_P2,0.00010756718984339386,0.00020868503706296428,0.0,0.007910223240220162,0.00205661886678163
111_H1,3.390396886970848e-05,0.0012011487453315896,5.894694755501256e-05,0.0950686036510775,0.02409065082820845
111_P2,1.7046144193955115e-06,9.494182847673872e-05,7.148697060286604e-05,0.11969869570032048,0.02996670727845487
112_P2,3.26170920743607e-05,0.0019213434111224235,0.0008176679984911858,0.377950260536711,0.09518047225959975
112_SCT,0.0004492595326155424,0.0024320566356219524,0.0013883801092062305,0.4038324162296107,0.1020255281267636
113_H1,3.232870585634373e-05,0.00010169646160753728,0.0,0.002768457211613448,0.0007256205947693323
113_P2,6.058833150746068e-06,9.101821747805706e-05,2.7616166437724024e-05,0.1135091522481987,0.028408461366316307
113_SCT,0.0012515209382399917,9.96149197829365e-05,0.0,0.3357241900749039,0.08426883148323171
114_H1,2.850944292731583e-05,6.45028857840629e-05,0.0012502182396708344,0.25231997107270326,0.06341580041027137
115_H1,0.0001333106920355931,0.0018065186720680544,0.0014111113643056979,0.16018728085955466,0.040884555396991006
115_P2,5.848761793458834e-05,0.0019961991017269504,0.0008627989942494582,0.1660635235520485,0.04224525231648987
116_H1,5.810598668176681e-05,0.00022077801423678374,0.0,0.26413021144159,0.06610227386062714
116_P2,1.7658810975262895e-05,0.0002057766843455823,7.3913951697615e-05,0.2059934046202294,0.05157268851681196
116_SCT,1.5185149777607876e-06,0.00023558974579657163,0.0,0.20907012732374383,0.05232680889612954
117_H1,3.179710256517865e-05,0.0010992052742028993,5.598791403784751e-06,0.12207898466890828,0.030803896459270036
117_P2,9.091455285670236e-05,0.0008278822992914773,0.00314633602888418,0.22339333397727792,0.05686461671457757
117_SCT,3.9379330701194704e-05,0.00011812630718150678,4.12462411070463e-05,0.00028964499655308434,0.00012209921888570803
118_P2,1.2217207768117078e-05,0.00015761676237601617,0.0003411656893037043,0.08567737427722634,0.021547093484168545
119_H1,1.1485557251944556e-06,0.00019556378120895863,0.0003476639372630834,0.2711120546911168,0.06791410774132851
119_P2,1.8276328773936257e-05,0.00015577146939378406,0.0,0.1147165887785193,0.028722659144171755
119_SCT,0.0,5.481621326249869e-05,0.0,0.16354346283002574,0.04089956976082206
121_H1,0.0001547507126815617,0.0015071569839700215,0.000710944388247727,0.33590017688004387,0.08456825724123579
121_P2,8.924187568482012e-05,0.0006842065644402655,0.000660520045063765,0.05890906396033644,0.015085758111381322
121_SCT,0.0002766040270216763,0.00048299959437278175,0.00039039324687472634,0.3975872602225748,0.09968431427271099
122_H1,3.7859613257751334e-06,5.514680159667967e-05,0.0,0.07417573441816307,0.01855866679527138
122_SCT,0.0,4.084187713255106e-06,0.0,0.07389582019761835,0.0184749760963329
123_H1,6.15608150837943e-05,1.5659234035581378e-05,0.0,0.09033112801029221,0.022602087014852897
123_P2,2.3480306481360458e-05,3.91805702721099e-05,0.0,0.010590740175063472,0.0026633502629542357
124_H1,0.0,3.645997497323768e-06,0.0,0.07876716955123501,0.019692703887183083
124_P2,0.0,2.8911567813732774e-06,0.01290132475169166,0.04740508111455115,0.015077324255756046
124_SCT,0.0,4.966625167263827e-07,0.0,0.0906223325282557,0.022655707297693107
126_H1,3.834014023595955e-06,1.1113884627145152e-05,0.0,0.0415806833175503,0.01039890780405026
126_P2,2.4939217837527394e-05,6.551079164047722e-06,0.0,0.026196121614853712,0.006556902977963822
126_SCT,3.2531211218156386e-06,6.131251601833648e-06,0.0,0.19255335921432862,0.04814068589676307
127_P2,0.0,0.0,0.0,0.02060099916085463,0.0051502497902136575
127_SCT,0.0,6.6952785755096976e-09,0.0,0.06895721795584654,0.01723930616278128
128_H1,0.0,3.2267991309387206e-06,0.0,0.018342281173500674,0.004586376993157903
128_P2,0.0,2.9247083224000448e-05,0.0,0.05461298074064886,0.013660556955968215
128_SCT,0.0,6.383893961052032e-06,0.0,0.020481800213035493,0.005122046026749137
129_P2,8.020128007046878e-05,8.717617402214993e-05,5.689197378085985e-06,0.062093945462911866,0.015566753028595642
129_SCT,2.25032363232458e-05,2.468611290574324e-06,0.0,0.029379879413784293,0.0073512128153495285
130_H1,0.0,4.269725358337405e-06,0.0,0.015538994535914216,0.0038858160653181383
130_P2,0.0,7.205740842187551e-07,0.0,0.0023284225929253283,0.0005822857917523867
131_H1,0.0,4.5000579840738526e-07,0.0,0.002772426222558594,0.0006932190570892503
131_P2,0.0,4.1208054898047086e-07,0.0,0.0013704001001506965,0.0003427030451749192
131_SCT,0.0,3.892518656625419e-07,0.0,0.031092966760845293,0.007773339003177739
132_H1,1.071140331987408e-06,4.1494705121409753e-05,0.0,0.07460280485724739,0.018661342675675197
132_SCT,0.0,9.965672377505375e-05,0.0,0.11761126372405653,0.029427730111957897
133_P2,9.051205438481702e-07,8.98587633052851e-06,0.0,0.0063879471965456605,0.0015994595483550093
134_H1,1.1055594768549781e-06,6.3610396910467145e-06,0.0,0.04300635642193395,0.010753455755275462
134_P2,0.0,1.9337897362684388e-06,0.0,0.0014094462214959708,0.00035284500280805984
135_H1,0.0,4.938185408043021e-06,3.434561112331043e-08,0.023840809466602487,0.005961445499405413
135_P2,0.0,1.6224955349278882e-06,0.0,0.10366526283834374,0.025916721333469665
136_H1,3.252766691730358e-05,2.732303020251191e-05,0.0,0.031923018955792366,0.007995717413228045
136_P2,9.332869922218379e-06,0.00012369438060371623,0.0,0.027812222909059277,0.006986312539896303
137_H1,0.0,1.3300452207102249e-05,0.0,0.03259728642237692,0.008152646718646005
137_SCT,0.0,3.2998776728384803e-06,0.0,0.10407033554267889,0.02601840885508793
138_H1,1.0320450201106723e-06,3.4027997041452145e-06,0.0,0.06398020250431245,0.01599615933725918
138_P2,0.0,4.160083015261286e-06,0.0,0.04838889965794665,0.012098264935240478
139_H1,0.0,1.3628692092969085e-06,0.0,0.014890520188027508,0.003722970764309201
139_P2,0.0,7.978212520779256e-07,0.0,0.008873463118515012,0.0022185652349417727
139_SCT,0.0,2.2770125629972307e-07,0.0,0.06365978056042405,0.015915002065420087
140_P2,0.0,8.044123745371148e-06,0.0,0.019023631562394575,0.004757918921534986
141_P2,0.0,8.125330231621227e-08,0.0,0.032103631759551825,0.008025928253213535
141_SCT,0.0,0.0,0.0,0.09977537295536562,0.024943843238841405
142_H1,2.5963373673221213e-07,5.650236375368318e-05,0.0,0.04405838007702125,0.011028785518627916
142_P2,0.0,2.1766920559556536e-05,0.0,0.017765597277186136,0.004446841049436423
142_SCT,0.0,1.078096900870141e-05,0.0,0.09440784907932856,0.023604657512084314
143_H1,0.0,1.2064556591396558e-05,0.0,0.04091987396216593,0.010232984629689332
143_P2,0.0,4.5456052571284916e-06,0.0,0.002092786517993798,0.0005243330308127317
143_SCT,0.0,8.557651524481964e-06,0.0003032469998224979,0.07367639987626243,0.01849705113190235
144_SCT,0.0,3.5943828480127254e-07,0.0,0.04525509198842159,0.011313862856676599
145_H1,2.3315249563893303e-05,1.184895179160252e-05,0.0,0.08399736706746605,0.021008132817205386
145_P2,0.0,3.5938624858331003e-06,0.0,0.052630820284687796,0.013158603536793408
145_SCT,0.0,6.343991710481085e-06,0.0,0.06314938408000074,0.015788932017927807
146_H1,0.0,0.0008549741553175187,6.375280587493373e-05,0.38497798576090664,0.09647417818052477
147_H1,0.0,2.484950390265904e-05,0.0,0.006587791957641913,0.0016531603653861429
147_P2,0.0,4.7519270701701286e-05,0.0,0.01865110441038225,0.004674655920270988
147_SCT,0.0,1.5430528492519498e-06,0.0,0.0820204016778337,0.020505486182670736
148_H1,3.696481871884316e-05,4.8461668846947746e-05,0.0,0.021561699138136447,0.005411781406425559
148_P2,2.5319266114820493e-06,0.0001040266056129366,0.0,0.023480128586184458,0.005896671779602219
148_SCT,0.0,1.2329014956978425e-05,0.0,0.054125538527642854,0.013534466885649958
149_H1,4.92075523652602e-05,6.456336147779007e-05,0.0,0.1971084653025008,0.049305559054085964
149_P2,1.3033559298492037e-06,1.295444129004536e-05,0.0,0.014206131524628985,0.0035550973304622198
149_SCT,1.361680006084498e-05,3.583733168875383e-05,0.0,0.1878481938770357,0.04697441200219632
150_H1,9.557628800394014e-06,0.00023427937767193019,0.0,0.05102649380878355,0.01281758270381397
150_P2,0.0,5.4688709672660104e-05,0.0,0.04877420611778674,0.01220722370686485
150_SCT,0.0,0.0001157040165007215,0.0,0.0642143262629139,0.016082507569853657
151_H1,8.862829417921603e-05,7.597642023954993e-06,0.0,0.00347611880560964,0.0008930861854532028
151_P2,0.0,0.0001445698636853878,0.0,0.02429658658416686,0.006110289111963062
151_SCT,0.0,3.444646633720042e-06,0.0,0.2461791839060582,0.06154565713817298
153_H1,0.00014146283501759171,0.00010653253353671716,0.0,0.15915300965556037,0.03985025125602867
153_SCT,2.1629993796068447e-07,8.849606107104789e-05,0.0,0.004738885387814145,0.0012068994372057885
154_H1,1.7398519958078396e-06,5.2066255716164836e-05,0.0,0.10206647245565931,0.02553006964084282
154_P2,0.0001185206274385564,6.771117010212649e-05,0.0,0.12616887530998708,0.03158877677688194
155_H1,0.0003122977213934064,1.0859022171131366e-05,0.0,0.12630680010918002,0.03165748921318614
155_P2,0.0,0.00010802563073137027,0.0,0.007588432997790475,0.0019241146571304614
155_SCT,0.0,2.8054136550276666e-06,0.0,0.03975826623179029,0.00994026791136133
156_H1,1.186915255857457e-06,1.450580951185917e-05,0.0,0.0005730908746403745,0.00014719589985202279
156_P2,3.568275133147836e-05,6.353834285333598e-06,0.0,0.018967830205638303,0.0047524666978137784
156_SCT,0.0,7.782472844890139e-08,0.0,0.08385441834380272,0.020963624042132794
157_H1,0.001379666617140174,0.00019680190588421722,0.0001193935515426711,0.08598105903651072,0.021919230277769448
157_P2,7.876441486587282e-06,0.0003857564033775842,5.8600190760643536e-05,0.00022643208207446394,0.00016966627942481975
157_SCT,0.0,1.0462867555430707e-05,0.0,0.10706452353330972,0.02676874660021629
158_H1,0.00010314129758626223,5.5921124238158093e-05,0.0,0.012379960579389011,0.003134755750303358
158_P2,9.041340490512084e-06,3.4275519040328776e-05,0.0,0.046499537778850276,0.01163571365959528
158_SCT,1.6904547010199167e-05,6.204865005992177e-06,0.0,0.13706418767476444,0.03427182427169516
159_H1,4.4918583625985775e-06,1.4843475882295379e-05,0.0,0.05058467182620426,0.012651001790112288
159_P2,2.010878233704716e-06,7.737088489551428e-06,0.0,0.02599516738482118,0.006501228837886109
159_SCT,3.43415604220354e-06,8.085556237377855e-06,0.0,0.11641890094069185,0.02910760516324286
161_H1,7.372510299319401e-05,0.00032199985642609736,0.0,0.179761851391821,0.04503939408781007
161_P2,8.08175991551252e-06,0.00012648267076734122,7.268980491344579e-05,0.02667889204599306,0.00672153657039734
161_SCT,6.024282356520416e-06,4.360768030219347e-05,0.0004425260541157829,0.1659848081495302,0.041619241541576174
162_H1,4.3767362512880936e-05,6.189681616848279e-05,0.00017309406210498236,0.06379436163025107,0.01601827996775935
162_P2,6.5215454014833085e-06,4.3562764428603066e-05,0.0,0.016472352431742467,0.004130609185393139
162_SCT,2.916946755249228e-07,1.5777730410858467e-06,0.0,0.09326309969539937,0.023316242290778996
163_H1,0.00011230316158616915,0.00022012776209497402,0.0003063232336849901,0.32614841763458413,0.08169679294798757
163_P2,3.5095657949568704e-05,9.820303387733098e-05,5.6181179339283525e-05,0.027930758935876928,0.007030059701760778
163_SCT,0.00042391419992782176,9.986291351482921e-05,0.0,0.09085318533261572,0.02284424061151459
164_H1,0.00039256270974874496,0.00013480781032868588,4.1492064280624364e-05,0.18320510490188852,0.045943491871561645
164_P2,0.00020324962679296732,8.049223039717236e-05,0.0,0.05303997878407935,0.013330930160317373
165_H1,1.9328237613081e-05,5.6791976631409566e-05,0.0,0.04541750891492401,0.011373407282292124
165_P2,3.80079018214019e-06,0.0002340280120271793,0.0,0.03295205830989732,0.008297471778026661
165_SCT,0.0,1.5762343980474698e-05,0.0,0.14838927975962696,0.03710126052590186
166_H1,0.0,3.138216707164811e-05,0.0,0.01725843391539973,0.004322454020617844
166_P2,0.0,1.0946918069964657e-05,0.0,0.024018831869508258,0.006007444696894556
166_SCT,0.0,1.332550336741943e-05,0.0,0.03238490726358607,0.008099558191738371
167_H1,3.787681271205656e-05,6.257970887025151e-06,0.0,0.07181736458192031,0.017965374841379847
167_P2,0.0,1.1150432568633223e-05,0.0,0.05140465895000323,0.012853952345642966
167_SCT,0.0,3.456962099836795e-06,1.565259057276321e-06,0.15036294090597016,0.03759199078178182
168_H1,0.0009999059839174151,0.0001047742776043805,2.0355925772725072e-07,0.08316656251278008,0.021067861583389903
168_P2,5.479061292135157e-05,0.0002683296650490572,0.0001581467885314398,0.10597411474017042,0.026613845451668068
169_H1,0.0,1.0293153735869403e-05,0.0,0.010939568110548931,0.0027374653160712
169_P2,0.0,4.4880224836988854e-05,0.0,0.003973377201590494,0.0010045643566068707
169_SCT,0.0,1.3376721431806844e-06,0.0,0.04383443202885645,0.010958942425249907
170_H1,0.0,0.0,0.0,0.00028008938259076627,7.002234564769157e-05
171_P2,4.184246790828183e-06,4.767943637773978e-06,0.00020567425922282654,0.08024864879235323,0.020115818810501163
171_SCT,0.0,8.089119136170156e-06,0.0,0.10060097808599751,0.02515226680128342
172_P2,4.260095374775119e-05,0.00010459342707793864,0.0,0.07907265125349117,0.019804961408579215
172_SCT,0.0,3.4569940553496084e-05,0.0,0.14468080520322107,0.036178843785943646
173_H1,0.0,1.558741311961342e-07,0.0,0.01580979068634901,0.003952486640120051
173_P2,2.7739795882553153e-07,0.0,0.0,0.007637239168190358,0.0019093791415372959
173_SCT,0.0,0.0,0.0,0.09301703975817938,0.023254259939544844
175_H1,0.00017780177586246282,0.00037306963406832255,5.9882917019541784e-05,0.15904707341707786,0.039914456936007044
175_P2,0.0,0.0005048435367872152,0.0001524324224350418,0.08373768380333707,0.02109873994063983
175_SCT,0.0,0.00041226244867374615,0.0,0.416050076397983,0.1041155847116642
176_P2,0.0,6.48137068033718e-05,0.0,0.017675547349453567,0.004435090264064235
177_H1,0.0001123351466958411,0.0011992385546300026,0.0002549081521334381,0.16084419869436314,0.04060267013695561
178_H1,6.981624756008387e-05,9.908450051871818e-05,7.24498342828869e-05,0.13486192868475122,0.03377581981677823
178_P2,0.00015658656775485724,9.137214394932396e-05,5.358782903942254e-05,0.009704954946818669,0.002501625371890568
178_SCT,0.0,0.0,0.0,0.08593225999383856,0.02148306499845964
179_H1,0.0,1.3022585490156732e-06,0.0,0.018664305098003386,0.004666401839138101
179_SCT,0.0,4.2080042893831205e-07,0.0,0.024363992043488974,0.006091103210979478
180_H1,3.9404309063684195e-05,0.001009752514966954,0.001615283713333152,0.25736654091753713,0.06500774536372524
180_P2,1.089856232283637e-05,0.0008839722391061892,0.00016987025069463595,0.10358377570941549,0.026162129190384787
180_SCT,0.0007296160911209881,0.0018007278644741028,0.0011072494135082114,0.2590246748372283,0.0656655670515829
181_P2,0.0,5.218158197642597e-08,0.0,0.004973522033974379,0.0012433935538890889
182_H1,0.0,0.0001602793503787335,0.0,0.02663132511401587,0.006697901116098651
182_SCT,0.0,0.00012654674052633112,0.0,0.0015878281086940435,0.00042859371230509366
183_H1,9.332685294793919e-06,1.2074989224990308e-05,0.0,0.1525767676825804,0.038149543839275046
183_P2,0.1311272382736206,0.07995009759785733,0.05439816014040214,0.04687967062488539,0.07808879165919137
183_SCT,0.0,3.5783191773558467e-06,0.0,0.3809562907708631,0.09523996727251012
184_H1,8.772954629421292e-07,1.4344935341840891e-05,0.0,0.06483172939900352,0.016211737907452076
184_P2,1.039460130414227e-05,7.500989373912796e-06,0.0,0.02247333905128619,0.005622808660491061
184_SCT,1.0082316293846816e-05,4.2555025481493705e-06,0.0017586481439929218,0.013041612711799707,0.003703649668658656
185_H1,2.734286681516096e-05,0.00015241843072493047,4.8364565833348295e-05,0.11298685758084974,0.028303745861055794
185_SCT,5.1731976782321e-06,0.00010058419031194948,2.4530819906242076e-05,0.10071304949694553,0.02521083442621049
188_H1,7.780935447954107e-06,0.00013494633068566314,0.0,0.06176247288549324,0.015476300037906714
188_SCT,0.0,1.6632570603312755e-06,0.0,0.2168472950005144,0.05421223956439368
189_P2,1.988814619835466e-05,1.0199240890561875e-06,0.0,0.001896305532682997,0.00047930340074260196
189_SCT,0.0,1.166917754536557e-06,0.0,0.07427711720341496,0.018569571030292373
190_H1,1.814228653529426e-06,2.5225944332672155e-05,0.00016120348011319606,0.0321351583574862,0.008080850502646399
190_P2,0.0,3.881199047969265e-05,0.0,0.04558492128825512,0.011405933319683703
190_SCT,0.0,1.2941443826175142e-07,0.0,0.09957047412023799,0.024892650883669064
191_H1,0.0,6.2169992402458e-07,0.0,0.010287757706787061,0.0025720948516777713
191_P2,0.0,2.447858493360258e-07,0.0,0.005288510798888081,0.0013221888961843543
191_SCT,0.0,3.812720164942965e-08,0.0,0.06434469130521034,0.016086182358102996
192_H1,0.0,3.485948111951543e-05,0.00033596691975020453,0.019759943966479565,0.005032692591837321
192_P2,3.2234947866527364e-06,2.2418052866595827e-05,0.0,0.026765008533986005,0.006697662520409813
192_SCT,0.0,1.7456503118081833e-07,0.0,0.1500728955379417,0.03751826752574322
193_H1,9.670605322753545e-06,8.432988902771482e-06,0.0,0.030204551668718504,0.007555663815736007
193_P2,3.7779889680678025e-05,2.726601080616102e-05,0.0,0.0260289143673497,0.006523490066959134
193_SCT,9.86559025477618e-05,1.1636536355677547e-05,0.0,0.035268769283465076,0.008844765430592129
194_H1,3.0682691431138664e-05,5.544617157340172e-05,0.0,0.03704042094485049,0.009281637451963757
194_P2,1.5587328334731865e-06,1.4272331596236233e-05,0.0,0.044413435070911,0.011107316533835178
194_SCT,9.911399274642463e-07,8.635133918226502e-06,0.0,0.055210017082842316,0.013804910839172001
195_H1,0.0,9.21156413571843e-05,0.0,0.11331063724160657,0.02835068822074094
195_P2,0.0,4.096994403941604e-05,0.0,0.04334950860934418,0.0108476196383459
195_SCT,3.858223408315098e-06,1.2565493348415796e-05,0.0,0.05297949353018153,0.013248979311734566
196_H1,3.920174549421063e-06,3.609160791690261e-06,0.0,0.009802218888700419,0.0024524370560103825
196_P2,3.1709605536889285e-06,1.2095010186441407e-05,0.0,0.03380556001806474,0.008455206497201218
196_SCT,6.25544771537534e-07,1.2882729779129837e-06,0.0,0.10817912312951053,0.027045259236814993
197_H1,4.3342411117919255e-06,0.007819174097338817,0.0005523807701389967,0.16395101390834,0.0430817257542324
197_P2,0.0,0.00014557966523352634,0.0,0.07863842387307615,0.01969600088457742
197_SCT,0.0,1.6176662556965972e-05,0.0,0.013377918908550989,0.0033485238927769886
198_H1,0.06708522886037827,0.03080836398217473,0.027189793873738908,0.015240039843257669,0.035080856639887394
198_P2,3.967277280025883e-06,9.227365925449652e-05,0.0,0.026151272914739142,0.006561878462818416
198_SCT,0.0,2.732355974440894e-05,0.0,0.21275837804443237,0.053196425401044196
199_H1,8.772224100539461e-05,0.0006235744589274864,8.108785150204592e-05,0.1769195569648738,0.04442798537907718
199_P2,4.993562470190227e-05,0.0006876007743252245,0.0,0.011843896387885553,0.00314535819672817
199_SCT,0.0,4.764059157642323e-05,0.0,0.277890603285237,0.06948456096920336
200_H1,0.00012273791071493179,1.0185457148672864e-05,0.0,0.17097640558927135,0.04277733223928374
200_P2,1.2926343515573535e-06,6.728132283830278e-06,0.0,0.0022866279451877808,0.0005736621779557921
200_SCT,0.0,1.782790254598828e-05,0.0,0.3153181348849468,0.0788339906968732
201_H1,7.207485396065749e-06,0.00012520275412594402,4.80325659666609e-05,0.07346089528053568,0.018410334521506085
201_P2,0.0,0.0003105533325205264,0.0012964701689652071,0.01893642924690601,0.005135863187097936
201_SCT,3.7497268294828245e-06,2.2164073314687478e-05,2.185505381699894e-06,0.032721200944937405,0.00818732506261582
202_H1,3.756997557502473e-07,2.9138699912404873e-05,0.0,0.006658974727603286,0.0016721222818178601
203_H1,1.4720390026923269e-05,4.2276501709952276e-05,0.0,0.04920770606321122,0.012316175738737023
203_P2,2.0474813027249184e-06,1.9766324759757288e-05,3.956857161777462e-05,0.0016227639246534063,0.0004210365755834158
203_SCT,0.0,1.208538344824077e-07,0.0,0.1708275966749807,0.0427069293822038
204_H1,9.80597542366013e-06,0.00011066035118369767,0.0012365877601135647,0.15021130115115072,0.037892088809467914
204_P2,7.546242954958871e-07,3.117145940096062e-05,0.0,0.085224355287853,0.021314070342887362
204_SCT,0.0,1.9039723089736765e-06,0.0,0.20469723399467563,0.05117478449174615
205_H1,0.0,0.00011878051626343349,0.0,0.08244095321037312,0.020639933431659138
205_P2,0.0,3.757371529148632e-05,0.00010338965166306163,0.036636413899027734,0.009194344316495571
205_SCT,0.0,3.811342091271927e-05,0.0,0.046516761368525165,0.011638718697359472
206_H1,0.0007434660801663995,0.002302292821269751,0.0037683305460664437,0.27804208998750696,0.07121404485875239
206_P2,7.2128036663343664e-06,0.0003197964353979126,7.231718335668969e-05,0.013195409184740409,0.0033986839017903364
206_SCT,0.0,0.0002956281146982375,0.0,0.7450462672959689,0.18633547385266677
207_H1,0.011539091356098652,0.006123229582766449,0.03233483779107461,0.2261045832351414,0.06902543549127027
207_P2,0.0,6.099333408767458e-05,6.435255954773498e-05,0.1377878586694634,0.0344783011407747
207_SCT,0.0,0.00018322279160401834,0.0,0.23811884726223295,0.05957551751345924
208_H1,4.011084456578828e-06,8.209049892368674e-05,0.0,0.027135396026579432,0.0068053744024899245
208_P2,2.2908352548256516e-05,8.006362322776125e-05,0.0,0.01762998426710562,0.00443323906072041
209_H1,3.6535584513330832e-06,3.870133631124211e-05,5.9832320938640476e-05,0.0639601814461401,0.016015592165460328
209_P2,0.0,7.671711399862969e-05,0.00011133360842670091,0.004759174169703844,0.0012368062230322938
209_SCT,0.0,3.449606392632653e-05,0.0,0.3491375701035556,0.08729301654187048
210_H1,9.945240890374407e-06,4.579901511886763e-05,5.528639775209692e-06,0.08195938465925406,0.020505164388759628
210_P2,2.9431878374452936e-06,2.1149637205006133e-05,1.4947955104874648e-05,0.0073959190149429435,0.0018587399487725673
210_SCT,7.572189133497886e-07,8.293602001123745e-06,0.0,0.02807669583031444,0.007021436662807228
211_H1,0.0,3.645580203405406e-06,0.0,0.051892583077909026,0.012974057164528107
211_SCT,0.0,1.8399296280189325e-06,0.0,0.034217092833499496,0.008554733190781878
212_H1,1.8338754671276547e-05,0.0001261959605013336,6.494429725780761e-05,0.17966683468360714,0.04496907842400939
212_P2,0.0002936531964223832,0.00014139653093177108,0.0,0.18698537329985682,0.04685510575680274
212_SCT,6.462760666181566e-06,7.832594262112498e-06,0.0,0.05631239093883917,0.014081671573441866
213_H1,2.1233263396425173e-05,0.00011046357516155525,0.0,0.26835154668654526,0.0671208108812758
213_P2,8.048055315157399e-05,8.035347808423726e-05,4.694913554298312e-05,0.016416691543839946,0.004156118677654685
213_SCT,0.0,1.739620427875191e-05,0.0,0.08012146764937447,0.020034715963413306
214_SCT,0.0,2.7791472496235373e-05,0.0,0.08138880552909665,0.02035414925039822
215_P2,5.306447746988852e-06,1.1252973119212325e-05,0.0,0.0018561172060416518,0.00046816915672696327
215_SCT,0.0,0.0,0.0,0.04554899209286633,0.011387248023216582
216_H1,1.462933505536057e-05,0.0005974643343930408,0.0012029093788239317,0.32445584874335687,0.0815677129479073
216_P2,0.00021220633061602712,0.0013788111381721226,0.0021583769892299237,0.06440496666698402,0.017038590281250522
216_SCT,7.230628398247063e-07,7.81106035470521e-05,3.3331355589102414e-10,0.07960086776634574,0.019919925441511544
217_H1,9.369242616230622e-05,4.952480552428686e-05,0.0011322085303898857,0.04307335422945219,0.011087194997882167
217_P2,3.5588411265052855e-05,2.1043641745911147e-05,0.0,0.03738136002648395,0.009359498019873728
218_H1,0.0,2.685747641601035e-06,0.0009409665070183042,0.010571941442546176,0.0028788984243015205
219_H1,2.0576046154019423e-05,2.556999826987538e-05,4.1357957575169253e-07,0.1698237056273117,0.04246756631282784
219_P2,2.842432195393485e-06,6.0571693397717757e-05,1.1908046393828815e-05,0.024435902219642303,0.006127806097907311
219_SCT,0.0,3.564411587329546e-05,0.0,0.16943031165737862,0.04236648894331298
220_H1,0.0,1.6569943875135706e-07,0.0,0.08710273318858604,0.021775724722006198
220_P2,0.0,1.181810971018973e-06,0.0,0.0503118019579787,0.01257824594223743
220_SCT,0.0,1.8931969291264537e-06,0.0,0.14409847437511059,0.036025091893009925
221_H1,2.4710976731512346e-07,9.022516464038053e-06,0.0,0.0018871788918795069,0.000474112129527715
221_P2,0.0,3.772250828555885e-05,0.0,0.0027574137890023004,0.0006987840743219649
221_SCT,0.0,1.0389198792426624e-07,0.0,0.0798151393778385,0.019953810817456608
222_H1,0.0,1.5225663279648711e-05,0.0,0.012498411403158018,0.003128409266609417
223_H1,0.0018221267964690924,7.615024273366987e-05,0.003953034667771663,0.010062352621788912,0.003978416082190834
223_P2,0.0002473795902915299,6.688366201486399e-05,0.0,0.06381507597433173,0.01603233480665953
223_SCT,0.0,1.9506559359093138e-05,6.488830386556604e-05,0.32308588020566326,0.08079256876722198
224_H1,5.404405328590656e-06,2.1695099677310193e-05,0.0,0.025399405656103935,0.006356626290277459
225_H1,0.0,4.885710182213107e-06,0.0,0.004834015226446281,0.0012097252341571234
225_P2,0.0,7.064191211258146e-07,0.0,0.004628863233361968,0.0011573924131207734
226_H1,1.3118167316861218e-06,4.116021873085482e-06,0.0,0.019286689338989665,0.004823029294398609
226_P2,2.5310059754701797e-06,5.450521654988098e-06,0.0,0.06033551455263771,0.015085874020067043
226_SCT,0.0,1.367734229969707e-06,0.0,0.06816751746495081,0.017042221299795195
227_H1,7.22919576219283e-05,0.0013521729488535084,0.0017551088914495075,0.09986643588873931,0.025761502421666062
227_P2,7.339076546486467e-06,0.00010186498403888004,0.0,0.008005055041376108,0.0020285647754903686
227_SCT,0.0,0.0037342352520582196,0.0,0.23361506601934473,0.059337325317850735
228_H1,0.0,1.3674579882837896e-05,0.0,0.10979036118550933,0.027451008941348044
229_H1,0.0,1.8867634971117997e-05,0.0,0.005881542575475502,0.001475102552611655
229_P2,0.0,2.5899199164092335e-07,0.0,0.012652682904899073,0.0031632354742226784
229_SCT,0.0,0.0,0.0,0.04865183007868851,0.012162957519672127
230_H1,5.665276034960698e-07,4.553018727089667e-05,0.0,0.16156156868363114,0.040401916349626386
230_P2,5.411434813140659e-06,9.939781878097135e-05,7.983618709175286e-06,0.0015357891787305328,0.00041214551275845505
230_SCT,0.0,6.321775780965895e-07,0.0,0.15972115198587777,0.039930446040863966
231_H1,1.1241242958703879e-07,7.578085664254533e-05,9.25120811586758e-05,0.07781982356414384,0.019497057228593663
231_P2,0.0,5.924616321657387e-05,0.0,0.08418074728772962,0.02105999836273655
231_SCT,0.0,1.358929303975675e-05,0.0,0.1699688093893816,0.042495599670605344
232_H1,0.0,0.0,0.0,0.03417429817477213,0.008543574543693033
232_P2,0.0,6.41273407599237e-06,0.0,0.0003882482576008516,9.8665247919211e-05
232_SCT,0.0,5.482010353768843e-06,0.0,0.020187798877866345,0.005048320222055028
233_H1,0.0,4.386056657581476e-07,0.0,0.01192717514204891,0.002981903436928667
234_H1,3.3211273375854944e-07,3.183834872410546e-05,0.0,0.11942022358254362,0.02986309851100037
234_P2,2.8957751396774256e-07,8.203868950199011e-06,0.0,0.011197634821000389,0.0028015320668661387
234_SCT,0.0,2.768710697066087e-05,0.0,0.027779542435987667,0.006951807385739582
235_H1,0.0,1.5576838740861853e-06,0.0,0.0767370018382235,0.019184639880524396
235_P2,0.0,9.881068543234512e-05,0.0,0.020756914896291636,0.005213931395430995
235_SCT,0.0,1.4460217224973886e-06,0.0,0.04756523420630234,0.011891670057006209
236_H1,0.0,1.4670563887192098e-06,0.0,0.020680729390612145,0.005170549111750216
236_P2,0.0,1.4246540886621057e-06,0.0,0.007107608116215003,0.0017772581925759165
236_SCT,0.0,7.115138577278094e-07,0.0,0.04567246163654009,0.011418293287599454
237_H1,0.0,2.8565725475471135e-05,0.0,0.03819883979982548,0.009556851381325239
237_P2,0.0,5.666468122502845e-06,0.0,0.04940044361562421,0.012351527520936677
237_SCT,0.0,2.3115735207210505e-06,0.0,0.11462717399999636,0.02865737139337927
239_H1,0.0,1.9603710844868766e-07,0.0,0.02951604096470123,0.0073790592504524195
239_P2,0.0,1.77308232143119e-07,0.0,0.012535372476058692,0.003133887446072709
239_SCT,0.0,8.808671226620475e-06,0.0,0.052543629109588104,0.013138109445203681
240_H1,0.0,1.4428364597709463e-06,0.0,0.0489051167403444,0.012226639894201044
240_P2,0.0,9.103856515628442e-07,0.0,0.004879666562658371,0.0012201442370774833
241_H1,0.0,4.825452029896724e-06,0.0,0.012453767715398948,0.003114648291857211
241_SCT,0.0,1.715468462070294e-07,0.0,0.03378798968329685,0.008447040307535764
243_H1,0.0,2.3649905690491904e-06,0.0,0.0230246998522683,0.005756766210709337
243_P2,0.0,3.765060477322228e-07,0.0,0.005121413056516844,0.001280447390641144
243_SCT,0.0,3.5029345798400027e-06,0.0,0.03206997598177322,0.008018369729088265
244_P2,0.0,1.694901339303425e-07,0.0,0.006060944423894351,0.0015152784785070702
244_SCT,0.0,7.786987032525195e-09,0.0,0.02183865367271176,0.005459665364924698
247_H1,2.6114796582987765e-06,1.0596765337779754e-05,0.0,0.010703350702021037,0.0026791397367542788
247_P2,6.954968512218329e-07,8.392431429252975e-06,0.0,0.017824776397707555,0.004458466081497007
247_SCT,0.0001794257404981181,2.3662371802269244e-08,0.0,0.25377120632836325,0.06348766393280829
248_P2,0.0,1.5178638198129187e-06,0.0,0.0032437119883490205,0.0008113074630422084
249_H1,0.0,1.845799927823977e-07,0.0,0.01252085117151083,0.003130258937875903
249_P2,0.0,2.652076356648703e-07,0.0,0.0015132063452156454,0.00037836788821282757
249_SCT,0.0,1.6970089683496585e-08,0.0,0.00295235368503296,0.0007380926637806608
250_H1,0.0,3.7702266235467103e-06,0.0,0.016875791108069534,0.00421989033367327
250_P2,0.0,5.223487323233185e-06,0.00010136109909319846,0.01117691063846676,0.002820873806220798
251_H1,4.705047558672959e-06,2.9367589720981278e-05,0.0,0.10322916756434562,0.02581581005040632
252_H1,0.0009271589806303382,1.5783266572743813e-05,0.0,0.10174071810753851,0.0256709150886854
252_P2,0.0,4.741158763911336e-05,0.0,0.04843086439132962,0.012119568994742183
253_H1,0.0,1.3316300683818383e-06,0.0,0.006612450768590688,0.0016534455996647676
253_P2,0.0,4.491590627940346e-06,0.0,0.019174443136282613,0.0047947336817276386
253_SCT,5.98384531258489e-06,1.4182635084729148e-06,0.0,0.07011220798721579,0.01752990252400921
254_H1,1.5039609934319742e-05,5.197984686850145e-05,0.00018260328420474474,0.11306170430646144,0.02832783176186725
254_P2,1.7060167010640725e-05,3.651455532881022e-05,0.0,0.05041966815601486,0.012618310719588579
255_P2,9.536182687952532e-07,9.872042995873558e-06,0.0,0.006680741263093237,0.0016728917310894764
256_H1,4.5872047849115916e-06,1.6118338412378697e-05,0.0,0.08091356230385784,0.02023356696176378
256_P2,3.6435285437619314e-06,2.5605030001027768e-05,0.0,0.024199975193856988,0.006057305938100444
256_SCT,1.241399445461866e-06,2.423483250432148e-06,0.0,0.029823245738269614,0.007456727655241377
257_H1,1.3612114344141446e-05,5.1901071039808046e-05,0.0,0.08663929707866852,0.021676202566013117
257_P2,0.0,1.8528358888595985e-05,0.0,0.06251887098588295,0.015634349836192885
257_SCT,0.0,7.18048936975887e-05,0.0,0.50948971098709,0.1273903789701969
258_H1,2.152766228391556e-06,4.991150003449119e-05,0.0,0.1641306997767701,0.04104569101075825
258_P2,4.605440153682139e-06,2.973389905441595e-05,0.0,0.019335494818548387,0.004842458539439121
258_SCT,1.9305325622553937e-05,8.358714200831204e-06,0.0,0.06770812471690558,0.016933947189182244
259_H1,2.5311859644716606e-05,6.174341375093653e-06,0.0,0.0517299520611444,0.012940359565541052
259_SCT,0.0,7.216314641382353e-06,0.0,0.08712305354233289,0.02178256746424357
260_H1,0.0002561633591540158,0.0011767639688410332,0.003678903384863912,0.747572709718266,0.18817113510778122
260_P2,0.002883601002395153,0.0007374587208611032,0.00047586599341435583,0.04201898933329531,0.01152897876249148
260_SCT,0.0,0.0,0.0,0.008470491955995614,0.0021176229889989036
261_H1,1.3440320572044584e-06,1.4057307439351772e-05,0.0,0.002458870095693258,0.0006185678587974536
261_P2,0.0,2.8027506325047147e-05,0.0,0.02795901079998072,0.006996759576576442
261_SCT,0.0,1.649287663880293e-06,0.0,0.013019262758839857,0.0032552280116259344
262_H1,6.871138339192839e-06,4.802276060621299e-05,0.0,0.050092818955928105,0.012536928213718377
262_P2,4.207354322716128e-07,0.00015319377902755306,0.0,0.2004773272889635,0.050157735450855834
262_SCT,0.0,2.644100320760199e-05,0.0,0.2000696721848279,0.050024028297008874
263_H1,0.0,3.139543555397029e-05,0.0003396440702260073,0.05556981240219984,0.013985212976994954
263_P2,0.0,3.594239454444019e-05,0.0,0.005706451074778994,0.0014355983673308586
263_SCT,0.0,7.054972093927168e-05,0.0,0.08869495410140131,0.022191375955585145
264_H1,0.0006183789228089154,0.00010125459507374541,6.870736580562412e-06,0.07556597618936953,0.019073120110958186
264_P2,0.0001576679787831381,0.00038445045435833903,0.00010482903452700762,0.27318387825461105,0.06845770643056988
265_H1,0.0005619718576781452,5.1718970211607934e-05,0.0,0.061832096734122585,0.015611446890503084
265_P2,0.0002665685024112463,5.678981903206079e-05,0.0,0.11856387904643159,0.029721809341968726
265_SCT,0.0,1.5477875517514753e-05,0.0,0.10033332143349136,0.02508719982725222
268_H1,0.00010024456423707306,0.0004976158182145186,0.001106207927386808,0.5008203239673386,0.12563109806929423
268_P2,0.0008812093874439597,0.0014550495433986504,0.003762869970511434,0.2912053788197184,0.07432612693026812
268_SCT,4.37160053934349e-07,0.000631885884420977,0.0016058500028109798,0.3685765831758008,0.09270368905577167
269_P2,7.806004759913776e-06,3.158715893268909e-05,0.0,0.09311939869139786,0.023289697963772615
269_SCT,1.8699093971008551e-06,3.276874052275249e-05,0.0,0.024206475897463775,0.006060278636845907
270_H1,0.0013522041263058782,0.00848842715439069,0.009871671822046157,0.27221314030513294,0.07298136085196892
270_P2,4.973088380211266e-06,1.6913245889685534e-05,0.0,0.0010073626096132023,0.00025731223597077476
270_SCT,3.5772407613876567e-07,5.705788755214283e-06,0.0,0.28195506646375645,0.07049028249414695
271_H1,4.7393550062224676e-07,2.196041304826219e-05,0.0,0.08013459573850965,0.020039257521764633
271_P2,0.0,4.299619226642667e-06,0.0,0.04036136792311227,0.010091416885584728
271_SCT,0.0,3.6941210200138997e-06,0.0,0.038511574645857145,0.00962881719171929
272_SCT,1.5129304529182264e-06,8.286571690640348e-06,0.0,0.023609836271150056,0.005904908943323403
273_H1,4.472733508009696e-06,1.9388072637609497e-05,0.0,0.09862995765627733,0.024663454615605738
273_P2,0.00014564747107215226,1.4797139871756095e-05,0.00011774134682612402,0.09314978717590026,0.023356993283417574
273_SCT,0.0,1.2041511389263374e-05,0.0,0.04360909839348245,0.010905284976217927
274_H1,0.0003139005566481501,5.211939017171792e-05,0.0041708389107553935,0.10052748295208654,0.02626608545241545
274_P2,2.2666210497845896e-05,0.001977751313439314,0.0,0.026178412034553632,0.007044707389622698
274_SCT,0.0,5.626915563149535e-06,0.0,0.2779676663453215,0.06949332331522116
275_H1,3.028125865967013e-05,5.737623378691935e-05,0.0,0.013593031559988583,0.0034201722631087934
275_P2,0.0001987684372579679,3.1305447186807616e-05,0.0,0.03179920792977598,0.00800732045355519
275_SCT,0.0,2.845784221990552e-05,0.0,0.011815380363434377,0.0029609595514135706
276_H1,2.9691118470509537e-05,9.975906421833426e-06,0.0,0.002688973444441053,0.000682160117333349
276_P2,3.3894363582476217e-07,1.3891945804136832e-05,0.0,0.04555916339254473,0.011393348570496174
276_SCT,2.4275817850138992e-05,4.230131531724052e-06,0.0,0.06869066856552379,0.017179793628726413
277_P2,0.000195030341274105,1.1489895240234612e-05,0.0,0.03830309295449552,0.009627403297752465
277_SCT,0.0,4.566901264080616e-05,0.0,0.03499583037377912,0.00876037484660498
278_H1,0.027497217059135437,0.005542845360965111,0.003437784630118933,0.09193088087787218,0.032102181982022915
278_P2,0.00047662833821959794,3.1284857112167455e-05,0.0,0.014345341807839937,0.0037133137507929254
278_SCT,0.0,1.8444128869418996e-05,0.0,0.06327985602401152,0.015824575038220236
279_H1,0.0,3.124403292530532e-05,0.0,0.03610011614880055,0.009032840045431464
279_P2,0.0,2.4014787920121357e-05,0.0002651824243307472,0.08032940080452175,0.020154649504193156
279_SCT,0.0,1.6124830007964292e-05,0.0,0.1640475224118842,0.04101591181047304
280_H1,2.3915355995995924e-05,0.000629586440718329,0.00030195737281776564,0.046020542293912406,0.011744000365861124
280_P2,0.0,0.00016167319688611625,0.0,0.08063931245213599,0.020200246412255526
280_SCT,0.0,2.3724994942587823e-06,0.0,0.18210330123909985,0.045526418434648525
281_H1,0.00010168965673074126,0.0017314412446722154,1.5488868051571983e-08,0.04872818815955184,0.012640333637455713
281_P2,2.888509015974705e-06,3.5762204140447934e-05,0.0,0.11907265428247793,0.02977782624890859
281_SCT,0.00011559783160919324,0.00030018980622286453,0.0002582449070323531,0.08999775872248683,0.02266794781683781
282_H1,0.0004083243547938764,1.6780019632883022e-06,0.0,0.06647261493876881,0.016720654323881493
282_P2,0.0,1.3704494844999412e-05,0.0,0.014224933076469099,0.0035596593928285247
282_SCT,0.0,1.863117450159241e-06,0.0,0.24154313347099676,0.06038624914711173
283_H1,0.002675084862858057,0.00013764996557967313,0.0,0.011994930587361329,0.003701916353949765
283_SCT,0.0,5.141913433213477e-08,0.0,0.187492779037632,0.04687320761419159
284_H1,1.2849408449255861e-05,1.6031190598232944e-06,0.0,0.049138080890293645,0.01228813335445068
284_P2,1.5731782696093433e-05,1.8809616465481039e-06,0.000146157938042413,0.08096027888240523,0.020281012391197572
284_SCT,6.70884901410318e-07,6.407729804279275e-06,0.0,0.11893122863147239,0.029734576811544518
285_H1,8.114342563203536e-06,1.8499960062445173e-05,0.0,0.14748117618791484,0.036876947622635124
285_P2,1.1945007827307563e-06,5.6242067885690214e-05,0.0,0.022421199281557513,0.005619658962556484
285_SCT,1.0,1.0,1.0,0.18405069328526094,0.7960126733213152
286_H1,0.00013187120202928782,0.00011845113181606683,0.0006062812212991344,0.07445889683373753,0.018828875097220504
286_SCT,4.3629665924527217e-07,3.810886450299315e-05,0.0,0.24791370613570543,0.06198806282421692
287_H1,0.0,5.36426744112005e-06,0.0,0.025660144326407692,0.006416377148462203
287_SCT,0.0,1.6192952750421096e-09,0.0,0.037433588263220796,0.009358397470629018
288_H1,0.00012122732005082071,2.2641035396479136e-05,0.0,0.2421264547454587,0.060567580775226504
288_P2,0.00010643181303748861,0.0001335436152710791,0.00015111427091539357,0.06771041971519087,0.01702537735360371
288_SCT,0.0,2.964428700956867e-05,2.6501674830503277e-06,0.14064692050888583,0.035169803740844614
289_H1,2.0682769900304265e-05,4.120000857005462e-05,0.0,0.13084524914626017,0.03272678298118263
289_P2,2.0718147197840153e-07,1.2530148516521975e-05,0.0,0.00943978806325164,0.002363131348310035
289_SCT,0.0,1.306856868002863e-06,0.0,0.10746303984997566,0.026866086676710914
290_H1,0.0,2.703835778943264e-05,0.0,0.01489882297810117,0.0037314653339726505
290_P2,0.0,9.503415252138585e-08,0.0,0.04923560983871185,0.012308926218216092
290_SCT,0.0,7.069550922314458e-05,0.0,0.3241780053455305,0.0810621752136884
291_H1,0.00016654380306135863,0.0019588714599191566,0.0029811555512656114,0.540586383917074,0.13642323868283004
291_P2,5.1157523557776585e-05,0.00048486245874228387,0.00020896599691340188,0.05671807606778237,0.014365765511748958
291_SCT,0.0,0.0011587127033572545,0.00032642201022629625,0.3598746368403842,0.09033994288849193
292_H1,4.4709063331538346e-06,3.0716172486679184e-05,7.35685599902382e-05,0.17132718515742643,0.042858985199059126
292_SCT,0.0,2.6909543697133054e-05,0.0,0.05582518420560493,0.013963023437325516
293_P2,0.0,6.49136867708692e-07,0.0006379678629904453,0.07855179083809946,0.019797601959489403
293_SCT,0.0,6.085111048561732e-08,0.0,0.3295408082046654,0.08238521726394397
294_H1,4.848646494792774e-05,1.1407196391927725e-06,0.005581873355464926,0.0704956154227778,0.01903177899070746
294_P2,2.9017465408287535e-07,6.8500496205440845e-06,0.0017775930082906018,0.030401807152093594,0.008046635096164706
294_SCT,1.8948624358472443e-07,5.148194924850011e-06,0.0,0.1884142263414496,0.04710489100565451
296_H1,6.126106654846808e-06,2.4222108808050873e-05,0.0,0.02215797287011957,0.005547080271395617
296_SCT,3.338513579365099e-06,1.4043074354617855e-05,0.0,0.10424336006989997,0.026065185414458486
297_H1,1.0912573998211883e-05,3.237656414024082e-05,0.0,0.04090387449091408,0.010236790907263133
297_SCT,0.0,2.3682401016033387e-05,0.0,0.014259395953763609,0.0035707695886949106
298_P2,1.6087871699710377e-05,3.0000916614757838e-05,0.0,0.009594174930036673,0.0024100659295877855
298_SCT,1.3165072232368402e-05,9.567174164305249e-05,0.0,0.1151182719687554,0.028806777195657707
299_H1,1.7055031094059814e-06,2.9157340867026813e-05,0.0,0.06808038267125353,0.017027811378807493
299_P2,0.0004094713949598372,2.8604964375330327e-05,0.00027863079313385886,0.06235125882166931,0.015766991493534582
299_SCT,0.0,2.8684692287540607e-07,0.0,0.2594071485906655,0.0648518588593971
300_SCT,0.0,1.6404942595147583e-06,0.0,0.053076764911341556,0.013269601351400267
301_H1,0.0,0.0,0.0,0.012112360276128874,0.0030280900690322185
301_SCT,0.0,3.422204724301559e-09,0.0,0.2347409707528084,0.05868524354375328
302_H1,0.0,3.758719387552393e-08,0.0,0.01272914563336087,0.003182295805138686
302_P2,0.0,1.1358482523630829e-07,0.0,0.009732422801485178,0.0024331340965776035
302_SCT,0.0,0.0,0.0,0.03182690204351287,0.007956725510878218
303_H1,1.117255123972427e-06,5.0421708048981036e-05,0.0,0.026312104978724975,0.006590910985474483
303_P2,6.563460033248703e-07,1.6936924678817248e-05,0.0,0.0641329194880557,0.01603762818968446
303_SCT,0.0,7.0372658881121e-06,0.0,0.20646397231849312,0.051617752396095305
304_H1,0.0,1.834667340106201e-07,0.0,0.0008053663845267354,0.0002013874628151865
304_P2,0.0,2.9205041574861037e-08,0.0,0.016019374705964692,0.004004850977751567
306_H1,2.1257365006022155e-05,7.172621372589652e-06,0.0,0.029327612389908865,0.007339010594071869
306_P2,0.0,2.6208242039971642e-06,0.0,0.028561005030155594,0.007140906463589898
306_SCT,0.0,9.829003729351595e-06,0.0,0.23427788316530446,0.05857192804225845
307_H1,2.698512702181688e-08,1.588087012226637e-05,0.0,0.014424666293061598,0.003610143537077722
307_P2,5.647775651596021e-06,1.5327297675135363e-05,4.184720174964377e-06,0.08397130109187768,0.020999115221344844
307_SCT,1.117556962526578e-06,1.0356515483848457e-06,0.0,0.08604189324113816,0.021511011612412267
308_H1,3.8162877899594605e-05,1.2959895554776574e-05,0.0,0.017767508723513535,0.0044546578742419764
308_P2,0.0,9.348217509027048e-06,0.0,0.025242054691405447,0.0063128507272286185
308_SCT,0.0,0.0,0.0,0.04894823870830574,0.012237059677076435
309_H1,0.0,0.0,0.0,0.0026428174673994572,0.0006607043668498643
309_P2,0.0,6.025778693709136e-08,0.0,0.007800014670276052,0.0019500187320157473
310_H1,3.064646807615645e-05,5.278995929220521e-06,0.0,0.026089590809217907,0.006531379068305821
310_P2,0.0,8.792336783040684e-06,0.0,0.0066082880680912144,0.0016542701012185637
310_SCT,0.0,2.8900817796176265e-06,0.0,0.031012328585610597,0.007753804666847553
311_H1,0.0,8.210266502469711e-06,0.0,0.05950141969226663,0.014877407489692275
311_P2,0.0,1.8124255698400798e-06,0.0,0.00817392073540113,0.0020439332902427425
312_H1,0.0,3.641693072472219e-06,0.0,0.0249990884179782,0.006250682527762668
312_P2,0.0,3.7280548273981656e-07,0.0,0.0035011552727386335,0.0008753820195553433
313_H1,8.005382596820709e-07,2.7494171165411998e-05,0.0,0.0906423946807927,0.02266767234755445
313_P2,0.0,1.9403218897617674e-05,0.0,0.008597169794189851,0.0021541432532718673
313_SCT,0.0,6.915684101930941e-07,0.0,0.04323172941179857,0.01080810524505219
314_H1,1.2026922377117444e-05,4.6859701022067056e-05,0.00015141719883393417,0.013577926352483945,0.003447057543679266
314_P2,0.0008881283574737608,1.150864197966059e-05,0.0,0.031245206071561095,0.008036210767753628
314_SCT,0.0,2.7937385825582523e-06,0.0,0.021463708713795996,0.005366625613094638
315_H1,0.0,0.0002226600080387952,0.0,0.08891783889246069,0.02228512472512487
315_P2,0.0,2.587631732210247e-05,0.0,0.021941161569100847,0.005491759471605738
316_H1,0.0,1.1032793675297285e-05,0.0,0.07070208461666644,0.017678279352585435
316_P2,0.0,3.7378291406841306e-06,0.0,0.012468699799244183,0.0031181094070962165
316_SCT,0.0,5.880590416992203e-08,0.0,0.0868905653472266,0.021722656038282693
317_H1,0.00015769974561408162,0.00014887657279115597,0.0005394634215238967,0.009150813868036284,0.0024992134019913544
317_P2,0.00018029376224149019,5.184535983957452e-05,0.00012642944904537757,0.0522329056807206,0.01314786856296176
317_SCT,0.0,1.7258559468376072e-07,0.0,0.137247942412063,0.03431202874941442
318_H1,1.0386387657490559e-05,9.245178082763595e-06,0.0,0.13221746240445575,0.033059273492549
318_P2,7.256854814841063e-07,2.2712632085015495e-05,0.0,0.03688704699585835,0.009227621328356212
318_SCT,0.0,9.208349376552124e-06,0.0,0.20220412794742607,0.05055333407420065
319_H1,0.0,1.4501848998923973e-05,0.0,0.007897426361060477,0.00197798205251485
319_P2,0.0,0.00011187574650847268,0.0,0.0033469997712444214,0.0008647188794382235
319_SCT,0.0,4.430648760120663e-05,0.0,0.039377761306203116,0.00985551694845108
320_H1,1.8622489506014972e-06,8.791790986706864e-05,0.0,0.09714056614246297,0.02430758657532016
320_P2,0.0,6.175178441596953e-06,0.0,0.00021899963389557608,5.629370308429326e-05
320_SCT,0.0,0.0,0.0,0.15936493067345078,0.039841232668362696
321_H1,6.717340147588402e-05,7.602817386171399e-06,0.0,0.03005116793815125,0.007531486039253327
321_P2,0.0,9.586291824347362e-06,0.0,0.026744274209715375,0.006688465125384931
321_SCT,0.0,4.5228136846236296e-05,3.633620239904485e-06,0.027098278994930756,0.006786785188004224
322_H1,2.2757276951779204e-07,7.594969941711818e-07,0.0,0.13521229638128854,0.03380332086276306
322_P2,0.0,1.715281504574987e-05,0.0012995863681696327,0.06373703267461624,0.016263442964457905
322_SCT,2.927583011569368e-07,8.835071717767304e-06,5.435883571580415e-06,0.1610695696195716,0.04027103333329053
323_H1,7.241465937113389e-06,0.001928760106167494,0.0,0.02262295204185027,0.0061397384034887195
323_P2,0.0,3.174070953137888e-06,0.0,0.006742395831781604,0.0016863924756836855
323_SCT,0.0,5.8114464796927386e-05,3.0728477457390215e-05,0.1446566868633406,0.03618638245139873
324_H1,4.457143404579256e-06,4.970700029108121e-05,0.0,0.11800508235877476,0.029514811625617605
324_P2,1.1861765415233094e-05,5.729166004967321e-05,0.0,0.03856299105642733,0.00965803612047306
324_SCT,0.0,3.100217310590002e-06,0.0,0.019586769672323975,0.004897467472408641
325_H1,0.0,1.8012039556810928e-05,0.0,0.09167098819642117,0.022922250058994495
325_P2,7.489663403248414e-06,7.850632992456192e-06,0.0,0.0156263243986503,0.003910416173761502
326_H1,3.5330403989064507e-06,1.571618623998569e-05,0.0,0.0972831624488646,0.024325602918875873
326_P2,1.4089706382947043e-05,1.0667519496057779e-05,0.0,0.055072653915887414,0.013774352785441604
326_SCT,1.6662016832924564e-06,1.7001204871015577e-05,0.0,0.06469595234851441,0.01617865493876718
327_H1,2.537944737923681e-06,8.916798187903082e-06,0.0,0.109465908126933,0.027369340717464708
327_P2,0.0006550772814080119,3.122397887103701e-05,0.0,0.023207909825194613,0.005973552771368415
327_SCT,1.5872717540332815e-06,2.8428752880642456e-05,0.0,0.12124023033288857,0.03031756158938081
328_H1,8.305631126859225e-06,0.00033481899259372566,0.0,0.1127707508176385,0.028278468860339773
328_SCT,0.0,2.060945385745715e-06,0.0,0.06619589680286507,0.016549489437062703
329_H1,0.0001670395431574434,4.510489316372069e-05,0.0,0.17063900710957372,0.04271278788647372
329_P2,0.0,4.959662261801388e-05,0.0,0.018580170283493513,0.004657441726527882
329_SCT,1.0431404007249512e-06,5.304396326467604e-05,0.0,0.11858937385957993,0.029660865240811334
330_H1,9.37688528210856e-05,2.211538059252688e-05,0.0004590797261925433,0.020834015134484914,0.0053522447735227675
330_P2,6.983993444009684e-06,4.7748683418313155e-06,0.0,0.06013107354863075,0.015035708102604147
330_SCT,0.0,5.814635250111591e-07,0.0,0.20881220719487034,0.05220319716459884
331_H1,8.9266950453748e-06,4.615970761964372e-05,0.0,0.18741561735049794,0.04686767593829074
331_P2,2.7338010113453493e-06,0.00012691282693965062,0.0,0.05114973616337363,0.012819845697831156
331_SCT,0.00010133856994798407,4.896764653630156e-05,0.0,0.056316316567344205,0.014116655695957122
332_H1,0.0015707277925685048,0.0009551230814452524,0.0,0.05070370477942879,0.013307388913360637
332_P2,1.4548270883096848e-05,4.2102164579412853e-05,0.0,0.047738396090757584,0.011948761631555024
333_H1,1.0435803233121987e-05,1.9572838242907898e-05,0.0003593095123064231,0.03506482076576098,0.008863534729885858
333_SCT,4.2948866507686034e-07,2.5987694845929743e-05,0.0,0.05421063992408777,0.013559264276899694
334_H1,1.03663505797158e-05,3.7073658609834424e-05,0.0,0.09168053861561147,0.022931994656200255
334_P2,2.3245822831086116e-06,7.306728016440617e-05,0.0001793436495662465,0.0314269980554679,0.007920433391870416
334_SCT,0.0,2.240795960552123e-05,0.0,0.09054429864399258,0.022641676650899525
335_H1,1.6963302869044128e-06,9.87791421314573e-06,0.0,0.1061461150912961,0.026539422333949035
335_P2,2.7783835321315564e-07,6.77923279247538e-06,0.0,0.04347343631308794,0.010870123346058408
335_SCT,0.0,5.32981705112791e-06,0.0,0.04410011518511839,0.011026361250542379
336_P2,0.0014368314296007156,0.0007836881465607801,0.00046539117671323465,0.023442917309667567,0.006532207015635574
336_SCT,0.0,0.0008194491495285524,0.0,0.10419783618480725,0.026254321333583953
337_H1,0.00040636942139826715,2.5430166217009614e-06,0.0,0.07197240113648334,0.018095328393625827
337_P2,4.291696313885041e-06,2.839466755465508e-06,0.0,0.008915351874850258,0.002230620759479902
337_SCT,1.5291901718228473e-06,2.633912007714722e-06,0.0,0.12369198810182581,0.03092403780100134
338_H1,3.443735067776288e-06,1.1008702158492759e-05,0.0,0.07826157194365597,0.01956900609522056
338_P2,5.664047785103321e-05,1.2004019212612813e-05,0.0,0.02588416541752021,0.006488202478645964
338_SCT,0.0,9.120736477691553e-06,0.0,0.044968111715229235,0.011244308112926732
339_H1,0.0,0.00011517720168263424,0.0,0.007853153397988108,0.0019920826499176853
339_P2,1.1978277143498417e-05,3.047890499679227e-06,0.0006151325665351745,0.037900805676842945,0.009632741102755324
339_SCT,0.00386807625181973,3.222173395693833e-05,0.0017416951838291654,0.10629046250247949,0.02798311391802133
341_H1,5.831382623000536e-06,6.094102117690655e-06,0.0,0.0927887230452719,0.023200162132503147
341_P2,0.0,7.721360091591464e-06,0.0,0.027023618452240383,0.0067578349530829935
341_SCT,4.767931841342943e-06,5.818079862078048e-07,0.0,0.03938407935109317,0.00984735727273018
342_H1,4.335278845246648e-06,2.5751590696921542e-06,0.0,0.01398923019726643,0.0034990351587953425
342_P2,0.0,3.751571179370452e-05,2.0618955561674734e-07,0.0030732857061793336,0.0007777519018821637
342_SCT,0.0,3.8251585023686664e-05,0.0,0.049377747373520374,0.012353999739636015
343_H1,4.780435119755566e-06,0.00021128355766363615,2.296585514324754e-06,0.01395619528033193,0.0035436389646574117
343_P2,4.67078052679426e-06,0.0001059886133253676,0.0,0.029649688870117475,0.007440087065992409
343_SCT,0.0,3.4513081216255622e-06,0.0,0.059078755864685494,0.01477055179320178
344_H1,0.0,6.664363182135539e-05,0.0,0.12246292295173292,0.030632391645888567
344_P2,9.518635124550201e-06,0.0002610919780656168,0.0,0.06309387348479596,0.015841121024496533
344_SCT,0.0,6.992873907685467e-05,4.527222356259324e-08,0.1911953639781119,0.04781633449735308
345_H1,2.5050751446542563e-06,7.667359370189565e-06,0.0,0.15861482769836927,0.03965625003322103
345_P2,0.0,8.403675934011056e-06,0.0,0.023573942446065265,0.005895586530499819
345_SCT,0.0,1.5215881563776285e-06,0.0,0.038038956885350306,0.00951011961837667
346_H1,2.084398374790908e-06,3.477999537632978e-05,2.6364464445359003e-05,0.061504174879899176,0.015391850934523913
346_P2,7.014477159827948e-05,1.1108406147631861e-05,0.0,0.041333839157485536,0.010353773083807862
346_SCT,0.0,2.256338943095326e-05,0.0,0.015386936933572548,0.003852375080750875
347_H1,2.007533566938946e-06,8.195059242657885e-06,0.0,0.08657421386390667,0.021646104114179065
347_P2,0.0,7.379003587587314e-06,0.0,0.013935913812365,0.0034858232039881466
347_SCT,6.9878747126495e-06,1.8542090873766956e-05,0.0,0.06726997817204668,0.016823877034408272
348_H1,1.1500311529744067e-06,1.4816864798164639e-05,0.0,0.06668565731864552,0.016675406053649165
348_P2,2.924940417869948e-06,2.402729131479499e-05,0.0,0.06291533046816836,0.015735570674975257
348_SCT,0.0,4.005031268050846e-05,0.0,0.12526859730410747,0.031327161904196994
349_H1,0.0,4.359705389897166e-06,0.0,0.10801293526992282,0.02700432374382818
349_P2,0.0,2.0257756315707723e-06,0.0,0.03636479256556692,0.009091704585299622
350_H1,1.641422500142653e-06,9.111722638814649e-05,0.0,0.11112989231849825,0.027805662741846635
350_SCT,1.292549654863251e-06,4.28676846314391e-05,0.0,0.14145894158374953,0.035375775454508956
351_H1,0.0,4.181397303502104e-07,0.0,0.0664719502921025,0.016618092107958213
351_P2,0.0,3.928769659009579e-07,0.0,0.03112256607722239,0.0077807397385470725
351_SCT,0.0,2.821286601168414e-06,0.0,0.07503229612606473,0.018758779353166475
352_H1,6.593614330085984e-07,0.0001308371612611625,0.00011801198833133731,0.022172748825045812,0.00560556433401783
352_P2,9.55467953644984e-07,1.0731626610877275e-05,0.0,0.030516046072759016,0.007631933291830885
352_SCT,0.0,1.8561676554298235e-05,0.0,0.12445397594817811,0.031118134406183103
29_SCT,0.0,3.740820268457011e-05,0.0014686682854557068,0.03503559510878503,0.009135417899231328
30_P2,0.0,2.652076356648703e-07,0.0,0.0015132063452156454,0.00037836788821282757
30_SCT,0.0,2.652076356648703e-07,0.0,0.0015132063452156454,0.00037836788821282757
242_H1,0.0,2.652076356648703e-07,0.0,0.0015132063452156454,0.00037836788821282757
242_P2,0.0,2.652076356648703e-07,0.0,0.0015132063452156454,0.00037836788821282757
242_SCT,0.0,2.652076356648703e-07,0.0,0.0015132063452156454,0.00037836788821282757
311_SCT,0.0,2.652076356648703e-07,0.0,0.0015132063452156454,0.00037836788821282757
211_P2,0.0,7.064191211258146e-07,0.0,0.004628863233361968,0.0011573924131207734
233_P2,0.0,4.386056657581476e-07,0.0,0.01192717514204891,0.002981903436928667
233_SCT,0.0,4.386056657581476e-07,0.0,0.01192717514204891,0.002981903436928667
240_SCT,0.0,1.4428364597709463e-06,0.0,0.0489051167403444,0.012226639894201044
301_P2,0.0,0.0,0.0,0.012112360276128874,0.0030280900690322185
309_SCT,0.0,0.0,0.0,0.04894823870830574,0.012237059677076435
349_SCT,0.0,2.0257756315707723e-06,0.0,0.03636479256556692,0.009091704585299622
57_P2,0.0,2.1631067187950634e-08,0.0,0.03519681887042452,0.008799210125372927
57_SCT,0.0,2.1631067187950634e-08,0.0,0.03519681887042452,0.008799210125372927
61_P2,0.0,3.0753028474066353e-07,0.0,0.019634685215960124,0.004908748186561216
61_SCT,0.0,3.0753028474066353e-07,0.0,0.019634685215960124,0.004908748186561216
250_SCT,0.0,3.0753028474066353e-07,0.0,0.019634685215960124,0.004908748186561216
181_SCT,0.0,0.0,0.0,0.11793048138219783,0.029482620345549458
67_H1,0.0,0.0,0.0,0.008470491955995614,0.0021176229889989036
72_H1,0.0,0.0,0.0,0.008470491955995614,0.0021176229889989036
72_P2,0.0,0.0,0.0,0.008470491955995614,0.0021176229889989036
72_SCT,0.0,0.0,0.0,0.008470491955995614,0.0021176229889989036
138_SCT,0.0,0.0,0.0,0.008470491955995614,0.0021176229889989036
181_H1,0.0,0.0,0.0,0.008470491955995614,0.0021176229889989036
218_SCT,0.0,0.0,0.0,0.008470491955995614,0.0021176229889989036
248_SCT,0.0,0.0,0.0,0.008470491955995614,0.0021176229889989036
304_SCT,0.0,0.0,0.0,0.008470491955995614,0.0021176229889989036
141_H1,0.0,8.125330231621227e-08,0.0,0.032103631759551825,0.008025928253213535
170_P2,0.0,0.0,0.0,0.00028008938259076627,7.002234564769157e-05
170_SCT,0.0,0.0,0.0,0.00028008938259076627,7.002234564769157e-05
177_P2,0.0001123351466958411,0.0011992385546300026,0.0002549081521334381,0.16084419869436314,0.04060267013695561
202_P2,3.756997557502473e-07,2.9138699912404873e-05,0.0,0.006658974727603286,0.0016721222818178601
