,feature,xgb,rf,gbr,BayesianRidge,mean,true_position,TMD,amino_acid
0,1_H1,8.612933743279427e-05,0.0001710882153894,0.0003265751913945,0.2721176122717305,0.0681753512539868,1,CT/EC,M
1,2_P2,1.3583156942331698e-05,2.013647628391617e-05,0.0,0.088163241911607,0.0220492403862083,2,CT/EC,N
2,2_SCT,4.609428651747294e-05,2.226944960460533e-05,4.290273141384552e-09,0.1665108612685203,0.0416448073237289,2,CT/EC,N
3,3_SCT,1.2094202247681096e-05,5.270090887875819e-05,0.0,0.1182115010983357,0.0295690740523655,3,N-Termina,G
4,3_H1,1.3134967048245016e-05,0.0002139520314756,0.0,0.4236873040403113,0.1059785977597088,3,N-Termina,G
5,3_P2,1.1081352567998692e-05,4.430092150772159e-05,0.0001404695222982,0.1345323825155322,0.0336820585779765,3,N-Termina,G
6,4_H1,3.9684447983745486e-05,9.60078349815375e-05,0.0,0.1755179470776253,0.0439134098401476,4,N-Termina,T
7,4_SCT,0.0001657422544667,8.288768663793086e-05,0.0,0.0168110328001715,0.004264915685319,4,N-Termina,T
8,4_P2,0.00126669020392,0.0001539070893062,0.0,0.0198813678743491,0.0053254912918938,4,N-Termina,T
9,5_H1,9.671374573372304e-05,6.575795606942318e-05,9.471729142806572e-05,0.1619103336149103,0.0405418806520353,5,N-Termina,E
10,6_SCT,2.036470050370553e-06,8.600953991886494e-05,0.0,0.1015671446428307,0.0254137976631999,6,N-Termina,G
11,6_P2,0.0008015002822503,8.315709859711662e-06,0.0,0.0779712951356633,0.0196952777819433,6,N-Termina,G
12,6_H1,4.2833667976083234e-05,6.285344351800126e-05,0.0,0.2309537614091278,0.0577648621301554,6,N-Termina,G
13,7_H1,2.2387333956430663e-05,0.0001495102663897,0.0,0.2379563310557097,0.0595320571640139,7,N-Termina,P
14,7_SCT,3.594224835978821e-06,1.4575199976085931e-05,0.0001369136193427,0.0131556408058199,0.0033276809624937,7,N-Termina,P
15,7_P2,9.585273073753342e-05,4.099166589873272e-05,0.0,0.0891990462886355,0.0223339726713179,7,N-Termina,P
16,8_SCT,3.940134320146171e-06,3.2433449543264445e-06,0.0,0.1331667592394044,0.0332934856796697,8,N-Termina,N
17,8_P2,5.076819070382044e-05,9.332582153279012e-05,0.0,0.040555455898488,0.0101748874776811,8,N-Termina,N
18,8_H1,1.9226354197598997e-05,8.477493139474613e-05,0.0,0.0007511182312042,0.0002137798791991,8,N-Termina,N
19,9_SCT,0.0,8.865457195533716e-06,0.0,0.1586290923278047,0.03965948944625,9,N-Termina,F
20,9_H1,6.033801128069172e-06,2.3901620488896222e-05,0.0,0.0747432243067075,0.0186932899320811,9,N-Termina,F
21,9_P2,9.509851224720478e-05,7.414368537045108e-06,5.527753000303156e-05,0.0412708855586352,0.0103571689923556,9,N-Termina,F
22,10_H1,0.0002940222038887,7.862084534731811e-05,0.0,0.0452438350299733,0.0114041195198023,10,N-Termina,Y
23,10_SCT,0.0005965959280729,2.066801281146213e-06,0.0,0.0578098919254887,0.0146021386637107,10,N-Termina,Y
24,10_P2,2.326989488210529e-05,3.91872262606927e-05,0.0,0.0549564698350394,0.0137547317390455,10,N-Termina,Y
25,11_H1,8.054154818637471e-07,1.2492045761314089e-05,0.0,0.0834443854023174,0.0208644207158901,11,N-Termina,V
26,11_P2,2.878072962175793e-07,7.48938803716174e-06,0.0,0.0115333587630825,0.0028852839896039,11,N-Termina,V
27,12_SCT,0.0,2.728829055160528e-05,0.0,0.1808319607130762,0.0452148122509069,13,N-Termina,F
28,12_P2,2.722460703807883e-05,4.7536057278888975e-05,3.319097488672602e-05,0.0354785899986567,0.0088966354094651,13,N-Termina,F
29,12_H1,1.3738687812292484e-05,1.8167222236553505e-05,0.0,5.320844124285567e-05,2.127858782292541e-05,13,N-Termina,F
30,13_SCT,0.011346697807312,0.000515304141598,0.0,0.0475095856462507,0.0148428968987901,14,N-Termina,S
31,13_P2,2.510352715034969e-05,7.806261634239204e-05,0.0,0.0765634193147613,0.0191666463645635,14,N-Termina,S
32,13_H1,1.280665583180962e-05,6.086943743414481e-05,0.0,0.0460659410694334,0.0115349042906748,14,N-Termina,S
33,15_H1,5.066977610113099e-05,8.078086172282658e-05,0.0,0.0368945825663096,0.0092565083010334,16,N-Termina,K
34,15_P2,6.822152045060648e-06,5.405973034138605e-05,2.913353235018565e-06,0.0086180921134346,0.002170471837264,16,N-Termina,K
35,15_SCT,5.713119026040658e-05,0.0001829842827565,0.0,0.0884848317922847,0.0221812368163254,16,N-Termina,K
36,16_H1,0.0,2.1185477061585643e-06,0.0,0.0223719257618097,0.0055935110773789,17,N-Termina,T
37,16_P2,4.907875336357392e-05,2.04985740894574e-05,4.663906939206395e-06,0.0318356510783889,0.0079774730781952,17,N-Termina,T
38,16_SCT,0.0,8.771342111842903e-09,0.0,0.0294937237437886,0.0073734331287827,17,N-Termina,T
39,17_H1,0.000100580844446,3.1296874922068104e-05,0.0,0.0736990277310429,0.0184577263626027,18,N-Termina,G
40,17_P2,2.7621524623100413e-06,4.074981936023288e-05,0.0,0.0525006191258344,0.0131360327744142,18,N-Termina,G
41,17_SCT,0.0,1.947677652384171e-05,0.0,0.0317961000636059,0.0079538942100324,18,N-Termina,G
42,18_H1,3.4038846933981404e-05,1.867087338762753e-05,0.0,0.0339994164135777,0.0085130315334748,19,N-Termina,V
43,18_SCT,0.0,2.388605493308376e-06,0.0,0.0783203788361454,0.0195806918604096,19,N-Termina,V
44,19_H1,5.758272436651168e-06,1.0765320435029301e-08,0.0,0.0085504169648745,0.0021390465006579,20,N-Termina,V
45,19_P2,0.0,1.2110431822051404e-05,0.0,0.024836595800369,0.0062121765580477,20,N-Termina,V
46,19_SCT,0.0,1.2294775707077556e-05,0.0,0.0839085166636894,0.0209802028598491,20,N-Termina,V
47,20_H1,8.495969086652622e-05,1.9409773398566208e-05,0.0,0.0416813998631888,0.0104464423318634,21,N-Termina,R
48,20_SCT,0.0,4.1013727154485735e-08,0.0,0.264961064851196,0.0662402764662307,21,N-Termina,R
49,20_P2,4.146352694078814e-06,0.0100767249149823,0.0,0.0549389176648169,0.0162549472331233,21,N-Termina,R
50,21_H1,6.69757355353795e-05,3.4298261408365754e-05,0.0,0.0605068968477062,0.0151520427111624,22,N-Termina,S
51,21_P2,2.0007661305498917e-07,1.202377353968264e-05,0.0,0.0025983461756426,0.0006526425064488,22,N-Termina,S
52,21_SCT,0.0,0.0001409100086847,0.0,0.1177471577191519,0.0294720169319591,22,N-Termina,S
53,22_H1,2.1335821656975892e-05,5.5036234640211645e-06,0.0001427934601224,0.0327616321880624,0.0082328162733264,23,N-Termina,P
54,22_P2,0.0,6.614560583243673e-05,0.0,0.0432674919482038,0.010833409388509,23,N-Termina,P
55,22_SCT,0.0,3.6430125830833854e-06,0.0,0.1794257902072104,0.0448573583049483,23,N-Termina,P
56,23_P2,4.8981019062921405e-06,0.0001050198880792,0.0001934099887229,0.0136671153695456,0.0034926108370635,24,N-Termina,F
57,23_SCT,0.0,2.7655233794882717e-05,0.0,0.2274583909375336,0.0568715115428321,24,N-Termina,F
58,24_P2,1.3381549251789693e-05,9.44576553341444e-05,0.0,0.018324509208797,0.0046080871033457,25,N-Termina,E
59,24_SCT,0.0,1.6602700594030415e-06,0.0,0.0111638212045627,0.0027913703686555,25,N-Termina,E
60,25_P2,1.862940553110093e-05,1.441681592531922e-05,0.0,0.0396968280016569,0.0099324685557783,26,N-Termina,A
61,25_SCT,0.0,0.0002306569482344,0.0,0.3130842891440037,0.0783287365230595,26,N-Termina,A
62,26_H1,1.2268545106053352e-05,6.753506081567949e-05,0.0,0.0037123591672453,0.0009480406932917,27,N-Termina,P
63,26_P2,3.389071935089305e-06,2.882895471452496e-05,0.0,0.0300880474529555,0.0075300663699012,27,N-Termina,P
64,26_SCT,0.0,8.341757972183171e-07,0.0,0.1165946712601,0.0291488763589743,27,N-Termina,P
65,27_H1,5.68690620639245e-06,1.862264212185713e-07,0.0,0.0654670910986802,0.0163682410578269,28,N-Termina,Q
66,27_P2,0.0002033855416812,3.960505270613607e-05,0.0,0.0097822203852486,0.0025063027449089,28,N-Termina,Q
67,28_H1,0.0015997407026588,1.922219862418586e-05,0.0,0.0161117706012195,0.0044326833756256,29,N-Termina,Y
68,29_H1,0.0,3.740820268457011e-05,0.0014686682854557,0.035035595108785,0.0091354178992313,30,N-Termina,Y
69,29_P2,0.0,0.0001107178171873,0.0019887682208824,0.0046671451533795,0.0016916577978623,30,N-Termina,Y
70,29_SCT,0.0,3.740820268457011e-05,0.0014686682854557,0.035035595108785,0.0091354178992313,30,N-Termina,Y
71,30_H1,4.990429260942619e-06,6.597739441442532e-05,2.9725580574217364e-05,0.0215878217011669,0.0054221287763541,31,N-Termina,L
72,30_P2,0.0,2.652076356648703e-07,0.0,0.0015132063452156,0.0003783678882128,31,N-Termina,L
73,30_SCT,0.0,2.652076356648703e-07,0.0,0.0015132063452156,0.0003783678882128,31,N-Termina,L
74,31_P2,0.0,0.0001326480799094,0.0006035812123717,0.0120119365154381,0.0031870414519298,32,N-Termina,A
75,31_H1,0.0030658848118036,0.0002180258179909,0.0003991006074119,0.0027180217071225,0.0016002582360822,32,N-Termina,A
76,31_SCT,0.0,6.792560227329573e-07,0.0,0.1968468843541105,0.0492118909025333,32,N-Termina,A
77,32_SCT,0.0,1.0426643243913232e-06,0.0,0.0116072807986363,0.0029020808657401,33,N-Termina,E
78,32_H1,2.792437044263352e-05,7.653970645423994e-05,0.0,0.0433379344083987,0.0108605996213239,33,N-Termina,E
79,32_P2,1.3158565934645594e-06,3.512452786912268e-05,0.0,0.0207101593012721,0.0051866499214336,33,N-Termina,E
80,33_P2,1.5612314427926322e-06,1.0940155637438637e-05,0.0,0.0564553424838414,0.0141169609677304,34,N-Termina,P
81,33_H1,3.879287032759749e-05,0.0001780576912593,4.736067703410904e-05,0.0171590889124253,0.0043558250377615,34,N-Termina,P
82,33_SCT,0.0,1.2401239495941122e-06,0.0,0.1851703367486021,0.0462928942181379,34,N-Termina,P
83,34_H1,1.7602359037027784e-07,1.0853407351186403e-05,0.0,0.0110673164524296,0.0027695864708427,35,N-Termina,W
84,34_P2,0.0,4.3915723723172254e-06,0.0,0.0978756142234,0.0244700014489431,35,N-Termina,W
85,35_SCT,0.0,5.014831014265763e-05,0.0,0.1117539022751091,0.0279510126463129,36,N-Termina,Q
86,35_H1,1.4646614090452204e-06,1.4991738539467655e-05,0.0,0.0056065046272879,0.0014057402568091,36,N-Termina,Q
87,35_P2,2.167856337109697e-06,1.1692891852987296e-05,0.0,0.0123255187736,0.0030848448804475,36,N-Termina,Q
88,36_SCT,0.0,1.8612436460677211e-06,0.0,0.0598919518813593,0.0149734532812513,37,1,F
89,36_H1,1.696292747510597e-05,4.784068388863613e-05,0.0,0.1859190979117024,0.0464959753807665,37,1,F
90,37_SCT,0.0003214489552192,0.0001851412372003,0.0001119609772487,0.0855871185398776,0.0215514174273864,38,1,S
91,37_P2,7.0252863224595785e-06,0.0001173446424735,0.0,0.0424669896983983,0.0106478399067985,38,1,S
92,38_P2,2.767052683338989e-05,6.348073599762843e-05,2.8016060606840087e-06,0.0681566823011817,0.0170626587925183,39,1,M
93,38_H1,6.64738254272379e-05,0.0002233336167704,5.568661058162813e-05,0.0084988889744847,0.002211095756816,39,1,M
94,38_SCT,0.0,1.0891764825438096e-05,0.0,0.1514704807918804,0.0378703431391764,39,1,M
95,39_H1,4.0689366187507403e-07,9.053040842420495e-05,0.0,0.0651712922028317,0.0163155573762294,40,1,L
96,39_SCT,0.0,2.599305259573236e-07,0.0,0.0358994609227193,0.0089749302133113,40,1,L
97,39_P2,0.0003175032907165,6.916744628547896e-06,0.0,0.034991855245396,0.0088290688201852,40,1,L
98,40_P2,0.0,2.6987101313740798e-05,0.0,0.0282901133434984,0.007079275111203,41,1,A
99,40_H1,6.675135955447331e-05,3.659959906099739e-05,0.0,0.0749674103756136,0.0187676903335572,41,1,A
100,40_SCT,0.0,2.8188223602775878e-05,0.0,0.1057133594983919,0.0264353869304986,41,1,A
101,41_SCT,2.8715056032524444e-05,2.5716021781126283e-05,0.0003739888235484,0.278249492634669,0.0696694781340077,42,1,A
102,41_H1,3.327836384414695e-05,0.0002432766482996,0.0006061948350145,0.0788848343655849,0.0199418960531858,42,1,A
103,41_P2,0.000700247939676,0.0001462381411338,0.0008733843869063,0.0446002821057876,0.0115800381433759,42,1,A
104,42_P2,0.0004285770701244,1.078549476789397e-05,0.0,0.0466952019292424,0.0117836411235336,43,1,Y
105,42_H1,1.3615377611131407e-05,0.0003924790456828,0.0001067266911003,0.0043537721663716,0.0012166483201915,43,1,Y
106,42_SCT,0.0,2.821897434119406e-05,0.0,0.0120299462942122,0.0030145413171383,43,1,Y
107,43_H1,3.915235538443085e-06,6.51977284048329e-06,0.0,0.1267328839893563,0.0316858297494338,44,1,M
108,43_SCT,0.0,1.2829774085024689e-06,0.0,0.0429134958953283,0.0107286947181842,44,1,M
109,43_P2,3.227832792163099e-07,1.0591848887783005e-05,9.358556559795322e-05,0.0301355637337498,0.0075600159828787,44,1,M
110,44_P2,0.0019966145046055,1.186717295668839e-05,0.0,0.0024581563546861,0.001116659508062,45,1,F
111,44_H1,2.974394192278851e-06,3.490280944076127e-05,0.0,0.0131844063626002,0.0033055708915583,45,1,F
112,44_SCT,1.1632002497208305e-05,1.7518634346038466e-05,0.0,0.0139658651495031,0.0034987539465866,45,1,F
113,45_H1,4.3828495108755305e-05,0.0003129703826675,3.963524456756152e-05,0.0084977713093673,0.0022235513579278,46,1,L
114,45_SCT,8.026870091271121e-06,9.229179895948456e-05,0.0,0.0212938725889819,0.0053485478145081,46,1,L
115,46_P2,0.0,2.1089700082743805e-05,0.0,0.0084067381834169,0.0021069569708749,47,1,L
116,47_P2,9.77024592430098e-06,8.022995359097622e-05,0.008443995678656,0.0025725889057678,0.0027766461959847,48,1,I
117,47_H1,1.6309026250382885e-05,5.8146352781676e-06,0.0,0.0809387549700974,0.0202402196579065,48,1,I
118,47_SCT,0.0,8.33723550034854e-06,0.0,0.1060704305919136,0.0265196919568534,48,1,I
119,48_H1,2.556355502747465e-05,0.0002060744057203,0.0004774878523736,0.0331954848599252,0.0084761526682616,49,1,M
120,48_SCT,7.129851383069763e-06,0.0001546633217015,7.28149186347089e-05,0.1231134085435657,0.0308370041588212,49,1,M
121,48_P2,3.483707769191824e-05,0.0001558188590916,0.0001337384736694,0.1824190920465396,0.0456858716142481,49,1,M
122,49_P2,1.326258598055574e-06,6.251390643701974e-05,4.455673075750246e-05,0.0399879548423467,0.0100240879345348,50,1,L
123,49_H1,3.400948344278732e-06,3.1909858187848024e-05,0.0,0.0359366382438839,0.008992987262604,50,1,L
124,49_SCT,0.0,2.3233202408951127e-06,0.0,0.0928884740633935,0.0232226993459086,50,1,L
125,50_SCT,0.0,4.044897784837418e-05,0.0,0.0965818568166818,0.0241555764486325,51,1,G
126,50_H1,0.0027594156563282,8.14350994283916e-05,0.0002844131281365,0.062536488644596,0.0164154381321223,51,1,G
127,50_P2,0.0,3.4316413005104686e-05,0.0,0.0222616100828452,0.0055739816239625,51,1,G
128,51_SCT,5.739551852457225e-06,5.949551468059939e-05,0.0002921475925205,0.4416271693560078,0.1104961380037653,52,1,F
129,51_P2,0.0014309921534731,0.0014927379171493,5.593638156177764e-05,0.0173066738778722,0.0050715850825141,52,1,F
130,51_H1,3.190752977388911e-05,0.0001328919830521,0.0,0.0555839257967325,0.0139371813273896,52,1,F
131,52_H1,7.039603246994375e-07,3.950230346140466e-05,0.0,0.0037484825017124,0.0009471721913746,53,1,P
132,52_P2,0.0039886464364826,0.0013676551461664,0.0017587792743765,0.0745911030003836,0.0204265459643523,53,1,P
133,52_SCT,0.0,5.947482802141717e-06,0.0,0.0432539177463611,0.0108149663072908,53,1,P
134,53_H1,0.0002544432063587,3.0949879309626574e-05,0.0,0.0124115648477458,0.0031742394833535,54,1,I
135,53_P2,5.196055099077057e-06,2.365436252086333e-06,2.5671956735208813e-05,0.0630324260734363,0.0157664148803806,54,1,I
136,53_SCT,0.0,1.4207107096165186e-05,0.0,0.1520743704198874,0.0380221443817459,54,1,I
137,55_H1,1.6471775552417969e-06,1.2531205780050524e-05,0.0,0.0162195232483313,0.0040584254079166,56,1,F
138,55_P2,5.948685384282726e-07,3.0193192092732624e-05,9.67316874100116e-06,0.0246645037545316,0.0061762412459759,56,1,F
139,55_SCT,0.0,2.140044892058329e-05,0.0,0.026616408890688,0.0066594523349021,56,1,F
140,56_SCT,9.177777428703848e-06,3.713202054654597e-06,0.0,0.0442127494745638,0.0110564101135118,57,1,L
141,56_P2,1.550746674183756e-06,1.4038049458369022e-05,0.0,0.0275136225574254,0.0068823028383894,57,1,L
142,56_H1,0.0001662948634475,0.0001761086877934,0.0,0.0059811328841571,0.0015808841088495,57,1,L
143,57_H1,0.0,2.1631067187950637e-08,0.0,0.0351968188704245,0.0087992101253729,58,1,T
144,57_SCT,0.0,2.1631067187950637e-08,0.0,0.0351968188704245,0.0087992101253729,58,1,T
145,57_P2,0.0,2.1631067187950637e-08,0.0,0.0351968188704245,0.0087992101253729,58,1,T
146,59_H1,7.737919986539055e-06,5.45598602941756e-05,0.0,0.0067133685891983,0.0016939165923697,60,1,Y
147,59_P2,0.0,1.8923016153731125e-05,0.0,0.0773567281542158,0.0193439127925923,60,1,Y
148,59_SCT,0.0,2.3856812854414245e-06,0.0,0.0165323066608903,0.0041336730855439,60,1,Y
149,60_SCT,0.0,0.0,0.0,0.1707242358002506,0.0426810589500626,61,1,V
150,60_P2,0.0,2.0439340008868183e-05,0.0,0.0402183860259378,0.0100597063414866,61,1,V
151,60_H1,0.0,6.419085949133652e-06,0.0,0.065625137749771,0.01640788920893,61,1,V
152,61_H1,0.0,3.075302847406636e-07,0.0,0.0196346852159601,0.0049087481865612,62,CT/EC,T
153,61_P2,0.0,3.075302847406636e-07,0.0,0.0196346852159601,0.0049087481865612,62,CT/EC,T
154,61_SCT,0.0,3.075302847406636e-07,0.0,0.0196346852159601,0.0049087481865612,62,CT/EC,T
155,62_H1,1.1926299521292094e-06,8.873350369841755e-05,0.0,0.1488768143517586,0.0372416851213522,63,CT/EC,V
156,63_SCT,7.198029834398767e-06,3.235288924387632e-05,0.0,0.0008637438395399,0.0002258236896545,64,CT/EC,Q
157,63_P2,1.4391985132533591e-06,6.403159119759458e-05,0.0,0.0088604278700363,0.0022314746649367,64,CT/EC,Q
158,63_H1,8.239635462814476e-06,3.932017048297536e-05,0.0,0.1582039184039981,0.0395628695524859,64,CT/EC,Q
159,64_P2,0.0,4.938886099839666e-06,0.0,0.0362449046249081,0.0090624608777519,65,CT/EC,H
160,64_SCT,0.0,4.466633300194451e-05,0.0,0.1496203702281292,0.0374162591402828,65,CT/EC,H
161,65_H1,0.0,4.824019651612678e-06,0.0,0.0233065084200742,0.0058278331099314,66,CT/EC,K
162,65_SCT,0.0,0.0,0.0,0.1179304813821978,0.0294826203455494,66,CT/EC,K
163,66_H1,5.205100706007215e-07,2.5918355781100447e-05,0.0,0.0068156932179264,0.0017105330209445,67,CT/EC,K
164,66_P2,0.0,2.3950419712668787e-05,0.0,0.0236179481607398,0.0059104746451131,67,CT/EC,K
165,66_SCT,0.0,9.466054775367456e-07,0.0,0.222628675318168,0.0556574054809113,67,CT/EC,K
166,67_H1,0.0,0.0,0.0,0.0084704919559956,0.0021176229889989,68,CT/EC,L
167,68_H1,0.0,6.182371920653435e-06,2.826333929201932e-05,0.1861042826217211,0.0465346820832334,69,CT/EC,R
168,68_SCT,0.0,9.384981081782306e-08,0.0,0.0307011829654114,0.0076753192038055,69,CT/EC,R
169,69_H1,4.136925042530493e-07,1.6408952577137744e-06,0.0,0.0110507957302278,0.0027632125794974,70,CT/EC,T
170,69_SCT,0.0,2.9255357135768925e-07,0.0,0.1480878157236247,0.037022027069299,70,CT/EC,T
171,70_H1,0.0,2.0032857316490406e-06,0.0003198552880065,0.0106313640559978,0.002738305657434,71,CT/EC,P
172,70_SCT,0.0,1.3660196341179466e-06,0.0,0.1791431134745714,0.0447861198735513,71,CT/EC,P
173,70_P2,0.0,2.243863261735195e-06,0.0,0.0227576210399889,0.0056899662258126,71,CT/EC,P
174,71_P2,0.0,1.2728411597787767e-06,0.0,0.0101397587812013,0.0025352579055902,72,CT/EC,L
175,71_H1,0.0,5.729312480337943e-08,0.0,0.0489283931759021,0.0122321126172567,72,CT/EC,L
176,71_SCT,0.0,2.108812163496019e-09,0.0,0.0878755442336208,0.0219688865856082,72,CT/EC,L
177,72_P2,0.0,0.0,0.0,0.0084704919559956,0.0021176229889989,73,CT/EC,N
178,72_H1,0.0,0.0,0.0,0.0084704919559956,0.0021176229889989,73,CT/EC,N
179,72_SCT,0.0,0.0,0.0,0.0084704919559956,0.0021176229889989,73,CT/EC,N
180,73_SCT,0.0,9.848127082474105e-08,0.0,0.0293711600549858,0.0073428146340641,74,2,Y
181,73_P2,0.0,4.896198358960549e-06,0.0,0.0137398024561487,0.0034361746636269,74,2,Y
182,73_H1,0.0007174030761234,4.604855786979369e-05,0.0,0.0754807139943316,0.0190610414070812,74,2,Y
183,74_H1,5.113405131851323e-05,1.3523032931331326e-05,0.0,0.0379913401569771,0.0095139993103067,75,2,I
184,75_H1,0.0,1.7850716686158465e-07,0.0,0.0034882602887054,0.000872109698968,76,2,L
185,75_P2,3.515732771575131e-07,1.1086056598632635e-06,0.0,0.0180317564732667,0.0045083041630509,76,2,L
186,76_P2,3.3888525194925023e-06,1.922889750545461e-05,1.7291735850540205e-06,0.0285654229051152,0.0071474424571813,77,2,L
187,78_P2,1.2656757462536916e-05,5.334599529874313e-05,0.0,0.0131014090661786,0.0032918529547349,79,2,L
188,78_H1,4.194007942714961e-06,9.13785938538866e-05,0.0,0.0246245099491762,0.0061800206377432,79,2,L
189,79_SCT,0.0,5.414766511417243e-06,0.0,0.0607351747448999,0.0151851473778528,80,2,A
190,79_P2,1.8844673377316208e-06,1.8058667246346404e-05,0.0,0.0050927714374426,0.0012781786430066,80,2,A
191,79_H1,5.295926712278742e-06,1.1165440822892242e-05,0.0,0.0093010181888074,0.0023293698890856,80,2,A
192,80_H1,4.2571505218802486e-06,0.0002234390412528,0.0,0.0219898031359721,0.0055543748319367,81,2,V
193,80_SCT,1.009587890621333e-06,1.6101895001059993e-05,0.0001677423963053,0.0333667447846752,0.008387899665968,81,2,V
194,80_P2,2.27957934839651e-06,6.578456051181179e-05,0.0,0.0399433213593793,0.0100028463748098,81,2,V
195,81_SCT,1.1114399285361287e-06,7.495102309536202e-05,0.0,0.0568220897823786,0.0142245380613506,82,2,A
196,81_H1,1.539476215839386e-06,9.132543122313862e-06,0.0,0.1679687199831501,0.041994848000622,82,2,A
197,81_P2,3.934443668640597e-07,3.165908117812306e-05,0.0,0.040681858135512,0.0101784776652642,82,2,A
198,82_H1,1.5328718291129917e-05,6.446603604058796e-05,0.0,0.1072021085083852,0.0268204758156792,83,2,D
199,82_P2,0.0002189453807659,7.838973154220662e-05,0.0,0.0547743093852244,0.0137679111243831,83,2,D
200,82_SCT,9.218111785003202e-08,0.0001151689832387,2.849181177252398e-05,0.1709688511117443,0.0427781510219683,83,2,D
201,83_H1,7.472975994460285e-05,0.0010063017907887,0.002194709012372,0.290627435072897,0.0734757939090006,84,2,L
202,83_P2,0.0001007702521746,0.0006555453055005,0.0002748255897527,0.181801855024425,0.0457082490429632,84,2,L
203,83_SCT,1.6416021026088856e-05,0.0002591579430606,0.0,0.285131661172264,0.0713518087840876,84,2,L
204,84_SCT,3.3253316360060126e-05,8.855907959671179e-06,0.0,0.2711196666129344,0.0677904439593135,85,2,F
205,84_P2,8.258067828137428e-05,1.0296560493871137e-05,0.0,0.0664682968991208,0.016640293534474,85,2,F
206,84_H1,0.0002895347715821,0.0002930075596211,0.0004605839595646,0.039922184094497,0.0102413275963162,85,2,F
207,85_H1,0.0008583086892031,0.02168572481978,0.0230711563803344,1.0,0.2614037974723294,86,2,M
208,85_SCT,6.172862867970252e-06,0.000136354298923,0.0005121123719724,0.648178927148624,0.1622083916705969,86,2,M
209,85_P2,0.0001138871084549,0.0006300828797583,0.0020175197154898,0.6293117052558461,0.1580182987398873,86,2,M
210,86_SCT,0.0,6.969479461051217e-05,0.0,0.0256787244881679,0.0064371048206946,87,2,V
211,86_P2,3.542647391441278e-05,5.028153218518186e-05,0.0,0.0941865904641266,0.0235680746175565,87,2,V
212,86_H1,2.556289928179467e-06,0.0005092132796895,0.0,0.1500703248765975,0.0376455236115538,87,2,V
213,87_H1,5.526544191525318e-05,5.035273735918659e-05,0.0,0.1300723342622021,0.0325444881103691,88,2,F
214,87_SCT,4.5788732677465305e-05,5.636051625490449e-05,0.0,0.2620039473472924,0.0655265241490562,88,2,F
215,88_P2,5.47992458450608e-05,0.0009404246739938,9.958583382633326e-05,0.1405337534635936,0.0354071408043147,89,2,G
216,88_SCT,6.5075109887402505e-06,0.0001686191369285,0.0,0.1088667478284518,0.0272604686190922,89,2,G
217,88_H1,0.0002557782572694,0.0015467775568695,0.0027363609255794,0.3808666659093176,0.096351395662259,89,2,G
218,89_H1,0.0002083477302221,0.0057621129570111,0.0143319028363846,0.0517130120790532,0.0180038439006678,90,2,G
219,90_H1,9.234599929186516e-06,5.26536840215618e-05,0.0,0.0148737748922479,0.0037339157940496,91,2,F
220,90_P2,3.845472747343592e-05,0.0034857891098651,0.0,0.0156445577765544,0.0047922004034732,91,2,F
221,91_P2,0.0,1.0397523787660349e-05,0.0,0.0154713549132443,0.003870438109258,92,2,T
222,91_SCT,0.0,1.560111463666493e-05,0.0,0.0220064428525373,0.0055055109917935,92,2,T
223,91_H1,3.5848829611495603e-06,7.847455814661917e-06,0.0,0.0470906911124537,0.0117755308628073,92,2,T
224,92_SCT,4.592361165123293e-06,0.0005689426211025,0.0003408979264554,0.5052339984581407,0.1265371078417159,93,2,T
225,92_P2,0.0006320030661299,0.0033311291123134,0.0016477486103476,0.3175411267664197,0.0807880018888027,93,2,T
226,92_H1,3.884230682160705e-05,0.0009915752516742,0.0007333063832953,0.6365820041902276,0.1595864320330046,93,2,T
227,93_P2,0.0008356760954484,0.0009428460886442,0.0024497993555306,0.1910308735216545,0.0488147987653194,94,2,T
228,93_SCT,0.0018550648819655,0.0004031287698908,5.732955194340968e-06,0.2254273666603323,0.0569228233168457,94,2,T
229,93_H1,0.0035737815778702,0.0497899725549371,0.0505321887767034,0.5703371116079207,0.1685582636293578,94,2,T
230,94_H1,2.179297007387504e-05,0.0003741673715558,0.0,0.029035713361437,0.0073579184257666,95,2,L
231,94_SCT,0.0,2.068931783861544e-05,0.0,0.0812887018175303,0.0203273477838422,95,2,L
232,94_P2,1.4841027677903185e-06,3.3099772825438026e-05,0.0,0.0425692881207392,0.0106509679990831,95,2,L
233,95_P2,0.000219196153921,0.0005297197388866,0.0041812280487547,0.0964592174443703,0.0253473403464832,96,CT/EC,Y
234,95_SCT,0.0,1.5500231661726034e-05,0.0,0.0949246534887292,0.0237350384300977,96,CT/EC,Y
235,95_H1,3.356563684064895e-05,9.696866262559384e-05,5.092803971324959e-05,0.0651652281535301,0.0163366726231774,96,CT/EC,Y
236,96_H1,0.0001360621099593,0.0003203827248226,0.0006959148632625,0.0447903318280412,0.0114856728815214,97,CT/EC,T
237,96_P2,0.0001175074503407,0.0001185588332475,0.0,0.1342855836321187,0.0336304124789267,97,CT/EC,T
238,96_SCT,1.8054797692457212e-06,0.0002723669434706,0.0,0.3171145418790869,0.0793471785755817,97,CT/EC,T
239,97_H1,0.0001544560509501,4.152766642424079e-05,8.41986465134412e-05,0.1741710993665574,0.0436128204326113,98,CT/EC,S
240,97_P2,4.831209298572503e-05,7.921304115346779e-05,0.0,0.0138546387848058,0.0034955409797362,98,CT/EC,S
241,98_H1,0.0001545523409731,0.0005727712924842,0.0,0.037695484195584,0.0096057019572603,99,CT/EC,L
242,98_SCT,2.7464557206258178e-06,4.3407981252789295e-05,0.0,0.0973301416828965,0.0243440740299674,99,CT/EC,L
243,98_P2,1.568733864587557e-06,5.081928421973863e-05,0.0,0.0696838373542315,0.0174340563430789,99,CT/EC,L
244,99_P2,0.0001093011087505,0.0003441177737551,0.0001037278152518,0.0077985143587273,0.0020889152641211,100,CT/EC,H
245,99_SCT,0.0001280976575799,7.061733889131896e-05,0.0,0.0760242412177799,0.0190557390535628,100,CT/EC,H
246,99_H1,0.0003055453707929,9.824490133600524e-05,0.0015386211401695,0.110028990414434,0.0279928504566831,100,CT/EC,H
247,100_SCT,1.5613519281032495e-05,6.257113406627448e-07,0.0,0.2098741473717328,0.0524725966505886,101,CT/EC,G
248,101_SCT,3.129826154690818e-06,3.694178464296115e-07,0.0,0.0161897068151809,0.0040483015147955,102,CT/EC,Y
249,101_H1,3.305286782051553e-06,7.844278537583011e-06,0.0,0.1570105691472714,0.0392554296781477,102,CT/EC,Y
250,101_P2,0.0,1.9440913979109983e-05,0.0,0.0491773188535508,0.0122991899418824,102,CT/EC,Y
251,102_P2,0.0300334300845861,0.0157313198546026,0.0171682977041475,0.0582486012203251,0.0302954122159153,103,CT/EC,F
252,102_SCT,0.0,2.818448168288724e-06,0.0,0.1185866421182624,0.0296473651416076,103,CT/EC,F
253,103_H1,0.0013980724615976,0.0029849799726269,0.0043691808751874,0.1349393826420833,0.0359229039878738,104,CT/EC,V
254,103_SCT,0.0,2.277416968084701e-05,0.0,0.3429737131966004,0.0857491218415703,104,CT/EC,V
255,103_P2,3.045425955860992e-06,0.0031567096947113,0.0002364819251754,0.1932595087942502,0.0491639364600232,104,CT/EC,V
256,104_P2,0.0,9.834543336648205e-06,0.0,0.0010989659750667,0.0002772001296008,105,CT/EC,F
257,104_H1,8.23394293547608e-06,5.794225802066166e-06,0.0,0.0236189211181462,0.0059082373217209,105,CT/EC,F
258,104_SCT,0.0,1.4629419482914629e-06,0.0,0.0047235178769466,0.0011812452047237,105,CT/EC,F
259,106_SCT,9.597264579497278e-05,5.788464327186361e-06,0.0,0.071973290963448,0.0180187630183925,107,CT/EC,P
260,106_P2,4.803830597666092e-05,2.5665933243808217e-05,0.0,0.0365848729599399,0.0091646442997901,107,CT/EC,P
261,106_H1,0.0001764388434821,0.0001267948780682,0.0,0.124789255611252,0.0312731223332006,107,CT/EC,P
262,107_H1,0.0002191892417613,0.0010121179562858,0.0010310214674965,0.0141496310163294,0.0041029899204683,108,CT/EC,T
263,107_P2,1.362391958537046e-05,0.0001026233598266,0.0,0.0745370253301947,0.0186633181524017,108,CT/EC,T
264,107_SCT,0.0,3.971596772425804e-05,0.0,0.1319325804532553,0.0329930741052449,108,CT/EC,T
265,108_SCT,0.0,0.0001239550984567,0.0001803432530622,0.2316660933897727,0.0579925979353229,109,CT/EC,G
266,108_H1,0.0003777160309255,0.0020808628984191,0.0015818150539627,0.2763597070253476,0.0701000252521637,109,CT/EC,G
267,109_SCT,0.0,3.298836746104609e-06,0.0,0.0067041063640914,0.0016768513002093,110,CT/EC,C
268,109_P2,0.0,8.232774215092303e-06,0.0,0.0095062833147327,0.0023786290222369,110,CT/EC,C
269,109_H1,6.284425762714818e-05,5.021569268757983e-06,0.0,0.029556395750982,0.0074060653944694,110,CT/EC,C
270,110_P2,0.0001075671898433,0.0002086850370629,0.0,0.0079102232402201,0.0020566188667816,111,3,N
271,111_P2,1.7046144193955115e-06,9.494182847673872e-05,7.148697060286604e-05,0.1196986957003204,0.0299667072784548,112,3,L
272,111_H1,3.390396886970848e-05,0.0012011487453315,5.894694755501256e-05,0.0950686036510775,0.0240906508282084,112,3,L
273,112_SCT,0.0004492595326155,0.0024320566356219,0.0013883801092062,0.4038324162296107,0.1020255281267636,113,3,E
274,112_P2,3.26170920743607e-05,0.0019213434111224,0.0008176679984911,0.377950260536711,0.0951804722595997,113,3,E
275,113_H1,3.232870585634373e-05,0.0001016964616075,0.0,0.0027684572116134,0.0007256205947693,114,3,G
276,113_P2,6.058833150746068e-06,9.101821747805706e-05,2.7616166437724024e-05,0.1135091522481987,0.0284084613663163,114,3,G
277,113_SCT,0.0012515209382399,9.96149197829365e-05,0.0,0.3357241900749039,0.0842688314832317,114,3,G
278,114_H1,2.850944292731583e-05,6.45028857840629e-05,0.0012502182396708,0.2523199710727032,0.0634158004102713,115,3,F
279,115_P2,5.848761793458834e-05,0.0019961991017269,0.0008627989942494,0.1660635235520485,0.0422452523164898,116,3,F
280,115_H1,0.0001333106920355,0.001806518672068,0.0014111113643056,0.1601872808595546,0.040884555396991,116,3,F
281,116_SCT,1.5185149777607876e-06,0.0002355897457965,0.0,0.2090701273237438,0.0523268088961295,117,3,A
282,116_P2,1.7658810975262895e-05,0.0002057766843455,7.3913951697615e-05,0.2059934046202294,0.0515726885168119,117,3,A
283,116_H1,5.810598668176681e-05,0.0002207780142367,0.0,0.26413021144159,0.0661022738606271,117,3,A
284,117_H1,3.179710256517865e-05,0.0010992052742028,5.598791403784751e-06,0.1220789846689082,0.03080389645927,118,3,T
285,117_P2,9.091455285670236e-05,0.0008278822992914,0.0031463360288841,0.2233933339772779,0.0568646167145775,118,3,T
286,117_SCT,3.9379330701194704e-05,0.0001181263071815,4.12462411070463e-05,0.000289644996553,0.0001220992188857,118,3,T
287,118_P2,1.2217207768117078e-05,0.000157616762376,0.0003411656893037,0.0856773742772263,0.0215470934841685,119,3,L
288,119_P2,1.8276328773936257e-05,0.0001557714693937,0.0,0.1147165887785193,0.0287226591441717,120,3,G
289,119_H1,1.1485557251944556e-06,0.0001955637812089,0.000347663937263,0.2711120546911168,0.0679141077413285,120,3,G
290,119_SCT,0.0,5.481621326249869e-05,0.0,0.1635434628300257,0.040899569760822,120,3,G
291,121_P2,8.924187568482012e-05,0.0006842065644402,0.0006605200450637,0.0589090639603364,0.0150857581113813,122,3,E
292,121_H1,0.0001547507126815,0.00150715698397,0.0007109443882477,0.3359001768800438,0.0845682572412357,122,3,E
293,121_SCT,0.0002766040270216,0.0004829995943727,0.0003903932468747,0.3975872602225748,0.0996843142727109,122,3,E
294,122_H1,3.7859613257751326e-06,5.514680159667967e-05,0.0,0.074175734418163,0.0185586667952713,123,3,I
295,122_SCT,0.0,4.084187713255106e-06,0.0,0.0738958201976183,0.0184749760963329,123,3,I
296,123_H1,6.15608150837943e-05,1.5659234035581378e-05,0.0,0.0903311280102922,0.0226020870148528,124,3,A
297,123_P2,2.3480306481360454e-05,3.91805702721099e-05,0.0,0.0105907401750634,0.0026633502629542,124,3,A
298,124_H1,0.0,3.645997497323768e-06,0.0,0.078767169551235,0.019692703887183,125,3,L
299,124_SCT,0.0,4.966625167263827e-07,0.0,0.0906223325282557,0.0226557072976931,125,3,L
300,124_P2,0.0,2.891156781373277e-06,0.0129013247516916,0.0474050811145511,0.015077324255756,125,3,L
301,126_P2,2.4939217837527398e-05,6.551079164047722e-06,0.0,0.0261961216148537,0.0065569029779638,127,3,S
302,126_H1,3.834014023595955e-06,1.1113884627145152e-05,0.0,0.0415806833175503,0.0103989078040502,127,3,S
303,126_SCT,3.253121121815638e-06,6.131251601833648e-06,0.0,0.1925533592143286,0.048140685896763,127,3,S
304,127_P2,0.0,0.0,0.0,0.0206009991608546,0.0051502497902136,128,3,L
305,127_SCT,0.0,6.695278575509697e-09,0.0,0.0689572179558465,0.0172393061627812,128,3,L
306,128_H1,0.0,3.2267991309387206e-06,0.0,0.0183422811735006,0.0045863769931579,129,3,V
307,128_SCT,0.0,6.383893961052032e-06,0.0,0.0204818002130354,0.0051220460267491,129,3,V
308,128_P2,0.0,2.9247083224000448e-05,0.0,0.0546129807406488,0.0136605569559682,129,3,V
309,129_P2,8.020128007046878e-05,8.717617402214993e-05,5.689197378085985e-06,0.0620939454629118,0.0155667530285956,130,3,V
310,129_SCT,2.25032363232458e-05,2.468611290574324e-06,0.0,0.0293798794137842,0.0073512128153495,130,3,V
311,130_P2,0.0,7.205740842187551e-07,0.0,0.0023284225929253,0.0005822857917523,131,3,L
312,130_H1,0.0,4.269725358337405e-06,0.0,0.0155389945359142,0.0038858160653181,131,3,L
313,131_P2,0.0,4.120805489804709e-07,0.0,0.0013704001001506,0.0003427030451749,132,3,A
314,131_SCT,0.0,3.892518656625419e-07,0.0,0.0310929667608452,0.0077733390031777,132,3,A
315,131_H1,0.0,4.500057984073853e-07,0.0,0.0027724262225585,0.0006932190570892,132,3,A
316,132_SCT,0.0,9.965672377505376e-05,0.0,0.1176112637240565,0.0294277301119578,133,CT/EC,I
317,132_H1,1.071140331987408e-06,4.1494705121409753e-05,0.0,0.0746028048572473,0.0186613426756751,133,CT/EC,I
318,133_P2,9.051205438481702e-07,8.98587633052851e-06,0.0,0.0063879471965456,0.001599459548355,134,CT/EC,E
319,134_P2,0.0,1.9337897362684388e-06,0.0,0.0014094462214959,0.000352845002808,135,CT/EC,R
320,134_H1,1.105559476854978e-06,6.3610396910467145e-06,0.0,0.0430063564219339,0.0107534557552754,135,CT/EC,R
321,135_P2,0.0,1.6224955349278882e-06,0.0,0.1036652628383437,0.0259167213334696,136,CT/EC,Y
322,135_H1,0.0,4.938185408043021e-06,3.4345611123310435e-08,0.0238408094666024,0.0059614454994054,136,CT/EC,Y
323,136_H1,3.252766691730358e-05,2.732303020251191e-05,0.0,0.0319230189557923,0.007995717413228,137,CT/EC,V
324,136_P2,9.33286992221838e-06,0.0001236943806037,0.0,0.0278122229090592,0.0069863125398963,137,CT/EC,V
325,137_H1,0.0,1.3300452207102249e-05,0.0,0.0325972864223769,0.008152646718646,138,CT/EC,V
326,137_SCT,0.0,3.2998776728384803e-06,0.0,0.1040703355426788,0.0260184088550879,138,CT/EC,V
327,138_SCT,0.0,0.0,0.0,0.0084704919559956,0.0021176229889989,139,CT/EC,V
328,138_H1,1.0320450201106723e-06,3.4027997041452145e-06,0.0,0.0639802025043124,0.0159961593372591,139,CT/EC,V
329,138_P2,0.0,4.160083015261286e-06,0.0,0.0483888996579466,0.0120982649352404,139,CT/EC,V
330,139_P2,0.0,7.978212520779256e-07,0.0,0.008873463118515,0.0022185652349417,140,CT/EC,C
331,139_H1,0.0,1.3628692092969085e-06,0.0,0.0148905201880275,0.0037229707643092,140,CT/EC,C
332,139_SCT,0.0,2.277012562997231e-07,0.0,0.063659780560424,0.01591500206542,140,CT/EC,C
333,140_P2,0.0,8.044123745371148e-06,0.0,0.0190236315623945,0.0047579189215349,141,CT/EC,K
334,141_H1,0.0,8.125330231621228e-08,0.0,0.0321036317595518,0.0080259282532135,142,CT/EC,P
335,141_SCT,0.0,0.0,0.0,0.0997753729553656,0.0249438432388414,142,CT/EC,P
336,141_P2,0.0,8.125330231621228e-08,0.0,0.0321036317595518,0.0080259282532135,142,CT/EC,P
337,142_SCT,0.0,1.078096900870141e-05,0.0,0.0944078490793285,0.0236046575120843,143,CT/EC,M
338,142_H1,2.5963373673221213e-07,5.650236375368318e-05,0.0,0.0440583800770212,0.0110287855186279,143,CT/EC,M
339,142_P2,0.0,2.1766920559556536e-05,0.0,0.0177655972771861,0.0044468410494364,143,CT/EC,M
340,143_P2,0.0,4.545605257128492e-06,0.0,0.0020927865179937,0.0005243330308127,144,CT/EC,S
341,143_SCT,0.0,8.557651524481964e-06,0.0003032469998224,0.0736763998762624,0.0184970511319023,144,CT/EC,S
342,143_H1,0.0,1.2064556591396558e-05,0.0,0.0409198739621659,0.0102329846296893,144,CT/EC,S
343,144_SCT,0.0,3.5943828480127254e-07,0.0,0.0452550919884215,0.0113138628566765,145,CT/EC,N
344,145_SCT,0.0,6.343991710481085e-06,0.0,0.0631493840800007,0.0157889320179278,146,CT/EC,F
345,145_H1,2.3315249563893303e-05,1.184895179160252e-05,0.0,0.083997367067466,0.0210081328172053,146,CT/EC,F
346,145_P2,0.0,3.5938624858331003e-06,0.0,0.0526308202846877,0.0131586035367934,146,CT/EC,F
347,146_H1,0.0,0.0008549741553175,6.375280587493373e-05,0.3849779857609066,0.0964741781805247,147,CT/EC,R
348,147_P2,0.0,4.7519270701701286e-05,0.0,0.0186511044103822,0.0046746559202709,148,CT/EC,F
349,147_SCT,0.0,1.5430528492519498e-06,0.0,0.0820204016778337,0.0205054861826707,148,CT/EC,F
350,147_H1,0.0,2.484950390265904e-05,0.0,0.0065877919576419,0.0016531603653861,148,CT/EC,F
351,148_H1,3.696481871884316e-05,4.846166884694775e-05,0.0,0.0215616991381364,0.0054117814064255,149,CT/EC,G
352,148_P2,2.5319266114820493e-06,0.0001040266056129,0.0,0.0234801285861844,0.0058966717796022,149,CT/EC,G
353,148_SCT,0.0,1.2329014956978424e-05,0.0,0.0541255385276428,0.0135344668856499,149,CT/EC,G
354,149_SCT,1.361680006084498e-05,3.583733168875383e-05,0.0,0.1878481938770357,0.0469744120021963,150,CT/EC,E
355,149_P2,1.3033559298492037e-06,1.295444129004536e-05,0.0,0.0142061315246289,0.0035550973304622,150,CT/EC,E
356,149_H1,4.92075523652602e-05,6.456336147779007e-05,0.0,0.1971084653025008,0.0493055590540859,150,CT/EC,E
357,150_SCT,0.0,0.0001157040165007,0.0,0.0642143262629139,0.0160825075698536,151,CT/EC,N
358,150_P2,0.0,5.46887096726601e-05,0.0,0.0487742061177867,0.0122072237068648,151,CT/EC,N
359,150_H1,9.557628800394014e-06,0.0002342793776719,0.0,0.0510264938087835,0.0128175827038139,151,CT/EC,N
360,151_P2,0.0,0.0001445698636853,0.0,0.0242965865841668,0.006110289111963,152,CT/EC,H
361,151_H1,8.862829417921603e-05,7.597642023954993e-06,0.0,0.0034761188056096,0.0008930861854532,152,CT/EC,H
362,151_SCT,0.0,3.444646633720042e-06,0.0,0.2461791839060582,0.0615456571381729,152,CT/EC,H
363,153_SCT,2.162999379606845e-07,8.849606107104789e-05,0.0,0.0047388853878141,0.0012068994372057,154,4,I
364,153_H1,0.0001414628350175,0.0001065325335367,0.0,0.1591530096555603,0.0398502512560286,154,4,I
365,154_H1,1.7398519958078396e-06,5.206625571616484e-05,0.0,0.1020664724556593,0.0255300696408428,155,4,M
366,154_P2,0.0001185206274385,6.771117010212649e-05,0.0,0.126168875309987,0.0315887767768819,155,4,M
367,155_H1,0.0003122977213934,1.0859022171131366e-05,0.0,0.12630680010918,0.0316574892131861,156,4,G
368,155_P2,0.0,0.0001080256307313,0.0,0.0075884329977904,0.0019241146571304,156,4,G
369,155_SCT,0.0,2.8054136550276666e-06,0.0,0.0397582662317902,0.0099402679113613,156,4,G
370,156_H1,1.186915255857457e-06,1.450580951185917e-05,0.0,0.0005730908746403,0.000147195899852,157,4,V
371,156_SCT,0.0,7.782472844890139e-08,0.0,0.0838544183438027,0.0209636240421327,157,4,V
372,156_P2,3.568275133147836e-05,6.353834285333598e-06,0.0,0.0189678302056383,0.0047524666978137,157,4,V
373,157_P2,7.876441486587282e-06,0.0003857564033775,5.8600190760643536e-05,0.0002264320820744,0.0001696662794248,158,4,A
374,157_H1,0.0013796666171401,0.0001968019058842,0.0001193935515426,0.0859810590365107,0.0219192302777694,158,4,A
375,157_SCT,0.0,1.0462867555430707e-05,0.0,0.1070645235333097,0.0267687466002162,158,4,A
376,158_P2,9.041340490512084e-06,3.4275519040328776e-05,0.0,0.0464995377788502,0.0116357136595952,159,4,F
377,158_SCT,1.6904547010199167e-05,6.204865005992177e-06,0.0,0.1370641876747644,0.0342718242716951,159,4,F
378,158_H1,0.0001031412975862,5.592112423815809e-05,0.0,0.012379960579389,0.0031347557503033,159,4,F
379,159_SCT,3.43415604220354e-06,8.085556237377855e-06,0.0,0.1164189009406918,0.0291076051632428,160,4,T
380,159_P2,2.010878233704716e-06,7.737088489551428e-06,0.0,0.0259951673848211,0.0065012288378861,160,4,T
381,159_H1,4.4918583625985775e-06,1.484347588229538e-05,0.0,0.0505846718262042,0.0126510017901122,160,4,T
382,161_SCT,6.024282356520416e-06,4.360768030219347e-05,0.0004425260541157,0.1659848081495302,0.0416192415415761,162,4,V
383,161_H1,7.372510299319401e-05,0.000321999856426,0.0,0.179761851391821,0.04503939408781,162,4,V
384,161_P2,8.08175991551252e-06,0.0001264826707673,7.268980491344579e-05,0.026678892045993,0.0067215365703973,162,4,V
385,162_SCT,2.916946755249228e-07,1.5777730410858469e-06,0.0,0.0932630996953993,0.0233162422907789,163,4,M
386,162_H1,4.3767362512880936e-05,6.189681616848279e-05,0.0001730940621049,0.063794361630251,0.0160182799677593,163,4,M
387,162_P2,6.5215454014833085e-06,4.3562764428603066e-05,0.0,0.0164723524317424,0.0041306091853931,163,4,M
388,163_P2,3.5095657949568704e-05,9.820303387733098e-05,5.6181179339283525e-05,0.0279307589358769,0.0070300597017607,164,4,A
389,163_H1,0.0001123031615861,0.0002201277620949,0.0003063232336849,0.3261484176345841,0.0816967929479875,164,4,A
390,163_SCT,0.0004239141999278,9.98629135148292e-05,0.0,0.0908531853326157,0.0228442406115145,164,4,A
391,164_P2,0.0002032496267929,8.049223039717236e-05,0.0,0.0530399787840793,0.0133309301603173,165,4,L
392,164_H1,0.0003925627097487,0.0001348078103286,4.149206428062437e-05,0.1832051049018885,0.0459434918715616,165,4,L
393,165_SCT,0.0,1.5762343980474698e-05,0.0,0.1483892797596269,0.0371012605259018,166,4,A
394,165_H1,1.9328237613081e-05,5.6791976631409566e-05,0.0,0.045417508914924,0.0113734072822921,166,4,A
395,165_P2,3.80079018214019e-06,0.0002340280120271,0.0,0.0329520583098973,0.0082974717780266,166,4,A
396,166_SCT,0.0,1.332550336741943e-05,0.0,0.032384907263586,0.0080995581917383,167,4,C
397,166_H1,0.0,3.138216707164811e-05,0.0,0.0172584339153997,0.0043224540206178,167,4,C
398,166_P2,0.0,1.0946918069964657e-05,0.0,0.0240188318695082,0.0060074446968945,167,4,C
399,167_P2,0.0,1.1150432568633224e-05,0.0,0.0514046589500032,0.0128539523456429,168,4,A
400,167_SCT,0.0,3.456962099836795e-06,1.565259057276321e-06,0.1503629409059701,0.0375919907817818,168,4,A
401,167_H1,3.787681271205656e-05,6.257970887025151e-06,0.0,0.0718173645819203,0.0179653748413798,168,4,A
402,168_H1,0.0009999059839174,0.0001047742776043,2.0355925772725074e-07,0.08316656251278,0.0210678615833899,169,4,A
403,168_P2,5.479061292135157e-05,0.000268329665049,0.0001581467885314,0.1059741147401704,0.026613845451668,169,4,A
404,169_P2,0.0,4.488022483698885e-05,0.0,0.0039733772015904,0.0010045643566068,170,4,P
405,169_SCT,0.0,1.3376721431806844e-06,0.0,0.0438344320288564,0.0109589424252499,170,4,P
406,169_H1,0.0,1.0293153735869403e-05,0.0,0.0109395681105489,0.0027374653160712,170,4,P
407,170_H1,0.0,0.0,0.0,0.0002800893825907,7.002234564769157e-05,171,4,P
408,170_P2,0.0,0.0,0.0,0.0002800893825907,7.002234564769157e-05,171,4,P
409,170_SCT,0.0,0.0,0.0,0.0002800893825907,7.002234564769157e-05,171,4,P
410,171_SCT,0.0,8.089119136170156e-06,0.0,0.1006009780859975,0.0251522668012834,172,4,L
411,171_P2,4.184246790828183e-06,4.767943637773978e-06,0.0002056742592228,0.0802486487923532,0.0201158188105011,172,4,L
412,172_SCT,0.0,3.4569940553496084e-05,0.0,0.144680805203221,0.0361788437859436,173,4,V
413,172_P2,4.260095374775119e-05,0.0001045934270779,0.0,0.0790726512534911,0.0198049614085792,173,4,V
414,173_P2,2.773979588255316e-07,0.0,0.0,0.0076372391681903,0.0019093791415372,174,CT/EC,G
415,173_H1,0.0,1.558741311961342e-07,0.0,0.015809790686349,0.00395248664012,174,CT/EC,G
416,173_SCT,0.0,0.0,0.0,0.0930170397581793,0.0232542599395448,174,CT/EC,G
417,175_P2,0.0,0.0005048435367872,0.000152432422435,0.083737683803337,0.0210987399406398,176,CT/EC,S
418,175_H1,0.0001778017758624,0.0003730696340683,5.988291701954178e-05,0.1590470734170778,0.039914456936007,176,CT/EC,S
419,175_SCT,0.0,0.0004122624486737,0.0,0.416050076397983,0.1041155847116642,176,CT/EC,S
420,176_P2,0.0,6.48137068033718e-05,0.0,0.0176755473494535,0.0044350902640642,177,CT/EC,R
421,177_P2,0.0001123351466958,0.00119923855463,0.0002549081521334,0.1608441986943631,0.0406026701369556,178,CT/EC,Y
422,177_H1,0.0001123351466958,0.00119923855463,0.0002549081521334,0.1608441986943631,0.0406026701369556,178,CT/EC,Y
423,178_H1,6.981624756008387e-05,9.908450051871818e-05,7.24498342828869e-05,0.1348619286847512,0.0337758198167782,179,CT/EC,I
424,178_P2,0.0001565865677548,9.137214394932396e-05,5.358782903942254e-05,0.0097049549468186,0.0025016253718905,179,CT/EC,I
425,178_SCT,0.0,0.0,0.0,0.0859322599938385,0.0214830649984596,179,CT/EC,I
426,179_H1,0.0,1.3022585490156732e-06,0.0,0.0186643050980033,0.0046664018391381,180,CT/EC,P
427,179_SCT,0.0,4.208004289383121e-07,0.0,0.0243639920434889,0.0060911032109794,180,CT/EC,P
428,180_SCT,0.0007296160911209,0.0018007278644741,0.0011072494135082,0.2590246748372283,0.0656655670515829,181,CT/EC,E
429,180_P2,1.089856232283637e-05,0.0008839722391061,0.0001698702506946,0.1035837757094154,0.0261621291903847,181,CT/EC,E
430,180_H1,3.94043090636842e-05,0.0010097525149669,0.0016152837133331,0.2573665409175371,0.0650077453637252,181,CT/EC,E
431,181_P2,0.0,5.218158197642598e-08,0.0,0.0049735220339743,0.001243393553889,182,CT/EC,G
432,181_SCT,0.0,0.0,0.0,0.1179304813821978,0.0294826203455494,182,CT/EC,G
433,181_H1,0.0,0.0,0.0,0.0084704919559956,0.0021176229889989,182,CT/EC,G
434,182_SCT,0.0,0.0001265467405263,0.0,0.001587828108694,0.000428593712305,183,CT/EC,M
435,182_H1,0.0,0.0001602793503787,0.0,0.0266313251140158,0.0066979011160986,183,CT/EC,M
436,183_SCT,0.0,3.5783191773558467e-06,0.0,0.3809562907708631,0.0952399672725101,184,CT/EC,Q
437,183_H1,9.33268529479392e-06,1.2074989224990308e-05,0.0,0.1525767676825804,0.038149543839275,184,CT/EC,Q
438,183_P2,0.1311272382736206,0.0799500975978573,0.0543981601404021,0.0468796706248853,0.0780887916591913,184,CT/EC,Q
439,184_H1,8.772954629421292e-07,1.4344935341840893e-05,0.0,0.0648317293990035,0.016211737907452,185,CT/EC,C
440,184_SCT,1.0082316293846816e-05,4.2555025481493705e-06,0.0017586481439929,0.0130416127117997,0.0037036496686586,185,CT/EC,C
441,184_P2,1.039460130414227e-05,7.500989373912796e-06,0.0,0.0224733390512861,0.005622808660491,185,CT/EC,C
442,185_SCT,5.1731976782321e-06,0.0001005841903119,2.453081990624208e-05,0.1007130494969455,0.0252108344262104,186,CT/EC,S
443,185_H1,2.734286681516096e-05,0.0001524184307249,4.8364565833348295e-05,0.1129868575808497,0.0283037458610557,186,CT/EC,S
444,188_SCT,0.0,1.6632570603312755e-06,0.0,0.2168472950005144,0.0542122395643936,189,CT/EC,I
445,188_H1,7.780935447954107e-06,0.0001349463306856,0.0,0.0617624728854932,0.0154763000379067,189,CT/EC,I
446,189_P2,1.988814619835466e-05,1.0199240890561875e-06,0.0,0.0018963055326829,0.0004793034007426,190,CT/EC,D
447,189_SCT,0.0,1.166917754536557e-06,0.0,0.0742771172034149,0.0185695710302923,190,CT/EC,D
448,190_P2,0.0,3.881199047969265e-05,0.0,0.0455849212882551,0.0114059333196837,191,CT/EC,Y
449,190_H1,1.814228653529426e-06,2.5225944332672155e-05,0.0001612034801131,0.0321351583574862,0.0080808505026463,191,CT/EC,Y
450,190_SCT,0.0,1.2941443826175144e-07,0.0,0.0995704741202379,0.024892650883669,191,CT/EC,Y
451,191_H1,0.0,6.2169992402458e-07,0.0,0.010287757706787,0.0025720948516777,192,CT/EC,Y
452,191_P2,0.0,2.447858493360258e-07,0.0,0.005288510798888,0.0013221888961843,192,CT/EC,Y
453,191_SCT,0.0,3.812720164942965e-08,0.0,0.0643446913052103,0.0160861823581029,192,CT/EC,Y
454,192_H1,0.0,3.485948111951543e-05,0.0003359669197502,0.0197599439664795,0.0050326925918373,193,CT/EC,T
455,192_SCT,0.0,1.7456503118081833e-07,0.0,0.1500728955379417,0.0375182675257432,193,CT/EC,T
456,192_P2,3.2234947866527364e-06,2.2418052866595827e-05,0.0,0.026765008533986,0.0066976625204098,193,CT/EC,T
457,193_H1,9.670605322753543e-06,8.432988902771482e-06,0.0,0.0302045516687185,0.007555663815736,194,CT/EC,P
458,193_P2,3.7779889680678025e-05,2.726601080616102e-05,0.0,0.0260289143673497,0.0065234900669591,194,CT/EC,P
459,193_SCT,9.86559025477618e-05,1.1636536355677549e-05,0.0,0.035268769283465,0.0088447654305921,194,CT/EC,P
460,194_SCT,9.911399274642465e-07,8.635133918226502e-06,0.0,0.0552100170828423,0.013804910839172,195,CT/EC,H
461,194_P2,1.5587328334731865e-06,1.4272331596236233e-05,0.0,0.044413435070911,0.0111073165338351,195,CT/EC,H
462,194_H1,3.0682691431138664e-05,5.544617157340172e-05,0.0,0.0370404209448504,0.0092816374519637,195,CT/EC,H
463,195_SCT,3.858223408315098e-06,1.2565493348415796e-05,0.0,0.0529794935301815,0.0132489793117345,196,CT/EC,E
464,195_P2,0.0,4.096994403941604e-05,0.0,0.0433495086093441,0.0108476196383459,196,CT/EC,E
465,195_H1,0.0,9.21156413571843e-05,0.0,0.1133106372416065,0.0283506882207409,196,CT/EC,E
466,196_SCT,6.25544771537534e-07,1.2882729779129835e-06,0.0,0.1081791231295105,0.0270452592368149,197,CT/EC,E
467,196_H1,3.920174549421063e-06,3.609160791690261e-06,0.0,0.0098022188887004,0.0024524370560103,197,CT/EC,E
468,196_P2,3.1709605536889285e-06,1.2095010186441407e-05,0.0,0.0338055600180647,0.0084552064972012,197,CT/EC,E
469,197_SCT,0.0,1.6176662556965972e-05,0.0,0.0133779189085509,0.0033485238927769,198,CT/EC,T
470,197_H1,4.3342411117919255e-06,0.0078191740973388,0.0005523807701389,0.16395101390834,0.0430817257542324,198,CT/EC,T
471,197_P2,0.0,0.0001455796652335,0.0,0.0786384238730761,0.0196960008845774,198,CT/EC,T
472,198_H1,0.0670852288603782,0.0308083639821747,0.0271897938737389,0.0152400398432576,0.0350808566398873,199,CT/EC,N
473,198_P2,3.967277280025883e-06,9.227365925449652e-05,0.0,0.0261512729147391,0.0065618784628184,199,CT/EC,N
474,198_SCT,0.0,2.732355974440894e-05,0.0,0.2127583780444323,0.0531964254010441,199,CT/EC,N
475,199_P2,4.993562470190227e-05,0.0006876007743252,0.0,0.0118438963878855,0.0031453581967281,200,CT/EC,N
476,199_H1,8.772224100539461e-05,0.0006235744589274,8.108785150204592e-05,0.1769195569648738,0.0444279853790771,200,CT/EC,N
477,199_SCT,0.0,4.764059157642323e-05,0.0,0.277890603285237,0.0694845609692033,200,CT/EC,N
478,200_P2,1.2926343515573535e-06,6.728132283830278e-06,0.0,0.0022866279451877,0.0005736621779557,201,CT/EC,E
479,200_H1,0.0001227379107149,1.0185457148672864e-05,0.0,0.1709764055892713,0.0427773322392837,201,CT/EC,E
480,200_SCT,0.0,1.782790254598828e-05,0.0,0.3153181348849468,0.0788339906968732,201,CT/EC,E
481,201_H1,7.207485396065749e-06,0.0001252027541259,4.80325659666609e-05,0.0734608952805356,0.018410334521506,202,CT/EC,S
482,201_P2,0.0,0.0003105533325205,0.0012964701689652,0.018936429246906,0.0051358631870979,202,CT/EC,S
483,201_SCT,3.749726829482825e-06,2.216407331468748e-05,2.185505381699894e-06,0.0327212009449374,0.0081873250626158,202,CT/EC,S
484,202_P2,3.756997557502473e-07,2.9138699912404877e-05,0.0,0.0066589747276032,0.0016721222818178,203,5,F
485,202_H1,3.756997557502473e-07,2.9138699912404877e-05,0.0,0.0066589747276032,0.0016721222818178,203,5,F
486,203_SCT,0.0,1.208538344824077e-07,0.0,0.1708275966749807,0.0427069293822038,204,5,V
487,203_H1,1.4720390026923267e-05,4.227650170995228e-05,0.0,0.0492077060632112,0.012316175738737,204,5,V
488,203_P2,2.0474813027249184e-06,1.9766324759757288e-05,3.956857161777462e-05,0.0016227639246534,0.0004210365755834,204,5,V
489,204_SCT,0.0,1.9039723089736765e-06,0.0,0.2046972339946756,0.0511747844917461,205,5,I
490,204_P2,7.546242954958871e-07,3.117145940096062e-05,0.0,0.085224355287853,0.0213140703428873,205,5,I
491,204_H1,9.80597542366013e-06,0.0001106603511836,0.0012365877601135,0.1502113011511507,0.0378920888094679,205,5,I
492,205_P2,0.0,3.757371529148632e-05,0.000103389651663,0.0366364138990277,0.0091943443164955,206,5,Y
493,205_H1,0.0,0.0001187805162634,0.0,0.0824409532103731,0.0206399334316591,206,5,Y
494,205_SCT,0.0,3.811342091271927e-05,0.0,0.0465167613685251,0.0116387186973594,206,5,Y
495,206_SCT,0.0,0.0002956281146982,0.0,0.7450462672959689,0.1863354738526667,207,5,M
496,206_H1,0.0007434660801663,0.0023022928212697,0.0037683305460664,0.2780420899875069,0.0712140448587523,207,5,M
497,206_P2,7.2128036663343664e-06,0.0003197964353979,7.231718335668969e-05,0.0131954091847404,0.0033986839017903,207,5,M
498,207_H1,0.0115390913560986,0.0061232295827664,0.0323348377910746,0.2261045832351414,0.0690254354912702,208,5,F
499,207_SCT,0.0,0.000183222791604,0.0,0.2381188472622329,0.0595755175134592,208,5,F
500,207_P2,0.0,6.099333408767458e-05,6.435255954773498e-05,0.1377878586694634,0.0344783011407747,208,5,F
501,208_P2,2.290835254825652e-05,8.006362322776125e-05,0.0,0.0176299842671056,0.0044332390607204,209,5,V
502,208_H1,4.011084456578828e-06,8.209049892368674e-05,0.0,0.0271353960265794,0.0068053744024899,209,5,V
503,209_P2,0.0,7.671711399862969e-05,0.0001113336084267,0.0047591741697038,0.0012368062230322,210,5,V
504,209_SCT,0.0,3.449606392632653e-05,0.0,0.3491375701035556,0.0872930165418704,210,5,V
505,209_H1,3.6535584513330832e-06,3.870133631124211e-05,5.983232093864048e-05,0.0639601814461401,0.0160155921654603,210,5,V
506,210_H1,9.945240890374407e-06,4.579901511886763e-05,5.528639775209692e-06,0.081959384659254,0.0205051643887596,211,5,H
507,210_SCT,7.572189133497886e-07,8.293602001123745e-06,0.0,0.0280766958303144,0.0070214366628072,211,5,H
508,210_P2,2.9431878374452936e-06,2.1149637205006133e-05,1.4947955104874648e-05,0.0073959190149429,0.0018587399487725,211,5,H
509,211_H1,0.0,3.645580203405406e-06,0.0,0.051892583077909,0.0129740571645281,212,5,F
510,211_SCT,0.0,1.8399296280189323e-06,0.0,0.0342170928334994,0.0085547331907818,212,5,F
511,211_P2,0.0,7.064191211258146e-07,0.0,0.0046288632333619,0.0011573924131207,212,5,F
512,212_H1,1.8338754671276547e-05,0.0001261959605013,6.494429725780761e-05,0.1796668346836071,0.0449690784240093,213,5,I
513,212_P2,0.0002936531964223,0.0001413965309317,0.0,0.1869853732998568,0.0468551057568027,213,5,I
514,212_SCT,6.462760666181566e-06,7.832594262112498e-06,0.0,0.0563123909388391,0.0140816715734418,213,5,I
515,213_H1,2.1233263396425173e-05,0.0001104635751615,0.0,0.2683515466865452,0.0671208108812758,214,5,I
516,213_P2,8.048055315157399e-05,8.035347808423726e-05,4.694913554298312e-05,0.0164166915438399,0.0041561186776546,214,5,I
517,213_SCT,0.0,1.739620427875191e-05,0.0,0.0801214676493744,0.0200347159634133,214,5,I
518,214_SCT,0.0,2.7791472496235373e-05,0.0,0.0813888055290966,0.0203541492503982,215,5,P
519,215_P2,5.306447746988852e-06,1.1252973119212323e-05,0.0,0.0018561172060416,0.0004681691567269,216,5,L
520,215_SCT,0.0,0.0,0.0,0.0455489920928663,0.0113872480232165,216,5,L
521,216_H1,1.462933505536057e-05,0.000597464334393,0.0012029093788239,0.3244558487433568,0.0815677129479073,217,5,I
522,216_P2,0.000212206330616,0.0013788111381721,0.0021583769892299,0.064404966666984,0.0170385902812505,217,5,I
523,216_SCT,7.230628398247063e-07,7.81106035470521e-05,3.333135558910241e-10,0.0796008677663457,0.0199199254415115,217,5,I
524,217_H1,9.369242616230622e-05,4.952480552428686e-05,0.0011322085303898,0.0430733542294521,0.0110871949978821,218,5,V
525,217_P2,3.5588411265052855e-05,2.1043641745911147e-05,0.0,0.0373813600264839,0.0093594980198737,218,5,V
526,218_SCT,0.0,0.0,0.0,0.0084704919559956,0.0021176229889989,219,5,I
527,218_H1,0.0,2.685747641601035e-06,0.0009409665070183,0.0105719414425461,0.0028788984243015,219,5,I
528,219_H1,2.0576046154019423e-05,2.556999826987538e-05,4.1357957575169253e-07,0.1698237056273117,0.0424675663128278,220,5,F
529,219_P2,2.842432195393485e-06,6.057169339771776e-05,1.1908046393828815e-05,0.0244359022196423,0.0061278060979073,220,5,F
530,219_SCT,0.0,3.564411587329546e-05,0.0,0.1694303116573786,0.0423664889433129,220,5,F
531,220_H1,0.0,1.6569943875135706e-07,0.0,0.087102733188586,0.0217757247220061,221,5,F
532,220_P2,0.0,1.181810971018973e-06,0.0,0.0503118019579787,0.0125782459422374,221,5,F
533,220_SCT,0.0,1.8931969291264537e-06,0.0,0.1440984743751105,0.0360250918930099,221,5,F
534,221_H1,2.4710976731512346e-07,9.022516464038051e-06,0.0,0.0018871788918795,0.0004741121295277,222,5,C
535,221_SCT,0.0,1.0389198792426625e-07,0.0,0.0798151393778385,0.0199538108174566,222,5,C
536,221_P2,0.0,3.772250828555885e-05,0.0,0.0027574137890023,0.0006987840743219,222,5,C
537,222_H1,0.0,1.5225663279648711e-05,0.0,0.012498411403158,0.0031284092666094,223,5,Y
538,223_H1,0.001822126796469,7.615024273366987e-05,0.0039530346677716,0.0100623526217889,0.0039784160821908,224,5,G
539,223_SCT,0.0,1.9506559359093135e-05,6.488830386556604e-05,0.3230858802056632,0.0807925687672219,224,5,G
540,223_P2,0.0002473795902915,6.688366201486399e-05,0.0,0.0638150759743317,0.0160323348066595,224,5,G
541,224_H1,5.404405328590656e-06,2.1695099677310197e-05,0.0,0.0253994056561039,0.0063566262902774,225,CT/EC,Q
542,225_H1,0.0,4.885710182213107e-06,0.0,0.0048340152264462,0.0012097252341571,226,CT/EC,L
543,225_P2,0.0,7.064191211258146e-07,0.0,0.0046288632333619,0.0011573924131207,226,CT/EC,L
544,226_H1,1.3118167316861218e-06,4.116021873085482e-06,0.0,0.0192866893389896,0.0048230292943986,227,CT/EC,V
545,226_P2,2.53100597547018e-06,5.450521654988098e-06,0.0,0.0603355145526377,0.015085874020067,227,CT/EC,V
546,226_SCT,0.0,1.367734229969707e-06,0.0,0.0681675174649508,0.0170422212997951,227,CT/EC,V
547,227_H1,7.22919576219283e-05,0.0013521729488535,0.0017551088914495,0.0998664358887393,0.025761502421666,228,CT/EC,F
548,227_P2,7.339076546486467e-06,0.0001018649840388,0.0,0.0080050550413761,0.0020285647754903,228,CT/EC,F
549,227_SCT,0.0,0.0037342352520582,0.0,0.2336150660193447,0.0593373253178507,228,CT/EC,F
550,228_H1,0.0,1.3674579882837896e-05,0.0,0.1097903611855093,0.027451008941348,229,CT/EC,T
551,229_H1,0.0,1.8867634971118e-05,0.0,0.0058815425754755,0.0014751025526116,230,CT/EC,V
552,229_SCT,0.0,0.0,0.0,0.0486518300786885,0.0121629575196721,230,CT/EC,V
553,229_P2,0.0,2.5899199164092335e-07,0.0,0.012652682904899,0.0031632354742226,230,CT/EC,V
554,230_H1,5.665276034960698e-07,4.553018727089667e-05,0.0,0.1615615686836311,0.0404019163496263,231,CT/EC,K
555,230_SCT,0.0,6.321775780965895e-07,0.0,0.1597211519858777,0.0399304460408639,231,CT/EC,K
556,230_P2,5.411434813140659e-06,9.939781878097137e-05,7.983618709175286e-06,0.0015357891787305,0.0004121455127584,231,CT/EC,K
557,231_SCT,0.0,1.358929303975675e-05,0.0,0.1699688093893816,0.0424955996706053,232,CT/EC,E
558,231_P2,0.0,5.924616321657387e-05,0.0,0.0841807472877296,0.0210599983627365,232,CT/EC,E
559,231_H1,1.1241242958703881e-07,7.578085664254533e-05,9.25120811586758e-05,0.0778198235641438,0.0194970572285936,232,CT/EC,E
560,232_H1,0.0,0.0,0.0,0.0341742981747721,0.008543574543693,233,CT/EC,A
561,232_P2,0.0,6.41273407599237e-06,0.0,0.0003882482576008,9.8665247919211e-05,233,CT/EC,A
562,232_SCT,0.0,5.482010353768843e-06,0.0,0.0201877988778663,0.005048320222055,233,CT/EC,A
563,233_H1,0.0,4.386056657581476e-07,0.0,0.0119271751420489,0.0029819034369286,234,CT/EC,A
564,233_SCT,0.0,4.386056657581476e-07,0.0,0.0119271751420489,0.0029819034369286,234,CT/EC,A
565,233_P2,0.0,4.386056657581476e-07,0.0,0.0119271751420489,0.0029819034369286,234,CT/EC,A
566,234_H1,3.321127337585495e-07,3.183834872410546e-05,0.0,0.1194202235825436,0.0298630985110003,235,CT/EC,A
567,234_SCT,0.0,2.768710697066087e-05,0.0,0.0277795424359876,0.0069518073857395,235,CT/EC,A
568,234_P2,2.8957751396774256e-07,8.203868950199011e-06,0.0,0.0111976348210003,0.0028015320668661,235,CT/EC,A
569,235_H1,0.0,1.5576838740861853e-06,0.0,0.0767370018382235,0.0191846398805243,236,CT/EC,Q
570,235_SCT,0.0,1.4460217224973886e-06,0.0,0.0475652342063023,0.0118916700570062,236,CT/EC,Q
571,235_P2,0.0,9.881068543234512e-05,0.0,0.0207569148962916,0.0052139313954309,236,CT/EC,Q
572,236_H1,0.0,1.4670563887192098e-06,0.0,0.0206807293906121,0.0051705491117502,237,CT/EC,Q
573,236_SCT,0.0,7.115138577278094e-07,0.0,0.04567246163654,0.0114182932875994,237,CT/EC,Q
574,236_P2,0.0,1.4246540886621055e-06,0.0,0.007107608116215,0.0017772581925759,237,CT/EC,Q
575,237_H1,0.0,2.8565725475471132e-05,0.0,0.0381988397998254,0.0095568513813252,238,CT/EC,Q
576,237_SCT,0.0,2.3115735207210505e-06,0.0,0.1146271739999963,0.0286573713933792,238,CT/EC,Q
577,237_P2,0.0,5.666468122502845e-06,0.0,0.0494004436156242,0.0123515275209366,238,CT/EC,Q
578,239_P2,0.0,1.77308232143119e-07,0.0,0.0125353724760586,0.0031338874460727,240,CT/EC,S
579,239_SCT,0.0,8.808671226620475e-06,0.0,0.0525436291095881,0.0131381094452036,240,CT/EC,S
580,239_H1,0.0,1.960371084486877e-07,0.0,0.0295160409647012,0.0073790592504524,240,CT/EC,S
581,240_SCT,0.0,1.4428364597709463e-06,0.0,0.0489051167403444,0.012226639894201,241,CT/EC,A
582,240_P2,0.0,9.103856515628442e-07,0.0,0.0048796665626583,0.0012201442370774,241,CT/EC,A
583,240_H1,0.0,1.4428364597709463e-06,0.0,0.0489051167403444,0.012226639894201,241,CT/EC,A
584,241_H1,0.0,4.825452029896724e-06,0.0,0.0124537677153989,0.0031146482918572,242,CT/EC,T
585,241_SCT,0.0,1.715468462070294e-07,0.0,0.0337879896832968,0.0084470403075357,242,CT/EC,T
586,242_SCT,0.0,2.652076356648703e-07,0.0,0.0015132063452156,0.0003783678882128,243,CT/EC,T
587,242_P2,0.0,2.652076356648703e-07,0.0,0.0015132063452156,0.0003783678882128,243,CT/EC,T
588,242_H1,0.0,2.652076356648703e-07,0.0,0.0015132063452156,0.0003783678882128,243,CT/EC,T
589,243_P2,0.0,3.765060477322228e-07,0.0,0.0051214130565168,0.0012804473906411,244,CT/EC,Q
590,243_H1,0.0,2.3649905690491904e-06,0.0,0.0230246998522683,0.0057567662107093,244,CT/EC,Q
591,243_SCT,0.0,3.5029345798400027e-06,0.0,0.0320699759817732,0.0080183697290882,244,CT/EC,Q
592,244_SCT,0.0,7.786987032525195e-09,0.0,0.0218386536727117,0.0054596653649246,245,CT/EC,K
593,244_P2,0.0,1.694901339303425e-07,0.0,0.0060609444238943,0.001515278478507,245,CT/EC,K
594,247_SCT,0.0001794257404981,2.3662371802269244e-08,0.0,0.2537712063283632,0.0634876639328082,248,CT/EC,K
595,247_H1,2.6114796582987765e-06,1.0596765337779754e-05,0.0,0.010703350702021,0.0026791397367542,248,CT/EC,K
596,247_P2,6.954968512218329e-07,8.392431429252975e-06,0.0,0.0178247763977075,0.004458466081497,248,CT/EC,K
597,248_SCT,0.0,0.0,0.0,0.0084704919559956,0.0021176229889989,249,CT/EC,E
598,248_P2,0.0,1.5178638198129187e-06,0.0,0.003243711988349,0.0008113074630422,249,CT/EC,E
599,249_SCT,0.0,1.6970089683496585e-08,0.0,0.0029523536850329,0.0007380926637806,250,CT/EC,V
600,249_P2,0.0,2.652076356648703e-07,0.0,0.0015132063452156,0.0003783678882128,250,CT/EC,V
601,249_H1,0.0,1.845799927823977e-07,0.0,0.0125208511715108,0.0031302589378759,250,CT/EC,V
602,250_P2,0.0,5.223487323233185e-06,0.0001013610990931,0.0111769106384667,0.0028208738062207,251,CT/EC,T
603,250_SCT,0.0,3.075302847406636e-07,0.0,0.0196346852159601,0.0049087481865612,251,CT/EC,T
604,250_H1,0.0,3.7702266235467103e-06,0.0,0.0168757911080695,0.0042198903336732,251,CT/EC,T
605,251_H1,4.705047558672959e-06,2.936758972098128e-05,0.0,0.1032291675643456,0.0258158100504063,252,CT/EC,R
606,252_P2,0.0,4.741158763911336e-05,0.0,0.0484308643913296,0.0121195689947421,253,6,M
607,252_H1,0.0009271589806303,1.5783266572743813e-05,0.0,0.1017407181075385,0.0256709150886854,253,6,M
608,253_P2,0.0,4.491590627940346e-06,0.0,0.0191744431362826,0.0047947336817276,254,6,V
609,253_SCT,5.98384531258489e-06,1.4182635084729148e-06,0.0,0.0701122079872157,0.0175299025240092,254,6,V
610,253_H1,0.0,1.3316300683818383e-06,0.0,0.0066124507685906,0.0016534455996647,254,6,V
611,254_P2,1.7060167010640725e-05,3.651455532881022e-05,0.0,0.0504196681560148,0.0126183107195885,255,6,I
612,254_H1,1.5039609934319742e-05,5.197984686850145e-05,0.0001826032842047,0.1130617043064614,0.0283278317618672,255,6,I
613,255_P2,9.536182687952532e-07,9.872042995873558e-06,0.0,0.0066807412630932,0.0016728917310894,256,6,I
614,256_SCT,1.241399445461866e-06,2.423483250432148e-06,0.0,0.0298232457382696,0.0074567276552413,257,6,M
615,256_P2,3.6435285437619314e-06,2.5605030001027768e-05,0.0,0.0241999751938569,0.0060573059381004,257,6,M
616,256_H1,4.587204784911592e-06,1.6118338412378697e-05,0.0,0.0809135623038578,0.0202335669617637,257,6,M
617,257_SCT,0.0,7.18048936975887e-05,0.0,0.50948971098709,0.1273903789701969,258,6,V
618,257_H1,1.3612114344141446e-05,5.1901071039808046e-05,0.0,0.0866392970786685,0.0216762025660131,258,6,V
619,257_P2,0.0,1.8528358888595985e-05,0.0,0.0625188709858829,0.0156343498361928,258,6,V
620,258_P2,4.605440153682139e-06,2.973389905441595e-05,0.0,0.0193354948185483,0.0048424585394391,259,6,I
621,258_SCT,1.9305325622553937e-05,8.358714200831204e-06,0.0,0.0677081247169055,0.0169339471891822,259,6,I
622,258_H1,2.152766228391556e-06,4.991150003449119e-05,0.0,0.1641306997767701,0.0410456910107582,259,6,I
623,259_H1,2.531185964471661e-05,6.174341375093653e-06,0.0,0.0517299520611444,0.012940359565541,260,6,A
624,259_SCT,0.0,7.216314641382353e-06,0.0,0.0871230535423328,0.0217825674642435,260,6,A
625,260_H1,0.000256163359154,0.001176763968841,0.0036789033848639,0.747572709718266,0.1881711351077812,261,6,F
626,260_SCT,0.0,0.0,0.0,0.0084704919559956,0.0021176229889989,261,6,F
627,260_P2,0.0028836010023951,0.0007374587208611,0.0004758659934143,0.0420189893332953,0.0115289787624914,261,6,F
628,261_H1,1.3440320572044584e-06,1.4057307439351772e-05,0.0,0.0024588700956932,0.0006185678587974,262,6,L
629,261_P2,0.0,2.8027506325047147e-05,0.0,0.0279590107999807,0.0069967595765764,262,6,L
630,261_SCT,0.0,1.649287663880293e-06,0.0,0.0130192627588398,0.0032552280116259,262,6,L
631,262_P2,4.207354322716128e-07,0.0001531937790275,0.0,0.2004773272889635,0.0501577354508558,263,6,I
632,262_H1,6.871138339192839e-06,4.802276060621299e-05,0.0,0.0500928189559281,0.0125369282137183,263,6,I
633,262_SCT,0.0,2.644100320760199e-05,0.0,0.2000696721848279,0.0500240282970088,263,6,I
634,263_H1,0.0,3.139543555397029e-05,0.000339644070226,0.0555698124021998,0.0139852129769949,264,6,C
635,263_SCT,0.0,7.054972093927168e-05,0.0,0.0886949541014013,0.0221913759555851,264,6,C
636,263_P2,0.0,3.594239454444019e-05,0.0,0.0057064510747789,0.0014355983673308,264,6,C
637,264_P2,0.0001576679787831,0.0003844504543583,0.000104829034527,0.273183878254611,0.0684577064305698,265,6,W
638,264_H1,0.0006183789228089,0.0001012545950737,6.870736580562412e-06,0.0755659761893695,0.0190731201109581,265,6,W
639,265_H1,0.0005619718576781,5.1718970211607934e-05,0.0,0.0618320967341225,0.015611446890503,266,6,L
640,265_SCT,0.0,1.5477875517514753e-05,0.0,0.1003333214334913,0.0250871998272522,266,6,L
641,265_P2,0.0002665685024112,5.678981903206079e-05,0.0,0.1185638790464315,0.0297218093419687,266,6,L
642,268_SCT,4.37160053934349e-07,0.0006318858844209,0.0016058500028109,0.3685765831758008,0.0927036890557716,269,6,A
643,268_P2,0.0008812093874439,0.0014550495433986,0.0037628699705114,0.2912053788197184,0.0743261269302681,269,6,A
644,268_H1,0.000100244564237,0.0004976158182145,0.0011062079273868,0.5008203239673386,0.1256310980692942,269,6,A
645,269_P2,7.806004759913776e-06,3.158715893268909e-05,0.0,0.0931193986913978,0.0232896979637726,270,6,G
646,269_SCT,1.8699093971008551e-06,3.276874052275249e-05,0.0,0.0242064758974637,0.0060602786368459,270,6,G
647,270_H1,0.0013522041263058,0.0084884271543906,0.0098716718220461,0.2722131403051329,0.0729813608519689,271,6,V
648,270_P2,4.973088380211266e-06,1.6913245889685534e-05,0.0,0.0010073626096132,0.0002573122359707,271,6,V
649,270_SCT,3.577240761387657e-07,5.705788755214283e-06,0.0,0.2819550664637564,0.0704902824941469,271,6,V
650,271_SCT,0.0,3.6941210200139e-06,0.0,0.0385115746458571,0.0096288171917192,272,6,A
651,271_H1,4.739355006222468e-07,2.196041304826219e-05,0.0,0.0801345957385096,0.0200392575217646,272,6,A
652,271_P2,0.0,4.299619226642667e-06,0.0,0.0403613679231122,0.0100914168855847,272,6,A
653,272_SCT,1.5129304529182264e-06,8.286571690640348e-06,0.0,0.02360983627115,0.0059049089433234,273,6,F
654,273_H1,4.472733508009696e-06,1.9388072637609497e-05,0.0,0.0986299576562773,0.0246634546156057,274,6,Y
655,273_P2,0.0001456474710721,1.4797139871756097e-05,0.0001177413468261,0.0931497871759002,0.0233569932834175,274,6,Y
656,273_SCT,0.0,1.2041511389263374e-05,0.0,0.0436090983934824,0.0109052849762179,274,6,Y
657,274_H1,0.0003139005566481,5.211939017171792e-05,0.0041708389107553,0.1005274829520865,0.0262660854524154,275,CT/EC,I
658,274_P2,2.2666210497845896e-05,0.0019777513134393,0.0,0.0261784120345536,0.0070447073896226,275,CT/EC,I
659,274_SCT,0.0,5.626915563149535e-06,0.0,0.2779676663453215,0.0694933233152211,275,CT/EC,I
660,275_H1,3.028125865967013e-05,5.737623378691935e-05,0.0,0.0135930315599885,0.0034201722631087,276,CT/EC,F
661,275_SCT,0.0,2.845784221990552e-05,0.0,0.0118153803634343,0.0029609595514135,276,CT/EC,F
662,275_P2,0.0001987684372579,3.1305447186807616e-05,0.0,0.0317992079297759,0.0080073204535551,276,CT/EC,F
663,276_H1,2.9691118470509537e-05,9.975906421833426e-06,0.0,0.002688973444441,0.0006821601173333,277,CT/EC,T
664,276_P2,3.3894363582476217e-07,1.3891945804136832e-05,0.0,0.0455591633925447,0.0113933485704961,277,CT/EC,T
665,276_SCT,2.4275817850138992e-05,4.230131531724052e-06,0.0,0.0686906685655237,0.0171797936287264,277,CT/EC,T
666,277_SCT,0.0,4.566901264080616e-05,0.0,0.0349958303737791,0.0087603748466049,278,CT/EC,H
667,277_P2,0.0001950303412741,1.1489895240234612e-05,0.0,0.0383030929544955,0.0096274032977524,278,CT/EC,H
668,278_SCT,0.0,1.8444128869419e-05,0.0,0.0632798560240115,0.0158245750382202,279,CT/EC,Q
669,278_H1,0.0274972170591354,0.0055428453609651,0.0034377846301189,0.0919308808778721,0.0321021819820229,279,CT/EC,Q
670,278_P2,0.0004766283382195,3.128485711216745e-05,0.0,0.0143453418078399,0.0037133137507929,279,CT/EC,Q
671,279_H1,0.0,3.124403292530532e-05,0.0,0.0361001161488005,0.0090328400454314,280,CT/EC,G
672,279_SCT,0.0,1.6124830007964292e-05,0.0,0.1640475224118842,0.041015911810473,280,CT/EC,G
673,279_P2,0.0,2.401478792012136e-05,0.0002651824243307,0.0803294008045217,0.0201546495041931,280,CT/EC,G
674,280_H1,2.3915355995995924e-05,0.0006295864407183,0.0003019573728177,0.0460205422939124,0.0117440003658611,281,CT/EC,S
675,280_P2,0.0,0.0001616731968861,0.0,0.0806393124521359,0.0202002464122555,281,CT/EC,S
676,280_SCT,0.0,2.3724994942587823e-06,0.0,0.1821033012390998,0.0455264184346485,281,CT/EC,S
677,281_H1,0.0001016896567307,0.0017314412446722,1.5488868051571983e-08,0.0487281881595518,0.0126403336374557,282,CT/EC,D
678,281_SCT,0.0001155978316091,0.0003001898062228,0.0002582449070323,0.0899977587224868,0.0226679478168378,282,CT/EC,D
679,281_P2,2.888509015974705e-06,3.5762204140447934e-05,0.0,0.1190726542824779,0.0297778262489085,282,CT/EC,D
680,282_H1,0.0004083243547938,1.6780019632883022e-06,0.0,0.0664726149387688,0.0167206543238814,283,CT/EC,F
681,282_P2,0.0,1.3704494844999412e-05,0.0,0.014224933076469,0.0035596593928285,283,CT/EC,F
682,282_SCT,0.0,1.863117450159241e-06,0.0,0.2415431334709967,0.0603862491471117,283,CT/EC,F
683,283_H1,0.002675084862858,0.0001376499655796,0.0,0.0119949305873613,0.0037019163539497,284,CT/EC,G
684,283_SCT,0.0,5.1419134332134776e-08,0.0,0.187492779037632,0.0468732076141915,284,CT/EC,G
685,284_SCT,6.70884901410318e-07,6.407729804279275e-06,0.0,0.1189312286314723,0.0297345768115445,285,CT/EC,P
686,284_H1,1.284940844925586e-05,1.6031190598232944e-06,0.0,0.0491380808902936,0.0122881333544506,285,CT/EC,P
687,284_P2,1.5731782696093433e-05,1.880961646548104e-06,0.0001461579380424,0.0809602788824052,0.0202810123911975,285,CT/EC,P
688,285_H1,8.114342563203536e-06,1.8499960062445173e-05,0.0,0.1474811761879148,0.0368769476226351,286,CT/EC,I
689,285_SCT,1.0,1.0,1.0,0.1840506932852609,0.7960126733213152,286,CT/EC,I
690,285_P2,1.1945007827307563e-06,5.624206788569021e-05,0.0,0.0224211992815575,0.0056196589625564,286,CT/EC,I
691,286_SCT,4.362966592452722e-07,3.810886450299315e-05,0.0,0.2479137061357054,0.0619880628242169,287,7,F
692,286_H1,0.0001318712020292,0.000118451131816,0.0006062812212991,0.0744588968337375,0.0188288750972205,287,7,F
693,287_SCT,0.0,1.6192952750421094e-09,0.0,0.0374335882632207,0.009358397470629,288,7,M
694,287_H1,0.0,5.36426744112005e-06,0.0,0.0256601443264076,0.0064163771484622,288,7,M
695,288_SCT,0.0,2.964428700956867e-05,2.650167483050328e-06,0.1406469205088858,0.0351698037408446,289,7,T
696,288_P2,0.0001064318130374,0.000133543615271,0.0001511142709153,0.0677104197151908,0.0170253773536037,289,7,T
697,288_H1,0.0001212273200508,2.2641035396479136e-05,0.0,0.2421264547454587,0.0605675807752265,289,7,T
698,289_SCT,0.0,1.306856868002863e-06,0.0,0.1074630398499756,0.0268660866767109,290,7,I
699,289_H1,2.0682769900304265e-05,4.120000857005462e-05,0.0,0.1308452491462601,0.0327267829811826,290,7,I
700,289_P2,2.0718147197840159e-07,1.2530148516521975e-05,0.0,0.0094397880632516,0.00236313134831,290,7,I
701,290_H1,0.0,2.703835778943264e-05,0.0,0.0148988229781011,0.0037314653339726,291,7,P
702,290_SCT,0.0,7.069550922314458e-05,0.0,0.3241780053455305,0.0810621752136884,291,7,P
703,290_P2,0.0,9.503415252138585e-08,0.0,0.0492356098387118,0.012308926218216,291,7,P
704,291_H1,0.0001665438030613,0.0019588714599191,0.0029811555512656,0.540586383917074,0.13642323868283,292,7,A
705,291_SCT,0.0,0.0011587127033572,0.0003264220102262,0.3598746368403842,0.0903399428884919,292,7,A
706,291_P2,5.1157523557776585e-05,0.0004848624587422,0.0002089659969134,0.0567180760677823,0.0143657655117489,292,7,A
707,292_SCT,0.0,2.6909543697133054e-05,0.0,0.0558251842056049,0.0139630234373255,293,7,F
708,292_H1,4.4709063331538346e-06,3.0716172486679184e-05,7.35685599902382e-05,0.1713271851574264,0.0428589851990591,293,7,F
709,293_SCT,0.0,6.085111048561732e-08,0.0,0.3295408082046654,0.0823852172639439,294,7,F
710,293_P2,0.0,6.49136867708692e-07,0.0006379678629904,0.0785517908380994,0.0197976019594894,294,7,F
711,294_P2,2.9017465408287535e-07,6.8500496205440845e-06,0.0017775930082906,0.0304018071520935,0.0080466350961647,295,7,A
712,294_H1,4.848646494792774e-05,1.1407196391927723e-06,0.0055818733554649,0.0704956154227778,0.0190317789907074,295,7,A
713,294_SCT,1.8948624358472446e-07,5.148194924850011e-06,0.0,0.1884142263414496,0.0471048910056545,295,7,A
714,296_SCT,3.338513579365099e-06,1.4043074354617857e-05,0.0,0.1042433600698999,0.0260651854144584,297,7,T
715,296_H1,6.126106654846808e-06,2.4222108808050877e-05,0.0,0.0221579728701195,0.0055470802713956,297,7,T
716,297_SCT,0.0,2.3682401016033387e-05,0.0,0.0142593959537636,0.0035707695886949,298,7,S
717,297_H1,1.0912573998211885e-05,3.237656414024082e-05,0.0,0.040903874490914,0.0102367909072631,298,7,S
718,298_P2,1.6087871699710377e-05,3.000091661475784e-05,0.0,0.0095941749300366,0.0024100659295877,299,7,A
719,298_SCT,1.3165072232368402e-05,9.567174164305249e-05,0.0,0.1151182719687554,0.0288067771956577,299,7,A
720,299_SCT,0.0,2.868469228754061e-07,0.0,0.2594071485906655,0.0648518588593971,300,7,V
721,299_P2,0.0004094713949598,2.8604964375330327e-05,0.0002786307931338,0.0623512588216693,0.0157669914935345,300,7,V
722,299_H1,1.7055031094059814e-06,2.9157340867026813e-05,0.0,0.0680803826712535,0.0170278113788074,300,7,V
723,300_SCT,0.0,1.6404942595147585e-06,0.0,0.0530767649113415,0.0132696013514002,301,7,Y
724,301_SCT,0.0,3.422204724301559e-09,0.0,0.2347409707528084,0.0586852435437532,302,7,N
725,301_H1,0.0,0.0,0.0,0.0121123602761288,0.0030280900690322,302,7,N
726,301_P2,0.0,0.0,0.0,0.0121123602761288,0.0030280900690322,302,7,N
727,302_P2,0.0,1.1358482523630829e-07,0.0,0.0097324228014851,0.0024331340965776,303,7,P
728,302_H1,0.0,3.7587193875523936e-08,0.0,0.0127291456333608,0.0031822958051386,303,7,P
729,302_SCT,0.0,0.0,0.0,0.0318269020435128,0.0079567255108782,303,7,P
730,303_P2,6.563460033248703e-07,1.6936924678817248e-05,0.0,0.0641329194880557,0.0160376281896844,304,7,V
731,303_SCT,0.0,7.0372658881121e-06,0.0,0.2064639723184931,0.0516177523960953,304,7,V
732,303_H1,1.117255123972427e-06,5.042170804898104e-05,0.0,0.0263121049787249,0.0065909109854744,304,7,V
733,304_H1,0.0,1.834667340106201e-07,0.0,0.0008053663845267,0.0002013874628151,305,7,I
734,304_SCT,0.0,0.0,0.0,0.0084704919559956,0.0021176229889989,305,7,I
735,304_P2,0.0,2.920504157486104e-08,0.0,0.0160193747059646,0.0040048509777515,305,7,I
736,306_H1,2.1257365006022155e-05,7.172621372589652e-06,0.0,0.0293276123899088,0.0073390105940718,307,7,I
737,306_P2,0.0,2.620824203997164e-06,0.0,0.0285610050301555,0.0071409064635898,307,7,I
738,306_SCT,0.0,9.829003729351595e-06,0.0,0.2342778831653044,0.0585719280422584,307,7,I
739,307_H1,2.6985127021816883e-08,1.588087012226637e-05,0.0,0.0144246662930615,0.0036101435370777,308,7,M
740,307_P2,5.647775651596021e-06,1.5327297675135363e-05,4.184720174964377e-06,0.0839713010918776,0.0209991152213448,308,7,M
741,307_SCT,1.117556962526578e-06,1.0356515483848457e-06,0.0,0.0860418932411381,0.0215110116124122,308,7,M
742,308_SCT,0.0,0.0,0.0,0.0489482387083057,0.0122370596770764,309,CT/EC,M
743,308_H1,3.8162877899594605e-05,1.2959895554776574e-05,0.0,0.0177675087235135,0.0044546578742419,309,CT/EC,M
744,308_P2,0.0,9.348217509027048e-06,0.0,0.0252420546914054,0.0063128507272286,309,CT/EC,M
745,309_H1,0.0,0.0,0.0,0.0026428174673994,0.0006607043668498,310,CT/EC,N
746,309_SCT,0.0,0.0,0.0,0.0489482387083057,0.0122370596770764,310,CT/EC,N
747,309_P2,0.0,6.025778693709137e-08,0.0,0.007800014670276,0.0019500187320157,310,CT/EC,N
748,310_SCT,0.0,2.8900817796176265e-06,0.0,0.0310123285856105,0.0077538046668475,311,CT/EC,K
749,310_P2,0.0,8.792336783040684e-06,0.0,0.0066082880680912,0.0016542701012185,311,CT/EC,K
750,310_H1,3.064646807615645e-05,5.278995929220521e-06,0.0,0.0260895908092179,0.0065313790683058,311,CT/EC,K
751,311_H1,0.0,8.210266502469711e-06,0.0,0.0595014196922666,0.0148774074896922,312,CT/EC,Q
752,311_P2,0.0,1.81242556984008e-06,0.0,0.0081739207354011,0.0020439332902427,312,CT/EC,Q
753,311_SCT,0.0,2.652076356648703e-07,0.0,0.0015132063452156,0.0003783678882128,312,CT/EC,Q
754,312_H1,0.0,3.641693072472219e-06,0.0,0.0249990884179782,0.0062506825277626,313,CT/EC,F
755,312_P2,0.0,3.728054827398166e-07,0.0,0.0035011552727386,0.0008753820195553,313,CT/EC,F
756,313_P2,0.0,1.9403218897617677e-05,0.0,0.0085971697941898,0.0021541432532718,314,CT/EC,R
757,313_H1,8.005382596820709e-07,2.7494171165412e-05,0.0,0.0906423946807927,0.0226676723475544,314,CT/EC,R
758,313_SCT,0.0,6.915684101930941e-07,0.0,0.0432317294117985,0.0108081052450521,314,CT/EC,R
759,314_P2,0.0008881283574737,1.150864197966059e-05,0.0,0.031245206071561,0.0080362107677536,315,CT/EC,N
760,314_SCT,0.0,2.7937385825582523e-06,0.0,0.0214637087137959,0.0053666256130946,315,CT/EC,N
761,314_H1,1.2026922377117444e-05,4.6859701022067056e-05,0.0001514171988339,0.0135779263524839,0.0034470575436792,315,CT/EC,N
762,315_P2,0.0,2.587631732210247e-05,0.0,0.0219411615691008,0.0054917594716057,316,CT/EC,C
763,315_H1,0.0,0.0002226600080387,0.0,0.0889178388924606,0.0222851247251248,316,CT/EC,C
764,316_H1,0.0,1.1032793675297285e-05,0.0,0.0707020846166664,0.0176782793525854,317,CT/EC,M
765,316_SCT,0.0,5.8805904169922035e-08,0.0,0.0868905653472266,0.0217226560382826,317,CT/EC,M
766,316_P2,0.0,3.7378291406841306e-06,0.0,0.0124686997992441,0.0031181094070962,317,CT/EC,M
767,317_SCT,0.0,1.7258559468376075e-07,0.0,0.137247942412063,0.0343120287494144,318,CT/EC,V
768,317_P2,0.0001802937622414,5.184535983957452e-05,0.0001264294490453,0.0522329056807206,0.0131478685629617,318,CT/EC,V
769,317_H1,0.000157699745614,0.0001488765727911,0.0005394634215238,0.0091508138680362,0.0024992134019913,318,CT/EC,V
770,318_P2,7.256854814841063e-07,2.271263208501549e-05,0.0,0.0368870469958583,0.0092276213283562,319,CT/EC,T
771,318_H1,1.038638765749056e-05,9.245178082763597e-06,0.0,0.1322174624044557,0.033059273492549,319,CT/EC,T
772,318_SCT,0.0,9.208349376552124e-06,0.0,0.202204127947426,0.0505533340742006,319,CT/EC,T
773,319_P2,0.0,0.0001118757465084,0.0,0.0033469997712444,0.0008647188794382,320,CT/EC,T
774,319_SCT,0.0,4.430648760120663e-05,0.0,0.0393777613062031,0.009855516948451,320,CT/EC,T
775,319_H1,0.0,1.4501848998923971e-05,0.0,0.0078974263610604,0.0019779820525148,320,CT/EC,T
776,320_P2,0.0,6.175178441596953e-06,0.0,0.0002189996338955,5.629370308429326e-05,321,CT/EC,L
777,320_H1,1.8622489506014968e-06,8.791790986706864e-05,0.0,0.0971405661424629,0.0243075865753201,321,CT/EC,L
778,320_SCT,0.0,0.0,0.0,0.1593649306734507,0.0398412326683626,321,CT/EC,L
779,321_P2,0.0,9.586291824347362e-06,0.0,0.0267442742097153,0.0066884651253849,322,CT/EC,C
780,321_SCT,0.0,4.5228136846236296e-05,3.633620239904485e-06,0.0270982789949307,0.0067867851880042,322,CT/EC,C
781,321_H1,6.717340147588402e-05,7.602817386171399e-06,0.0,0.0300511679381512,0.0075314860392533,322,CT/EC,C
782,322_P2,0.0,1.715281504574987e-05,0.0012995863681696,0.0637370326746162,0.0162634429644579,323,CT/EC,C
783,322_H1,2.2757276951779207e-07,7.594969941711818e-07,0.0,0.1352122963812885,0.033803320862763,323,CT/EC,C
784,322_SCT,2.927583011569368e-07,8.835071717767304e-06,5.435883571580415e-06,0.1610695696195716,0.0402710333332905,323,CT/EC,C
785,323_SCT,0.0,5.8114464796927386e-05,3.0728477457390215e-05,0.1446566868633406,0.0361863824513987,324,CT/EC,G
786,323_P2,0.0,3.174070953137888e-06,0.0,0.0067423958317816,0.0016863924756836,324,CT/EC,G
787,323_H1,7.241465937113389e-06,0.0019287601061674,0.0,0.0226229520418502,0.0061397384034887,324,CT/EC,G
788,324_SCT,0.0,3.100217310590002e-06,0.0,0.0195867696723239,0.0048974674724086,325,CT/EC,K
789,324_P2,1.1861765415233094e-05,5.729166004967321e-05,0.0,0.0385629910564273,0.009658036120473,325,CT/EC,K
790,324_H1,4.457143404579256e-06,4.970700029108121e-05,0.0,0.1180050823587747,0.0295148116256176,325,CT/EC,K
791,325_H1,0.0,1.8012039556810928e-05,0.0,0.0916709881964211,0.0229222500589944,327,CT/EC,P
792,325_P2,7.489663403248414e-06,7.850632992456192e-06,0.0,0.0156263243986503,0.0039104161737615,327,CT/EC,P
793,326_SCT,1.6662016832924564e-06,1.7001204871015577e-05,0.0,0.0646959523485144,0.0161786549387671,328,CT/EC,L
794,326_H1,3.5330403989064507e-06,1.571618623998569e-05,0.0,0.0972831624488646,0.0243256029188758,328,CT/EC,L
795,326_P2,1.4089706382947044e-05,1.066751949605778e-05,0.0,0.0550726539158874,0.0137743527854416,328,CT/EC,L
796,327_H1,2.537944737923681e-06,8.916798187903082e-06,0.0,0.109465908126933,0.0273693407174647,329,CT/EC,G
797,327_SCT,1.5872717540332817e-06,2.8428752880642456e-05,0.0,0.1212402303328885,0.0303175615893808,329,CT/EC,G
798,327_P2,0.000655077281408,3.122397887103701e-05,0.0,0.0232079098251946,0.0059735527713684,329,CT/EC,G
799,328_SCT,0.0,2.060945385745715e-06,0.0,0.066195896802865,0.0165494894370627,330,CT/EC,D
800,328_H1,8.305631126859225e-06,0.0003348189925937,0.0,0.1127707508176385,0.0282784688603397,330,CT/EC,D
801,329_P2,0.0,4.959662261801388e-05,0.0,0.0185801702834935,0.0046574417265278,331,CT/EC,D
802,329_SCT,1.0431404007249512e-06,5.304396326467604e-05,0.0,0.1185893738595799,0.0296608652408113,331,CT/EC,D
803,329_H1,0.0001670395431574,4.510489316372069e-05,0.0,0.1706390071095737,0.0427127878864737,331,CT/EC,D
804,330_P2,6.983993444009684e-06,4.774868341831316e-06,0.0,0.0601310735486307,0.0150357081026041,332,CT/EC,E
805,330_H1,9.37688528210856e-05,2.211538059252688e-05,0.0004590797261925,0.0208340151344849,0.0053522447735227,332,CT/EC,E
806,330_SCT,0.0,5.814635250111591e-07,0.0,0.2088122071948703,0.0522031971645988,332,CT/EC,E
807,331_H1,8.9266950453748e-06,4.615970761964372e-05,0.0,0.1874156173504979,0.0468676759382907,333,CT/EC,A
808,331_P2,2.7338010113453493e-06,0.0001269128269396,0.0,0.0511497361633736,0.0128198456978311,333,CT/EC,A
809,331_SCT,0.0001013385699479,4.896764653630156e-05,0.0,0.0563163165673442,0.0141166556959571,333,CT/EC,A
810,332_H1,0.0015707277925685,0.0009551230814452,0.0,0.0507037047794287,0.0133073889133606,334,CT/EC,S
811,332_P2,1.4548270883096848e-05,4.210216457941285e-05,0.0,0.0477383960907575,0.011948761631555,334,CT/EC,S
812,333_H1,1.0435803233121987e-05,1.9572838242907894e-05,0.0003593095123064,0.0350648207657609,0.0088635347298858,NA,NA,-
813,333_SCT,4.2948866507686034e-07,2.5987694845929743e-05,0.0,0.0542106399240877,0.0135592642768996,NA,NA,-
814,334_H1,1.03663505797158e-05,3.707365860983442e-05,0.0,0.0916805386156114,0.0229319946562002,335,CT/EC,T
815,334_SCT,0.0,2.240795960552123e-05,0.0,0.0905442986439925,0.0226416766508995,335,CT/EC,T
816,334_P2,2.324582283108612e-06,7.306728016440617e-05,0.0001793436495662,0.0314269980554679,0.0079204333918704,335,CT/EC,T
817,335_P2,2.7783835321315564e-07,6.77923279247538e-06,0.0,0.0434734363130879,0.0108701233460584,336,CT/EC,T
818,335_SCT,0.0,5.32981705112791e-06,0.0,0.0441001151851183,0.0110263612505423,336,CT/EC,T
819,335_H1,1.6963302869044128e-06,9.87791421314573e-06,0.0,0.1061461150912961,0.026539422333949,336,CT/EC,T
820,336_SCT,0.0,0.0008194491495285,0.0,0.1041978361848072,0.0262543213335839,337,CT/EC,V
821,336_P2,0.0014368314296007,0.0007836881465607,0.0004653911767132,0.0234429173096675,0.0065322070156355,337,CT/EC,V
822,337_P2,4.291696313885041e-06,2.839466755465508e-06,0.0,0.0089153518748502,0.0022306207594799,338,CT/EC,S
823,337_H1,0.0004063694213982,2.5430166217009614e-06,0.0,0.0719724011364833,0.0180953283936258,338,CT/EC,S
824,337_SCT,1.5291901718228471e-06,2.633912007714722e-06,0.0,0.1236919881018258,0.0309240378010013,338,CT/EC,S
825,338_SCT,0.0,9.120736477691551e-06,0.0,0.0449681117152292,0.0112443081129267,339,CT/EC,K
826,338_P2,5.664047785103321e-05,1.2004019212612813e-05,0.0,0.0258841654175202,0.0064882024786459,339,CT/EC,K
827,338_H1,3.443735067776288e-06,1.100870215849276e-05,0.0,0.0782615719436559,0.0195690060952205,339,CT/EC,K
828,339_H1,0.0,0.0001151772016826,0.0,0.0078531533979881,0.0019920826499176,340,CT/EC,T
829,339_P2,1.1978277143498415e-05,3.047890499679227e-06,0.0006151325665351,0.0379008056768429,0.0096327411027553,340,CT/EC,T
830,339_SCT,0.0038680762518197,3.222173395693833e-05,0.0017416951838291,0.1062904625024794,0.0279831139180213,340,CT/EC,T
831,341_H1,5.831382623000536e-06,6.094102117690655e-06,0.0,0.0927887230452719,0.0232001621325031,NA,NA,-
832,341_P2,0.0,7.721360091591464e-06,0.0,0.0270236184522403,0.0067578349530829,NA,NA,-
833,341_SCT,4.767931841342943e-06,5.818079862078048e-07,0.0,0.0393840793510931,0.0098473572727301,NA,NA,-
834,342_SCT,0.0,3.825158502368666e-05,0.0,0.0493777473735203,0.012353999739636,NA,NA,-
835,342_H1,4.335278845246648e-06,2.5751590696921542e-06,0.0,0.0139892301972664,0.0034990351587953,NA,NA,-
836,342_P2,0.0,3.751571179370452e-05,2.0618955561674734e-07,0.0030732857061793,0.0007777519018821,NA,NA,-
837,343_P2,4.67078052679426e-06,0.0001059886133253,0.0,0.0296496888701174,0.0074400870659924,NA,NA,-
838,343_SCT,0.0,3.4513081216255622e-06,0.0,0.0590787558646854,0.0147705517932017,NA,NA,-
839,343_H1,4.780435119755566e-06,0.0002112835576636,2.296585514324754e-06,0.0139561952803319,0.0035436389646574,NA,NA,-
840,344_SCT,0.0,6.992873907685467e-05,4.527222356259325e-08,0.1911953639781119,0.047816334497353,NA,NA,-
841,344_H1,0.0,6.664363182135539e-05,0.0,0.1224629229517329,0.0306323916458885,NA,NA,-
842,344_P2,9.5186351245502e-06,0.0002610919780656,0.0,0.0630938734847959,0.0158411210244965,NA,NA,-
843,345_SCT,0.0,1.5215881563776285e-06,0.0,0.0380389568853503,0.0095101196183766,NA,NA,-
844,345_P2,0.0,8.403675934011056e-06,0.0,0.0235739424460652,0.0058955865304998,NA,NA,-
845,345_H1,2.5050751446542563e-06,7.667359370189565e-06,0.0,0.1586148276983692,0.039656250033221,NA,NA,-
846,346_P2,7.014477159827948e-05,1.110840614763186e-05,0.0,0.0413338391574855,0.0103537730838078,342,CT/EC,T
847,346_H1,2.084398374790908e-06,3.477999537632978e-05,2.6364464445359003e-05,0.0615041748798991,0.0153918509345239,342,CT/EC,T
848,346_SCT,0.0,2.256338943095326e-05,0.0,0.0153869369335725,0.0038523750807508,342,CT/EC,T
849,347_H1,2.007533566938946e-06,8.195059242657885e-06,0.0,0.0865742138639066,0.021646104114179,343,CT/EC,S
850,347_SCT,6.9878747126495e-06,1.854209087376696e-05,0.0,0.0672699781720466,0.0168238770344082,343,CT/EC,S
851,347_P2,0.0,7.379003587587314e-06,0.0,0.013935913812365,0.0034858232039881,343,CT/EC,S
852,348_SCT,0.0,4.005031268050846e-05,0.0,0.1252685973041074,0.0313271619041969,344,CT/EC,Q
853,348_P2,2.924940417869948e-06,2.402729131479499e-05,0.0,0.0629153304681683,0.0157355706749752,344,CT/EC,Q
854,348_H1,1.1500311529744067e-06,1.481686479816464e-05,0.0,0.0666856573186455,0.0166754060536491,344,CT/EC,Q
855,349_SCT,0.0,2.0257756315707723e-06,0.0,0.0363647925655669,0.0090917045852996,345,CT/EC,V
856,349_P2,0.0,2.0257756315707723e-06,0.0,0.0363647925655669,0.0090917045852996,345,CT/EC,V
857,349_H1,0.0,4.359705389897166e-06,0.0,0.1080129352699228,0.0270043237438281,345,CT/EC,V
858,350_SCT,1.292549654863251e-06,4.28676846314391e-05,0.0,0.1414589415837495,0.0353757754545089,346,CT/EC,A
859,350_H1,1.641422500142653e-06,9.111722638814649e-05,0.0,0.1111298923184982,0.0278056627418466,346,CT/EC,A
860,351_P2,0.0,3.928769659009579e-07,0.0,0.0311225660772223,0.007780739738547,347,CT/EC,P
861,351_H1,0.0,4.181397303502104e-07,0.0,0.0664719502921025,0.0166180921079582,347,CT/EC,P
862,351_SCT,0.0,2.821286601168414e-06,0.0,0.0750322961260647,0.0187587793531664,347,CT/EC,P
863,352_SCT,0.0,1.8561676554298235e-05,0.0,0.1244539759481781,0.0311181344061831,348,CT/EC,A
864,352_H1,6.593614330085984e-07,0.0001308371612611,0.0001180119883313,0.0221727488250458,0.0056055643340178,348,CT/EC,A
865,352_P2,9.55467953644984e-07,1.0731626610877277e-05,0.0,0.030516046072759,0.0076319332918308,348,CT/EC,A
