feature,gbr,rf,xgb,BayesianRidge,mean
1,4.6798967716800625e-06,0.0004481033284883536,2.261868985442561e-06,0.10319827284623197,0.02591332948511936
2,3.4750485909560178e-06,5.46843552494982e-05,7.972662388056051e-06,0.11118147169315794,0.02781190093984661
3,5.429005664348138e-05,0.00014886396905589242,1.1267178706475534e-05,0.23842871435457783,0.05966078388974592
4,7.480908535134475e-05,9.861945741542716e-05,2.3619673811481334e-05,0.06475517104802636,0.016238054816151152
5,0.0,9.57585180010937e-05,4.911935320706107e-06,0.017540704721265593,0.0044103437936468485
6,8.04358078171081e-05,1.7279765859773435e-05,1.1225115486013237e-05,0.13151237211036793,0.032905328199882705
7,5.6619626189306246e-05,2.1380745263858186e-05,4.052075837535085e-06,0.10789978548462092,0.026995459482977907
8,8.594046339745203e-06,0.00015614177520049467,6.840473361080512e-06,0.05264308909150784,0.01320366634660229
9,1.0060668378039902e-06,0.00014210798929218676,7.411212209262885e-06,0.0925862492799316,0.023184193637067713
10,0.0,0.00013347580469464716,0.00012239602801855654,0.10957804107455284,0.02745847822681651
11,1.3029987950697527e-05,6.194700411138546e-05,4.34865842180443e-06,0.05887986862067011,0.014739798567788499
12,1.0087593199440434e-05,0.00449956251993802,9.912837128922547e-08,0.19906225602506084,0.05089300131664239
13,4.2373563481358504e-06,0.0010783847388905143,3.620054940256523e-06,0.050418845483939885,0.012876271908529698
14,1.8279242947700518e-06,0.00013007200667900282,2.8070844564354047e-06,0.05172174377666635,0.01296411269802414
15,0.0,4.977524837635505e-05,1.5900044672889635e-05,0.1775072759679203,0.04439323781524238
16,0.00016603084466831436,8.126720826054776e-05,5.968056029814761e-06,0.17458515328295493,0.0437096048479784
17,0.0,2.5672688142689876e-05,1.882459946500603e-05,0.19580652267375015,0.04896275499033946
18,0.0,4.898623843786601e-05,0.00629969360306859,0.10037284282132002,0.02668038066570662
19,0.0,6.204116007771286e-05,5.062386208010139e-07,0.0915943161368724,0.022914215883892728
20,1.2347567787671744e-06,6.162145060316354e-06,3.626121178967878e-05,0.06730728229407303,0.016837735101925447
21,1.6723710169203045e-05,3.8063540730416285e-05,9.566709195496514e-06,0.09517339399770372,0.02380943698944971
22,4.346023123471877e-05,0.0002631010620794872,2.115156894433312e-05,0.021564283802986098,0.005472999166311159
23,0.0,0.0,0.0,0.0,0.0
24,0.0,1.3097231045595767e-05,5.6114092927828096e-08,0.2961899955719235,0.0740507872292655
25,0.0,7.894664315720543e-05,6.61858848616248e-06,0.12224776850157598,0.030583333433304837
26,0.0,0.0014705402289907495,1.998216703213984e-06,0.08800162303612272,0.02236854037045417
27,3.227273231749823e-05,0.00016045768609922558,3.968354576500133e-06,0.11108301827901655,0.027819929263002443
28,0.0,0.005097380795045555,0.0,0.06926698598718736,0.01859109169555823
29,3.203103358686685e-05,3.2523610686095687e-05,5.791698185930727e-06,0.11040863211160741,0.027619744613516576
30,0.0,0.00013772239855155537,1.0584132724034134e-05,0.2491520123516459,0.06232507972073038
31,0.021043554217377622,0.00013083502764816996,2.9984691991558066e-06,0.03381909825448971,0.013749121492178665
32,0.0,4.210117237663348e-05,7.748702955723274e-06,0.10480570975944849,0.02621388990869521
33,0.00010965322561020172,0.00018587460445820554,0.00019679013348650187,0.13980235817818243,0.03507366903543434
34,8.420375416849448e-06,8.027630595955259e-05,2.1013429432059638e-05,0.1252208751873926,0.03133264632455027
35,4.884052883476038e-05,1.622613406066493e-05,1.4320025343295129e-07,0.15877715595310296,0.03971059145406296
36,8.511594385444318e-06,0.00012584096796414902,2.244499046355486e-05,0.1806023004281751,0.04518977449524706
37,0.0007092807735428067,0.00012356791739920501,2.84138568531489e-05,0.019349915698683967,0.005052794561619782
38,3.6127718725222995e-05,0.00026619864969563945,1.7400387150701135e-05,0.12013770564053426,0.030114358099026458
39,6.0979888542937104e-05,0.00016923220203657162,8.305158189614303e-06,0.19532681145481295,0.048891332175895516
40,4.003832158088592e-05,7.707848292994706e-05,9.606739013179322e-07,0.128206316539808,0.03208109850455503
41,0.0002567023160368975,8.789864576329885e-05,2.944643347291276e-05,0.2590823740819551,0.06486410536930706
42,0.0003006389738006061,0.0002748345879819731,2.7705496904673055e-05,0.12141704768971123,0.030505056687099623
43,0.0,0.004784862310356388,1.4069584386433576e-09,0.070342931729946,0.01878194886181521
44,0.0,0.0,0.0,0.0,0.0
45,0.0,0.006664285014641126,0.10250341892242432,0.14262183235366954,0.06294738407268374
46,0.00021333368309294054,0.00013276608885408192,2.6598972908686846e-05,0.0506693224927316,0.012760505309396828
47,0.0,5.3850525527910734e-05,7.25772167697869e-07,0.10025500352155371,0.02507739495481233
48,7.584953311093428e-05,0.00013490379983054258,0.00012180748308310285,0.11736876802144385,0.029425332209367105
49,8.82804271986556e-05,0.00014141208846178772,9.636799404688645e-06,0.20022991482173044,0.05011731103419889
50,0.00022808686693283648,0.00020909466398445967,4.865770461037755e-05,0.048510746129348796,0.012249146341219118
51,0.0,9.095368498520399e-08,0.0,0.016008247195258802,0.004002084537235947
52,0.0,0.00014330072696296423,4.688887202064507e-06,0.10848085474027898,0.027157211088611
53,0.0,0.00011556884403305082,0.00027444266015663743,0.12426199232477067,0.03116300095724009
54,0.0,0.0025513136872038432,3.127006709124913e-10,0.184651957896966,0.04680081797421763
55,0.0,0.0,0.0,0.0,0.0
56,3.3406372385224034e-05,0.00018695518256671526,7.173517224146053e-05,0.05540576898933186,0.013924466429131315
57,0.0,0.00032109076010976273,0.0001008766412269324,0.26207490870392863,0.06562421902631634
58,0.0,0.0,0.0,0.0,0.0
59,0.0005720496488449215,0.0002534579152960902,8.088071626843885e-05,0.12464702909805088,0.03138835434461508
60,9.44754166734508e-05,9.159654203419107e-05,2.033131204370875e-05,0.11019189863160515,0.027599575475589125
61,0.0,7.795916746363606e-06,0.0,0.2679192469086356,0.0669817607063455
62,0.0,0.0,0.0,0.0,0.0
63,0.00010972367857623937,0.00014412284993833526,8.09336324891774e-06,0.19868136402899755,0.04973582598019026
64,0.0,0.0,0.0,0.0,0.0
65,8.601256637132682e-06,0.00012981047933691421,0.00015644646191503853,0.08901779652119596,0.02232816367977126
66,0.0,0.0,0.0,0.0,0.0
67,0.0,0.0,0.0,0.0,0.0
68,0.0,0.0,0.0,0.0,0.0
69,0.0,2.4309721485518163e-05,1.797205300135829e-06,0.08184956768212552,0.020468918652227795
70,1.5516820403954605e-05,0.00016965716838237196,1.287272084482538e-07,0.1215870459955912,0.030443087177896493
71,0.0,0.0,0.0,0.0716256625124129,0.017906415628103224
72,0.0,0.0,0.0,0.0,0.0
73,0.0,0.0,0.0,0.0,0.0
74,1.8555667205670027e-05,0.0025817150249028004,1.7659603201991558e-07,0.04017914187654476,0.010694897291171313
75,0.0,0.0,0.0,0.0,0.0
76,0.0,0.0,0.0,0.0,0.0
77,0.0,4.0986241170531926e-05,0.005607315339148045,0.21105117888580788,0.05417487011653161
78,0.0,0.0,0.0,0.0,0.0
79,0.0,4.615774217804886e-05,3.781543966852041e-07,0.22858658023354703,0.05715827903253044
80,0.0,3.720554835479243e-05,0.0005775559693574905,0.1346709475257869,0.033821427260874795
81,5.748897709047345e-06,0.0004546437991087906,7.770383490424138e-06,0.1909721370073026,0.04786007502190271
82,0.0,2.3726671226260246e-05,1.9005428839591332e-05,0.10225424776050429,0.025574244965142535
83,4.412402270639307e-05,0.00012421269647600578,6.115291034802794e-05,0.2618302413511776,0.065514932745177
84,0.002424965379690048,0.0016523301676484219,0.00010042101348517463,0.26123570814460273,0.0663533561763566
85,5.92742999679472e-05,0.00011752480635336298,6.259630026761442e-06,0.1248408021538243,0.03125596522254309
86,0.050785063540244375,0.06151654814767317,0.015672458335757256,0.6758104042491546,0.20094611856820735
87,4.261177771854493e-05,0.0013013793604066482,1.4303166608442552e-05,0.12538469428407584,0.03168574714720237
88,8.427384322217105e-05,0.000125794735124145,5.757195140176918e-06,0.08325135730666681,0.020866795770038325
89,5.6677089839074995e-05,9.949003488760754e-05,1.2499924196163192e-05,0.2085761940110268,0.052186215264987415
90,0.0,0.0023722551038607245,0.006089169066399336,0.6044064498415077,0.15321696850294195
91,0.00015318642549262348,0.0005720695898772348,0.0004018641193397343,0.3394760518079145,0.08515079298565603
92,0.0,0.0001955665723615952,2.563987209214247e-07,0.3703294108852052,0.09263130846407193
93,0.001120118266720719,0.00010161824158597733,0.00019050296396017075,0.2649318094794832,0.06658601223793752
94,0.0008093888526787477,0.00035397577122605467,0.0004173271590843797,0.15143381299970674,0.038253626195673976
95,0.000699061658877497,0.0001606306039591075,3.56035670847632e-05,0.12807670775489258,0.03224300089620349
96,0.003929210938396593,0.005193821044288991,0.0024965812917798758,0.21542705041181204,0.05676166592156937
97,0.0005834351867151845,9.618280334073941e-05,0.0006715996423736215,0.25355115042531634,0.06372559201443648
98,0.002339256745990081,0.00220706343398737,2.564785972936079e-06,0.058437559150931545,0.015746611029220484
99,2.8142737698734072e-05,0.00023059345076518553,0.00012705590052064508,0.17310077327357445,0.043371641340639755
100,0.00033507907561683984,0.00010921647839994404,3.7514259020099416e-05,0.17290262240389906,0.04334610805423399
101,0.0,5.4866539900035066e-05,1.510338620391849e-06,0.034953108587020866,0.008752371366385323
102,0.0,0.0,0.0,0.0,0.0
103,0.0,4.357166709153229e-06,3.4355994671386725e-07,0.17831879467612502,0.04458087385069522
104,6.453137093246448e-05,7.760191434431457e-05,0.00014675618149340153,0.22532658333291936,0.05640386819992239
105,9.089009253798394e-05,0.00020371702564111018,2.1317322534741834e-05,0.18413330160665367,0.04611230651184188
106,0.0,0.0,0.0,0.0,0.0
107,0.0024001899963293203,0.004232662496593782,0.042661670595407486,0.13500185736273065,0.046074095112765306
108,3.7533180891389075e-06,0.0029141312462136635,3.398733679205179e-05,0.07403519381251583,0.019246766428402673
109,1.9530573382607285e-05,3.598104212280476e-05,1.2110926036257297e-05,0.15387799912187958,0.03848640541585531
110,0.0,0.0,0.0,0.0,0.0
111,1.904067394951297e-05,0.00015772405918274422,0.00016620839596726,0.1987986163103179,0.04978539735985435
112,0.0001705813965168692,0.00038395855290042146,5.6118671636795625e-05,0.14249863327272438,0.03577732297344462
113,0.0,0.0,0.0,0.0,0.0
114,0.000469607406941781,0.00036719794241357306,7.108601130312309e-05,0.15051834305219766,0.03785655860321403
115,0.0,0.00019270758063247222,1.1524373803695198e-05,0.18409568438587667,0.04607497908507821
116,0.0006576066290002205,0.001633224358378181,0.0011644103797152638,0.23751448641859976,0.060242431946423355
117,0.0,1.720211048218872e-05,3.700178467624937e-06,0.24062204663210554,0.06016073723026384
118,0.0,2.1973948368391703e-05,3.6528188502416015e-05,0.21394624492591643,0.05350118676569681
119,0.0026561434159989936,0.0021878416984579536,0.0004249847261235118,0.24746791566275372,0.06318422137583354
120,0.0,1.6386579109246323e-06,0.0,0.006430514469445403,0.0016080382818390818
121,0.0,0.0,0.0,0.0,0.0
122,0.0,7.636707168552706e-06,2.687441380544442e-10,0.16075270409208792,0.04019008526700015
123,0.0005293452002908075,0.00028829125997932445,3.897260103258304e-05,0.1194878326006933,0.030086110415499006
124,0.0015898215299262487,0.0005748954924586523,0.0005746135720983148,0.18637310731330717,0.0472781094769476
125,0.0,9.395291680561646e-07,2.2754684323444963e-06,0.24982198294563002,0.0624562994858076
126,0.0,0.0,0.0,0.0,0.0
127,0.0,0.0,0.0,0.0,0.0
128,0.0,0.0,0.0,0.0,0.0
129,4.423337481273009e-05,2.5397568014926152e-05,0.00015718533541075885,0.2335626223540137,0.05844735965806303
130,5.8153123296511114e-05,6.520415910408742e-05,3.5571425542002544e-05,0.0565947407353449,0.014188417360821876
131,0.0,0.0001322844935966436,4.315584010328166e-05,0.12045540648150067,0.03015771170380015
132,0.0,0.00014080362347675276,4.4448643166106194e-06,0.06595907484924603,0.016526080834259847
133,0.0,0.0026504679423171957,2.442118784529157e-06,0.03685660481293478,0.009877378718509126
134,0.0,0.0,0.0,0.0,0.0
135,0.0,0.0,0.0,0.0,0.0
136,0.0,2.0013405708565182e-05,3.2575633301945572e-09,0.10158661118943739,0.02540165696317732
137,0.0,0.00014728749250265713,1.8789879732139525e-06,0.21261743569481528,0.053191650543822785
138,0.0,0.0,0.0,0.0,0.0
139,0.0,0.0002121939824305123,9.420758942724206e-06,0.02684830259980041,0.006767479335293412
140,0.0,0.0,0.0,0.0,0.0
141,0.0,0.0,0.0,0.0,0.0
142,0.0,0.0,0.0,0.0,0.0
143,0.0,3.8170278989423864e-05,1.020912236526783e-06,0.0942957663729619,0.02358373939104696
144,0.0,7.32947676843911e-05,3.253800969105214e-05,0.06941918329769951,0.01738125401876874
145,0.0,0.0001571429563714157,1.805847932700999e-05,0.15065443175010487,0.03770740829645083
146,0.0,1.3726065707757983e-05,1.7669785279395e-07,0.09689746124476402,0.024227841002081144
147,0.0018806712325796849,0.00018362954906825268,5.892883928027004e-05,0.056317765450273005,0.014610248767800304
148,0.0,0.0,0.0,0.0,0.0
149,7.816999403352868e-05,0.00020693761862107204,9.535935532767326e-05,0.14438497261302125,0.03619135989525088
150,8.319805931075566e-05,0.0012174810407819025,5.201267867960269e-06,0.14991970165698723,0.03780639550623696
151,0.0003444693224388361,0.0002598516422667679,7.905647180450615e-06,0.11352855156656476,0.028535194544612702
152,0.0004020252190578153,0.00013434010148005205,0.0002863348345272243,0.13524859175545925,0.03401782297763108
153,0.0,0.0024093755580463744,0.001534385490231216,0.4853652605305238,0.12232725539470035
154,8.015494483998446e-05,0.0001307034307465011,4.484145847527543e-06,0.17266346648100386,0.04321970225060947
155,0.00014121211027089015,8.045634522328383e-05,5.40787550562527e-05,0.1325273095330694,0.03320076418590496
156,0.0,2.4901681898491385e-05,4.27247037748657e-08,0.15373872639296443,0.03844091769989168
157,0.0,1.568917873315001e-05,1.9373110262677073e-05,0.08757858537216637,0.02190341191529055
158,9.442592391186076e-05,0.00021659963740461394,5.2209183195373043e-05,0.09261299207624107,0.02324405670518823
159,5.378798042510801e-05,0.00011164519479798997,2.1904019376961514e-05,0.13132678194845873,0.0328785297857647
160,3.392725913923965e-05,4.976685168163147e-05,6.841494177933782e-05,0.08650528624241323,0.02166434882375336
161,0.0,0.0,0.0,0.0,0.0
162,0.0001872733635425914,0.00045458380089420403,2.431144821457565e-05,0.043279487258257816,0.010986413967727296
163,8.054877136236876e-06,0.0010474588563861174,1.53394182689226e-06,0.13383121134135476,0.033722064754176
164,0.03827436571853828,0.0009244126230269262,0.0011258060112595558,0.314872034666654,0.08879915475486969
165,0.00019817316604615981,0.00020886235217636355,3.052310785278678e-05,0.24318232084903343,0.060904969868777185
166,1.31542902312701e-05,6.335085738797268e-05,9.291290552937426e-06,0.2306622745963373,0.057687017758627376
167,0.0,0.002026707851152589,0.0,0.030194310075332617,0.008055254481621301
168,0.0005720239127627993,0.00033180966353403357,2.1596313217742136e-06,0.15846183592534505,0.039841957283240914
169,2.6563749444681213e-05,0.00021856561073105142,3.8975311326794326e-05,0.15982936921596294,0.04002836847186637
170,0.0,0.0,0.0,0.0,0.0
171,0.0,0.0,0.0,0.0,0.0
172,0.0,4.828886931033332e-05,1.4622273738496006e-05,0.05282089709425978,0.013220952059327152
173,0.0,0.0,0.0,0.0,0.0
174,0.0,0.0,0.0,0.0,0.0
175,0.0,0.0,0.0,0.0,0.0
176,0.0,0.0,0.0,0.0,0.0
177,0.0,0.0,0.0,0.0,0.0
178,0.003931350806153269,0.0021074692526598256,0.0007452996796928346,0.591245940132907,0.14950751496785322
179,0.0,0.002558936013586392,3.3265088859479874e-05,0.09152322462563883,0.023528856432021177
180,0.0,0.0,0.0,0.0,0.0
181,0.23450476457839448,0.3863899851296069,0.295034259557724,1.0,0.4789822523164313
182,0.0,0.0,0.0,0.0,0.0
183,0.0,0.0004623523125160743,0.0001488537818659097,0.01164816202275088,0.003064842029283216
184,0.0,0.002551664127166078,0.0,0.037526653606276605,0.010019579433360671
185,0.0,4.736654954500294e-05,0.0,0.22681703791058053,0.056716101115031385
186,0.0,2.2488436482181777e-05,3.089676101808436e-05,0.15576441399697208,0.038954449798618083
187,0.0,0.0,0.0,0.0,0.0
188,0.0,0.0,0.0,0.0,0.0
189,0.0,9.257245937636824e-05,6.315348855423508e-06,0.15012509655337974,0.03755599609040288
190,0.0,0.0,0.0,0.0,0.0
191,1.0,1.0,1.0,0.0932474248576524,0.7733118562144131
192,0.0,0.005097380795045555,0.0,0.06926698598718736,0.01859109169555823
193,0.0,1.1568261828594745e-05,1.1836911006923856e-08,0.20920918770384567,0.05230519195064632
194,2.668323168867876e-06,2.3075215786377104e-05,4.697594704339281e-05,0.09025388735875921,0.022581651711189463
195,0.0023254917988055307,0.0016211251342664473,0.00030894653173163533,0.15993976675635924,0.04104883255529071
196,0.0,2.3310984827819825e-05,2.81989650829928e-06,0.09086659905998515,0.022723182485330316
197,0.0,2.65249559947439e-05,3.7240920391923282e-06,0.09655370924297291,0.02414598957275171
198,0.0,0.0013630650015168796,1.5804711438249797e-05,0.1325744714897002,0.03348833530066383
199,0.00044047249653388375,0.0009350766093292946,1.5846947007958079e-06,0.1903208106339299,0.04792448610862347
200,0.0,2.5098281408435477e-05,5.286996156428359e-07,0.1552291560499618,0.038813695757746465
201,0.0,0.00011942557466187687,1.2175424672022928e-05,0.06571665164338267,0.016462063160679143
202,0.0,6.3543043412369065e-06,3.003314361649245e-07,0.36506613908294894,0.09126819842968159
203,0.0012157057446418095,0.0007924973077706683,0.0003202258958481252,0.1323815959962218,0.0336775062361206
204,6.124094927331087e-05,0.0002931597220820763,0.00011187414929736406,0.21941713090699172,0.05497085143191112
205,0.002508599279511122,0.0007260656817779158,9.873395902104676e-05,0.14613506960877773,0.037367117132271956
206,3.329092591557392e-05,0.00032335059874251447,1.175356032945274e-06,0.09300182561027225,0.02333991062274082
207,0.0005013747614688093,0.00033393894900953034,0.0011403687531128526,0.1172399996479937,0.02980392052789622
208,0.00019991259887654962,0.00011969884232857116,0.0004224049625918269,0.07013166139137227,0.017718419448792305
209,0.0,0.00040391800465489774,6.252646016946528e-06,0.06212051041750948,0.01563267026704533
210,0.0,4.668457757930519e-05,7.008041575318202e-05,0.05125953366655387,0.012844074664971589
211,0.0,4.173393565699627e-05,0.0,0.037964376724618706,0.009501527665068926
212,0.0,4.204921154545853e-06,0.0,0.11325147693080206,0.028313920462989153
213,0.0011442663227611547,0.0005005718871028558,0.00012954544217791408,0.16246885565803248,0.0410608098275186
214,4.648092691778769e-06,0.00014572223554918276,2.0345230950624682e-05,0.11804538401827497,0.029554024894366638
215,0.0,0.0,0.0,0.0,0.0
216,0.00025914333647719407,0.00048792090934140093,0.0026324880309402943,0.22103847799108184,0.056104507566960185
217,0.0004344798170154971,0.00020503563138245034,1.377949502057163e-05,0.19656406385834854,0.04930433970044176
218,7.345365470144915e-06,0.0004205937835448271,1.3228925126895774e-05,0.03498549433858754,0.008856665603182351
219,0.0,2.1994586190120715e-05,2.2781325696996646e-06,0.051262397529203425,0.012821667561990812
220,0.0,7.097285281845375e-05,1.04856337657111e-06,0.023135837902298867,0.005801964829623473
221,0.0,8.112697370245765e-05,5.207911324411896e-10,0.010442900175453717,0.002631006917486827
222,0.0,4.997673352535584e-05,4.6626462690824155e-09,0.08282817756053679,0.020719539739177104
223,0.0,0.0,0.0,0.0,0.0
224,0.0016219040883831638,8.126900453173128e-05,7.235083467094228e-05,0.2656885130584311,0.06686600924650424
225,0.00010135527739441478,4.272326319061431e-05,2.495368107702234e-06,0.18089127488089032,0.04525946219739577
226,0.0,2.474803464759121e-06,0.0,0.03832054185069921,0.009580754163540994
227,0.0,3.018072979536113e-05,4.595469363266602e-06,0.07151695538172295,0.017887932895220397
228,0.0001943590305199478,0.00015289257855439424,0.00019234769570175558,0.18305011491214676,0.045897428554230714
229,0.0,0.0,0.0,0.0,0.0
230,0.0,7.66801925185094e-06,2.294441436845318e-08,0.05101177690392843,0.012754866966898662
231,5.2070868573869927e-05,0.0006740657798936468,3.83876176783815e-05,0.14007302094862376,0.035209386303692414
232,0.0004039718412327844,2.8974896817669048e-05,4.677632503558016e-09,0.180180870981435,0.04515345559927949
233,0.0,1.0939309417179327e-05,9.338232302980032e-06,0.01897365338194479,0.004748482730916237
234,0.0,0.0,0.0,0.0,0.0
235,0.0,9.597773632791591e-05,9.138789209828246e-06,0.07082244826160877,0.01773189119678663
236,0.0,1.8101681356471208e-05,0.00029278098372742534,0.27309785136161485,0.06835218350667469
237,0.0,0.0,0.0,0.0,0.0
238,1.413534479519621e-05,0.00767714917908421,9.440688700124156e-06,0.17076286844335228,0.04461589841398295
239,0.0,3.908248962417237e-06,0.0,0.10156361378909073,0.025391880509513288
240,0.0,0.0,0.0,0.0,0.0
241,3.1913178896655455e-05,3.740438026547014e-05,0.00011889083543792367,0.149286300202478,0.03736862714926951
242,0.0,0.0003897834677360796,5.991098817048623e-08,0.0029567389501282825,0.0008366455822131332
243,0.0,0.0,0.0,0.0,0.0
244,0.0,0.0,0.0,0.0,0.0
245,0.0,2.0415833327830906e-06,2.1994825146975927e-05,0.044606096313486804,0.011157533180491641
246,0.0,0.0,0.0,0.0,0.0
247,0.0,0.0,0.0,0.0,0.0
248,0.00021292397886071783,9.461079944516228e-05,3.651852239272557e-05,0.03554385393457042,0.008971976808817258
249,0.0,0.0,0.0,0.0,0.0
250,0.0,0.0,0.0,0.0,0.0
251,4.471074107940633e-05,5.7811152404967735e-05,4.173037268628832e-06,0.16174542538613326,0.040463030079221564
252,0.0,0.00016813218000878298,0.0,0.2833021001262484,0.0708675580765643
253,0.0,0.0,0.0,0.0,0.0
254,0.0,3.2564877776378934e-06,0.0,0.05751732675059866,0.014380145809594074
255,0.00027282520541314437,5.6176461762527174e-05,3.087820061864477e-07,0.09971808934949286,0.02501184994966868
256,0.0,7.303048127580514e-05,1.3923458027420565e-05,0.1100585124518971,0.02753636659780008
257,0.0,0.0,0.0,0.0,0.0
258,0.0,1.2728170423321823e-05,1.167626123788068e-06,0.20610500833065729,0.0515297260318011
259,0.00024025904821799442,0.00020512255609255885,5.23899907420855e-05,0.08618930196384303,0.021671768389723917
260,0.0,4.037799467566606e-05,3.9684061903244583e-07,0.1448854106345117,0.0362315463674516
261,0.020368591943292037,0.008388098899733855,0.0023345837835222483,0.843156184099039,0.2185618646813968
262,0.0004330943244508707,8.43734278884182e-05,2.9455644835252315e-05,0.2708265935628491,0.06784337924000591
263,2.5141972127867143e-05,0.00014085165581836917,5.308624167810194e-06,0.08468385678251548,0.021213789758657384
264,0.0,0.00024845546037288095,8.018370749596215e-07,0.328127690010423,0.08209423682696772
265,0.1305847481896564,0.07165678096200712,0.11493188142776489,0.3711239121608785,0.17207433068507672
266,0.0002566923620050028,0.001325348150856761,5.549964407691732e-05,0.17755338663050377,0.04479773169686061
267,0.0,0.0,0.0,0.0,0.0
268,0.0,0.0,0.0,0.0,0.0
269,0.02490275144266417,0.009875660992757293,0.0018092888640239835,0.8118271087539762,0.21210370251335542
270,0.00015070088342659905,0.0001689888482308192,5.2020106522832066e-05,0.07861452176246522,0.019746557900161367
271,0.00011998424203512189,0.001100162209193547,0.00014280242612585425,0.1409305509465328,0.035573374955971834
272,0.0,1.235374298004734e-05,1.4236147762858309e-06,0.06900520696359308,0.017254746080337353
273,3.7422789277128554e-06,0.00011221494229938264,8.618415449745953e-05,0.08891942880440758,0.022280392545033032
274,2.9780778686612535e-05,7.875735662848462e-05,2.1355946955736727e-05,0.08238140326260446,0.020627824336218823
275,2.507726766806958e-05,0.00017558522061034075,3.888130777340848e-07,0.15002796643563932,0.037557254434248864
276,0.0,1.343832309161613e-05,0.0,0.15032969580030234,0.03758578353084849
277,0.00012317845053107224,0.00020614476863645465,1.3324089195521083e-05,0.04974045804697158,0.012520776338833656
278,0.0,9.648035218439356e-07,0.0,0.24415745618126583,0.06103960524619692
279,0.007156297848873831,0.012219171887532763,0.013739322312176228,0.3524846853836587,0.09639986935806037
280,0.005972601601257962,0.0038390292218318783,0.0008231714018620551,0.32298087815444554,0.08340392009484936
281,8.209358618596579e-07,0.0008978689345581889,1.686743871687213e-06,0.08906317490928575,0.022490887880894372
282,2.9380693569403996e-05,0.00019349220902349664,2.8860642942163395e-06,0.1198376995656076,0.030015864633123678
283,0.00016164795816126182,5.5562458368940745e-05,2.9430560971377417e-05,0.05587289321882318,0.01402988354908119
284,0.0,0.001759515756910995,1.6586534911766648e-05,0.09645752865665602,0.024558407737119696
285,4.127086010801286e-06,5.714352099574456e-06,0.0,0.1403596879002338,0.03509238233458604
286,0.10877637667003516,0.10174570399663017,0.009891238994896412,0.11765861257388428,0.0845179830588615
287,0.0,3.8634635422619344e-05,5.140751454746351e-06,0.10326692245267108,0.02582767445988711
288,0.02040669434497103,0.004519675363040443,1.8798624523697072e-07,0.1338400638618899,0.039691655389036656
289,0.0,7.373294948172005e-05,1.7036431017913856e-05,0.036057832985563934,0.009037150591515893
290,0.0,0.00038183964005646115,1.6401570974267088e-05,0.10025256259897262,0.02516270095250084
291,0.0,0.0,0.0,0.0,0.0
292,0.0437864953744539,0.018831977880113364,0.001987166004255414,0.9872043297098447,0.2629524922421669
293,0.0,2.4607116774755915e-05,4.8965033784043044e-05,0.04484431703748402,0.011229472297010703
294,0.0,6.80577941374435e-05,5.994148182253412e-07,0.05631856643882715,0.014096805911945705
295,0.00927055719257348,0.0007418493356165007,0.0026671644300222397,0.40360513002829007,0.10407117524662557
296,0.0,0.0,0.0,0.0,0.0
297,0.0,0.0006979391011006401,1.1688919130392605e-06,0.06866347322618965,0.017340645304800832
298,0.00025091113624568334,0.00022622448398168708,6.385969027178362e-05,0.025438940535776902,0.006494983961569014
299,0.0,0.0018077719316691426,0.030687088146805763,0.13534517100402524,0.04196000777062504
300,0.00024515313200878776,0.0001562452353211253,9.197110921377316e-05,0.22701442705909278,0.056876949133909116
301,0.0,0.0,0.0,0.0,0.0
302,0.0,0.0,0.0,0.0,0.0
303,0.0,0.0,0.0,0.0,0.0
304,0.0,0.00020242002018425892,1.436137426935602e-05,0.09703025561236253,0.02431175925170404
305,0.0,0.0,0.0,0.0,0.0
306,0.0,0.0,0.0,0.0,0.0
307,0.00012750374359590206,2.722552233740254e-05,3.005742712502979e-07,0.10731942851885674,0.026868614589765326
308,0.0,2.982782340725193e-05,1.6859236211530515e-06,0.035804380220914006,0.008958973491985604
309,0.0,9.22419780217655e-05,9.015049727167934e-05,0.27640519485235987,0.06914689683191333
310,0.0,0.0,0.0,0.0,0.0
311,0.0,0.00014849705612430617,2.3333334411290707e-06,0.1963360301064941,0.049121715124014885
312,0.0,0.0,0.0,0.0,0.0
313,0.0,0.0,0.0,0.0,0.0
314,0.0,5.2901858593636755e-06,0.0,0.12034449821515669,0.030087447100254013
315,1.609779829075301e-05,6.472662661694026e-05,8.377994163311087e-06,0.1176115517103164,0.029425188532346852
316,0.0,0.0,0.0,0.0,0.0
317,0.1392820396373282,0.006545743369504734,0.09877684712409973,0.23380376434201264,0.11960209861823631
318,0.00015376381328451106,9.122813959493757e-05,2.664950443431735e-06,0.1546192540943164,0.03871672774940982
319,3.990130197027711e-05,4.44670712411863e-05,1.2567996236612089e-05,0.126367451951417,0.03161609708021627
320,0.0,6.879551930264436e-05,5.163614673620032e-07,0.016092182019359573,0.004040373475032395
321,7.225254853137707e-05,8.25635432837108e-05,5.673476607626071e-06,0.11578692148725775,0.028986852763920115
322,0.0,0.0,0.0,0.0,0.0
323,0.0,8.520372141228433e-06,0.0,0.13068389857201265,0.03267310473603847
324,0.0,1.693729094999783e-05,9.800423868000507e-07,0.22588481166593447,0.05647568224981782
325,5.113023340980747e-06,3.4037647009036496e-05,2.424358535790816e-05,0.09482697801838094,0.023722593068522216
326,1.4372430713075115e-05,5.022774503418791e-05,2.9717684810748324e-05,0.10480980328679941,0.026226030286839355
327,2.0817030447689333e-05,9.61927563404944e-06,5.49634719959613e-08,0.18614733682779183,0.04654445702433639
328,0.0,1.5957241766092826e-05,2.0021350337628974e-06,0.11207077697915498,0.028022184088988707
329,0.0,6.440919665298868e-06,4.474753438898915e-07,0.07943562493300776,0.01986062833200424
330,0.00036981431399045434,0.00012896578758573595,3.6057360830454854e-06,0.17652010052464043,0.04425562159057492
331,0.0,0.00013920297328435342,3.140572744086967e-06,0.23707048218531063,0.059303206432834765
332,0.0,1.1814003652813117e-06,0.0,0.19950658036365784,0.04987694044100578
333,0.00028565613209203004,0.00020175743408701533,0.00012269735452719033,0.15245763113885102,0.038266935514889314
334,0.00027037625182888344,6.746788122503723e-05,9.947370563168079e-05,0.0666875295266048,0.0167812118413226
335,0.0,0.0017460744859869996,6.5305694079142995e-06,0.13747329128149594,0.03480647408422271
336,0.0001283298123206252,0.00017800190076245833,6.76770468999166e-06,0.12178606309469092,0.030524790628116
337,9.906328987110067e-06,9.112078282084124e-05,9.947038961399812e-06,0.07379067108136599,0.018475411308033835
338,0.00013795153577521156,0.0008379257801786029,0.0002236100990558043,0.09610905302762832,0.024327135110659485
339,3.448586221641557e-05,0.00023355520144685053,5.0483777158660814e-05,0.1958446699444848,0.04904079869632668
340,0.0,4.1251861856479225e-05,1.7340992997105786e-07,0.21931749996616406,0.054839731309487626
341,0.0,0.0,0.0,0.0,0.0
342,0.0,9.429713133994865e-05,4.0954236624202167e-07,0.03852795881828644,0.009655666372998157
343,0.0,0.00017999645485966252,2.2385702322935686e-05,0.1228690519554399,0.030767858528155625
344,5.652400663403886e-05,2.0261506953395168e-05,4.953800089424476e-05,0.19150338385391955,0.04790742684210031
345,0.0,4.532946057971175e-05,1.4040985263363837e-07,0.0767776638550193,0.01920578343136291
346,5.341137653274939e-05,6.60091414676906e-05,0.00010346573981223628,0.23188722832956876,0.05802752864684536
347,0.00023291734249884574,0.00011887935128497534,4.37201997556258e-05,0.18914448540750672,0.04738500057526154
348,0.0,2.1748878011939862e-05,1.3737107007472105e-09,0.003749127949610658,0.0009427195503333247
349,0.0,1.0301653522075252e-05,1.1973986602242803e-06,0.09851441147576806,0.02463147763198759
350,2.7522768364053605e-06,1.0519463153132537e-05,5.3762758689401835e-09,0.05013910778910656,0.012538096226342992
351,0.0,0.00016079520507933956,8.972732530310168e-07,0.043832821724880996,0.010998628550803342
352,0.0,8.048906631956684e-05,6.027067229297245e-06,0.0678432275689556,0.016982435925626115
