,feature,gbr,rf,xgb,BayesianRidge,mean,true_position,TMD,amino_acid
0,1,4.679896771680063e-06,0.0004481033284883,2.261868985442561e-06,0.1031982728462319,0.0259133294851193,1,CT/EC,M
1,2,3.4750485909560178e-06,5.46843552494982e-05,7.972662388056051e-06,0.1111814716931579,0.0278119009398466,2,CT/EC,N
2,3,5.429005664348138e-05,0.0001488639690558,1.1267178706475534e-05,0.2384287143545778,0.0596607838897459,3,N-Termina,G
3,4,7.480908535134475e-05,9.861945741542716e-05,2.361967381148133e-05,0.0647551710480263,0.0162380548161511,4,N-Termina,T
4,5,0.0,9.57585180010937e-05,4.911935320706107e-06,0.0175407047212655,0.0044103437936468,5,N-Termina,E
5,6,8.04358078171081e-05,1.7279765859773435e-05,1.1225115486013236e-05,0.1315123721103679,0.0329053281998827,6,N-Termina,G
6,7,5.6619626189306246e-05,2.1380745263858183e-05,4.052075837535085e-06,0.1078997854846209,0.0269954594829779,7,N-Termina,P
7,8,8.594046339745203e-06,0.0001561417752004,6.840473361080512e-06,0.0526430890915078,0.0132036663466022,8,N-Termina,N
8,9,1.0060668378039902e-06,0.0001421079892921,7.411212209262885e-06,0.0925862492799316,0.0231841936370677,9,N-Termina,F
9,10,0.0,0.0001334758046946,0.0001223960280185,0.1095780410745528,0.0274584782268165,10,N-Termina,Y
10,11,1.3029987950697529e-05,6.194700411138546e-05,4.34865842180443e-06,0.0588798686206701,0.0147397985677884,11,N-Termina,V
11,12,1.0087593199440434e-05,0.004499562519938,9.912837128922548e-08,0.1990622560250608,0.0508930013166423,12,N-Termina,P
12,13,4.23735634813585e-06,0.0010783847388905,3.620054940256523e-06,0.0504188454839398,0.0128762719085296,13,N-Termina,F
13,14,1.827924294770052e-06,0.000130072006679,2.8070844564354047e-06,0.0517217437766663,0.0129641126980241,14,N-Termina,S
14,15,0.0,4.977524837635505e-05,1.5900044672889635e-05,0.1775072759679203,0.0443932378152423,15,N-Termina,N
15,16,0.0001660308446683,8.126720826054776e-05,5.968056029814761e-06,0.1745851532829549,0.0437096048479784,16,N-Termina,K
16,17,0.0,2.567268814268988e-05,1.882459946500603e-05,0.1958065226737501,0.0489627549903394,17,N-Termina,T
17,18,0.0,4.898623843786601e-05,0.0062996936030685,0.10037284282132,0.0266803806657066,18,N-Termina,G
18,19,0.0,6.204116007771286e-05,5.062386208010139e-07,0.0915943161368724,0.0229142158838927,19,N-Termina,V
19,20,1.2347567787671744e-06,6.162145060316354e-06,3.626121178967878e-05,0.067307282294073,0.0168377351019254,20,N-Termina,V
20,21,1.6723710169203045e-05,3.8063540730416285e-05,9.566709195496514e-06,0.0951733939977037,0.0238094369894497,21,N-Termina,R
21,22,4.346023123471877e-05,0.0002631010620794,2.115156894433312e-05,0.021564283802986,0.0054729991663111,22,N-Termina,S
22,23,0.0,0.0,0.0,0.0,0.0,23,N-Termina,P
23,24,0.0,1.3097231045595769e-05,5.6114092927828096e-08,0.2961899955719235,0.0740507872292655,24,N-Termina,F
24,25,0.0,7.894664315720543e-05,6.61858848616248e-06,0.1222477685015759,0.0305833334333048,25,N-Termina,E
25,26,0.0,0.0014705402289907,1.998216703213984e-06,0.0880016230361227,0.0223685403704541,26,N-Termina,A
26,27,3.227273231749823e-05,0.0001604576860992,3.968354576500133e-06,0.1110830182790165,0.0278199292630024,27,N-Termina,P
27,28,0.0,0.0050973807950455,0.0,0.0692669859871873,0.0185910916955582,28,N-Termina,Q
28,29,3.203103358686685e-05,3.2523610686095687e-05,5.791698185930727e-06,0.1104086321116074,0.0276197446135165,29,N-Termina,Y
29,30,0.0,0.0001377223985515,1.0584132724034134e-05,0.2491520123516459,0.0623250797207303,30,N-Termina,Y
30,31,0.0210435542173776,0.0001308350276481,2.9984691991558066e-06,0.0338190982544897,0.0137491214921786,31,N-Termina,L
31,32,0.0,4.210117237663348e-05,7.748702955723274e-06,0.1048057097594484,0.0262138899086952,32,N-Termina,A
32,33,0.0001096532256102,0.0001858746044582,0.0001967901334865,0.1398023581781824,0.0350736690354343,33,N-Termina,E
33,34,8.420375416849448e-06,8.027630595955259e-05,2.101342943205964e-05,0.1252208751873926,0.0313326463245502,34,N-Termina,P
34,35,4.884052883476038e-05,1.622613406066493e-05,1.4320025343295129e-07,0.1587771559531029,0.0397105914540629,35,N-Termina,W
35,36,8.511594385444318e-06,0.0001258409679641,2.244499046355486e-05,0.1806023004281751,0.045189774495247,36,N-Termina,Q
36,37,0.0007092807735428,0.0001235679173992,2.84138568531489e-05,0.0193499156986839,0.0050527945616197,37,1,F
37,38,3.6127718725223e-05,0.0002661986496956,1.7400387150701135e-05,0.1201377056405342,0.0301143580990264,38,1,S
38,39,6.0979888542937104e-05,0.0001692322020365,8.305158189614303e-06,0.1953268114548129,0.0488913321758955,39,1,M
39,40,4.003832158088592e-05,7.707848292994706e-05,9.606739013179322e-07,0.128206316539808,0.032081098504555,40,1,L
40,41,0.0002567023160368,8.789864576329885e-05,2.944643347291276e-05,0.2590823740819551,0.064864105369307,41,1,A
41,42,0.0003006389738006,0.0002748345879819,2.770549690467305e-05,0.1214170476897112,0.0305050566870996,42,1,A
42,43,0.0,0.0047848623103563,1.4069584386433576e-09,0.070342931729946,0.0187819488618152,43,1,Y
43,44,0.0,0.0,0.0,0.0,0.0,44,1,M
44,45,0.0,0.0066642850146411,0.1025034189224243,0.1426218323536695,0.0629473840726837,45,1,F
45,46,0.0002133336830929,0.000132766088854,2.6598972908686846e-05,0.0506693224927316,0.0127605053093968,46,1,L
46,47,0.0,5.3850525527910734e-05,7.25772167697869e-07,0.1002550035215537,0.0250773949548123,47,1,L
47,48,7.584953311093428e-05,0.0001349037998305,0.0001218074830831,0.1173687680214438,0.0294253322093671,48,1,I
48,49,8.82804271986556e-05,0.0001414120884617,9.636799404688643e-06,0.2002299148217304,0.0501173110341988,49,1,M
49,50,0.0002280868669328,0.0002090946639844,4.865770461037755e-05,0.0485107461293487,0.0122491463412191,50,1,L
50,51,0.0,9.0953684985204e-08,0.0,0.0160082471952588,0.0040020845372359,51,1,G
51,52,0.0,0.0001433007269629,4.688887202064507e-06,0.1084808547402789,0.027157211088611,52,1,F
52,53,0.0,0.000115568844033,0.0002744426601566,0.1242619923247706,0.03116300095724,53,1,P
53,54,0.0,0.0025513136872038,3.1270067091249127e-10,0.184651957896966,0.0468008179742176,54,1,I
54,55,0.0,0.0,0.0,0.0,0.0,55,1,N
55,56,3.3406372385224034e-05,0.0001869551825667,7.173517224146053e-05,0.0554057689893318,0.0139244664291313,56,1,F
56,57,0.0,0.0003210907601097,0.0001008766412269,0.2620749087039286,0.0656242190263163,57,1,L
57,58,0.0,0.0,0.0,0.0,0.0,58,1,T
58,59,0.0005720496488449,0.000253457915296,8.088071626843885e-05,0.1246470290980508,0.031388354344615,59,1,L
59,60,9.44754166734508e-05,9.159654203419109e-05,2.033131204370875e-05,0.1101918986316051,0.0275995754755891,60,1,Y
60,61,0.0,7.795916746363606e-06,0.0,0.2679192469086356,0.0669817607063455,61,1,V
61,62,0.0,0.0,0.0,0.0,0.0,62,CT/EC,T
62,63,0.0001097236785762,0.0001441228499383,8.09336324891774e-06,0.1986813640289975,0.0497358259801902,63,CT/EC,V
63,64,0.0,0.0,0.0,0.0,0.0,64,CT/EC,Q
64,65,8.601256637132682e-06,0.0001298104793369,0.000156446461915,0.0890177965211959,0.0223281636797712,65,CT/EC,H
65,66,0.0,0.0,0.0,0.0,0.0,66,CT/EC,K
66,67,0.0,0.0,0.0,0.0,0.0,67,CT/EC,K
67,68,0.0,0.0,0.0,0.0,0.0,68,CT/EC,L
68,69,0.0,2.4309721485518163e-05,1.797205300135829e-06,0.0818495676821255,0.0204689186522277,69,CT/EC,R
69,70,1.5516820403954605e-05,0.0001696571683823,1.287272084482538e-07,0.1215870459955912,0.0304430871778964,70,CT/EC,T
70,71,0.0,0.0,0.0,0.0716256625124129,0.0179064156281032,71,CT/EC,P
71,72,0.0,0.0,0.0,0.0,0.0,72,CT/EC,L
72,73,0.0,0.0,0.0,0.0,0.0,73,CT/EC,N
73,74,1.8555667205670027e-05,0.0025817150249028,1.7659603201991558e-07,0.0401791418765447,0.0106948972911713,74,2,Y
74,75,0.0,0.0,0.0,0.0,0.0,75,2,I
75,76,0.0,0.0,0.0,0.0,0.0,76,2,L
76,77,0.0,4.0986241170531926e-05,0.005607315339148,0.2110511788858078,0.0541748701165316,77,2,L
77,78,0.0,0.0,0.0,0.0,0.0,78,2,N
78,79,0.0,4.615774217804886e-05,3.781543966852041e-07,0.228586580233547,0.0571582790325304,79,2,L
79,80,0.0,3.720554835479243e-05,0.0005775559693574,0.1346709475257869,0.0338214272608747,80,2,A
80,81,5.748897709047345e-06,0.0004546437991087,7.770383490424138e-06,0.1909721370073026,0.0478600750219027,81,2,V
81,82,0.0,2.372667122626025e-05,1.900542883959133e-05,0.1022542477605042,0.0255742449651425,82,2,A
82,83,4.412402270639307e-05,0.000124212696476,6.115291034802794e-05,0.2618302413511776,0.065514932745177,83,2,D
83,84,0.00242496537969,0.0016523301676484,0.0001004210134851,0.2612357081446027,0.0663533561763566,84,2,L
84,85,5.92742999679472e-05,0.0001175248063533,6.259630026761442e-06,0.1248408021538243,0.031255965222543,85,2,F
85,86,0.0507850635402443,0.0615165481476731,0.0156724583357572,0.6758104042491546,0.2009461185682073,86,2,M
86,87,4.261177771854493e-05,0.0013013793604066,1.4303166608442552e-05,0.1253846942840758,0.0316857471472023,87,2,V
87,88,8.427384322217105e-05,0.0001257947351241,5.757195140176918e-06,0.0832513573066668,0.0208667957700383,88,2,F
88,89,5.6677089839075e-05,9.949003488760754e-05,1.2499924196163192e-05,0.2085761940110268,0.0521862152649874,89,2,G
89,90,0.0,0.0023722551038607,0.0060891690663993,0.6044064498415077,0.1532169685029419,90,2,G
90,91,0.0001531864254926,0.0005720695898772,0.0004018641193397,0.3394760518079145,0.085150792985656,91,2,F
91,92,0.0,0.0001955665723615,2.563987209214247e-07,0.3703294108852052,0.0926313084640719,92,2,T
92,93,0.0011201182667207,0.0001016182415859,0.0001905029639601,0.2649318094794832,0.0665860122379375,93,2,T
93,94,0.0008093888526787,0.000353975771226,0.0004173271590843,0.1514338129997067,0.0382536261956739,94,2,T
94,95,0.0006990616588774,0.0001606306039591,3.56035670847632e-05,0.1280767077548925,0.0322430008962034,95,2,L
95,96,0.0039292109383965,0.0051938210442889,0.0024965812917798,0.215427050411812,0.0567616659215693,96,CT/EC,Y
96,97,0.0005834351867151,9.61828033407394e-05,0.0006715996423736,0.2535511504253163,0.0637255920144364,97,CT/EC,T
97,98,0.00233925674599,0.0022070634339873,2.564785972936079e-06,0.0584375591509315,0.0157466110292204,98,CT/EC,S
98,99,2.8142737698734072e-05,0.0002305934507651,0.0001270559005206,0.1731007732735744,0.0433716413406397,99,CT/EC,L
99,100,0.0003350790756168,0.0001092164783999,3.7514259020099416e-05,0.172902622403899,0.0433461080542339,100,CT/EC,H
100,101,0.0,5.4866539900035066e-05,1.510338620391849e-06,0.0349531085870208,0.0087523713663853,101,CT/EC,G
101,102,0.0,0.0,0.0,0.0,0.0,102,CT/EC,Y
102,103,0.0,4.357166709153229e-06,3.4355994671386725e-07,0.178318794676125,0.0445808738506952,103,CT/EC,F
103,104,6.453137093246448e-05,7.760191434431457e-05,0.0001467561814934,0.2253265833329193,0.0564038681999223,104,CT/EC,V
104,105,9.089009253798394e-05,0.0002037170256411,2.1317322534741837e-05,0.1841333016066536,0.0461123065118418,105,CT/EC,F
105,106,0.0,0.0,0.0,0.0,0.0,106,CT/EC,G
106,107,0.0024001899963293,0.0042326624965937,0.0426616705954074,0.1350018573627306,0.0460740951127653,107,CT/EC,P
107,108,3.753318089138908e-06,0.0029141312462136,3.398733679205179e-05,0.0740351938125158,0.0192467664284026,108,CT/EC,T
108,109,1.9530573382607285e-05,3.598104212280476e-05,1.2110926036257297e-05,0.1538779991218795,0.0384864054158553,109,CT/EC,G
109,110,0.0,0.0,0.0,0.0,0.0,110,CT/EC,C
110,111,1.904067394951297e-05,0.0001577240591827,0.0001662083959672,0.1987986163103179,0.0497853973598543,111,3,N
111,112,0.0001705813965168,0.0003839585529004,5.6118671636795625e-05,0.1424986332727243,0.0357773229734446,112,3,L
112,113,0.0,0.0,0.0,0.0,0.0,113,3,E
113,114,0.0004696074069417,0.0003671979424135,7.108601130312309e-05,0.1505183430521976,0.037856558603214,114,3,G
114,115,0.0,0.0001927075806324,1.1524373803695198e-05,0.1840956843858766,0.0460749790850782,115,3,F
115,116,0.0006576066290002,0.0016332243583781,0.0011644103797152,0.2375144864185997,0.0602424319464233,116,3,F
116,117,0.0,1.720211048218872e-05,3.700178467624937e-06,0.2406220466321055,0.0601607372302638,117,3,A
117,118,0.0,2.1973948368391703e-05,3.6528188502416015e-05,0.2139462449259164,0.0535011867656968,118,3,T
118,119,0.0026561434159989,0.0021878416984579,0.0004249847261235,0.2474679156627537,0.0631842213758335,119,3,L
119,120,0.0,1.6386579109246325e-06,0.0,0.0064305144694454,0.001608038281839,120,3,G
120,121,0.0,0.0,0.0,0.0,0.0,121,3,G
121,122,0.0,7.636707168552706e-06,2.687441380544442e-10,0.1607527040920879,0.0401900852670001,122,3,E
122,123,0.0005293452002908,0.0002882912599793,3.897260103258304e-05,0.1194878326006933,0.030086110415499,123,3,I
123,124,0.0015898215299262,0.0005748954924586,0.0005746135720983,0.1863731073133071,0.0472781094769476,124,3,A
124,125,0.0,9.395291680561646e-07,2.2754684323444963e-06,0.24982198294563,0.0624562994858076,125,3,L
125,126,0.0,0.0,0.0,0.0,0.0,126,3,W
126,127,0.0,0.0,0.0,0.0,0.0,127,3,S
127,128,0.0,0.0,0.0,0.0,0.0,128,3,L
128,129,4.423337481273009e-05,2.5397568014926152e-05,0.0001571853354107,0.2335626223540137,0.058447359658063,129,3,V
129,130,5.815312329651112e-05,6.520415910408742e-05,3.5571425542002544e-05,0.0565947407353449,0.0141884173608218,130,3,V
130,131,0.0,0.0001322844935966,4.315584010328166e-05,0.1204554064815006,0.0301577117038001,131,3,L
131,132,0.0,0.0001408036234767,4.4448643166106194e-06,0.065959074849246,0.0165260808342598,132,3,A
132,133,0.0,0.0026504679423171,2.442118784529157e-06,0.0368566048129347,0.0098773787185091,133,CT/EC,I
133,134,0.0,0.0,0.0,0.0,0.0,134,CT/EC,E
134,135,0.0,0.0,0.0,0.0,0.0,135,CT/EC,R
135,136,0.0,2.0013405708565182e-05,3.2575633301945564e-09,0.1015866111894373,0.0254016569631773,136,CT/EC,Y
136,137,0.0,0.0001472874925026,1.8789879732139525e-06,0.2126174356948152,0.0531916505438227,137,CT/EC,V
137,138,0.0,0.0,0.0,0.0,0.0,138,CT/EC,V
138,139,0.0,0.0002121939824305,9.420758942724206e-06,0.0268483025998004,0.0067674793352934,139,CT/EC,V
139,140,0.0,0.0,0.0,0.0,0.0,140,CT/EC,C
140,141,0.0,0.0,0.0,0.0,0.0,141,CT/EC,K
141,142,0.0,0.0,0.0,0.0,0.0,142,CT/EC,P
142,143,0.0,3.817027898942386e-05,1.020912236526783e-06,0.0942957663729619,0.0235837393910469,143,CT/EC,M
143,144,0.0,7.32947676843911e-05,3.253800969105214e-05,0.0694191832976995,0.0173812540187687,144,CT/EC,S
144,145,0.0,0.0001571429563714,1.805847932700999e-05,0.1506544317501048,0.0377074082964508,145,CT/EC,N
145,146,0.0,1.3726065707757984e-05,1.7669785279395e-07,0.096897461244764,0.0242278410020811,146,CT/EC,F
146,147,0.0018806712325796,0.0001836295490682,5.892883928027004e-05,0.056317765450273,0.0146102487678003,147,CT/EC,R
147,148,0.0,0.0,0.0,0.0,0.0,148,CT/EC,F
148,149,7.816999403352868e-05,0.000206937618621,9.535935532767326e-05,0.1443849726130212,0.0361913598952508,149,CT/EC,G
149,150,8.319805931075566e-05,0.0012174810407819,5.201267867960269e-06,0.1499197016569872,0.0378063955062369,150,CT/EC,E
150,151,0.0003444693224388,0.0002598516422667,7.905647180450615e-06,0.1135285515665647,0.0285351945446127,151,CT/EC,N
151,152,0.0004020252190578,0.00013434010148,0.0002863348345272,0.1352485917554592,0.034017822977631,152,CT/EC,H
152,153,0.0,0.0024093755580463,0.0015343854902312,0.4853652605305238,0.1223272553947003,153,4,A
153,154,8.015494483998446e-05,0.0001307034307465,4.484145847527543e-06,0.1726634664810038,0.0432197022506094,154,4,I
154,155,0.0001412121102708,8.045634522328383e-05,5.40787550562527e-05,0.1325273095330694,0.0332007641859049,155,4,M
155,156,0.0,2.4901681898491385e-05,4.27247037748657e-08,0.1537387263929644,0.0384409176998916,156,4,G
156,157,0.0,1.568917873315001e-05,1.9373110262677077e-05,0.0875785853721663,0.0219034119152905,157,4,V
157,158,9.442592391186076e-05,0.0002165996374046,5.220918319537304e-05,0.092612992076241,0.0232440567051882,158,4,A
158,159,5.378798042510801e-05,0.0001116451947979,2.1904019376961514e-05,0.1313267819484587,0.0328785297857647,159,4,F
159,160,3.392725913923965e-05,4.976685168163147e-05,6.841494177933782e-05,0.0865052862424132,0.0216643488237533,160,4,T
160,161,0.0,0.0,0.0,0.0,0.0,161,4,W
161,162,0.0001872733635425,0.0004545838008942,2.431144821457565e-05,0.0432794872582578,0.0109864139677272,162,4,V
162,163,8.054877136236876e-06,0.0010474588563861,1.53394182689226e-06,0.1338312113413547,0.033722064754176,163,4,M
163,164,0.0382743657185382,0.0009244126230269,0.0011258060112595,0.314872034666654,0.0887991547548696,164,4,A
164,165,0.0001981731660461,0.0002088623521763,3.052310785278678e-05,0.2431823208490334,0.0609049698687771,165,4,L
165,166,1.31542902312701e-05,6.335085738797268e-05,9.291290552937426e-06,0.2306622745963373,0.0576870177586273,166,4,A
166,167,0.0,0.0020267078511525,0.0,0.0301943100753326,0.0080552544816213,167,4,C
167,168,0.0005720239127627,0.000331809663534,2.1596313217742136e-06,0.158461835925345,0.0398419572832409,168,4,A
168,169,2.6563749444681213e-05,0.000218565610731,3.8975311326794326e-05,0.1598293692159629,0.0400283684718663,169,4,A
169,170,0.0,0.0,0.0,0.0,0.0,170,4,P
170,171,0.0,0.0,0.0,0.0,0.0,171,4,P
171,172,0.0,4.828886931033332e-05,1.4622273738496006e-05,0.0528208970942597,0.0132209520593271,172,4,L
172,173,0.0,0.0,0.0,0.0,0.0,173,4,V
173,174,0.0,0.0,0.0,0.0,0.0,174,CT/EC,G
174,175,0.0,0.0,0.0,0.0,0.0,175,CT/EC,W
175,176,0.0,0.0,0.0,0.0,0.0,176,CT/EC,S
176,177,0.0,0.0,0.0,0.0,0.0,177,CT/EC,R
177,178,0.0039313508061532,0.0021074692526598,0.0007452996796928,0.591245940132907,0.1495075149678532,178,CT/EC,Y
178,179,0.0,0.0025589360135863,3.3265088859479874e-05,0.0915232246256388,0.0235288564320211,179,CT/EC,I
179,180,0.0,0.0,0.0,0.0,0.0,180,CT/EC,P
180,181,0.2345047645783944,0.3863899851296069,0.295034259557724,1.0,0.4789822523164313,181,CT/EC,E
181,182,0.0,0.0,0.0,0.0,0.0,182,CT/EC,G
182,183,0.0,0.000462352312516,0.0001488537818659,0.0116481620227508,0.0030648420292832,183,CT/EC,M
183,184,0.0,0.002551664127166,0.0,0.0375266536062766,0.0100195794333606,184,CT/EC,Q
184,185,0.0,4.736654954500294e-05,0.0,0.2268170379105805,0.0567161011150313,185,CT/EC,C
185,186,0.0,2.2488436482181777e-05,3.089676101808436e-05,0.155764413996972,0.038954449798618,186,CT/EC,S
186,187,0.0,0.0,0.0,0.0,0.0,187,CT/EC,C
187,188,0.0,0.0,0.0,0.0,0.0,188,CT/EC,G
188,189,0.0,9.257245937636824e-05,6.315348855423508e-06,0.1501250965533797,0.0375559960904028,189,CT/EC,I
189,190,0.0,0.0,0.0,0.0,0.0,190,CT/EC,D
190,191,1.0,1.0,1.0,0.0932474248576524,0.7733118562144131,191,CT/EC,Y
191,192,0.0,0.0050973807950455,0.0,0.0692669859871873,0.0185910916955582,192,CT/EC,Y
192,193,0.0,1.1568261828594743e-05,1.1836911006923856e-08,0.2092091877038456,0.0523051919506463,193,CT/EC,T
193,194,2.668323168867876e-06,2.3075215786377104e-05,4.697594704339281e-05,0.0902538873587592,0.0225816517111894,194,CT/EC,P
194,195,0.0023254917988055,0.0016211251342664,0.0003089465317316,0.1599397667563592,0.0410488325552907,195,CT/EC,H
195,196,0.0,2.3310984827819825e-05,2.81989650829928e-06,0.0908665990599851,0.0227231824853303,196,CT/EC,E
196,197,0.0,2.65249559947439e-05,3.724092039192328e-06,0.0965537092429729,0.0241459895727517,197,CT/EC,E
197,198,0.0,0.0013630650015168,1.5804711438249797e-05,0.1325744714897002,0.0334883353006638,198,CT/EC,T
198,199,0.0004404724965338,0.0009350766093292,1.584694700795808e-06,0.1903208106339299,0.0479244861086234,199,CT/EC,N
199,200,0.0,2.509828140843548e-05,5.286996156428359e-07,0.1552291560499618,0.0388136957577464,200,CT/EC,N
200,201,0.0,0.0001194255746618,1.2175424672022928e-05,0.0657166516433826,0.0164620631606791,201,CT/EC,E
201,202,0.0,6.3543043412369065e-06,3.003314361649245e-07,0.3650661390829489,0.0912681984296815,202,CT/EC,S
202,203,0.0012157057446418,0.0007924973077706,0.0003202258958481,0.1323815959962218,0.0336775062361206,203,5,F
203,204,6.124094927331087e-05,0.000293159722082,0.0001118741492973,0.2194171309069917,0.0549708514319111,204,5,V
204,205,0.0025085992795111,0.0007260656817779,9.873395902104676e-05,0.1461350696087777,0.0373671171322719,205,5,I
205,206,3.329092591557392e-05,0.0003233505987425,1.175356032945274e-06,0.0930018256102722,0.0233399106227408,206,5,Y
206,207,0.0005013747614688,0.0003339389490095,0.0011403687531128,0.1172399996479937,0.0298039205278962,207,5,M
207,208,0.0001999125988765,0.0001196988423285,0.0004224049625918,0.0701316613913722,0.0177184194487923,208,5,F
208,209,0.0,0.0004039180046548,6.252646016946528e-06,0.0621205104175094,0.0156326702670453,209,5,V
209,210,0.0,4.668457757930519e-05,7.008041575318202e-05,0.0512595336665538,0.0128440746649715,210,5,V
210,211,0.0,4.173393565699627e-05,0.0,0.0379643767246187,0.0095015276650689,211,5,H
211,212,0.0,4.204921154545853e-06,0.0,0.113251476930802,0.0283139204629891,212,5,F
212,213,0.0011442663227611,0.0005005718871028,0.0001295454421779,0.1624688556580324,0.0410608098275186,213,5,I
213,214,4.648092691778769e-06,0.0001457222355491,2.034523095062468e-05,0.1180453840182749,0.0295540248943666,214,5,I
214,215,0.0,0.0,0.0,0.0,0.0,215,5,P
215,216,0.0002591433364771,0.0004879209093414,0.0026324880309402,0.2210384779910818,0.0561045075669601,216,5,L
216,217,0.0004344798170154,0.0002050356313824,1.377949502057163e-05,0.1965640638583485,0.0493043397004417,217,5,I
217,218,7.345365470144915e-06,0.0004205937835448,1.3228925126895774e-05,0.0349854943385875,0.0088566656031823,218,5,V
218,219,0.0,2.1994586190120715e-05,2.2781325696996646e-06,0.0512623975292034,0.0128216675619908,219,5,I
219,220,0.0,7.097285281845375e-05,1.04856337657111e-06,0.0231358379022988,0.0058019648296234,220,5,F
220,221,0.0,8.112697370245765e-05,5.207911324411896e-10,0.0104429001754537,0.0026310069174868,221,5,F
221,222,0.0,4.997673352535584e-05,4.6626462690824155e-09,0.0828281775605367,0.0207195397391771,222,5,C
222,223,0.0,0.0,0.0,0.0,0.0,223,5,Y
223,224,0.0016219040883831,8.126900453173128e-05,7.235083467094228e-05,0.2656885130584311,0.0668660092465042,224,5,G
224,225,0.0001013552773944,4.272326319061431e-05,2.495368107702234e-06,0.1808912748808903,0.0452594621973957,225,CT/EC,Q
225,226,0.0,2.474803464759121e-06,0.0,0.0383205418506992,0.0095807541635409,226,CT/EC,L
226,227,0.0,3.018072979536113e-05,4.595469363266602e-06,0.0715169553817229,0.0178879328952203,227,CT/EC,V
227,228,0.0001943590305199,0.0001528925785543,0.0001923476957017,0.1830501149121467,0.0458974285542307,228,CT/EC,F
228,229,0.0,0.0,0.0,0.0,0.0,229,CT/EC,T
229,230,0.0,7.66801925185094e-06,2.294441436845318e-08,0.0510117769039284,0.0127548669668986,230,CT/EC,V
230,231,5.2070868573869927e-05,0.0006740657798936,3.83876176783815e-05,0.1400730209486237,0.0352093863036924,231,CT/EC,K
231,232,0.0004039718412327,2.8974896817669048e-05,4.677632503558016e-09,0.180180870981435,0.0451534555992794,232,CT/EC,E
232,233,0.0,1.0939309417179327e-05,9.338232302980032e-06,0.0189736533819447,0.0047484827309162,233,CT/EC,A
233,234,0.0,0.0,0.0,0.0,0.0,234,CT/EC,A
234,235,0.0,9.597773632791592e-05,9.138789209828246e-06,0.0708224482616087,0.0177318911967866,235,CT/EC,A
235,236,0.0,1.8101681356471208e-05,0.0002927809837274,0.2730978513616148,0.0683521835066746,236,CT/EC,Q
236,237,0.0,0.0,0.0,0.0,0.0,237,CT/EC,Q
237,238,1.413534479519621e-05,0.0076771491790842,9.440688700124156e-06,0.1707628684433522,0.0446158984139829,238,CT/EC,Q
238,239,0.0,3.908248962417237e-06,0.0,0.1015636137890907,0.0253918805095132,239,CT/EC,E
239,240,0.0,0.0,0.0,0.0,0.0,240,CT/EC,S
240,241,3.191317889665545e-05,3.740438026547014e-05,0.0001188908354379,0.149286300202478,0.0373686271492695,241,CT/EC,A
241,242,0.0,0.000389783467736,5.991098817048623e-08,0.0029567389501282,0.0008366455822131,242,CT/EC,T
242,243,0.0,0.0,0.0,0.0,0.0,243,CT/EC,T
243,244,0.0,0.0,0.0,0.0,0.0,244,CT/EC,Q
244,245,0.0,2.0415833327830906e-06,2.1994825146975927e-05,0.0446060963134868,0.0111575331804916,245,CT/EC,K
245,246,0.0,0.0,0.0,0.0,0.0,246,CT/EC,A
246,247,0.0,0.0,0.0,0.0,0.0,247,CT/EC,E
247,248,0.0002129239788607,9.461079944516228e-05,3.651852239272557e-05,0.0355438539345704,0.0089719768088172,248,CT/EC,K
248,249,0.0,0.0,0.0,0.0,0.0,249,CT/EC,E
249,250,0.0,0.0,0.0,0.0,0.0,250,CT/EC,V
250,251,4.471074107940633e-05,5.7811152404967735e-05,4.173037268628832e-06,0.1617454253861332,0.0404630300792215,251,CT/EC,T
251,252,0.0,0.0001681321800087,0.0,0.2833021001262484,0.0708675580765643,252,CT/EC,R
252,253,0.0,0.0,0.0,0.0,0.0,253,6,M
253,254,0.0,3.256487777637893e-06,0.0,0.0575173267505986,0.014380145809594,254,6,V
254,255,0.0002728252054131,5.617646176252717e-05,3.087820061864477e-07,0.0997180893494928,0.0250118499496686,255,6,I
255,256,0.0,7.303048127580514e-05,1.3923458027420564e-05,0.1100585124518971,0.0275363665978,256,6,I
256,257,0.0,0.0,0.0,0.0,0.0,257,6,M
257,258,0.0,1.2728170423321825e-05,1.167626123788068e-06,0.2061050083306572,0.0515297260318011,258,6,V
258,259,0.0002402590482179,0.0002051225560925,5.23899907420855e-05,0.086189301963843,0.0216717683897239,259,6,I
259,260,0.0,4.037799467566606e-05,3.968406190324458e-07,0.1448854106345117,0.0362315463674516,260,6,A
260,261,0.020368591943292,0.0083880988997338,0.0023345837835222,0.843156184099039,0.2185618646813968,261,6,F
261,262,0.0004330943244508,8.43734278884182e-05,2.9455644835252315e-05,0.2708265935628491,0.0678433792400059,262,6,L
262,263,2.5141972127867143e-05,0.0001408516558183,5.308624167810194e-06,0.0846838567825154,0.0212137897586573,263,6,I
263,264,0.0,0.0002484554603728,8.018370749596215e-07,0.328127690010423,0.0820942368269677,264,6,C
264,265,0.1305847481896564,0.0716567809620071,0.1149318814277648,0.3711239121608785,0.1720743306850767,265,6,W
265,266,0.000256692362005,0.0013253481508567,5.549964407691732e-05,0.1775533866305037,0.0447977316968606,266,6,L
266,267,0.0,0.0,0.0,0.0,0.0,267,6,P
267,268,0.0,0.0,0.0,0.0,0.0,268,6,Y
268,269,0.0249027514426641,0.0098756609927572,0.0018092888640239,0.8118271087539762,0.2121037025133554,269,6,A
269,270,0.0001507008834265,0.0001689888482308,5.202010652283207e-05,0.0786145217624652,0.0197465579001613,270,6,G
270,271,0.0001199842420351,0.0011001622091935,0.0001428024261258,0.1409305509465328,0.0355733749559718,271,6,V
271,272,0.0,1.235374298004734e-05,1.4236147762858309e-06,0.069005206963593,0.0172547460803373,272,6,A
272,273,3.742278927712856e-06,0.0001122149422993,8.618415449745953e-05,0.0889194288044075,0.022280392545033,273,6,F
273,274,2.978077868661253e-05,7.875735662848462e-05,2.1355946955736727e-05,0.0823814032626044,0.0206278243362188,274,6,Y
274,275,2.507726766806958e-05,0.0001755852206103,3.888130777340848e-07,0.1500279664356393,0.0375572544342488,275,CT/EC,I
275,276,0.0,1.343832309161613e-05,0.0,0.1503296958003023,0.0375857835308484,276,CT/EC,F
276,277,0.000123178450531,0.0002061447686364,1.3324089195521084e-05,0.0497404580469715,0.0125207763388336,277,CT/EC,T
277,278,0.0,9.648035218439356e-07,0.0,0.2441574561812658,0.0610396052461969,278,CT/EC,H
278,279,0.0071562978488738,0.0122191718875327,0.0137393223121762,0.3524846853836587,0.0963998693580603,279,CT/EC,Q
279,280,0.0059726016012579,0.0038390292218318,0.000823171401862,0.3229808781544455,0.0834039200948493,280,CT/EC,G
280,281,8.209358618596579e-07,0.0008978689345581,1.686743871687213e-06,0.0890631749092857,0.0224908878808943,281,CT/EC,S
281,282,2.9380693569404e-05,0.0001934922090234,2.8860642942163395e-06,0.1198376995656076,0.0300158646331236,282,CT/EC,D
282,283,0.0001616479581612,5.5562458368940745e-05,2.9430560971377417e-05,0.0558728932188231,0.0140298835490811,283,CT/EC,F
283,284,0.0,0.0017595157569109,1.6586534911766648e-05,0.096457528656656,0.0245584077371196,284,CT/EC,G
284,285,4.127086010801286e-06,5.714352099574456e-06,0.0,0.1403596879002338,0.035092382334586,285,CT/EC,P
285,286,0.1087763766700351,0.1017457039966301,0.0098912389948964,0.1176586125738842,0.0845179830588615,286,CT/EC,I
286,287,0.0,3.8634635422619344e-05,5.140751454746351e-06,0.103266922452671,0.0258276744598871,287,7,F
287,288,0.020406694344971,0.0045196753630404,1.8798624523697074e-07,0.1338400638618899,0.0396916553890366,288,7,M
288,289,0.0,7.373294948172005e-05,1.7036431017913856e-05,0.0360578329855639,0.0090371505915158,289,7,T
289,290,0.0,0.0003818396400564,1.6401570974267088e-05,0.1002525625989726,0.0251627009525008,290,7,I
290,291,0.0,0.0,0.0,0.0,0.0,291,7,P
291,292,0.0437864953744539,0.0188319778801133,0.0019871660042554,0.9872043297098448,0.2629524922421669,292,7,A
292,293,0.0,2.4607116774755915e-05,4.896503378404304e-05,0.044844317037484,0.0112294722970107,293,7,F
293,294,0.0,6.80577941374435e-05,5.994148182253412e-07,0.0563185664388271,0.0140968059119457,294,7,F
294,295,0.0092705571925734,0.0007418493356165,0.0026671644300222,0.40360513002829,0.1040711752466255,295,7,A
295,296,0.0,0.0,0.0,0.0,0.0,296,7,K
296,297,0.0,0.0006979391011006,1.1688919130392603e-06,0.0686634732261896,0.0173406453048008,297,7,T
297,298,0.0002509111362456,0.0002262244839816,6.385969027178362e-05,0.0254389405357769,0.006494983961569,298,7,S
298,299,0.0,0.0018077719316691,0.0306870881468057,0.1353451710040252,0.041960007770625,299,7,A
299,300,0.0002451531320087,0.0001562452353211,9.197110921377316e-05,0.2270144270590927,0.0568769491339091,300,7,V
300,301,0.0,0.0,0.0,0.0,0.0,301,7,Y
301,302,0.0,0.0,0.0,0.0,0.0,302,7,N
302,303,0.0,0.0,0.0,0.0,0.0,303,7,P
303,304,0.0,0.0002024200201842,1.436137426935602e-05,0.0970302556123625,0.024311759251704,304,7,V
304,305,0.0,0.0,0.0,0.0,0.0,305,7,I
305,306,0.0,0.0,0.0,0.0,0.0,306,7,Y
306,307,0.0001275037435959,2.722552233740254e-05,3.005742712502979e-07,0.1073194285188567,0.0268686145897653,307,7,I
307,308,0.0,2.982782340725193e-05,1.6859236211530515e-06,0.035804380220914,0.0089589734919856,308,7,M
308,309,0.0,9.22419780217655e-05,9.015049727167934e-05,0.2764051948523598,0.0691468968319133,309,CT/EC,M
309,310,0.0,0.0,0.0,0.0,0.0,310,CT/EC,N
310,311,0.0,0.0001484970561243,2.3333334411290707e-06,0.1963360301064941,0.0491217151240148,311,CT/EC,K
311,312,0.0,0.0,0.0,0.0,0.0,312,CT/EC,Q
312,313,0.0,0.0,0.0,0.0,0.0,313,CT/EC,F
313,314,0.0,5.290185859363676e-06,0.0,0.1203444982151566,0.030087447100254,314,CT/EC,R
314,315,1.609779829075301e-05,6.472662661694026e-05,8.377994163311087e-06,0.1176115517103164,0.0294251885323468,315,CT/EC,N
315,316,0.0,0.0,0.0,0.0,0.0,316,CT/EC,C
316,317,0.1392820396373282,0.0065457433695047,0.0987768471240997,0.2338037643420126,0.1196020986182363,317,CT/EC,M
317,318,0.0001537638132845,9.122813959493757e-05,2.664950443431735e-06,0.1546192540943164,0.0387167277494098,318,CT/EC,V
318,319,3.990130197027711e-05,4.44670712411863e-05,1.2567996236612087e-05,0.126367451951417,0.0316160970802162,319,CT/EC,T
319,320,0.0,6.879551930264436e-05,5.163614673620032e-07,0.0160921820193595,0.0040403734750323,320,CT/EC,T
320,321,7.225254853137707e-05,8.25635432837108e-05,5.673476607626071e-06,0.1157869214872577,0.0289868527639201,321,CT/EC,L
321,322,0.0,0.0,0.0,0.0,0.0,322,CT/EC,C
322,323,0.0,8.520372141228433e-06,0.0,0.1306838985720126,0.0326731047360384,323,CT/EC,C
323,324,0.0,1.693729094999783e-05,9.800423868000507e-07,0.2258848116659344,0.0564756822498178,324,CT/EC,G
324,325,5.113023340980747e-06,3.4037647009036496e-05,2.424358535790816e-05,0.0948269780183809,0.0237225930685222,325,CT/EC,K
325,326,1.4372430713075115e-05,5.022774503418791e-05,2.9717684810748324e-05,0.1048098032867994,0.0262260302868393,326,CT/EC,N
326,327,2.0817030447689333e-05,9.61927563404944e-06,5.49634719959613e-08,0.1861473368277918,0.0465444570243363,327,CT/EC,P
327,328,0.0,1.5957241766092826e-05,2.0021350337628974e-06,0.1120707769791549,0.0280221840889887,328,CT/EC,L
328,329,0.0,6.440919665298868e-06,4.474753438898915e-07,0.0794356249330077,0.0198606283320042,329,CT/EC,G
329,330,0.0003698143139904,0.0001289657875857,3.605736083045485e-06,0.1765201005246404,0.0442556215905749,330,CT/EC,D
330,331,0.0,0.0001392029732843,3.140572744086967e-06,0.2370704821853106,0.0593032064328347,331,CT/EC,D
331,332,0.0,1.1814003652813117e-06,0.0,0.1995065803636578,0.0498769404410057,332,CT/EC,E
332,333,0.000285656132092,0.000201757434087,0.0001226973545271,0.152457631138851,0.0382669355148893,333,CT/EC,A
333,334,0.0002703762518288,6.746788122503723e-05,9.94737056316808e-05,0.0666875295266048,0.0167812118413226,334,CT/EC,S
334,335,0.0,0.0017460744859869,6.5305694079143e-06,0.1374732912814959,0.0348064740842227,335,CT/EC,T
335,336,0.0001283298123206,0.0001780019007624,6.76770468999166e-06,0.1217860630946909,0.030524790628116,NA,NA,-
336,337,9.906328987110067e-06,9.112078282084124e-05,9.947038961399812e-06,0.0737906710813659,0.0184754113080338,336,CT/EC,T
337,338,0.0001379515357752,0.0008379257801786,0.0002236100990558,0.0961090530276283,0.0243271351106594,337,CT/EC,V
338,339,3.448586221641557e-05,0.0002335552014468,5.0483777158660814e-05,0.1958446699444848,0.0490407986963266,338,CT/EC,S
339,340,0.0,4.1251861856479225e-05,1.7340992997105786e-07,0.219317499966164,0.0548397313094876,339,CT/EC,K
340,341,0.0,0.0,0.0,0.0,0.0,340,CT/EC,T
341,342,0.0,9.429713133994864e-05,4.095423662420217e-07,0.0385279588182864,0.0096556663729981,341,CT/EC,E
342,343,0.0,0.0001799964548596,2.238570232293569e-05,0.1228690519554399,0.0307678585281556,NA,NA,-
343,344,5.652400663403886e-05,2.0261506953395168e-05,4.953800089424476e-05,0.1915033838539195,0.0479074268421003,NA,NA,-
344,345,0.0,4.532946057971175e-05,1.4040985263363837e-07,0.0767776638550193,0.0192057834313629,NA,NA,-
345,346,5.341137653274939e-05,6.60091414676906e-05,0.0001034657398122,0.2318872283295687,0.0580275286468453,NA,NA,-
346,347,0.0002329173424988,0.0001188793512849,4.37201997556258e-05,0.1891444854075067,0.0473850005752615,342,CT/EC,T
347,348,0.0,2.1748878011939865e-05,1.3737107007472103e-09,0.0037491279496106,0.0009427195503333,343,CT/EC,S
348,349,0.0,1.0301653522075252e-05,1.1973986602242803e-06,0.098514411475768,0.0246314776319875,344,CT/EC,Q
349,350,2.7522768364053605e-06,1.0519463153132536e-05,5.3762758689401835e-09,0.0501391077891065,0.0125380962263429,345,CT/EC,V
350,351,0.0,0.0001607952050793,8.972732530310168e-07,0.0438328217248809,0.0109986285508033,346,CT/EC,A
351,352,0.0,8.048906631956684e-05,6.027067229297245e-06,0.0678432275689556,0.0169824359256261,347,CT/EC,P
