feature,gbr,BayesianRidge,rf,xgb,mean
1,0.0007593616780325441,0.1338132477247181,0.000289112709310707,0.00018164407811127603,0.03376084154754315
2,0.000130339600012124,0.12338060275670794,0.0002855949658456401,0.0006194010493345559,0.031103984592975066
3,0.0,0.12790190742013394,8.856554439320786e-05,0.001303036930039525,0.03232337747364167
4,0.0,0.07584781561717603,0.00025567674786277126,0.0003588521503843367,0.019115586128855784
5,0.0,0.1692575661068524,0.06556180513731429,0.0009985046926885843,0.05895446898421382
6,0.001113806501108771,0.2101922395369869,0.0022779056929820318,0.0006282762624323368,0.05355305699837751
7,0.0,0.09098994454313011,0.0004392282575139262,0.0001409846736351028,0.022892539368569786
8,0.0018292564386586069,0.14618250668798116,0.0014123428694095463,0.00024313050380442291,0.03741680912496344
9,0.0,0.1129452018985212,0.00020326426180065094,0.00026983371935784817,0.028354574969919923
10,0.0,0.08052662586959217,9.573966373875337e-05,4.010920520158834e-07,0.020155691656345735
11,0.0,0.13053583528796006,0.00040696354483333067,2.2366792109096423e-05,0.03274129140622562
12,0.002435454939170789,0.43733926939794227,0.0019456827556152993,0.0062764789909124374,0.1119992215209102
13,0.0,0.1457229621397561,0.0013272140023435808,0.0004357130092103034,0.0368714722878275
14,0.0011568943528178159,0.21519172839050613,0.0004227136344990429,0.000822997884824872,0.05439858356566197
15,0.0,0.08850461336810629,0.002437745208532939,0.00010497221228433773,0.022761832697230894
16,0.0005381728363454042,0.21600643839286074,0.0007454889112956972,0.02127385511994362,0.059640988815111366
17,0.00018136508154918644,0.30645277881206595,0.0008433854550560305,0.0010767878266051412,0.07713857929381908
18,0.0,0.15763078004258296,0.0005551384976636521,0.0002425318380119279,0.039607112594564634
19,0.0,0.1908212012553579,0.0007360076283587719,0.0012078257277607918,0.04819125865286936
20,0.0,0.05181846162378885,8.476796788380198e-05,4.169189935510076e-07,0.01297591162766655
21,0.0038019145440531562,0.2513509430842207,0.007785458734917063,0.014509251341223717,0.06936189192610365
22,0.0,0.2784864190913566,0.0013634713361318563,0.000706880004145205,0.07013919260790841
23,0.0,0.3073312111797681,0.0009379628013554981,0.0003407831827644259,0.077152489290972
24,0.00033530606274964153,0.31626308881851506,0.002462975600179143,4.7823508793953806e-05,0.07977729849755945
25,0.0,0.107844752476122,0.00043140099431527164,4.4722077291226014e-05,0.027080218886932125
26,0.0,0.07806050317572448,0.0002947440208386667,6.2385779528995045e-06,0.01959037144362901
27,0.0,0.015611696814992576,0.0003140468543037574,9.114698332268745e-05,0.004004222663154755
28,0.0,0.21399864980563033,0.0013100131196772304,0.011030483990907669,0.05658478672905381
29,0.0,0.19045962141344497,0.0005038647596853193,3.300538082839921e-05,0.04774912288848967
30,0.0,0.19239956857093155,0.0007052295001924603,0.0017477560322731733,0.0487131385258493
31,0.0,0.07750776687353111,7.282304446353007e-07,1.5006846297183074e-05,0.019380875487568235
32,0.0,0.1161986959289589,0.0004016862280200835,0.0009813266806304455,0.02939542720940236
33,0.0,0.0899496797146398,0.00038826252547921543,0.0005816820776090026,0.022729906079432004
34,0.0031972204619532558,0.29372896917324565,0.001042563415239299,0.00034135489840991795,0.07457752698721203
35,0.0,0.27065932226112216,5.578594957041083e-05,2.886572474380955e-05,0.06768599348385909
36,0.00015569939601897884,0.17090628397344598,0.001280523012926674,0.0009550792747177184,0.043324396414277336
37,3.2366826064418144e-05,0.14257499507433996,0.0007333091381710896,0.0001813764829421416,0.035880511880379405
38,0.00021055414985278803,0.11750867115767547,0.0006118924859817202,0.0009631364373490214,0.029823563557714747
39,0.0002744950268111725,0.07284736749832424,0.0005002886234114303,0.00014651184028480202,0.018442165747207914
40,0.0,0.16460584736020187,0.0003213963958568045,0.00010526621917961165,0.04125812749380957
41,0.0012068705073680875,0.2710426670565363,0.000678666863562315,6.290398596320301e-05,0.06824777710335747
42,0.00039116287689033597,0.2642197178452677,0.0012517930359843199,0.0006092219846323133,0.06661797393569367
43,0.031525675295590354,0.27308551854238644,0.012555820969247245,0.006931093521416187,0.08102452708216006
44,0.002956240273651324,0.2679678903137636,0.0004901937648864045,0.0006132324342615902,0.06800688919664073
45,0.0014985924735531583,0.09115877093058877,0.000576945833008203,0.00344393914565444,0.024169562095701144
46,0.0027843902302405518,0.15758660787977613,0.0015235661678600378,0.0003584608784876764,0.0405632562890911
47,0.0,0.05138721001721548,0.0066253525675216435,1.674315626587486e-06,0.014503559225090928
48,0.0003611017328969729,0.1369995604824887,0.0013818000264988837,0.00031833042157813907,0.03476519816586567
49,0.0002753381853495701,0.2047489833205649,0.0012592203749729844,0.00555049441754818,0.05295850907460891
50,0.0001499645706941496,0.12324458879409607,0.0005984508549902786,0.0011501103872433305,0.031285778651755955
51,0.0,0.3842649534178812,0.0005465595772128436,0.0009413770749233663,0.09643822251750435
52,0.00010617087352932763,0.07249725544189314,0.0009325873286812812,0.0005893295747227967,0.018531335804706634
53,9.275452929565257e-05,0.14449021314997493,0.000827649506472295,0.002777303569018841,0.03704698018869043
54,0.0,0.19083740655739745,0.00015885542834358194,0.008322242647409439,0.049829626158287614
55,0.0,0.0,0.0,0.0,0.0
56,0.00019431403059172098,0.13747435177376444,0.0006190131401618631,0.00011313788854749873,0.03460020420826638
57,2.640647434290139e-05,0.19310530843452142,0.0011901440949918028,5.504027649294585e-05,0.04859422482008727
58,0.0,0.5113788370755096,0.00019224191740207947,0.0009375606314279139,0.1281271599060849
59,0.0011089280471549968,0.4351785147199268,0.0014948551444137674,0.00211300328373909,0.10997382529880867
60,7.78410372172358e-08,0.14364942079974297,0.002759567095994717,0.002333777491003275,0.03718571080694455
61,0.0,0.13045085026465766,6.746955698367899e-05,0.0018104076152667403,0.03308218185922702
62,0.0,0.001377999804790292,1.3168621198417761e-05,7.929053026600741e-06,0.0003497743697538276
63,4.783607224976532e-05,0.11083046531345347,0.00042894024835938915,0.0003569542313925922,0.027916048966363807
64,0.0,0.1590731066377363,0.0013979069373713181,0.00036715681198984385,0.04020954259677437
65,3.694359582764905e-05,0.11595798406574637,0.0002011357471071007,4.2162970203207806e-05,0.02905955659472108
66,0.0,0.0,0.0,0.0,0.0
67,0.004422458330788965,0.7240746157526541,0.0020519256870101935,0.0005749814445152879,0.18278099530374212
68,0.0,0.0,0.0,0.0,0.0
69,0.0,0.11015412105474504,6.551674963875339e-05,1.3605855201603845e-05,0.02755831091489635
70,0.2988305362066366,0.1431303557937545,0.2674828970803963,0.43512946367263794,0.28614331318835634
71,0.0,0.07680851406809862,0.004105867464973179,3.723197039562365e-08,0.02022860469126055
72,0.0,0.09416501140120509,0.0002594879685096943,0.0,0.023606124842428695
73,0.0,0.0,0.0,0.0,0.0
74,0.0,0.10423939642219412,0.0001443322948962264,1.2287499885133002e-05,0.026099004054243872
75,0.0,0.02980755738564807,0.0016259989588024992,0.002557641128078103,0.008497799368132167
76,0.0,0.3624086900422088,9.862283856749517e-06,0.0,0.09060463808151639
77,0.0,0.263972767232901,0.0025043886042563734,4.023287146992516e-06,0.06662029478107609
78,0.0,0.0,0.0,0.0,0.0
79,0.022568326965184186,0.35450799476798833,9.350494984388732e-05,1.0241385098197497e-05,0.09429501701702865
80,0.048493541143695224,0.00013132021881793256,0.0017689787773518333,0.09753110259771347,0.03698123568439461
81,0.005895715827695957,0.23956573981324264,0.004254872461350258,0.015110410749912262,0.06620668471305027
82,0.0,0.17583008816172943,0.00017188981972261484,0.005614639725536108,0.045404154426747036
83,0.0,0.22001101839176737,0.00030908799937184303,0.00011252850526943803,0.055108158724102164
84,0.0,0.15582528945470578,0.01814276564072661,0.00022783053282182664,0.043548971407063555
85,0.0,0.18351361252467474,0.0006861775676120242,0.00011519002873683348,0.0460787450302559
86,0.08806405205472374,0.7938770174841295,0.04667339979696824,0.11821842938661575,0.26170822468060934
87,0.0,0.11298556031962728,0.00014240314210902888,4.182950942777097e-05,0.02829244824279102
88,0.003980809920882345,0.14410303923875883,0.0012767552725884374,0.006419438868761063,0.03894501082524767
89,0.012956170505715906,0.2495728055427542,0.003011200098309943,0.009673855267465115,0.0688035078535613
90,0.007769331859321697,0.46016595326082227,0.004784467223793369,0.014668568037450314,0.12184708009534692
91,0.009560506463217985,0.3312737388964349,0.005754569697783588,0.047064684331417084,0.0984133748472134
92,0.002225883945966635,0.2262430555205611,0.0011916221742317168,0.014815605245530605,0.06111904172157251
93,0.0054097653479400635,0.3536098856959807,0.0006985626076936262,0.0007068803533911705,0.09010627350125139
94,0.011714768137097608,0.26622751888905105,0.007268934530494134,0.04302545636892319,0.0820591694813915
95,0.0014386254064651747,0.24732470443731472,0.009937278710403575,0.0009463667520321906,0.06491174382655392
96,0.005880160163868339,0.25217221828160447,0.012493165445207326,0.02442430891096592,0.07374246320041151
97,0.0023879374389317812,0.23910050699354835,0.0005667830291606751,0.02599780075252056,0.06701325705354035
98,0.007436108222160128,0.09369254863823127,0.0020245903734077576,0.0042528389021754265,0.026851521533993648
99,0.0,0.11786517521391209,0.0006349905611201616,0.0008502364507876337,0.02983760055645497
100,0.0005476991307908883,0.23465193957971825,0.0009012515492701218,0.0004843641072511673,0.05914631359175761
101,0.0,0.1008490396528496,0.0014328978017469265,0.0018594490829855204,0.02603534663439551
102,2.402355121876043e-05,0.14232019378047617,0.0007907644951555757,0.0009585018269717693,0.03602337091345557
103,0.013692287071991254,0.3544343208738339,0.0006093978708041083,0.012271475046873093,0.0952518702158756
104,0.0,0.127661481909651,0.001316440538223482,0.0017102771671488881,0.03267204990375584
105,5.8213080229657736e-06,0.2576602560693958,0.0008203863880282147,4.462193828658201e-05,0.06463277142593339
106,0.0,0.14494542706683694,0.0002417750161568391,0.0,0.03629680052074844
107,0.00010478260946564821,0.14425149220189468,0.0002511862322101543,0.000493749394081533,0.036275302609413
108,0.0,0.1454778501667591,0.0008608362213322454,0.0009184751543216407,0.03681429038560324
109,0.00034481444098440447,0.15396289896832407,0.0011045265002514446,0.0020512770861387253,0.039365879248924665
110,0.0,0.0,0.0,0.0,0.0
111,0.0008306007316403849,0.20699433242294601,0.001125432856260219,0.0008374248864129186,0.05244694772431488
112,0.00031787973491890234,0.14767896446770212,0.0009724723359243557,0.00010027506505139172,0.03726739790089919
113,0.0,0.2935690165962471,0.00018070169989140136,0.0,0.07343742957403464
114,0.001646564199864805,0.2565871317470167,0.002895874476611741,0.0016084209783002734,0.06568449785044837
115,0.00014132631238319648,0.20158963296760798,0.0004270008767458296,0.0003816092212218791,0.05063489234448972
116,0.0002988060777844133,0.294007677581439,0.005826579389624381,0.006796849891543388,0.0767324782350978
117,0.009658240036213551,0.383412442538231,0.0002780041268708741,8.95783784926607e-07,0.0983373956212751
118,0.0,0.5843811414959477,0.005767109238173002,1.7232259779120795e-06,0.14753749349002465
119,0.005059389933811823,0.16572603020487642,0.0021179161196969005,0.0002990818757098168,0.04330060453352374
120,0.0,0.21591040059502992,0.0009389871401652764,0.0002306731912540272,0.054270015231612304
121,0.0,0.0,0.0,0.0,0.0
122,0.009196966284609002,0.34788630621843497,0.004906500813495576,0.011270906776189804,0.09331517002318233
123,0.0,0.21213426823176457,0.0007678966450624217,0.0017856494523584843,0.053671953582296365
124,0.0005372781444558958,0.12068936688122729,0.0011422885639607993,0.0019532740116119385,0.03108055190031398
125,2.1648281382047352e-05,0.21917958275019997,0.000337775532129361,1.8074788386002183e-05,0.05488927033802434
126,0.0,0.31491396703292945,0.0009704144651638888,0.00036063420702703297,0.07906125392628009
127,0.0,0.5121642687726194,0.000805732119625152,3.456145350355655e-06,0.12824336425939875
128,0.0,0.22683181030243896,0.004186986043228719,4.6557804722624496e-08,0.0577547107258681
129,0.0,0.25544608572300526,0.004500319329952131,0.0001787303772289306,0.06503128385754658
130,0.0,0.14209656295038892,0.0002170674399815643,5.362010779208504e-05,0.03559181262454064
131,0.0,0.1269624650022145,7.743220648451671e-05,0.0,0.031759974302174754
132,0.0,0.19284664244253594,1.3359809495721914e-05,0.0003520454920362681,0.04830301193601698
133,0.0015711218163600553,0.14377769587009723,0.009015455856183133,0.00014243487385101616,0.038626677104122854
134,0.0,0.03707728597715302,3.744947645480349e-05,0.0,0.009278683863401955
135,0.0,0.0,0.0,0.0,0.0
136,0.0,0.08763157845227498,0.00037323655172654524,3.634727545431815e-05,0.02201029056986396
137,0.0002479319609302095,0.22838718749514755,0.00043258560238092463,1.8937063941848464e-05,0.057271660530600135
138,0.0,0.12489028096303804,0.001439901326476528,2.4015076633077115e-05,0.03158854934153691
139,0.0,0.02706879880194191,9.25786409842816e-05,1.3113877912473981e-06,0.00679067220767936
140,0.003609161730687938,0.27120163933584607,0.0020976634646618433,4.025602265755879e-06,0.0692281225333654
141,0.0013046335824921894,0.0963947399594586,0.0013849970039497596,1.3655730072059669e-05,0.024774506568993153
142,0.0121081053225878,0.04179568709271537,2.103573420904793e-06,0.0,0.013476473997181018
143,0.0,0.1893318146223782,0.002401457597991405,0.050312139093875885,0.06051135282856137
144,0.00024421064314796936,0.14546554861171065,0.0017531267384208744,0.0007853434071876109,0.03706205735011678
145,0.0009298606427065304,0.27259625760622636,0.0009464151207098393,0.0009056877461262047,0.06884455527894223
146,0.0,0.05655298657046006,4.052690641752255e-05,2.2940059807297075e-06,0.014148951870714578
147,0.011829478209614976,0.08710206702807517,0.0043640499822236644,0.0007382359472103417,0.02600845779178104
148,0.000600131111374163,0.07110059374820706,0.0007898092715011941,0.0001036948524415493,0.018148557245880992
149,0.00017667619593247414,0.19142429171163958,0.0020210690327909916,4.518560308497399e-05,0.048416805635862
150,0.0005363931827046255,0.16601065451670255,0.0009315788885558922,0.0004392239497974515,0.04197946263444013
151,0.0005956645135891211,0.18099440267271016,0.002459591077393643,0.00023680002777837217,0.04607161457286782
152,1.4872366104212934e-05,0.3142120012754462,0.0006768046074850145,6.241661321837455e-05,0.07874152371556345
153,0.003188634337493135,0.1296289730488696,0.014092830284669115,0.0006260683294385672,0.03688412650011761
154,0.0004680393970060103,0.12719761990632378,0.0016383587241639813,0.0006359879625961185,0.032485001497522474
155,0.001373020739258625,0.21076704604324775,0.0002678053663098162,0.00017943167767953128,0.053146825956623935
156,0.0014565416090119238,0.1402934304432859,0.0006752265032959357,0.006190496496856213,0.037153923763112495
157,0.0004967519302074169,0.1285127766890555,0.000587420883930429,2.3416550902766176e-05,0.03240509151352403
158,0.0034562636939683396,0.04039600131266364,0.0015145569892052143,0.0009930061642080545,0.011589957040011312
159,0.0010510785916421628,0.07150924140040382,0.002412888436283538,0.0006044111214578152,0.018894404887446835
160,0.0003551551852081906,0.08179343425714933,0.00019348213277378115,0.001899600145407021,0.021060417930134582
161,0.0,0.0,0.0,0.0,0.0
162,0.00036710826357586377,0.15296275625742994,0.0008015843621017165,0.0013910303823649883,0.038880619816368124
163,3.5583174943898406e-05,0.16269563921219318,0.000645271560976415,6.638283593929373e-06,0.040845783057926854
164,0.011665793658402198,0.26550041532786145,0.001442303852973416,0.0119174150750041,0.07263148197856029
165,0.0011700561628780587,0.23612368965237598,0.0006604012775784955,0.00019607732247095555,0.05953755610382587
166,0.00176230618712475,0.25318687110921223,0.0034429369218023126,6.1625505622942e-06,0.0645995691921754
167,0.2811982024820863,0.1891984601642106,0.3121474462313315,1.0,0.4456360272194071
168,0.0,0.2875894441759722,0.0004221440187747265,5.771227370132692e-05,0.07201732511711206
169,0.0005081322963310399,0.25057865158209636,0.0006397227597734565,0.00021141393517609686,0.06298448014334425
170,0.00015982868872432054,0.1798554406506867,0.00040098738742391354,1.1907319276360795e-05,0.04510704101152783
171,0.0,0.0,0.0,0.0,0.0
172,0.0,0.34691469669444547,0.0002923660288825223,0.00018494024698156863,0.08684800074257738
173,0.003548288863528548,0.09335638853988412,0.0006491119745754085,3.742563785635866e-05,0.02439780375396111
174,0.0,0.2691164780883556,0.0003176127701670639,2.9311782782315277e-05,0.06736585066032624
175,0.0,0.0,0.0,0.0,0.0
176,0.0,0.14908867278675547,0.001695649397056878,0.0007104964461177588,0.03787370465748253
177,0.0,0.0,0.0,0.0,0.0
178,0.002119735150477231,0.566056521849927,0.00362571515542441,0.0021416780073195696,0.14348591254078708
179,0.0,0.1360743289942781,0.0005824825718889712,4.63057222077623e-05,0.03417577932209371
180,0.0,0.0,0.0,0.0,0.0
181,0.22562397169805495,0.9597329236837543,0.06827699030985326,5.471621989272535e-05,0.3134221504778888
182,0.0,0.0,0.0,0.0,0.0
183,0.0,0.3433245343778146,0.0026634321294222827,0.0015424805460497737,0.08688261176332167
184,0.0,0.10478362785136208,0.006997650629302124,6.609028332604794e-06,0.0279469718772492
185,0.0,0.12484803698361313,6.815718424009298e-05,0.0,0.031229048541963306
186,0.0,0.046630989330976966,0.01070253081514729,0.03997139260172844,0.024326228186963172
187,0.0,0.0,0.0,0.0,0.0
188,0.061073581858202955,0.24445915112617758,0.0657051106400355,0.24791163206100464,0.15478736892135517
189,0.00016075834075023618,0.11443871256077405,0.0037636148151787953,0.02808588556945324,0.036612242821539076
190,0.0,0.0,0.0,0.0,0.0
191,0.1468280457643094,0.07678229245394952,0.11535596552645876,0.0,0.08474157593617943
192,0.0,0.2502436377546161,0.0006130707081891978,1.1709254010838777e-08,0.06271418004301484
193,0.026295415581102734,0.0148256964981894,0.012611081131258297,0.023529307916760445,0.01931537528182772
194,0.0,0.1441503930466228,0.00045116964416848024,0.00584651343524456,0.03761201903150896
195,0.0006053537077377574,0.19832023156853562,0.000947307785350803,0.0017286218935623765,0.05040037873879664
196,0.0,0.13293924114294084,0.00010941929534984653,0.00024953187676146626,0.03332454807876304
197,0.0,0.21195441418162328,0.00014007135034774126,1.3351795132621191e-05,0.05302695933177591
198,0.0011848486651778302,0.22137967381194734,0.00016955733105040118,0.0005560711724683642,0.05582253774516098
199,0.00013615931870513743,0.19592580333920528,0.0007871234839103684,8.671143586980179e-05,0.049233949394422646
200,0.0,0.22558949526135944,0.0009366752945833299,0.0002533564402256161,0.056694881749042095
201,0.001152061354678935,0.2753274211075189,0.0002041937852302713,0.004945510998368263,0.0704072968114491
202,0.09278144182110144,0.1343959771739017,0.0002874698921407031,0.0017657404532656074,0.05730765733510237
203,0.0009342498404783402,0.4120447366535468,0.0017286115634357112,0.004466164857149124,0.1047934407286525
204,0.00032978626176503764,0.12419906570701857,0.0006862028124077647,4.664405423682183e-06,0.031304929796653766
205,0.001806999982933285,0.17786453144351835,0.0015657413240656606,0.0028917421586811543,0.04603225372729962
206,0.00028373236139505865,0.18404146933266116,0.0007993069903325635,0.0005257715820334852,0.04641257006660557
207,0.02043492726105508,0.2878588213117329,0.004291129850184139,0.008686103858053684,0.08031774557025645
208,0.0,0.1328434967254856,0.0002454816498392686,6.18206570379698e-08,0.03327226004899547
209,0.00010343128003048602,0.0772402832386622,0.0008837122096470979,0.0005511099589057267,0.019694634171811377
210,0.0,0.16039271656352155,0.0006418820171179838,2.3704440536675975e-05,0.04026457575529405
211,0.0,0.15232157421418618,0.007609451218616619,0.04836256057024002,0.052073396500760705
212,0.0,0.11739669307333489,0.004820517707144988,0.00016773429524619132,0.03059623626893152
213,0.0018845062226722266,0.13206904777598297,0.0019130105603165708,0.00011746973177650943,0.033996008572687066
214,0.00014509420623134972,0.2009680943272848,0.0007601378164180512,0.0005056765512563288,0.05059475072529763
215,0.0,0.0,0.0,0.0,0.0
216,3.4916852119017555e-05,0.20336451060914895,0.001748870854290628,0.00010266848403261974,0.0513127416998978
217,0.0012384788723803501,0.15602401035109606,0.0009059694375560785,0.00016767696070019156,0.03958403390543317
218,0.00014040538777169577,0.0948672100077583,0.0011383740983918111,6.251424201764166e-05,0.024052125933984862
219,0.0,0.2243240552054181,2.387945161633115e-05,6.153069989522919e-06,0.05608852193175599
220,0.0,0.008426157035498875,0.0010308783905463084,4.845944567932747e-05,0.0023763737179311275
221,0.0,0.05075536131405948,9.011292334589782e-05,0.0001924142852658406,0.012759472130667804
222,0.0,0.2361170779172943,0.0002727699942952665,0.0,0.05909746197789739
223,0.0,0.0,0.0,0.0,0.0
224,1.0,0.3098108354264238,1.0,0.7318214774131775,0.7604080782099003
225,0.00029012565830270116,0.18102703576658624,0.0004707998752259752,2.368527248108876e-06,0.04544758245684075
226,0.0,0.09864527017204429,0.00023689126804274726,0.0,0.024720540360021758
227,0.00011101501215688297,0.08692591432481958,0.0008443304712943354,0.07322035729885101,0.040275404276780453
228,0.0006559713396642314,0.21924680909600108,0.0003689527680839404,7.904042286099866e-05,0.05508769340665256
229,0.0018676380541941702,0.1237562794826378,0.0020522744637020674,0.0,0.03191904800013351
230,0.0,0.11996309306903405,0.05063622396928657,5.301550118019804e-06,0.04265115464710966
231,0.0017860205045853895,0.20180600119260617,0.0006630259361018517,4.294062091503292e-05,0.05107449706355211
232,0.00013304271974683184,0.18465770765547357,0.00044370782288613206,1.814782626752276e-05,0.04631315150609352
233,0.0,0.1552299197848346,1.7768036791017112e-05,0.0,0.038811921955406406
234,0.0,0.24734824687192214,7.0063923266074385e-06,0.0,0.06183881331606219
235,0.00038432202924853083,0.07530421846099049,0.0008352302794053093,0.00026045998674817383,0.019196057689098125
236,0.0013651954778143452,0.1673005423041588,0.00012564180335974644,0.0010329341748729348,0.04245607844005146
237,0.0,0.10677451509711886,0.0002092539369969393,0.0,0.02674594225852895
238,0.0031738754480930146,0.17836171328583755,0.003365209144539941,0.008056322112679482,0.0482392799977875
239,0.0,0.1856956738326066,0.0004685255691969166,0.0006596228922717273,0.04670595557351881
240,0.0,0.17596911453814648,1.9845504471216513e-05,0.0001264386810362339,0.04402884968091348
241,0.0014125233151032984,0.060918834876495666,0.0011206083149107229,0.01221934799104929,0.018917828624389742
242,8.005204928339048e-05,0.09807402430905976,0.000966159044116063,0.0004483981756493449,0.02489215839452714
243,0.0,0.1183244451483653,0.0001446942799593577,5.566352410824038e-05,0.029631200738108227
244,0.0006988883744235418,0.2953943355914163,0.0014164040404552468,0.00493143405765295,0.07561026551598701
245,0.0,0.24686101045650402,0.00016573774863432028,2.9383818045403132e-08,0.0617566943972391
246,0.001119434340679017,0.22828597957595537,0.0004969484563975288,0.0,0.05747559059325798
247,0.0,0.0,0.0,0.0,0.0
248,0.0,0.14334002379042932,0.0017732959836572549,0.00014885037671774626,0.03631554253770108
249,0.0,0.26195478204746087,0.0005791028710012555,0.0009099698509089649,0.06586096369234277
250,0.0,0.10643139453281125,0.00010113812141627159,0.0,0.02663313316355688
251,0.0,0.03559115469748578,4.6004531213753014e-05,7.5804244261235e-05,0.008928240868240192
252,6.672392199821269e-05,0.29919307330037875,5.319388858141804e-05,0.0,0.0748282477777396
253,0.0,0.10514483935600347,0.0001910658103444996,0.0009844409069046378,0.026580086518313152
254,0.000619643040804939,0.17954322916187684,0.001144432058756158,1.3688584488136257e-07,0.04532686028682071
255,0.007682234783733643,0.11887072894744964,0.0003750611422145435,1.3649789252667688e-05,0.031735418665662624
256,0.0,0.15518809968827502,0.0002734842656309818,6.403895531548187e-05,0.03888140572730537
257,0.0030010486581143916,0.18901015288174963,4.780818545689371e-05,7.43509954190813e-05,0.048033340180185
258,0.0002680361829635213,0.20598827011652135,0.0010030906792310428,9.971190593205392e-06,0.05181734204232728
259,0.0002288153285239755,0.10918463712279415,0.002692860290625745,0.0004106756532564759,0.02812924709880009
260,0.0020172816928042568,0.26513243945399156,0.00020022406988189228,1.258884708477126e-06,0.06683780102534655
261,0.009560804793759616,0.5308838579497267,0.007331687972626964,0.005367127712816,0.13828586960723233
262,0.011921973215708846,0.26279044611954255,0.013789610713247916,0.03184564411640167,0.08008691854122525
263,0.0004931164128152676,0.11901598260519257,0.002364130660781799,0.002626753645017743,0.031124995830951845
264,0.00025515298253912257,0.03731154547335911,0.0004865088411242084,0.0,0.00951330182425561
265,0.034801371967794176,0.23742060771210494,0.0045147543623891215,0.028555650264024734,0.07632309607657825
266,0.0005282721381792962,0.12062457606795435,0.0002913074228638846,0.00010751446825452149,0.030387917524313014
267,0.0,0.0,0.0,0.0,0.0
268,0.0,0.0,0.0,0.0,0.0
269,0.019745618552734934,0.4963849533824847,0.007087296043615033,0.017099734395742416,0.13507940059364426
270,0.0003166332908741558,0.1763965480318642,0.0008065826547457345,0.0011257531587034464,0.044661379284046884
271,0.02697702895724721,0.1891696625948045,0.02031846988014626,0.09869604557752609,0.08379030175243102
272,0.0006320449887529607,0.10018420291418757,0.0003373708854646359,1.0114757060364354e-05,0.025290933386366385
273,0.008068143352491754,0.24767729286945162,0.005130981167792356,0.10847710072994232,0.09233837952991951
274,0.0013313161105306336,0.2094410395398429,0.0013584136287008246,0.0007910201093181968,0.053230447347098135
275,0.003183786900943808,0.35093783392567035,0.0013095458815544567,0.001429885160177946,0.08921526296708664
276,0.0,0.1594894463644967,0.023562323112069936,8.453204645775259e-05,0.045784075380756094
277,0.0,0.06678886416065252,0.0004672715922456205,6.89967127982527e-05,0.0168312831164241
278,0.0006318220560356878,0.030332439640786638,0.0005380912720880004,7.866830856073648e-06,0.0078775549499416
279,0.01830375095177944,0.1860438059784971,0.010174054719490983,0.030721154063940048,0.06131069142842689
280,0.0005653250197529444,0.25833150394155785,0.00034310493428541076,0.00044960813829675317,0.06492238550847323
281,0.0002838808786908352,0.2428799017918163,0.00034048597376466446,4.2870517063420266e-05,0.0608867847903338
282,0.0018278899664642605,0.20878907987990414,0.0006009404262688618,0.0004719015269074589,0.052922452949886185
283,0.0006849726527053579,0.2860935367753514,0.00043059528782047696,0.0003564487851690501,0.07189138837526156
284,0.0005501481660765386,0.11162084610256187,0.001146096048297765,0.0009292131871916354,0.028561575876031954
285,0.0,0.22072251097759335,0.004985023508242372,3.410421811622655e-08,0.05642689214751346
286,0.025155735705555345,0.047559216345891685,0.01384951811799947,0.02714470401406288,0.028427293545877343
287,0.0008576035611526324,0.11895569613248727,0.00039115477634788485,0.000210874030017294,0.03010383212500127
288,0.008046907914341718,0.1611172393322522,6.412325851694302e-05,1.6232321042863873e-10,0.04230706766685851
289,0.0,0.22628484761144552,0.0002951448811708149,2.877181373150961e-07,0.056645070052688415
290,0.0001079571194691597,0.22871850278367406,0.0014032215503440217,0.0014679960440844297,0.05792441937439292
291,0.0,0.22300681915091916,4.373245450723683e-05,0.0,0.0557626379013566
292,0.03223330069844685,1.0,0.04373042970394892,0.019681258127093315,0.27391124713237225
293,0.0,0.2751808934214935,5.504936537758514e-06,0.0004290273936931044,0.0689038564379311
294,0.0,0.22060928536380206,0.0007488741698517044,0.0007774233818054199,0.055533895728864795
295,0.08069419086270238,0.7319662678859898,0.0038106481850132263,0.04392213746905327,0.21509831110068967
296,0.0,0.0,0.0,0.0,0.0
297,0.0,0.05937009705483991,0.0003989548696337866,0.002323024906218052,0.015523019207672937
298,1.958013769439177e-06,0.02045940006315866,0.00298322781319217,0.00024663491058163345,0.005922805200175477
299,0.007847646547116751,0.12447099666429091,0.0008060200608781443,8.319660992128775e-05,0.033301964970551774
300,0.00022311425380120288,0.1005352272319528,0.0005789865409977773,0.0003420137509237975,0.025419835444418892
301,0.0,0.1234888818913355,0.0009769955916118385,3.7822837839485146e-07,0.031116563927831433
302,0.02773690992937075,0.6512025222655266,0.004015711142747741,7.05636921338737e-05,0.17075642675744473
303,0.0,0.0,0.0,0.0,0.0
304,0.0025602080619243285,0.14704773796597123,0.0014221445893539161,6.742057303199545e-05,0.03777437779757037
305,0.0,0.17567025751217813,9.121695940693666e-05,3.035980262211524e-05,0.0439479585685518
306,0.0,0.0,0.0,0.0,0.0
307,0.0002668878950396671,0.12779808599655082,0.00014007178325672588,9.734149352880195e-05,0.032075596792094006
308,0.0,0.2899111947262196,0.0002177488899131166,2.603605935291853e-06,0.072532886805517
309,0.00019408491619548655,0.07797033957893952,0.00047529766728958666,0.0002646347275003791,0.019726089222481244
310,0.0,0.1469019427748645,0.00012624924397058038,0.0,0.036757048004708776
311,0.0,0.23710134819563936,0.00016515296576174985,8.767507324591861e-07,0.05931684447803339
312,0.00015451400899328094,0.2927083174721117,0.0005292471160774677,0.00030203224741853774,0.07342352771115025
313,0.0,0.062315962337070034,0.0001255616080446812,0.0,0.015610380986278679
314,0.0,0.0800745843568426,0.0005162251006745348,7.90753765613772e-05,0.020167471208519628
315,2.276734091318126e-05,0.10420672904150662,0.00020094656511411053,2.7177418814972043e-05,0.02611440509158722
316,0.0,0.20144269026653153,0.0003434575061033875,0.0,0.05044653694315873
317,0.0015488895801282177,0.3196930331879789,0.002804293829704197,9.73295612993752e-08,0.08101157848184316
318,0.00025098898068599585,0.09188633940719765,8.034012032261113e-05,0.0015805966686457396,0.023449566294213
319,0.0024610013442210605,0.1731707037478471,0.0010777721807412955,7.71816776250489e-05,0.044196664737608624
320,0.0051532795410611865,0.09743168283533767,0.0015526870635192138,0.0005245134816505015,0.026165540730392144
321,0.0,0.10986651384974207,0.0005646132890664643,5.5095748393796384e-05,0.027621555721800584
322,0.0,0.2134718170715707,0.004268734971056811,0.002873762743547559,0.05515357869654377
323,0.005361423662241215,0.550104316755479,0.00264162643020957,0.006040537264198065,0.14103697602803197
324,0.0002844879218365561,0.1461338457012928,0.0008762730313564291,0.000437991286162287,0.03693314948516202
325,5.202148930543248e-05,0.1326362597983672,0.0003688457117129788,0.00025432612164877355,0.0333278632802586
326,0.0,0.19880356342253205,0.000332390553577893,0.0027439945843070745,0.050469987140104255
327,0.0,0.24299861818551782,0.0005632914137846226,6.390249382093316e-06,0.06089207496217113
328,0.00021292503367676083,0.18143902212483673,0.0021299879949365557,0.0016175889177247882,0.046349881017793707
329,0.0,0.0821666262096983,0.009338616016993793,0.0,0.022876310556673024
330,0.0004069625357266004,0.23114096419319166,0.0008800276377347805,0.001035804976709187,0.05836593983584056
331,0.000678197545753114,0.1662847490816242,0.002237457481748602,0.0007331870147027075,0.04248339778095715
332,0.0,0.04926406604295279,0.0026297364387414166,0.002700724406167865,0.013648631721965518
333,5.075661563974863e-05,0.11900375677009417,0.0003172957917492518,2.874336132663302e-05,0.029850138134702452
334,0.000565009961663128,0.12474551562974655,0.0005383873083543519,0.0002679888566490263,0.03152922543910326
335,0.0,0.18418547392690127,0.0003811407142550785,0.0008174582617357373,0.04634601822572302
336,7.347664802759595e-05,0.21386334688244438,0.0020469548338113677,0.0016389649827033281,0.05440568583674667
337,0.0015541791238378332,0.29555049854497806,0.0008995042056015841,0.0006764570134691894,0.07467015972197166
338,0.0,0.30219430502325256,0.0006063099411242481,0.0006517521105706692,0.07586309176873687
339,0.0,0.06154347580434923,1.9688560606155524e-05,1.8528666259953752e-05,0.015395423257803836
340,0.0,0.05844564431147937,0.0003872506238221644,0.00015197350876405835,0.014746217111016398
341,0.0005034742177056307,0.3919241486829161,0.0009486505008889879,0.004051468800753355,0.09935693555056602
342,0.00013797018182428494,0.18716346884230983,0.00038327037633586846,6.090036913519725e-05,0.0469364024424013
343,0.0017007753707002817,0.4023634398859394,0.0007355143962538227,0.00020348999532870948,0.10125080491205556
344,0.0027067626036880823,0.16865853185035937,0.0003959753927010301,1.561494718771428e-05,0.042944221198484046
345,0.00016836749838437817,0.16605999423285983,0.0008746190396635805,5.6340642913710326e-05,0.041789830353455376
346,0.0,0.017600619331812565,9.316293232243201e-05,1.8970716553212696e-08,0.0044234503087128875
347,0.000931771279454002,0.1434134681692,0.0006964736390341251,0.00015928414359223098,0.036300249307820096
348,0.004424651806810268,0.2152916034001957,0.002499803874885787,0.013493764214217663,0.05892745582402736
