,feature,gbr,BayesianRidge,rf,xgb,mean,true_position,TMD,amino_acid
0,1,0.0007593616780325,0.1338132477247181,0.0002891127093107,0.0001816440781112,0.0337608415475431,1,CT/EC,M
1,2,0.0001303396000121,0.1233806027567079,0.0002855949658456,0.0006194010493345,0.031103984592975,2,CT/EC,N
2,3,0.0,0.1279019074201339,8.856554439320786e-05,0.0013030369300395,0.0323233774736416,3,N-Termina,G
3,4,0.0,0.075847815617176,0.0002556767478627,0.0003588521503843,0.0191155861288557,4,N-Termina,T
4,5,0.0,0.1692575661068524,0.0655618051373142,0.0009985046926885,0.0589544689842138,5,N-Termina,E
5,6,0.0011138065011087,0.2101922395369869,0.002277905692982,0.0006282762624323,0.0535530569983775,6,N-Termina,G
6,7,0.0,0.0909899445431301,0.0004392282575139,0.0001409846736351,0.0228925393685697,7,N-Termina,P
7,8,0.0018292564386586,0.1461825066879811,0.0014123428694095,0.0002431305038044,0.0374168091249634,8,N-Termina,N
8,9,0.0,0.1129452018985212,0.0002032642618006,0.0002698337193578,0.0283545749699199,9,N-Termina,F
9,10,0.0,0.0805266258695921,9.573966373875336e-05,4.010920520158834e-07,0.0201556916563457,10,N-Termina,Y
10,11,0.0,0.13053583528796,0.0004069635448333,2.2366792109096423e-05,0.0327412914062256,11,N-Termina,V
11,12,0.0024354549391707,0.4373392693979422,0.0019456827556152,0.0062764789909124,0.1119992215209102,12,N-Termina,P
12,13,0.0,0.1457229621397561,0.0013272140023435,0.0004357130092103,0.0368714722878275,13,N-Termina,F
13,14,0.0011568943528178,0.2151917283905061,0.000422713634499,0.0008229978848248,0.0543985835656619,14,N-Termina,S
14,15,0.0,0.0885046133681062,0.0024377452085329,0.0001049722122843,0.0227618326972308,15,N-Termina,N
15,16,0.0005381728363454,0.2160064383928607,0.0007454889112956,0.0212738551199436,0.0596409888151113,16,N-Termina,K
16,17,0.0001813650815491,0.3064527788120659,0.000843385455056,0.0010767878266051,0.077138579293819,17,N-Termina,T
17,18,0.0,0.1576307800425829,0.0005551384976636,0.0002425318380119,0.0396071125945646,18,N-Termina,G
18,19,0.0,0.1908212012553579,0.0007360076283587,0.0012078257277607,0.0481912586528693,19,N-Termina,V
19,20,0.0,0.0518184616237888,8.476796788380198e-05,4.169189935510076e-07,0.0129759116276665,20,N-Termina,V
20,21,0.0038019145440531,0.2513509430842207,0.007785458734917,0.0145092513412237,0.0693618919261036,21,N-Termina,R
21,22,0.0,0.2784864190913566,0.0013634713361318,0.0007068800041452,0.0701391926079084,22,N-Termina,S
22,23,0.0,0.3073312111797681,0.0009379628013554,0.0003407831827644,0.077152489290972,23,N-Termina,P
23,24,0.0003353060627496,0.316263088818515,0.0024629756001791,4.7823508793953806e-05,0.0797772984975594,24,N-Termina,F
24,25,0.0,0.107844752476122,0.0004314009943152,4.4722077291226014e-05,0.0270802188869321,25,N-Termina,E
25,26,0.0,0.0780605031757244,0.0002947440208386,6.2385779528995045e-06,0.019590371443629,26,N-Termina,A
26,27,0.0,0.0156116968149925,0.0003140468543037,9.114698332268743e-05,0.0040042226631547,27,N-Termina,P
27,28,0.0,0.2139986498056303,0.0013100131196772,0.0110304839909076,0.0565847867290538,28,N-Termina,Q
28,29,0.0,0.1904596214134449,0.0005038647596853,3.300538082839921e-05,0.0477491228884896,29,N-Termina,Y
29,30,0.0,0.1923995685709315,0.0007052295001924,0.0017477560322731,0.0487131385258493,30,N-Termina,Y
30,31,0.0,0.0775077668735311,7.282304446353007e-07,1.5006846297183074e-05,0.0193808754875682,31,N-Termina,L
31,32,0.0,0.1161986959289589,0.00040168622802,0.0009813266806304,0.0293954272094023,32,N-Termina,A
32,33,0.0,0.0899496797146398,0.0003882625254792,0.000581682077609,0.022729906079432,33,N-Termina,E
33,34,0.0031972204619532,0.2937289691732456,0.0010425634152392,0.0003413548984099,0.074577526987212,34,N-Termina,P
34,35,0.0,0.2706593222611221,5.578594957041083e-05,2.886572474380955e-05,0.067685993483859,35,N-Termina,W
35,36,0.0001556993960189,0.1709062839734459,0.0012805230129266,0.0009550792747177,0.0433243964142773,36,N-Termina,Q
36,37,3.2366826064418144e-05,0.1425749950743399,0.000733309138171,0.0001813764829421,0.0358805118803794,37,1,F
37,38,0.0002105541498527,0.1175086711576754,0.0006118924859817,0.000963136437349,0.0298235635577147,38,1,S
38,39,0.0002744950268111,0.0728473674983242,0.0005002886234114,0.0001465118402848,0.0184421657472079,39,1,M
39,40,0.0,0.1646058473602018,0.0003213963958568,0.0001052662191796,0.0412581274938095,40,1,L
40,41,0.001206870507368,0.2710426670565363,0.0006786668635623,6.290398596320301e-05,0.0682477771033574,41,1,A
41,42,0.0003911628768903,0.2642197178452677,0.0012517930359843,0.0006092219846323,0.0666179739356936,42,1,A
42,43,0.0315256752955903,0.2730855185423864,0.0125558209692472,0.0069310935214161,0.08102452708216,43,1,Y
43,44,0.0029562402736513,0.2679678903137636,0.0004901937648864,0.0006132324342615,0.0680068891966407,44,1,M
44,45,0.0014985924735531,0.0911587709305887,0.0005769458330082,0.0034439391456544,0.0241695620957011,45,1,F
45,46,0.0027843902302405,0.1575866078797761,0.00152356616786,0.0003584608784876,0.0405632562890911,46,1,L
46,47,0.0,0.0513872100172154,0.0066253525675216,1.674315626587486e-06,0.0145035592250909,47,1,L
47,48,0.0003611017328969,0.1369995604824887,0.0013818000264988,0.0003183304215781,0.0347651981658656,48,1,I
48,49,0.0002753381853495,0.2047489833205649,0.0012592203749729,0.0055504944175481,0.0529585090746089,49,1,M
49,50,0.0001499645706941,0.123244588794096,0.0005984508549902,0.0011501103872433,0.0312857786517559,50,1,L
50,51,0.0,0.3842649534178812,0.0005465595772128,0.0009413770749233,0.0964382225175043,51,1,G
51,52,0.0001061708735293,0.0724972554418931,0.0009325873286812,0.0005893295747227,0.0185313358047066,52,1,F
52,53,9.275452929565255e-05,0.1444902131499749,0.0008276495064722,0.0027773035690188,0.0370469801886904,53,1,P
53,54,0.0,0.1908374065573974,0.0001588554283435,0.0083222426474094,0.0498296261582876,54,1,I
54,55,0.0,0.0,0.0,0.0,0.0,55,1,N
55,56,0.0001943140305917,0.1374743517737644,0.0006190131401618,0.0001131378885474,0.0346002042082663,56,1,F
56,57,2.640647434290139e-05,0.1931053084345214,0.0011901440949918,5.504027649294585e-05,0.0485942248200872,57,1,L
57,58,0.0,0.5113788370755096,0.000192241917402,0.0009375606314279,0.1281271599060849,58,1,T
58,59,0.0011089280471549,0.4351785147199268,0.0014948551444137,0.002113003283739,0.1099738252988086,59,1,L
59,60,7.78410372172358e-08,0.1436494207997429,0.0027595670959947,0.0023337774910032,0.0371857108069445,60,1,Y
60,61,0.0,0.1304508502646576,6.746955698367899e-05,0.0018104076152667,0.033082181859227,61,1,V
61,62,0.0,0.0013779998047902,1.316862119841776e-05,7.929053026600741e-06,0.0003497743697538,62,CT/EC,T
62,63,4.783607224976532e-05,0.1108304653134534,0.0004289402483593,0.0003569542313925,0.0279160489663638,63,CT/EC,V
63,64,0.0,0.1590731066377363,0.0013979069373713,0.0003671568119898,0.0402095425967743,64,CT/EC,Q
64,65,3.694359582764905e-05,0.1159579840657463,0.0002011357471071,4.2162970203207806e-05,0.029059556594721,65,CT/EC,H
65,66,0.0,0.0,0.0,0.0,0.0,66,CT/EC,K
66,67,0.0044224583307889,0.7240746157526541,0.0020519256870101,0.0005749814445152,0.1827809953037421,67,CT/EC,K
67,68,0.0,0.0,0.0,0.0,0.0,68,CT/EC,L
68,69,0.0,0.110154121054745,6.551674963875339e-05,1.3605855201603845e-05,0.0275583109148963,69,CT/EC,R
69,70,0.2988305362066366,0.1431303557937545,0.2674828970803963,0.4351294636726379,0.2861433131883563,70,CT/EC,T
70,71,0.0,0.0768085140680986,0.0041058674649731,3.7231970395623655e-08,0.0202286046912605,71,CT/EC,P
71,72,0.0,0.094165011401205,0.0002594879685096,0.0,0.0236061248424286,72,CT/EC,L
72,73,0.0,0.0,0.0,0.0,0.0,73,CT/EC,N
73,74,0.0,0.1042393964221941,0.0001443322948962,1.2287499885133002e-05,0.0260990040542438,74,2,Y
74,75,0.0,0.029807557385648,0.0016259989588024,0.0025576411280781,0.0084977993681321,75,2,I
75,76,0.0,0.3624086900422088,9.862283856749515e-06,0.0,0.0906046380815163,76,2,L
76,77,0.0,0.263972767232901,0.0025043886042563,4.023287146992516e-06,0.066620294781076,77,2,L
77,78,0.0,0.0,0.0,0.0,0.0,78,2,N
78,79,0.0225683269651841,0.3545079947679883,9.350494984388732e-05,1.0241385098197496e-05,0.0942950170170286,79,2,L
79,80,0.0484935411436952,0.0001313202188179,0.0017689787773518,0.0975311025977134,0.0369812356843946,80,2,A
80,81,0.0058957158276959,0.2395657398132426,0.0042548724613502,0.0151104107499122,0.0662066847130502,81,2,V
81,82,0.0,0.1758300881617294,0.0001718898197226,0.0056146397255361,0.045404154426747,82,2,A
82,83,0.0,0.2200110183917673,0.0003090879993718,0.0001125285052694,0.0551081587241021,83,2,D
83,84,0.0,0.1558252894547057,0.0181427656407266,0.0002278305328218,0.0435489714070635,84,2,L
84,85,0.0,0.1835136125246747,0.000686177567612,0.0001151900287368,0.0460787450302559,85,2,F
85,86,0.0880640520547237,0.7938770174841295,0.0466733997969682,0.1182184293866157,0.2617082246806093,86,2,M
86,87,0.0,0.1129855603196272,0.000142403142109,4.182950942777097e-05,0.028292448242791,87,2,V
87,88,0.0039808099208823,0.1441030392387588,0.0012767552725884,0.006419438868761,0.0389450108252476,88,2,F
88,89,0.0129561705057159,0.2495728055427542,0.0030112000983099,0.0096738552674651,0.0688035078535613,89,2,G
89,90,0.0077693318593216,0.4601659532608222,0.0047844672237933,0.0146685680374503,0.1218470800953469,90,2,G
90,91,0.0095605064632179,0.3312737388964349,0.0057545696977835,0.047064684331417,0.0984133748472134,91,2,F
91,92,0.0022258839459666,0.2262430555205611,0.0011916221742317,0.0148156052455306,0.0611190417215725,92,2,T
92,93,0.00540976534794,0.3536098856959807,0.0006985626076936,0.0007068803533911,0.0901062735012513,93,2,T
93,94,0.0117147681370976,0.266227518889051,0.0072689345304941,0.0430254563689231,0.0820591694813915,94,2,T
94,95,0.0014386254064651,0.2473247044373147,0.0099372787104035,0.0009463667520321,0.0649117438265539,95,2,L
95,96,0.0058801601638683,0.2521722182816044,0.0124931654452073,0.0244243089109659,0.0737424632004115,96,CT/EC,Y
96,97,0.0023879374389317,0.2391005069935483,0.0005667830291606,0.0259978007525205,0.0670132570535403,97,CT/EC,T
97,98,0.0074361082221601,0.0936925486382312,0.0020245903734077,0.0042528389021754,0.0268515215339936,98,CT/EC,S
98,99,0.0,0.117865175213912,0.0006349905611201,0.0008502364507876,0.0298376005564549,99,CT/EC,L
99,100,0.0005476991307908,0.2346519395797182,0.0009012515492701,0.0004843641072511,0.0591463135917576,100,CT/EC,H
100,101,0.0,0.1008490396528496,0.0014328978017469,0.0018594490829855,0.0260353466343955,101,CT/EC,G
101,102,2.402355121876043e-05,0.1423201937804761,0.0007907644951555,0.0009585018269717,0.0360233709134555,102,CT/EC,Y
102,103,0.0136922870719912,0.3544343208738339,0.0006093978708041,0.012271475046873,0.0952518702158756,103,CT/EC,F
103,104,0.0,0.127661481909651,0.0013164405382234,0.0017102771671488,0.0326720499037558,104,CT/EC,V
104,105,5.8213080229657736e-06,0.2576602560693958,0.0008203863880282,4.462193828658201e-05,0.0646327714259333,105,CT/EC,F
105,106,0.0,0.1449454270668369,0.0002417750161568,0.0,0.0362968005207484,106,CT/EC,G
106,107,0.0001047826094656,0.1442514922018946,0.0002511862322101,0.0004937493940815,0.036275302609413,107,CT/EC,P
107,108,0.0,0.1454778501667591,0.0008608362213322,0.0009184751543216,0.0368142903856032,108,CT/EC,T
108,109,0.0003448144409844,0.153962898968324,0.0011045265002514,0.0020512770861387,0.0393658792489246,109,CT/EC,G
109,110,0.0,0.0,0.0,0.0,0.0,110,CT/EC,C
110,111,0.0008306007316403,0.206994332422946,0.0011254328562602,0.0008374248864129,0.0524469477243148,111,3,N
111,112,0.0003178797349189,0.1476789644677021,0.0009724723359243,0.0001002750650513,0.0372673979008991,112,3,L
112,113,0.0,0.2935690165962471,0.0001807016998914,0.0,0.0734374295740346,113,3,E
113,114,0.0016465641998648,0.2565871317470167,0.0028958744766117,0.0016084209783002,0.0656844978504483,114,3,G
114,115,0.0001413263123831,0.2015896329676079,0.0004270008767458,0.0003816092212218,0.0506348923444897,115,3,F
115,116,0.0002988060777844,0.294007677581439,0.0058265793896243,0.0067968498915433,0.0767324782350978,116,3,F
116,117,0.0096582400362135,0.383412442538231,0.0002780041268708,8.95783784926607e-07,0.0983373956212751,117,3,A
117,118,0.0,0.5843811414959477,0.005767109238173,1.7232259779120795e-06,0.1475374934900246,118,3,T
118,119,0.0050593899338118,0.1657260302048764,0.0021179161196969,0.0002990818757098,0.0433006045335237,119,3,L
119,120,0.0,0.2159104005950299,0.0009389871401652,0.000230673191254,0.0542700152316123,120,3,G
120,121,0.0,0.0,0.0,0.0,0.0,121,3,G
121,122,0.009196966284609,0.3478863062184349,0.0049065008134955,0.0112709067761898,0.0933151700231823,122,3,E
122,123,0.0,0.2121342682317645,0.0007678966450624,0.0017856494523584,0.0536719535822963,123,3,I
123,124,0.0005372781444558,0.1206893668812272,0.0011422885639607,0.0019532740116119,0.0310805519003139,124,3,A
124,125,2.1648281382047352e-05,0.2191795827501999,0.0003377755321293,1.8074788386002183e-05,0.0548892703380243,125,3,L
125,126,0.0,0.3149139670329294,0.0009704144651638,0.000360634207027,0.07906125392628,126,3,W
126,127,0.0,0.5121642687726194,0.0008057321196251,3.456145350355655e-06,0.1282433642593987,127,3,S
127,128,0.0,0.2268318103024389,0.0041869860432287,4.6557804722624496e-08,0.0577547107258681,128,3,L
128,129,0.0,0.2554460857230052,0.0045003193299521,0.0001787303772289,0.0650312838575465,129,3,V
129,130,0.0,0.1420965629503889,0.0002170674399815,5.362010779208504e-05,0.0355918126245406,130,3,V
130,131,0.0,0.1269624650022145,7.743220648451671e-05,0.0,0.0317599743021747,131,3,L
131,132,0.0,0.1928466424425359,1.3359809495721914e-05,0.0003520454920362,0.0483030119360169,132,3,A
132,133,0.00157112181636,0.1437776958700972,0.0090154558561831,0.000142434873851,0.0386266771041228,133,CT/EC,I
133,134,0.0,0.037077285977153,3.744947645480349e-05,0.0,0.0092786838634019,134,CT/EC,E
134,135,0.0,0.0,0.0,0.0,0.0,135,CT/EC,R
135,136,0.0,0.0876315784522749,0.0003732365517265,3.634727545431815e-05,0.0220102905698639,136,CT/EC,Y
136,137,0.0002479319609302,0.2283871874951475,0.0004325856023809,1.8937063941848464e-05,0.0572716605306001,137,CT/EC,V
137,138,0.0,0.124890280963038,0.0014399013264765,2.4015076633077115e-05,0.0315885493415369,138,CT/EC,V
138,139,0.0,0.0270687988019419,9.25786409842816e-05,1.311387791247398e-06,0.0067906722076793,139,CT/EC,V
139,140,0.0036091617306879,0.271201639335846,0.0020976634646618,4.025602265755879e-06,0.0692281225333654,140,CT/EC,C
140,141,0.0013046335824921,0.0963947399594586,0.0013849970039497,1.3655730072059669e-05,0.0247745065689931,141,CT/EC,K
141,142,0.0121081053225878,0.0417956870927153,2.103573420904793e-06,0.0,0.013476473997181,142,CT/EC,P
142,143,0.0,0.1893318146223782,0.0024014575979914,0.0503121390938758,0.0605113528285613,143,CT/EC,M
143,144,0.0002442106431479,0.1454655486117106,0.0017531267384208,0.0007853434071876,0.0370620573501167,144,CT/EC,S
144,145,0.0009298606427065,0.2725962576062263,0.0009464151207098,0.0009056877461262,0.0688445552789422,145,CT/EC,N
145,146,0.0,0.05655298657046,4.052690641752255e-05,2.2940059807297075e-06,0.0141489518707145,146,CT/EC,F
146,147,0.0118294782096149,0.0871020670280751,0.0043640499822236,0.0007382359472103,0.026008457791781,147,CT/EC,R
147,148,0.0006001311113741,0.071100593748207,0.0007898092715011,0.0001036948524415,0.0181485572458809,148,CT/EC,F
148,149,0.0001766761959324,0.1914242917116395,0.0020210690327909,4.518560308497399e-05,0.048416805635862,149,CT/EC,G
149,150,0.0005363931827046,0.1660106545167025,0.0009315788885558,0.0004392239497974,0.0419794626344401,150,CT/EC,E
150,151,0.0005956645135891,0.1809944026727101,0.0024595910773936,0.0002368000277783,0.0460716145728678,151,CT/EC,N
151,152,1.4872366104212934e-05,0.3142120012754462,0.000676804607485,6.241661321837455e-05,0.0787415237155634,152,CT/EC,H
152,153,0.0031886343374931,0.1296289730488696,0.0140928302846691,0.0006260683294385,0.0368841265001176,153,4,A
153,154,0.000468039397006,0.1271976199063237,0.0016383587241639,0.0006359879625961,0.0324850014975224,154,4,I
154,155,0.0013730207392586,0.2107670460432477,0.0002678053663098,0.0001794316776795,0.0531468259566239,155,4,M
155,156,0.0014565416090119,0.1402934304432859,0.0006752265032959,0.0061904964968562,0.0371539237631124,156,4,G
156,157,0.0004967519302074,0.1285127766890555,0.0005874208839304,2.3416550902766176e-05,0.032405091513524,157,4,V
157,158,0.0034562636939683,0.0403960013126636,0.0015145569892052,0.000993006164208,0.0115899570400113,158,4,A
158,159,0.0010510785916421,0.0715092414004038,0.0024128884362835,0.0006044111214578,0.0188944048874468,159,4,F
159,160,0.0003551551852081,0.0817934342571493,0.0001934821327737,0.001899600145407,0.0210604179301345,160,4,T
160,161,0.0,0.0,0.0,0.0,0.0,161,4,W
161,162,0.0003671082635758,0.1529627562574299,0.0008015843621017,0.0013910303823649,0.0388806198163681,162,4,V
162,163,3.5583174943898406e-05,0.1626956392121931,0.0006452715609764,6.638283593929373e-06,0.0408457830579268,163,4,M
163,164,0.0116657936584021,0.2655004153278614,0.0014423038529734,0.0119174150750041,0.0726314819785602,164,4,A
164,165,0.001170056162878,0.2361236896523759,0.0006604012775784,0.0001960773224709,0.0595375561038258,165,4,L
165,166,0.0017623061871247,0.2531868711092122,0.0034429369218023,6.1625505622942e-06,0.0645995691921754,166,4,A
166,167,0.2811982024820863,0.1891984601642106,0.3121474462313315,1.0,0.4456360272194071,167,4,C
167,168,0.0,0.2875894441759722,0.0004221440187747,5.771227370132692e-05,0.072017325117112,168,4,A
168,169,0.000508132296331,0.2505786515820963,0.0006397227597734,0.000211413935176,0.0629844801433442,169,4,A
169,170,0.0001598286887243,0.1798554406506867,0.0004009873874239,1.1907319276360797e-05,0.0451070410115278,170,4,P
170,171,0.0,0.0,0.0,0.0,0.0,171,4,P
171,172,0.0,0.3469146966944454,0.0002923660288825,0.0001849402469815,0.0868480007425773,172,4,L
172,173,0.0035482888635285,0.0933563885398841,0.0006491119745754,3.742563785635866e-05,0.0243978037539611,173,4,V
173,174,0.0,0.2691164780883556,0.000317612770167,2.931178278231528e-05,0.0673658506603262,174,CT/EC,G
174,175,0.0,0.0,0.0,0.0,0.0,175,CT/EC,W
175,176,0.0,0.1490886727867554,0.0016956493970568,0.0007104964461177,0.0378737046574825,176,CT/EC,S
176,177,0.0,0.0,0.0,0.0,0.0,177,CT/EC,R
177,178,0.0021197351504772,0.566056521849927,0.0036257151554244,0.0021416780073195,0.143485912540787,178,CT/EC,Y
178,179,0.0,0.1360743289942781,0.0005824825718889,4.63057222077623e-05,0.0341757793220937,179,CT/EC,I
179,180,0.0,0.0,0.0,0.0,0.0,180,CT/EC,P
180,181,0.2256239716980549,0.9597329236837544,0.0682769903098532,5.471621989272535e-05,0.3134221504778888,181,CT/EC,E
181,182,0.0,0.0,0.0,0.0,0.0,182,CT/EC,G
182,183,0.0,0.3433245343778146,0.0026634321294222,0.0015424805460497,0.0868826117633216,183,CT/EC,M
183,184,0.0,0.104783627851362,0.0069976506293021,6.609028332604794e-06,0.0279469718772492,184,CT/EC,Q
184,185,0.0,0.1248480369836131,6.815718424009298e-05,0.0,0.0312290485419633,185,CT/EC,C
185,186,0.0,0.0466309893309769,0.0107025308151472,0.0399713926017284,0.0243262281869631,186,CT/EC,S
186,187,0.0,0.0,0.0,0.0,0.0,187,CT/EC,C
187,188,0.0610735818582029,0.2444591511261775,0.0657051106400355,0.2479116320610046,0.1547873689213551,188,CT/EC,G
188,189,0.0001607583407502,0.114438712560774,0.0037636148151787,0.0280858855694532,0.036612242821539,189,CT/EC,I
189,190,0.0,0.0,0.0,0.0,0.0,190,CT/EC,D
190,191,0.1468280457643094,0.0767822924539495,0.1153559655264587,0.0,0.0847415759361794,191,CT/EC,Y
191,192,0.0,0.2502436377546161,0.0006130707081891,1.1709254010838777e-08,0.0627141800430148,192,CT/EC,Y
192,193,0.0262954155811027,0.0148256964981894,0.0126110811312582,0.0235293079167604,0.0193153752818277,193,CT/EC,T
193,194,0.0,0.1441503930466228,0.0004511696441684,0.0058465134352445,0.0376120190315089,194,CT/EC,P
194,195,0.0006053537077377,0.1983202315685356,0.0009473077853508,0.0017286218935623,0.0504003787387966,195,CT/EC,H
195,196,0.0,0.1329392411429408,0.0001094192953498,0.0002495318767614,0.033324548078763,196,CT/EC,E
196,197,0.0,0.2119544141816232,0.0001400713503477,1.3351795132621191e-05,0.0530269593317759,197,CT/EC,E
197,198,0.0011848486651778,0.2213796738119473,0.0001695573310504,0.0005560711724683,0.0558225377451609,198,CT/EC,T
198,199,0.0001361593187051,0.1959258033392052,0.0007871234839103,8.671143586980179e-05,0.0492339493944226,199,CT/EC,N
199,200,0.0,0.2255894952613594,0.0009366752945833,0.0002533564402256,0.056694881749042,200,CT/EC,N
200,201,0.0011520613546789,0.2753274211075189,0.0002041937852302,0.0049455109983682,0.0704072968114491,201,CT/EC,E
201,202,0.0927814418211014,0.1343959771739017,0.0002874698921407,0.0017657404532656,0.0573076573351023,202,CT/EC,S
202,203,0.0009342498404783,0.4120447366535468,0.0017286115634357,0.0044661648571491,0.1047934407286525,203,5,F
203,204,0.000329786261765,0.1241990657070185,0.0006862028124077,4.664405423682183e-06,0.0313049297966537,204,5,V
204,205,0.0018069999829332,0.1778645314435183,0.0015657413240656,0.0028917421586811,0.0460322537272996,205,5,I
205,206,0.000283732361395,0.1840414693326611,0.0007993069903325,0.0005257715820334,0.0464125700666055,206,5,Y
206,207,0.020434927261055,0.2878588213117329,0.0042911298501841,0.0086861038580536,0.0803177455702564,207,5,M
207,208,0.0,0.1328434967254856,0.0002454816498392,6.18206570379698e-08,0.0332722600489954,208,5,F
208,209,0.0001034312800304,0.0772402832386622,0.000883712209647,0.0005511099589057,0.0196946341718113,209,5,V
209,210,0.0,0.1603927165635215,0.0006418820171179,2.370444053667597e-05,0.040264575755294,210,5,V
210,211,0.0,0.1523215742141861,0.0076094512186166,0.04836256057024,0.0520733965007607,211,5,H
211,212,0.0,0.1173966930733348,0.0048205177071449,0.0001677342952461,0.0305962362689315,212,5,F
212,213,0.0018845062226722,0.1320690477759829,0.0019130105603165,0.0001174697317765,0.033996008572687,213,5,I
213,214,0.0001450942062313,0.2009680943272848,0.000760137816418,0.0005056765512563,0.0505947507252976,214,5,I
214,215,0.0,0.0,0.0,0.0,0.0,215,5,P
215,216,3.4916852119017555e-05,0.2033645106091489,0.0017488708542906,0.0001026684840326,0.0513127416998978,216,5,L
216,217,0.0012384788723803,0.156024010351096,0.000905969437556,0.0001676769607001,0.0395840339054331,217,5,I
217,218,0.0001404053877716,0.0948672100077583,0.0011383740983918,6.251424201764166e-05,0.0240521259339848,218,5,V
218,219,0.0,0.2243240552054181,2.387945161633115e-05,6.153069989522919e-06,0.0560885219317559,219,5,I
219,220,0.0,0.0084261570354988,0.0010308783905463,4.845944567932747e-05,0.0023763737179311,220,5,F
220,221,0.0,0.0507553613140594,9.011292334589782e-05,0.0001924142852658,0.0127594721306678,221,5,F
221,222,0.0,0.2361170779172943,0.0002727699942952,0.0,0.0590974619778973,222,5,C
222,223,0.0,0.0,0.0,0.0,0.0,223,5,Y
223,224,1.0,0.3098108354264238,1.0,0.7318214774131775,0.7604080782099003,224,5,G
224,225,0.0002901256583027,0.1810270357665862,0.0004707998752259,2.368527248108876e-06,0.0454475824568407,225,CT/EC,Q
225,226,0.0,0.0986452701720442,0.0002368912680427,0.0,0.0247205403600217,226,CT/EC,L
226,227,0.0001110150121568,0.0869259143248195,0.0008443304712943,0.073220357298851,0.0402754042767804,227,CT/EC,V
227,228,0.0006559713396642,0.219246809096001,0.0003689527680839,7.904042286099866e-05,0.0550876934066525,228,CT/EC,F
228,229,0.0018676380541941,0.1237562794826378,0.002052274463702,0.0,0.0319190480001335,229,CT/EC,T
229,230,0.0,0.119963093069034,0.0506362239692865,5.301550118019804e-06,0.0426511546471096,230,CT/EC,V
230,231,0.0017860205045853,0.2018060011926061,0.0006630259361018,4.294062091503292e-05,0.0510744970635521,231,CT/EC,K
231,232,0.0001330427197468,0.1846577076554735,0.0004437078228861,1.814782626752276e-05,0.0463131515060935,232,CT/EC,E
232,233,0.0,0.1552299197848346,1.7768036791017112e-05,0.0,0.0388119219554064,233,CT/EC,A
233,234,0.0,0.2473482468719221,7.006392326607439e-06,0.0,0.0618388133160621,234,CT/EC,A
234,235,0.0003843220292485,0.0753042184609904,0.0008352302794053,0.0002604599867481,0.0191960576890981,235,CT/EC,A
235,236,0.0013651954778143,0.1673005423041588,0.0001256418033597,0.0010329341748729,0.0424560784400514,236,CT/EC,Q
236,237,0.0,0.1067745150971188,0.0002092539369969,0.0,0.0267459422585289,237,CT/EC,Q
237,238,0.003173875448093,0.1783617132858375,0.0033652091445399,0.0080563221126794,0.0482392799977875,238,CT/EC,Q
238,239,0.0,0.1856956738326066,0.0004685255691969,0.0006596228922717,0.0467059555735188,239,CT/EC,E
239,240,0.0,0.1759691145381464,1.9845504471216517e-05,0.0001264386810362,0.0440288496809134,240,CT/EC,S
240,241,0.0014125233151032,0.0609188348764956,0.0011206083149107,0.0122193479910492,0.0189178286243897,241,CT/EC,A
241,242,8.005204928339048e-05,0.0980740243090597,0.000966159044116,0.0004483981756493,0.0248921583945271,242,CT/EC,T
242,243,0.0,0.1183244451483653,0.0001446942799593,5.566352410824038e-05,0.0296312007381082,243,CT/EC,T
243,244,0.0006988883744235,0.2953943355914163,0.0014164040404552,0.0049314340576529,0.075610265515987,244,CT/EC,Q
244,245,0.0,0.246861010456504,0.0001657377486343,2.938381804540313e-08,0.0617566943972391,245,CT/EC,K
245,246,0.001119434340679,0.2282859795759553,0.0004969484563975,0.0,0.0574755905932579,246,CT/EC,A
246,247,0.0,0.0,0.0,0.0,0.0,247,CT/EC,E
247,248,0.0,0.1433400237904293,0.0017732959836572,0.0001488503767177,0.036315542537701,248,CT/EC,K
248,249,0.0,0.2619547820474608,0.0005791028710012,0.0009099698509089,0.0658609636923427,249,CT/EC,E
249,250,0.0,0.1064313945328112,0.0001011381214162,0.0,0.0266331331635568,250,CT/EC,V
250,251,0.0,0.0355911546974857,4.600453121375301e-05,7.5804244261235e-05,0.0089282408682401,251,CT/EC,T
251,252,6.672392199821269e-05,0.2991930733003787,5.319388858141804e-05,0.0,0.0748282477777396,252,CT/EC,R
252,253,0.0,0.1051448393560034,0.0001910658103444,0.0009844409069046,0.0265800865183131,253,6,M
253,254,0.0006196430408049,0.1795432291618768,0.0011444320587561,1.3688584488136257e-07,0.0453268602868207,254,6,V
254,255,0.0076822347837336,0.1188707289474496,0.0003750611422145,1.3649789252667688e-05,0.0317354186656626,255,6,I
255,256,0.0,0.155188099688275,0.0002734842656309,6.403895531548187e-05,0.0388814057273053,256,6,I
256,257,0.0030010486581143,0.1890101528817496,4.780818545689371e-05,7.43509954190813e-05,0.048033340180185,257,6,M
257,258,0.0002680361829635,0.2059882701165213,0.001003090679231,9.971190593205392e-06,0.0518173420423272,258,6,V
258,259,0.0002288153285239,0.1091846371227941,0.0026928602906257,0.0004106756532564,0.0281292470988,259,6,I
259,260,0.0020172816928042,0.2651324394539915,0.0002002240698818,1.258884708477126e-06,0.0668378010253465,260,6,A
260,261,0.0095608047937596,0.5308838579497267,0.0073316879726269,0.005367127712816,0.1382858696072323,261,6,F
261,262,0.0119219732157088,0.2627904461195425,0.0137896107132479,0.0318456441164016,0.0800869185412252,262,6,L
262,263,0.0004931164128152,0.1190159826051925,0.0023641306607817,0.0026267536450177,0.0311249958309518,263,6,I
263,264,0.0002551529825391,0.0373115454733591,0.0004865088411242,0.0,0.0095133018242556,264,6,C
264,265,0.0348013719677941,0.2374206077121049,0.0045147543623891,0.0285556502640247,0.0763230960765782,265,6,W
265,266,0.0005282721381792,0.1206245760679543,0.0002913074228638,0.0001075144682545,0.030387917524313,266,6,L
266,267,0.0,0.0,0.0,0.0,0.0,267,6,P
267,268,0.0,0.0,0.0,0.0,0.0,268,6,Y
268,269,0.0197456185527349,0.4963849533824847,0.007087296043615,0.0170997343957424,0.1350794005936442,269,6,A
269,270,0.0003166332908741,0.1763965480318642,0.0008065826547457,0.0011257531587034,0.0446613792840468,270,6,G
270,271,0.0269770289572472,0.1891696625948045,0.0203184698801462,0.098696045577526,0.083790301752431,271,6,V
271,272,0.0006320449887529,0.1001842029141875,0.0003373708854646,1.0114757060364354e-05,0.0252909333863663,272,6,A
272,273,0.0080681433524917,0.2476772928694516,0.0051309811677923,0.1084771007299423,0.0923383795299195,273,6,F
273,274,0.0013313161105306,0.2094410395398429,0.0013584136287008,0.0007910201093181,0.0532304473470981,274,6,Y
274,275,0.0031837869009438,0.3509378339256703,0.0013095458815544,0.0014298851601779,0.0892152629670866,275,CT/EC,I
275,276,0.0,0.1594894463644967,0.0235623231120699,8.453204645775259e-05,0.045784075380756,276,CT/EC,F
276,277,0.0,0.0667888641606525,0.0004672715922456,6.89967127982527e-05,0.0168312831164241,277,CT/EC,T
277,278,0.0006318220560356,0.0303324396407866,0.000538091272088,7.866830856073648e-06,0.0078775549499416,278,CT/EC,H
278,279,0.0183037509517794,0.1860438059784971,0.0101740547194909,0.03072115406394,0.0613106914284268,279,CT/EC,Q
279,280,0.0005653250197529,0.2583315039415578,0.0003431049342854,0.0004496081382967,0.0649223855084732,280,CT/EC,G
280,281,0.0002838808786908,0.2428799017918163,0.0003404859737646,4.2870517063420266e-05,0.0608867847903338,281,CT/EC,S
281,282,0.0018278899664642,0.2087890798799041,0.0006009404262688,0.0004719015269074,0.0529224529498861,282,CT/EC,D
282,283,0.0006849726527053,0.2860935367753514,0.0004305952878204,0.000356448785169,0.0718913883752615,283,CT/EC,F
283,284,0.0005501481660765,0.1116208461025618,0.0011460960482977,0.0009292131871916,0.0285615758760319,284,CT/EC,G
284,285,0.0,0.2207225109775933,0.0049850235082423,3.4104218116226554e-08,0.0564268921475134,285,CT/EC,P
285,286,0.0251557357055553,0.0475592163458916,0.0138495181179994,0.0271447040140628,0.0284272935458773,286,CT/EC,I
286,287,0.0008576035611526,0.1189556961324872,0.0003911547763478,0.0002108740300172,0.0301038321250012,287,7,F
287,288,0.0080469079143417,0.1611172393322522,6.412325851694302e-05,1.623232104286387e-10,0.0423070676668585,288,7,M
288,289,0.0,0.2262848476114455,0.0002951448811708,2.877181373150961e-07,0.0566450700526884,289,7,T
289,290,0.0001079571194691,0.228718502783674,0.001403221550344,0.0014679960440844,0.0579244193743929,290,7,I
290,291,0.0,0.2230068191509191,4.373245450723683e-05,0.0,0.0557626379013566,291,7,P
291,292,0.0322333006984468,1.0,0.0437304297039489,0.0196812581270933,0.2739112471323722,292,7,A
292,293,0.0,0.2751808934214935,5.504936537758514e-06,0.0004290273936931,0.0689038564379311,293,7,F
293,294,0.0,0.220609285363802,0.0007488741698517,0.0007774233818054,0.0555338957288647,294,7,F
294,295,0.0806941908627023,0.7319662678859898,0.0038106481850132,0.0439221374690532,0.2150983111006896,295,7,A
295,296,0.0,0.0,0.0,0.0,0.0,296,7,K
296,297,0.0,0.0593700970548399,0.0003989548696337,0.002323024906218,0.0155230192076729,297,7,T
297,298,1.958013769439177e-06,0.0204594000631586,0.0029832278131921,0.0002466349105816,0.0059228052001754,298,7,S
298,299,0.0078476465471167,0.1244709966642909,0.0008060200608781,8.319660992128775e-05,0.0333019649705517,299,7,A
299,300,0.0002231142538012,0.1005352272319528,0.0005789865409977,0.0003420137509237,0.0254198354444188,300,7,V
300,301,0.0,0.1234888818913355,0.0009769955916118,3.7822837839485146e-07,0.0311165639278314,301,7,Y
301,302,0.0277369099293707,0.6512025222655266,0.0040157111427477,7.05636921338737e-05,0.1707564267574447,302,7,N
302,303,0.0,0.0,0.0,0.0,0.0,303,7,P
303,304,0.0025602080619243,0.1470477379659712,0.0014221445893539,6.742057303199545e-05,0.0377743777975703,304,7,V
304,305,0.0,0.1756702575121781,9.121695940693666e-05,3.035980262211524e-05,0.0439479585685518,305,7,I
305,306,0.0,0.0,0.0,0.0,0.0,306,7,Y
306,307,0.0002668878950396,0.1277980859965508,0.0001400717832567,9.734149352880196e-05,0.032075596792094,307,7,I
307,308,0.0,0.2899111947262196,0.0002177488899131,2.603605935291853e-06,0.072532886805517,308,7,M
308,309,0.0001940849161954,0.0779703395789395,0.0004752976672895,0.0002646347275003,0.0197260892224812,309,CT/EC,M
309,310,0.0,0.1469019427748645,0.0001262492439705,0.0,0.0367570480047087,310,CT/EC,N
310,311,0.0,0.2371013481956393,0.0001651529657617,8.767507324591861e-07,0.0593168444780333,311,CT/EC,K
311,312,0.0001545140089932,0.2927083174721117,0.0005292471160774,0.0003020322474185,0.0734235277111502,312,CT/EC,Q
312,313,0.0,0.06231596233707,0.0001255616080446,0.0,0.0156103809862786,313,CT/EC,F
313,314,0.0,0.0800745843568426,0.0005162251006745,7.90753765613772e-05,0.0201674712085196,314,CT/EC,R
314,315,2.276734091318126e-05,0.1042067290415066,0.0002009465651141,2.7177418814972043e-05,0.0261144050915872,315,CT/EC,N
315,316,0.0,0.2014426902665315,0.0003434575061033,0.0,0.0504465369431587,316,CT/EC,C
316,317,0.0015488895801282,0.3196930331879789,0.0028042938297041,9.73295612993752e-08,0.0810115784818431,317,CT/EC,M
317,318,0.0002509889806859,0.0918863394071976,8.034012032261113e-05,0.0015805966686457,0.023449566294213,318,CT/EC,V
318,319,0.002461001344221,0.1731707037478471,0.0010777721807412,7.71816776250489e-05,0.0441966647376086,319,CT/EC,T
319,320,0.0051532795410611,0.0974316828353376,0.0015526870635192,0.0005245134816505,0.0261655407303921,320,CT/EC,T
320,321,0.0,0.109866513849742,0.0005646132890664,5.5095748393796384e-05,0.0276215557218005,321,CT/EC,L
321,322,0.0,0.2134718170715707,0.0042687349710568,0.0028737627435475,0.0551535786965437,322,CT/EC,C
322,323,0.0053614236622412,0.550104316755479,0.0026416264302095,0.006040537264198,0.1410369760280319,323,CT/EC,C
323,324,0.0002844879218365,0.1461338457012928,0.0008762730313564,0.0004379912861622,0.036933149485162,324,CT/EC,G
324,325,5.202148930543248e-05,0.1326362597983672,0.0003688457117129,0.0002543261216487,0.0333278632802586,325,CT/EC,K
325,326,0.0,0.198803563422532,0.0003323905535778,0.002743994584307,0.0504699871401042,326,CT/EC,N
326,327,0.0,0.2429986181855178,0.0005632914137846,6.390249382093316e-06,0.0608920749621711,328,CT/EC,D
327,328,0.0002129250336767,0.1814390221248367,0.0021299879949365,0.0016175889177247,0.0463498810177937,330,CT/EC,D
328,329,0.0,0.0821666262096983,0.0093386160169937,0.0,0.022876310556673,331,CT/EC,E
329,330,0.0004069625357266,0.2311409641931916,0.0008800276377347,0.0010358049767091,0.0583659398358405,332,CT/EC,A
330,331,0.0006781975457531,0.1662847490816242,0.0022374574817486,0.0007331870147027,0.0424833977809571,333,CT/EC,S
331,332,0.0,0.0492640660429527,0.0026297364387414,0.0027007244061678,0.0136486317219655,334,CT/EC,T
332,333,5.075661563974863e-05,0.1190037567700941,0.0003172957917492,2.874336132663302e-05,0.0298501381347024,NA,NA,-
333,334,0.0005650099616631,0.1247455156297465,0.0005383873083543,0.000267988856649,0.0315292254391032,335,CT/EC,T
334,335,0.0,0.1841854739269012,0.000381140714255,0.0008174582617357,0.046346018225723,336,CT/EC,V
335,336,7.347664802759595e-05,0.2138633468824443,0.0020469548338113,0.0016389649827033,0.0544056858367466,337,CT/EC,S
336,337,0.0015541791238378,0.295550498544978,0.0008995042056015,0.0006764570134691,0.0746701597219716,338,CT/EC,K
337,338,0.0,0.3021943050232525,0.0006063099411242,0.0006517521105706,0.0758630917687368,339,CT/EC,T
338,339,0.0,0.0615434758043492,1.9688560606155524e-05,1.8528666259953752e-05,0.0153954232578038,340,CT/EC,E
339,340,0.0,0.0584456443114793,0.0003872506238221,0.000151973508764,0.0147462171110163,NA,NA,-
340,341,0.0005034742177056,0.3919241486829161,0.0009486505008889,0.0040514688007533,0.099356935550566,NA,NA,-
341,342,0.0001379701818242,0.1871634688423098,0.0003832703763358,6.090036913519725e-05,0.0469364024424013,NA,NA,-
342,343,0.0017007753707002,0.4023634398859394,0.0007355143962538,0.0002034899953287,0.1012508049120555,NA,NA,-
343,344,0.002706762603688,0.1686585318503593,0.000395975392701,1.561494718771428e-05,0.042944221198484,341,CT/EC,S
344,345,0.0001683674983843,0.1660599942328598,0.0008746190396635,5.6340642913710326e-05,0.0417898303534553,343,CT/EC,Q
345,346,0.0,0.0176006193318125,9.3162932322432e-05,1.8970716553212696e-08,0.0044234503087128,344,CT/EC,V
346,347,0.000931771279454,0.1434134681692,0.0006964736390341,0.0001592841435922,0.03630024930782,345,CT/EC,A
347,348,0.0044246518068102,0.2152916034001957,0.0024998038748857,0.0134937642142176,0.0589274558240273,346,CT/EC,P
