feature,p_value,score,xgb
p1_GAP,0.06651787597527302,3.373902246873242,1.3591581e-06
p1_L,4.326121627791694e-58,292.6382841664495,4.072551e-05
p1_M,5.977619338077841e-51,251.43023309152713,0.0
p2_GAP,0.9357109679409588,0.006509420011898343,0.0
p2_N,8.953481746293914e-49,239.13238678846164,0.000980527
p2_QLMGCYTDHP,3.969045918513671e-09,35.23070063421278,0.000276698
p2_S,1.2978367108242041e-233,1841.5314727537618,0.00020927205
p3_E,6.17692335531093e-53,262.75974920043774,0.00015659555
p3_G,1.0709495454761597e-26,120.88060704582466,0.0016159049
p3_GAP,0.3793871587169716,0.7733363371707371,0.0
p3_K,0.00010352672718334652,15.186679458074202,0.0
p4_G,2.024748391802601e-08,31.960098008088828,0.0
p4_GAP,1.2380659957608719e-247,2024.2406620052286,0.0
p4_M,0.0034654754353807393,8.583382678618166,0.0
p4_R,1.2944302665536696e-58,295.7140151442664,0.00013175697
p4_T,9.339111517644689e-52,256.01802659153367,0.0
p5_GAP,0.0778592835205555,3.1150940948376094,0.0
p5_H,2.379622822099521e-44,214.48470983092497,0.0
p5_K,0.0709127579491283,3.268363123394268,0.0
p5_Q,6.123810885310497e-16,67.49904779238145,0.0003616571
p5_R,0.0007868353570820236,11.337860916821368,0.0
p6_GAP,8.611855105836933e-264,2249.1513561958286,0.0
p6_P,0.01911520394653579,5.507874966264945,0.0
p6_Q,6.488980204862328e-58,291.606394601581,0.0
p6_RHFSMK,0.0010404886113343436,10.814237731810122,0.0
p7_E,1.897128399129388e-133,816.3142876863778,0.00010831516
p7_I,0.0002555618606493162,13.462378317089287,0.0
p7_K,0.000604674192347348,11.832970622145337,2.8810173e-05
p7_LAGNMV,2.6377151986566045e-10,40.710684960563114,0.00015302784
p7_P,2.9713944285116243e-22,98.49319807554404,0.0
p7_Q,0.0002380642422769256,13.597202546195922,0.0
p7_S,2.5146133330542384e-48,236.61188270420502,6.602053e-05
p8_E,2.170556518788182e-25,114.24737324564683,0.00081405253
p8_FHWAGMT,0.6097152311402236,0.2607455637875652,0.0
p8_N,1.1352352535257605e-38,183.5561970388103,5.615533e-06
p8_S,6.082416614631936e-75,395.19876874485783,0.0
p8_Y,0.003866615264745583,8.382496134920743,0.0
p9_I,1.2001789993066592e-58,295.90696308991164,4.072551e-05
p9_VALTMY,2.70648282349724e-06,22.25606864620605,0.0
p10_HWLV,1.3230014702692878e-08,32.812450280238515,1.9240813e-05
p10_Y,3.1538830701983424e-34,159.8978033459516,0.0
p11_L,2e-323,3230.3814710069264,0.0
p11_T,2.3384885362916472e-71,372.7399995239038,0.0
p11_V,2.8262535931057544e-37,176.07210151130235,0.0
p12_P,3.194273250727333e-39,186.52131716855592,0.0
p13_GAP,2.568090575054404e-49,242.18735041268653,0.0
p13_I,0.0008965044752516935,11.093112574135017,0.0
p13_L,0.00046301603655299356,12.33638886165007,0.0
p13_M,2.105688359744666e-19,84.38013717697706,5.7632307e-05
p14_GAP,1.2113126827422102e-59,301.7734234355731,0.0
p14_T,0.1595888739312858,1.9809123824943058,0.0
p14_VIA,0.0015170464351027919,10.110700726278509,2.1593367e-05
p14_Y,2.539516179141953e-60,305.78467161869025,0.0
p15_E,8.624950620203688e-56,279.2243547491566,0.0
p15_K,1.0938618784761194e-72,381.03087375457176,0.0
p15_N,0.15236016019726548,2.051423555328171,0.0
p15_Q,3.0073382372325715e-25,113.53100255843495,0.0
p15_S,3.869569169233268e-40,191.47330504439677,0.0
p15_T,1.1807459102271025e-65,337.73179135244084,2.2168317e-05
p15_V,0.00015360922589222943,14.432048110704285,0.0
p17_GVQEHNM,3.660887680289842e-15,63.75571443396431,0.0005616317
p17_I,2.514268132112147e-215,1619.4260619625286,0.0
p17_K,4.60460339040254e-27,122.74861001156832,0.0
p17_L,0.0019053358354174162,9.68734068349652,0.0
p17_R,9.058693997392257e-05,15.442595307312512,0.0
p17_S,2.109267674671087e-74,391.79269579001954,0.0
p17_T,6.676974818907435e-06,20.489650905594758,0.0
p18_S,0.0,3772.8680146136094,0.0889535
p18_T,1.5422124894540906e-52,260.48459860270634,0.0
p19_G,2.2815807748191403e-59,300.1511925229386,0.0
p19_N,1.8532998574219802e-08,32.13721192526888,0.0
p19_S,7.778572869235824e-23,101.39915040093076,3.3198827e-05
p19_TKLVHIQED,3.9493229532037027e-07,26.047459434611174,0.00033146096
p20_L,0.08676730527823293,2.938825330024462,1.0143618e-05
p20_T,4.345861264588599e-78,415.20171912123266,0.0
p20_V,1.6978237148904624e-57,289.1616108701681,6.085177e-05
p20_Y,0.0032261015930659252,8.714877373600402,0.0
p21_R,0.0,3966.1695753159547,0.06740754
p22_G,1.8759911809970172e-37,177.0235711398312,0.0
p22_S,4.9840637795464096e-27,122.57322278206665,0.00026041592
p24_W,2.580957718935107e-236,1875.8710941651602,0.0
p24_Y,1.42367086573337e-08,32.66547003768772,0.0
p25_E,1.7800370332763325e-209,1552.0387372525379,0.0
p25_L,0.0006840104478589806,11.600980680315873,0.0
p26_G,1.0786314979540778e-44,216.38164733826144,0.0
p26_V,0.0006581070261831064,11.67359110199421,0.0
p26_Y,1.8928820723982266e-31,145.34665803347067,0.0
p28_Q,4.345861264581435e-78,415.2017191212372,0.0
p29_H,0.002784929445042198,8.985561286770487,0.0
p29_T,0.19852516704951784,1.6552718291172634,0.0
p29_Y,0.3903367653892301,0.7385008089158344,0.0
p30_Y,3.988784117316701e-50,246.7564344152874,0.0
p31_L,9.917279835780947e-08,28.78930044817865,0.044730294
p31_M,4.892118004760753e-06,21.09711960883835,0.0
p32_G,5.020771559686687e-06,21.046382748573667,0.0022633437
p32_V,4.713428653297412e-12,48.92584873464329,0.0
p33_E,2.0593380378041637e-26,119.43580322550923,0.0
p33_N,0.07187920914894713,3.246095654807902,0.0
p33_P,4.919614836732028e-49,240.59626059977032,0.00038291243
p33_S,0.08345697930900732,3.0019426526293156,0.0
p34_M,6.553614181273058e-23,101.77127447293736,0.0
p34_P,4.367450397332746e-44,213.0308921418765,0.0
p34_R,9.001813974021656e-76,400.4476634907026,0.0
p34_SQAILTH,2.1570454078017178e-07,27.245591395076882,0.00018562058
p34_V,3.6647862163741664e-94,521.8273540210769,0.0010244823
p35_G,0.002574207893848803,9.130674937307,0.0
p35_I,3.0582762250441538e-06,22.016533277103953,0.0
p35_STVMFEL,0.5637287606703651,0.3334997475033441,0.0
p35_W,0.00016830058467080393,14.257728329898132,0.0
p36_I,0.4160191469606842,0.6620545412470725,0.0
p36_K,1.8810145711460431e-07,27.51726776165599,0.0
p36_LTF,0.19110852914093387,1.7112475322655385,0.0
p36_M,0.00011309506774357537,15.01739980614215,0.0
p36_Q,8.649654249008957e-16,66.77489427425449,0.0001032057
p36_V,7.463003555268625e-58,291.250635208946,0.00011274429
p37_Y,5.023619998934274e-112,649.472440648024,0.000781328
p38_H,0.11215241455368108,2.527845928905742,0.0
p38_K,5.2467707785131e-07,25.485779317873796,3.0482577e-06
p38_M,0.0013602528934602734,10.313868158363505,0.0
p38_NTFDG,0.001066763991821837,10.767594972585716,0.0
p38_R,1.1060343802283986e-18,80.84466723532374,0.00029215045
p38_S,6.788202399233159e-25,111.74446208840088,0.0
p38_Y,4.706796713459415e-76,402.23342064166457,0.0009012777
p39_G,0.003413149391632117,8.611319460660178,0.0
p39_I,1.9471594891402217e-06,22.902247171495357,0.00020093871
p39_L,1.9386440598967157e-38,182.30705851059082,9.7942495e-05
p39_M,4.24019684058453e-12,49.14303848669514,0.0
p39_SFCT,0.02225227471801768,5.241404456203457,0.0
p39_V,2.572306194912128e-07,26.89649233904346,0.0
p40_M,0.00028158655291358645,13.278180744572635,0.00025742536
p40_Q,0.0,3706.896056826458,0.0
p40_T,4.030036185967581e-71,371.2715448879614,0.0
p40_V,0.007143314437045455,7.264902243256682,0.0
p41_C,0.003981490942148275,8.328870237510039,0.0002473262
p41_G,1.80856854056138e-05,18.55086366554076,0.0
p41_S,3.499554941683408e-46,224.63412704754197,0.0
p41_T,2.565861140500345e-23,103.8100161458019,0.0
p42_C,0.003699023728263172,8.463715835378387,0.0
p42_F,5.294873638445115e-05,16.474541611399395,0.0
p42_I,5.57006226798972e-10,39.195259447612344,5.699725e-05
p42_LTSG,0.0008030366853868621,11.299605540558575,0.00014063917
p42_V,5.083799322544221e-37,174.71034162637162,1.1302503e-05
p43_W,4.345861264588599e-78,415.20171912123266,0.0
p43_Y,5.182648896749177e-58,292.17841705583777,0.0003106324
p44_M,0.0057819498742646015,7.648232583988197,5.3935146e-05
p45_G,4.2462e-319,3150.989255814982,0.017269336
p45_I,5.5941099057937825e-58,291.983978963197,0.0
p45_L,0.17817412064234311,1.8152072339453933,0.0
p45_VAMCT,0.000609705535418612,11.8173672610849,5.560607e-05
p46_IVASC,0.2865183221366428,1.1370602876601175,0.0
p46_L,1.0507817583101506e-10,42.58119302658444,0.00033939278
p46_M,0.7035732679391307,0.14485988120454227,0.0
p46_T,3.7420305224593795e-18,78.25489509626281,1.1351449e-05
p47_L,2.126860023531141e-48,237.02030524543247,0.0
p47_V,1.5512854000848706e-46,226.60057100531694,0.0
p48_I,5.934540310190768e-56,280.1669901747921,0.0068031093
p48_V,3.1578633089608972e-71,371.929349313296,0.0
p49_F,2.5921421528738223e-109,629.4399171155261,3.853974e-05
p49_I,4.264079801818425e-23,102.7052072685227,2.3986537e-05
p49_L,0.7890420621913847,0.07162191229213738,0.0
p49_M,1.0306640538358182e-09,37.95023365507733,0.0
p49_TAS,2.8045989920677397e-06,22.186250378470092,0.0
p49_V,0.18148430673021554,1.7877865277076486,0.0
p50_F,0.2052846801814577,1.6063545131154262,0.0
p50_I,4.8811819833597444e-05,16.631243033526385,0.0
p50_L,4.3043814422172783e-19,82.85461786521482,0.0
p50_T,3.8390582565238806e-08,30.681057923486488,0.0
p50_V,1.11731738999444e-108,624.7883030685382,0.0
p51_S,2.9936940133090372e-78,416.238409093289,0.0
p52_F,2.1667261407419607e-26,119.3235570927415,0.00018155757
p52_L,0.002961409640212398,8.872376175941275,0.0
p52_T,3.1556248534464837e-180,1239.7723948573164,0.00055942545
p52_V,2.3563189730022636e-56,282.498785516153,0.0
p53_P,3.566030371371876e-48,235.7603705206305,0.0
p53_SAGIVT,0.00044064067056977626,12.429968529349434,0.0
p54_L,5.2537022141609205e-307,2934.8041382052375,0.0
p54_T,1.1333385855423636e-76,406.1624628882393,0.0
p54_V,0.0001302742148628662,14.746860843008115,3.717084e-05
p56_F,4.360627733373387e-26,117.78035805246832,0.0
p56_G,1.0335692037941048e-82,445.1065028042035,0.0037289606
p56_I,0.8668595808612992,0.028119817069348102,0.0
p56_V,0.00919215638802449,6.810207266557887,0.0
p57_L,3.875038289425142e-279,2477.979729154869,0.0
p57_MVTP,4.347376191099979e-09,35.04748619514946,0.0
p58_V,1.8166564624399583e-44,215.13154659750808,0.0
p59_L,0.0007613891551438475,11.399585639340827,0.0
p60_F,0.02067421413443493,5.370206973618816,4.106473e-05
p60_I,2.049048639709022e-47,231.50695207188946,0.0
p60_L,0.25149444031354456,1.3164268977293565,0.0
p60_V,2.2496133429996156e-40,192.7490455467279,0.0
p60_Y,5.80451264351897e-38,179.7513550942244,3.7426e-05
p61_C,0.0010548519037861118,10.788594800097346,0.0
p61_V,0.0002417906066550743,13.567669754980193,0.0
p63_F,0.15522702391229726,2.0230131454814755,0.0
p63_I,0.05465170510389409,3.700907140473025,0.0
p63_L,1.0059662283829072e-76,406.4919292909438,0.0
p63_M,1.1731260995757652e-43,210.66894023699652,0.0
p63_V,0.024794942830560912,5.05259871481359,5.2727388e-05
p64_H,1.1505685088759928e-26,120.72205311746345,0.0
p64_K,0.9026569826677289,0.014965861495235934,0.0
p64_Q,1.3782967502541283e-16,70.63290330269942,3.7962032e-05
p64_R,9.011590796837629e-38,178.72777577629464,1.2384942e-05
p64_T,4.496998930022851e-05,16.789242937930073,0.0
p65_H,1.1699712651111343e-44,216.18663829978232,0.0
p65_N,0.00021212803855896533,13.816674431656665,0.0
p65_Y,0.0,4125.078986236292,0.3641848
p69_R,5.4639853742647714e-05,16.41400756874029,0.0
p70_Q,6.122353490564654e-150,955.8257012336655,0.0
p70_S,0.00029756627950850936,13.17341616805498,0.0021388163
p70_T,8.73823500662457e-36,168.13544641104198,0.0
p71_P,0.0006581070261830064,11.673591101994337,0.0
p74_W,4.345861264588599e-78,415.20171912123266,0.0
p74_Y,2.6334544971603868e-77,410.200878982614,0.00033595582
p77_V,1.9469638662826842e-36,171.601683933731,0.0018508541
p79_L,0.0,3614.2260876645587,0.0
p79_V,2.7040050871790938e-76,403.7616529290132,0.0008806132
p80_S,5.864194076581446e-302,2847.884471235578,0.0
p81_I,3.922418021021008e-06,21.529200840494873,0.0
p81_L,2.739766849769498e-154,994.3255276755866,0.0
p81_V,2.157702503244707e-139,865.4448754731003,0.0
p82_G,5.431410824975851e-159,1036.787069645746,0.0
p82_S,5.779308663617227e-12,48.507535196623564,0.0
p83_G,2.1191925295302778e-187,1312.701480437382,0.0
p83_N,0.42348281231775753,0.6411282493273872,0.0
p84_L,1.608739833428299e-233,1840.353133850329,0.0
p84_TSHCIAYM,0.09011523057406243,2.8775923653438475,0.0005070628
p85_F,5.456574106176507e-38,179.89526635782843,0.0
p85_GVWMCT,0.5304806415719847,0.39373073050493174,0.0
p85_I,0.020999602538551876,5.342832759090431,0.0
p85_L,2.3268333651546565e-177,1211.2492531875316,0.0
p86_F,2.952600421129124e-152,976.2425145550718,0.005145281
p86_L,1.2021961387471377e-21,95.47131569655654,0.0008110485
p86_M,5.53299023925908e-45,217.9842918737566,7.8346064e-05
p86_S,4.1630696586448047e-10,39.78512533388255,0.00018348718
p86_V,0.0006218321627397286,11.780288763220382,0.0
p86_YCTAR,6.141136374472814e-06,20.652929095261804,0.0010117629
p87_C,9.102119360152362e-191,1347.7310342184323,0.0
p87_ID,0.14561696584919778,2.1207070858259276,0.0
p87_S,0.004930980944189147,7.938038809722659,0.0
p87_T,4.345861264588599e-78,415.20171912123266,0.0
p87_V,1.1627472802853246e-30,141.25113677797455,3.6455083e-05
p88_C,0.008952729983194272,6.857661279701901,0.00012434031
p88_F,4.498905344225689e-27,122.80004818296335,0.0
p88_I,5.931609629244681e-141,878.5587345198517,0.0
p88_L,0.001431601058706885,10.218622561938464,0.0
p88_TSGM,8.95473899708877e-13,52.341957043559596,0.0
p88_V,9.041949296029522e-37,173.37629078038276,0.0
p89_F,4.653594063396999e-131,796.9194696964403,0.0
p89_G,8.30419222839382e-34,157.68386851826773,9.7613905e-05
p89_I,1.690474131655013e-60,306.83152698060474,0.0
p89_V,0.1165083106115253,2.467691828537246,0.0
p90_G,1.7619501989902338e-34,161.23125864482418,0.0005922526
p90_S,9.373927658634528e-264,2248.620511952523,0.00023460308
p91_I,2.605611179385434e-13,54.89062947945081,7.1923656e-05
p91_S,3.852768287777546e-41,196.90877227412437,8.889025e-05
p91_V,2.4130329039551714e-261,2214.0552357123224,0.0
p92_S,1.358256673022408e-15,65.82947250762402,0.0
p92_T,0.0,3750.907269051527,0.0
p93_LQNAF,2.1419876394834808e-07,27.25948660810587,0.00024231213
p93_P,1.02960695859665e-32,151.94635706432175,0.00018733539
p93_T,5.307611078131243e-09,34.646082520616346,0.0011091478
p93_V,0.0984813307212487,2.7347991683060693,0.0
p94_S,2.093694535037971e-64,330.1831208036573,0.0
p94_T,2.1548097168912903e-56,282.72468537736484,0.00013320806
p94_V,0.0,3706.896056826458,0.0
p95_I,2.3007022128003463e-15,64.7266144370985,0.000113037815
p95_L,8.010107370964174e-16,66.93592292404496,0.0
p95_M,3.658153147177511e-10,40.047235803675214,0.0
p95_V,1.0125376134778147e-58,296.3409715031922,0.0
p96_I,6.550919179344107e-66,339.2835488399865,0.00047451604
p96_T,2.928763087849673e-06,22.101334999724962,0.0024342292
p96_V,0.9839764595694758,0.00040355351924695296,0.0
p96_Y,3.661378081635353e-31,143.85647748291967,9.08332e-05
p97_N,2.0971701799546265e-75,398.12177512895187,0.0
p97_S,3.3716222499166967e-21,93.24741212368475,5.147452e-05
p97_T,1.0964167513535253e-33,157.04920438274334,0.00011788674
p98_CNT,0.6925167465524364,0.1564600730692691,0.0
p98_F,0.0002776767333954728,13.30472825462567,0.0
p98_Q,4.345861264588599e-78,415.20171912123266,0.0
p98_S,1.8359625123920963e-42,204.1178393750293,5.0863062e-05
p99_C,1.1012938267026296e-92,511.70743940387507,0.0
p99_F,1.429456375435485e-05,19.00752208049778,0.0
p99_I,4.124082310257192e-18,78.04863297678098,0.0
p99_L,6.709565021701017e-10,38.818443246234885,0.0
p99_M,1.2139726059654306e-13,56.471383480466415,0.00035151135
p99_S,1.898201940131649e-52,259.9687270579641,0.0001301928
p99_V,1.761331418375254e-41,198.758527056505,0.0
p99_W,0.00908163313465194,6.83195333200036,0.0
p100_KFVMCA,0.8617101659569418,0.030359627974783657,0.0
p100_N,8.238803419863475e-05,15.62459817333889,0.00027442287
p100_Q,2.0005165652972312e-64,330.30231320771827,3.9698294e-05
p100_R,4.579273134035068e-16,68.1089631610372,0.0
p100_S,1.0070653900233338e-15,66.45611609357803,0.00019225047
p100_Y,2.5633374320992957e-38,181.6555883866251,0.00095324044
p101_G,0.037762694571946746,4.326571761502489,0.0005347966
p101_M,0.17149447490469083,1.872376469907261,0.0
p103_MY,2.690386628491493e-05,17.78145690842777,0.00016444606
p104_F,7.391644839832475e-16,67.10440029183322,0.00035237262
p104_I,0.002825141506887208,8.959142031045886,3.9070037e-05
p104_L,4.305021037753424e-25,112.74344105355725,0.0
p104_S,0.2488670766596228,1.3311216379058923,0.0
p104_V,2.2878388764426054e-10,40.999568086740084,0.0009786042
p105_L,1.1470148547672225e-63,325.737496351173,0.00020528224
p107_H,6.529872242630886e-55,274.13220536073976,0.0
p107_K,3.332695606680037e-16,68.77624296354756,0.0
p107_P,3.1058259502853345e-21,93.42431666025205,0.0
p107_R,1.7463704573967713e-91,503.53668778655873,0.0
p107_V,0.002235841001175595,9.391064027602518,0.0
p108_I,0.03220609244865986,4.599664609496346,0.00015597387
p108_L,4.305370188083612e-05,16.87321212630749,7.3440955e-05
p108_P,4.345861264588599e-78,415.20171912123266,0.0
p108_T,0.00012609168827079528,14.809261426293892,0.0006379676
p108_VAYDRMFS,0.020485963261650753,5.38624875241829,0.00063455664
p109_F,3.790751060595675e-06,21.596027140389392,0.0
p109_G,5.913126760111656e-38,179.70819734714723,0.0
p109_L,0.9536903393010427,0.0033740980975535922,0.0
p109_M,4.280333564004496e-38,180.4606780451477,0.000105960076
p109_V,3.630065268573563e-195,1394.2824328939873,0.00069682894
p111_K,0.0005458282722393224,12.02588752728886,0.0
p111_N,5.624621927727886e-31,142.88781658338453,0.0
p111_STIERMD,0.0005221991342823004,12.109344043690008,0.0002479841
p111_V,8.675146250744432e-71,369.2055939528372,0.00020988529
p111_Y,0.0016399692817841466,9.965800448069706,0.0
p112_I,0.0015688869564636024,10.048189475433581,0.0003204661
p112_L,2.757953667922368e-11,45.30845805670445,0.0
p112_M,0.007104981955285691,7.274634347360614,7.6055956e-05
p112_V,1.9781776819299464e-17,74.72807734486865,7.4604235e-05
p113_E,2.110753611512837e-22,99.23393059784611,0.0002442891
p113_G,2.2270929079890187e-14,59.99170189990677,0.00045149392
p114_G,2.298759522996456e-243,1967.4230863302666,0.0010557867
p115_Y,8.97973914998537e-71,369.1126764311277,0.0002183458
p116_F,1.1455884288366367e-38,183.53499518111636,8.64772e-05
p116_L,1.911215985686144e-146,925.4186013557331,0.00045556217
p116_M,0.1153916017279395,2.482873617794859,0.0
p116_SIC,0.40510850068257265,0.6936666811183098,0.0
p116_T,7.28471833089938e-47,228.4304145186031,0.00011973625
p116_V,1.0283754632924196e-18,80.99957039961116,9.102511e-05
p117_G,1.5571126371663757e-262,2231.076215509513,0.00047776932
p117_T,4.2372720172135523e-14,58.65471666215878,6.383065e-05
p117_V,2.563516830937659e-76,403.9088447252058,0.0
p118_S,1.534806991384918e-08,32.514860374059225,8.893736e-05
p118_T,5.5700098158611625e-24,107.139461157171,0.011391571
p119_I,4.785540782621599e-05,16.66937387031132,0.00028679273
p119_L,1.2837870657777934e-171,1155.202386307802,0.008143225
p119_T,0.00025485206101970455,13.46766369978459,4.5476438e-05
p119_V,5.991968979320224e-173,1168.0690823841314,0.0
p120_C,1.1801786118293571e-75,399.7024606540061,0.0
p120_G,2.8174208508406564e-22,98.60841351970267,0.0
p122_I,1.1025196206888272e-73,387.2752466154372,0.0
p122_L,0.0,3683.1217029416516,0.0
p122_M,0.010194608150746031,6.624409003807273,0.00019875789
p122_Q,0.004248717827403336,8.209990493632207,0.00051817606
p123_T,6.871613401148425e-69,357.48195934732166,0.0
p123_V,1.3653545787188763e-164,1088.4976470074573,0.0
p124_G,7.85153880394272e-58,291.1215560546147,0.0
p124_S,0.5456909857059127,0.36532974824656644,0.0
p124_T,0.0,3706.896056826458,0.0
p125_L,8.288292798e-314,3055.002345497549,0.0
p129_V,4.648253522560841e-58,292.45543279618397,0.0
p130_I,8.342073472932895e-75,394.33271044303893,0.0
p130_V,5.50329724748626e-33,153.37127265665885,0.0
p131_L,8.514387092951186e-41,195.03767995725653,0.0
p131_V,0.0019274621157604902,9.665930506238237,0.0
p132_S,1.1640743354339473e-63,325.6989708071047,0.0
p133_I,1.983767144791041e-29,134.88048761505834,2.6158154e-05
p133_V,1.2632805623361388e-09,37.53901885758064,5.3160282e-05
p133_W,4.345861264588599e-78,415.20171912123266,0.0
p136_Y,7.968215848366677e-65,332.71466121003505,0.0
p137_L,5.6225294802037586e-11,43.8549054998002,0.0
p137_M,1.135900433965191e-22,100.5773550632432,4.2935855e-05
p137_V,3.0953937284338746e-06,21.992894603465786,0.0
p139_V,0.0,3408.1037393481224,0.0
p143_I,2.850650467224253e-07,26.692888573154963,0.0
p143_L,1.412666996574393e-05,19.030474945086983,0.0
p143_M,2.108112994971501e-15,64.90946373429867,0.0
p144_S,4.3055389039759574e-33,153.93007195254572,0.0
p145_N,0.0002806148166570048,13.28474387126423,0.0
p145_S,0.004117071939058037,8.26757172377929,0.0
p146_I,4.336560059040379e-18,77.94206012502562,3.2908938e-05
p146_V,2.699963552110565e-63,323.5053421379201,0.0
p147_NVAH,0.00020740454431121435,13.859547640265133,0.00059998565
p147_R,0.6554266706196705,0.19923990890399457,0.0
p147_T,0.00120944081888098,10.533061314355455,0.0
p149_G,3.921672309505833e-21,92.9219150853496,0.0
p149_K,0.0014973245186340116,10.135053042683762,0.0
p149_N,3.0525233580342436e-51,253.08921509797443,0.0
p149_R,0.15552737820424545,2.0200711910161306,0.0
p149_S,2.275397677706545e-64,329.9652500840936,0.00012372943
p149_T,0.000826510043760293,11.245543128271398,0.0
p150_E,1.2932566669962356e-29,135.83897315672897,0.00031164405
p150_G,2.156342715437191e-06,22.70188530723453,0.0
p150_PQN,0.014791581501177162,5.960714951006974,0.00036766223
p150_S,5.859680858770027e-220,1674.023927575988,0.0
p150_T,0.008198183536125973,7.016200996925924,0.0
p151_N,1.1872873329858911e-26,120.652600972015,0.00014559865
p151_PDRQEAG,0.00018182127841518767,14.110366046225696,9.532484e-05
p151_S,0.0015334946251284686,10.090635131809236,0.0
p151_T,4.692175704003247e-06,21.178696071384223,0.0
p152_L,2.704440038181185e-68,353.82824997494725,0.0
p152_WQFIMYS,0.4222786074019499,0.6444671333058538,0.0
p154_I,3.382210292658068e-115,673.199478431266,5.170246e-05
p154_L,2.0794446430538868e-238,1902.767118762355,0.0
p154_M,0.8075710221109855,0.05935163438888216,0.0
p154_TGFSY,6.313011802078199e-06,20.599045022611925,0.0
p154_V,0.044561891859989274,4.044789434091139,2.6448413e-05
p155_IGTF,0.00026891740933583923,13.365600192562956,0.0
p155_L,1.905222623434448e-19,84.59378007726943,0.0
p155_M,1.6579573664433203e-06,23.218157423669144,0.0
p155_V,3.3185220641833143e-43,208.18811855551877,0.0
p156_G,0.0,3693.7410121941125,0.0
p156_V,9.346085209166362e-240,1920.204358970378,0.0
p157_I,2.2867760292987696e-66,342.060089531323,0.00060059107
p157_L,1.576955356550311e-07,27.867314388645706,0.0
p157_V,2.355520292715276e-54,270.91516755465267,0.000103734936
p158_GTMCF,0.04651037768984707,3.9723510207517285,5.607551e-05
p158_I,0.0013285991677380498,10.357758303694114,0.0
p158_L,3.581515235862169e-53,264.1169090748304,6.395575e-05
p158_S,0.014669386962298461,5.975427352937137,7.5948745e-05
p158_V,1.6008737684768455e-24,109.8649869772361,0.0
p159_CIMS,0.030100570128204638,4.716278710142284,9.722923e-05
p159_F,3.307584053451326e-210,1560.3644976046405,0.0020694877
p159_L,0.0202400637300334,5.407434677040377,0.0001572531
p159_V,0.08213837700821315,3.0278425576271437,0.0
p160_S,4.55560643994808e-80,427.93039092598536,0.0
p160_T,6.302445349571168e-61,309.37294473028163,0.0
p162_I,0.44273924815808485,0.589616581053267,0.0
p162_LMCASG,0.13914012019994168,2.190751372180029,0.0
p162_T,1.7389571666537524e-48,237.51154881616162,0.0016029305
p162_V,1.7692491984312318e-20,89.6825821882029,0.0001267708
p163_F,0.04577367380170884,3.9993561334705734,0.0
p163_I,1.8463068003161414e-305,2907.9817949162,0.0
p163_M,2.3421657530927718e-38,181.86600532336507,0.0
p163_SLGC,0.3031868885510301,1.0611598983601125,0.0
p163_W,4.345861264588599e-78,415.20171912123266,0.0
p164_G,2.5e-323,3229.4064641975065,0.023538982
p164_S,5.675336613748924e-38,179.8037491100826,0.0008046372
p165_C,0.04280340842704081,4.113090951274847,0.0
p165_F,0.025604603794001462,4.996680221667556,0.0
p165_I,2.102122387821977e-228,1776.4440280295673,0.0
p165_L,2.304228741571282e-20,89.11562268885254,0.0
p165_M,0.00015001009897911696,14.477319669080414,4.6724082e-05
p165_S,0.021745819098568278,5.281680802089005,8.694436e-05
p165_V,3.8879671475126715e-15,63.6299991436283,0.0
p166_G,6.702250048280939e-283,2536.4528412826853,0.0002381176
p166_S,0.00019921735670273954,13.936248280756677,0.0
p166_TILCFM,0.07873525594272932,3.0968183404552905,0.0
p166_V,2.0653580781541583e-45,220.35387589382913,0.0002335031
p167_C,1.657882251735701e-41,198.90168850357932,0.0
p167_V,3.005800109073111e-260,2198.468566830063,0.0
p167_W,4.345861264588599e-78,415.20171912123266,0.0
p168_GC,0.42338103118263615,0.6414099058029262,0.0
p168_S,1.3101973672796173e-153,988.2610592316851,0.0036327534
p168_T,1.4925059348611223e-65,337.11510448991487,0.0
p169_GTFMSC,0.005462178301949395,7.751686272058144,6.409644e-05
p169_I,6.118624984048582e-212,1580.2096793902704,0.0
p169_L,1.6548268028215155e-07,27.771595293777693,0.00022586338
p169_V,0.14081541952205875,2.172287142014629,0.0
p172_I,2.1792334013382923e-74,391.7034229730651,0.0
p172_L,1.3890817223420492e-43,210.26547659068103,0.0
p173_L,0.6526862334571066,0.20264568282992587,0.0
p173_V,2.8494052589343084e-22,98.58396943387248,0.00019686868
p178_Y,2.402809330266746e-81,436.2059516755295,0.000120754245
p179_L,0.10229336829477892,2.6740672438171216,0.0
p179_MV,1.2332486454943882e-13,56.4387482118614,0.0
p179_W,4.345861264588599e-78,415.20171912123266,0.0
p181_H,3.7321979970735136e-70,365.2821274057502,0.007928354
p181_YADCQGNILFMSTWV,4.242443107032275e-07,25.905831269608676,0.0002826684
p183_M,7.656238977622412e-51,250.81981768829021,5.8202273e-05
p184_Q,3.3197990138173984e-77,409.55925365966283,0.06811848
p185_T,7.39599499823592e-64,326.88307814742603,0.0
p185_V,0.2639674335638753,1.249159927258192,0.0
p186_S,0.873755999954476,0.025258116379826473,0.0
p189_P,7.690638267636878e-36,168.4298692850183,0.0
p189_V,1.864397197603184e-08,32.12525943279316,0.0
p191_W,0.0,3966.1695753161353,0.06740754
p191_Y,1.2113126827422102e-59,301.7734234355731,0.0
p192_Y,4.345861264581435e-78,415.2017191212372,0.0
p193_T,4.345861264581435e-78,415.2017191212372,0.0
p194_HKANSMQ,3.798037531605306e-05,17.115116952632135,0.0
p194_L,2.915796324120679e-17,73.90821794174337,0.00018276118
p194_P,1.3409102452048732e-11,46.782974769371165,2.7412818e-05
p194_R,7.800881591043811e-08,29.267134602901933,0.0
p194_T,0.0003547298142759399,12.840285358799937,0.0
p194_V,3.2215666396882876e-275,2418.06801380914,0.0
p195_G,6.240599738993897e-265,2265.625286748085,0.0
p195_H,3.4651008402679253e-10,40.157176078738,0.0
p195_K,3.548967077977596e-08,30.83797484625846,0.00016917726
p195_N,0.15801807101405857,1.9959212236338058,0.0
p195_S,1.480585383716995e-67,349.3076606136419,0.0
p195_T,0.00017169316679042367,14.219658918167902,0.0
p196_N,0.0006581070261831064,11.67359110199421,0.0
p196_P,6.001403187907375e-21,92.00606854764123,0.00011789887
p196_S,1.1817710180143355e-65,337.7295068315395,0.0
p196_T,2.4799890324956937e-238,1901.7800845757006,0.0
p197_E,4.061593725047218e-12,49.23139301922122,0.00012765396
p197_G,3.625235438333197e-13,54.20804447221285,0.0
p197_K,2.1925208058660358e-250,2061.432827811836,0.0
p197_Y,3.828645132694575e-59,298.82640180684035,4.072551e-05
p198_ISL,0.02281273892814695,5.197927167560305,0.0
p198_P,4.345861264588599e-78,415.20171912123266,0.0
p198_T,2.351535149728159e-10,40.94381282125243,0.0
p198_V,2.101503427279116e-08,31.885632790904687,0.000120743
p198_W,0.17149447490469083,1.872376469907261,0.0
p198_Y,3.7128661552010596e-190,1341.3405824160702,0.00023418036
p199_H,0.016286963352294438,5.790191560250276,0.0
p199_K,1.3370714914173313e-50,249.44578569812387,0.0
p199_N,2.5495458791393855e-23,103.82389833717757,0.0
p199_R,1.2665925341796228e-110,639.0919597511399,3.7896207e-05
p200_S,5.834591816314693e-293,2697.618258460456,0.0
p200_V,4.345861264588599e-78,415.20171912123266,0.0
p201_Q,8.442736158940299e-75,394.2998377294588,0.0
p202_Y,3.995208664108526e-229,1785.3657384124247,0.0
p203_Y,2.753604645321227e-34,160.2085172642728,0.00018976642
p204_T,3.88065205e-316,3096.9954248943177,0.0
p204_V,3.640962352840558e-44,213.46628371152337,0.0
p205_L,0.005258936360127848,7.8207071145424605,4.559275e-05
p205_M,0.04991060925644041,3.8533011290806756,0.00026816182
p205_VYKHA,0.015728588656607687,5.851899198610448,0.0
p205_W,4.6048146757937996e-282,2523.360404629759,0.0
p206_V,7.115561021597797e-77,407.4492261723929,0.0
p206_Y,1.2429979472242411e-60,307.62302233563685,0.0
p207_M,8.494425627743019e-59,296.7894845691655,4.5220153e-05
p208_M,1.3101218043921845e-68,355.75987536468824,0.0
p209_I,1.7368329221132846e-108,623.3863670373573,0.0007391507
p209_LGFA,0.17056726650681744,1.88051463007744,0.0
p209_S,0.5490871096124679,0.35918640495528026,0.0
p209_T,0.06590594038148542,3.3891873337069187,6.522685e-05
p209_V,1.3644711203320062e-95,531.6758260080583,0.0
p210_F,4.854163640424833e-280,2491.9144894352107,0.0
p210_T,4.1846596437434166e-58,292.7229359621687,0.0
p210_V,7.181551136287888e-33,152.7656004639079,0.0
p211_H,6.924772737831326e-59,297.3114022352105,0.0
p212_F,4.345861264581435e-78,415.2017191212372,0.0
p213_C,0.14519381973042925,2.125175115732312,0.0
p213_F,5.491970989955571e-13,53.3503390367912,0.0007625343
p213_G,0.15552737820424545,2.0200711910161306,0.0
p213_I,1.6458791850856322e-13,55.84106456871505,0.00041354788
p213_L,0.007602949249143994,7.1522016822846926,0.0
p213_M,0.1887063719140925,1.7299241151435476,0.0
p213_S,0.007621360190189869,7.147833929421236,0.00021288528
p213_T,6.092236198994596e-07,25.19065108547327,2.9220602e-05
p213_V,0.09428168673813694,2.804752978264435,0.0
p214_I,4.201838421119576e-26,117.86214936312768,8.45046e-05
p214_L,1.0033244040458033e-07,28.766170075525356,0.0
p214_T,5.249479269576642e-14,58.209928271350385,5.812651e-05
p214_V,5.892259248380545e-72,376.46592614974674,6.718675e-05
p216_L,4.735205362878678e-05,16.68975137412665,0.0
p216_M,0.020682776280638183,5.369480954474578,0.0
p216_V,9.01912054318806e-08,28.978221368890825,0.0
p217_F,1.2749969039579368e-05,19.229742568778097,0.0
p217_GLMC,0.5696099785127547,0.32353839621310854,0.0
p217_I,2.460177044501045e-15,64.58646347969663,0.0
p217_S,9.842227216878531e-91,498.4462615875882,0.00020504056
p217_T,0.0001051302163388176,15.157237948312371,0.0003597592
p217_V,0.00011061260054796278,15.05989004693194,3.2381977e-05
p218_L,5.1035484747043315e-183,1267.8802082770396,0.0
p218_T,0.08662662947042589,2.9414541191926813,0.0
p218_V,9.87758871390438e-28,126.16357961526188,8.000124e-05
p219_V,0.0003053470874308722,13.124444237136556,0.0
p220_F,4.66733371729401e-43,207.37550209701624,0.0
p220_I,1.398875542130081e-06,23.552279162565313,0.0
p220_M,5.998422246832349e-15,62.724730077112895,0.0
p220_S,0.006266776829789065,7.502033664268925,5.4353517e-05
p220_V,5.946584321124839e-13,53.18621808830785,0.0019019212
p221_L,3.1137687769757345e-75,397.0360996907315,0.0
p222_S,7.252635518454428e-252,2081.6275767575657,0.0
p222_T,1.6697470112646976e-06,23.20423008144471,0.0
p224_G,5.375307516901652e-41,196.1226128105973,0.0
p224_L,4.682898899647293e-73,383.33631644010245,0.0
p224_S,3.6379636947068332e-264,2254.550983531532,0.000377652
p225_Q,1.5092455810186095e-22,99.96098714374243,0.0
p225_R,5.801271940638515e-10,39.11290286119919,0.0
p225_S,7.252111383057986e-05,15.8695346735904,0.0
p226_V,9.107285625952227e-76,400.41560321307895,0.0
p227_L,5.611966432498542e-195,1392.2619047155415,0.0
p227_V,2.1566996249837253e-32,150.26669913527425,0.0
p227_W,4.345861264588599e-78,415.20171912123266,0.0
p228_F,1.6092150370848462e-11,46.40975179264208,0.0
p228_G,7.016254337816592e-77,407.4880970529017,0.00022330189
p228_I,0.02339599720026804,5.1538435842586745,4.903586e-05
p228_L,1.3215311635154635e-66,343.5089334307003,0.0
p228_M,0.05353233315705625,3.7355870901916055,0.00017567573
p228_R,4.525815115254486e-79,421.50473589419147,0.00071884546
p228_S,2.0875261652555102e-16,69.75948757821368,0.00032339845
p229_K,0.004599915650245552,8.064854927693496,0.0
p229_T,1.5068242966491355e-06,23.40607384087311,0.00011390559
p230_L,0.0,3966.1695753161353,0.06740754
p230_V,1.2113126827422102e-59,301.7734234355731,0.0
p231_R,1.4506528108803805e-39,188.37075510773778,0.0
p232_E,2.3175554574095446e-40,192.67902497282066,0.0
p232_LMTSDG,0.06602999932589525,3.3860763231368263,0.0
p233_V,8.104007488916175e-50,245.01527224184156,0.0
p235_K,6.787702629627346e-29,132.12920361234455,0.0
p235_QMRTS,8.253818434038237e-05,15.621103742014023,0.0
p236_Q,0.006084701633135713,7.555537200570368,0.0
p238_E,0.20635719208317552,1.598767712563883,0.0
p238_K,2.6161084784190777e-77,410.2191909618251,0.0
p238_Q,4.011005361032171e-27,123.05435077006209,0.0
p239_E,0.1330315175242119,2.260254527943627,0.0
p239_Q,0.17149447490469083,1.872376469907261,0.0
p241_E,3.523384307357281e-87,474.58208228313595,0.0
p242_T,5.9655946058397075e-34,158.43976456910488,0.0
p245_R,1.3825255756750392e-09,37.35684179810714,0.0
p248_R,1.8329438965713052e-113,660.1877367005875,0.0
p251_T,2.2785288912748118e-200,1450.4980229695364,0.0
p252_K,0.008207060046476372,7.014250301027526,0.0
p252_R,3.69444378028058e-21,93.05046133351992,0.0
p254_V,1.8349433782035133e-05,18.52278058009442,0.0
p255_LMF,8.93163328350031e-06,19.922406448473836,0.00015636557
p255_V,8.379258248830291e-18,76.54585547180533,0.0
p256_L,4.403442770253821e-10,39.67135986714915,0.0
p256_M,0.006646073859391938,7.395503825841191,0.0
p256_V,1.1930062777629297e-53,266.8585718418732,0.0
p258_V,2.42439454343544e-43,208.936569829012,0.0
p259_G,7.245936808064166e-296,2745.5041796626715,0.0
p259_I,1.962418806056863e-25,114.46893729566602,0.0
p259_L,1.8524697011093305e-15,65.1799192731747,0.0
p259_M,0.17359845448102326,1.8540960231150858,0.0
p259_V,2.956603488689934e-07,26.620591303157873,8.6667234e-05
p260_G,0.0012261592678671162,10.50743530759419,0.0
p260_S,6.1708645820638805e-170,1139.04971255859,0.0
p261_Y,2.1550227870884936e-50,248.27063836639513,0.0015764139
p262_L,2.7378581009734256e-44,214.14881682226576,0.0
p262_VIM,0.004997191768305711,7.913721382477445,0.0
p263_I,1.7609255180511526e-19,84.76200295159249,0.0
p263_L,8.877952262542982e-101,567.9418439659863,0.0
p263_MT,0.00031824883832177455,13.045954191643908,0.0
p263_V,1.0116044220243967e-10,42.65852180734744,0.0035056712
p264_C,3.551522054255168e-08,30.836537369323604,0.00066731696
p265_Y,0.0,3781.9147310238222,0.07584928
p266_G,1.4528152808424583e-48,237.9503098772203,0.0
p266_L,1.0022289552904167e-14,61.65425329481946,0.0003151143
p266_T,0.0008205127386221687,11.25920648643408,0.0010054128
p266_V,9.550840894511128e-85,458.4571088327719,0.00092727755
p269_T,3.7921551077793836e-49,241.2331147309049,0.0026036182
p270_F,7.117726517253015e-71,369.73850457916683,0.0
p270_G,8.464509956319477e-16,66.82024978169183,0.0
p270_I,0.0014482521333901933,10.197087634150714,0.00011684285
p270_MTLVCY,0.2170345215192346,1.525696180693201,0.0
p270_S,1.1468316393105027e-12,51.83214422779938,0.0
p271_L,4.413382748040299e-153,983.5670058750429,0.0
p271_M,6.690703101754084e-32,147.69964312889365,6.0960727e-05
p271_T,0.23160301591285024,1.4326396480229866,0.0
p271_V,4.271698975805469e-37,175.11387072115943,0.0
p273_C,4.345861264588599e-78,415.20171912123266,0.0
p273_F,6.695907398185064e-26,116.83513226763843,0.00021621352
p273_I,0.34898829544995946,0.8779132495311455,0.0
p273_L,2.670817625921681e-09,36.02849317384133,0.00012704008
p273_M,2.272439510210006e-260,2200.1932888003666,0.0
p273_W,3.121615215880834e-08,31.094317948036036,0.0
p274_W,0.02885265830158373,4.78948547715146,0.0
p274_Y,6.442133754133124e-59,297.4960094591435,0.0003507832
p275_FLYT,2.95539782209223e-07,26.62139926518233,0.0
p275_I,3.16455097561238e-51,253.0001885206738,0.006073469
p275_M,1.8521955076978137e-272,2376.499636614196,0.017844517
p275_V,0.002643686331650794,9.081534110684373,0.0
p276_F,1.1020559093104544e-59,302.0157807920501,0.0
p276_TSIN,0.2489444721981838,1.3306860499798643,0.0
p276_V,8.74547953820849e-295,2727.60825643628,0.0
p277_C,0.0034284082425954598,8.603127986120288,0.00014220267
p277_F,0.06754372194177495,3.3486128305379363,0.0
p277_L,9.281830587163258e-06,19.847491530344694,0.0
p277_N,5.706325689667647e-267,2295.2972217878846,0.0
p277_S,0.06192119976792299,3.4925847474785745,0.0
p277_T,1.4608534787500425e-20,90.09381893527244,0.0
p278_N,1.2770392249227536e-23,105.32959454282158,0.0
p279_P,4.855006742096396e-73,383.2381587658983,0.0
p279_Q,1.4542093677890403e-35,166.9618980388965,0.0
p279_R,5.874009142785911e-306,2916.5920671393565,0.0130291805
p280_G,3.1334115546786795e-291,2669.3970308661405,0.0
p280_N,9.064193116064012e-182,1255.255668774626,0.0
p281_E,0.004687053385803701,8.030594821657244,0.0
p281_H,6.275262788681676e-285,2568.38374643409,0.0
p281_S,1.2474086987612908e-27,125.64515222806276,0.0
p281_VTQRGPFI,0.8914628145721197,0.018628537477480913,0.0
p281_Y,4.345861264588599e-78,415.20171912123266,0.0
p282_D,1.1935137990607587e-19,85.59315774335403,0.0
p282_E,2.3866291486834184e-07,27.045014566615563,0.0
p282_G,4.6048146757937996e-282,2523.360404629759,0.0
p282_N,0.03352043406964854,4.530842042419381,0.0
p282_P,1.94421752029128e-06,22.905216870431,0.0
p282_S,5.673059667376094e-06,20.80774017527066,0.00030655475
p282_TCILK,0.19658154077017068,1.669701076913006,0.0
p283_KIVYP,2.868715265930939e-17,73.94260410624706,0.00018763127
p283_L,4.2024521372209585e-242,1950.8274092701706,0.0
p284_G,2.3980590554503634e-35,165.8105555538395,0.0
p284_H,1.3506089861474005e-77,412.0523157175854,0.0
p284_S,0.012042482485387867,6.3264843941120406,0.0
p284_T,2.616463793163041e-07,26.86275684396428,0.0010267833
p285_L,1.7541970262289516e-296,2755.7336447509133,0.0
p285_P,3.615656466054146e-181,1249.209076390368,0.0
p285_VY,4.3786301852682804e-07,25.84334135835198,0.0
p286_L,2.3834845653091738e-85,462.4362704471775,0.00011354234
p286_MWGK,0.651557493804287,0.20405856251317095,0.0
p286_Q,0.1166438305785287,2.4658603726011394,0.0
p286_R,0.0,4224.990322340506,1.0
p286_T,0.0009895902387701554,10.908085801054614,0.0
p286_V,5.981978157791455e-07,25.2267189470678,0.0
p287_F,1.0775396924447735e-34,162.35869516365975,0.0
p287_L,4.77541030474148e-267,2296.428054426673,0.0
p287_M,5.61268175392324e-32,148.0976323576818,0.0
p287_SC,0.1989580635607893,1.6520806423511165,0.0
p287_T,6.928465458904015e-08,29.503382860623205,0.0
p287_V,1.5728117747391422e-11,46.45656195523385,0.0
p288_M,3.163569650711717e-45,219.32799212532097,0.0
p288_V,0.0,3416.4483135792534,0.0
p289_S,0.0025290205942885354,9.163364311408271,0.0
p289_T,8.081390709510699e-65,332.67766975633555,0.0
p290_L,4.7564346422343875e-74,389.5697844401944,0.00015666975
p290_V,0.0006186284890461425,11.790012772475409,0.00012342344
p292_S,0.35632091746471706,0.8515652013398459,0.0
p293_F,1.51172978527084e-20,90.02030466605046,0.0
p293_V,0.12611671750988154,2.3433720615608244,0.0
p293_Y,1.1997434844331104e-49,244.0526268684371,0.0
p294_L,0.003237524372532113,8.708379992893327,0.0
p295_S,5.960667543507202e-220,1673.9355801936215,0.0
p297_S,1.570159229094776e-05,18.82519346301082,0.0
p297_T,6.338240490252978e-11,43.61067775688431,0.0
p298_S,1.6809108180494728e-39,188.02536310982964,0.0002842001
p299_C,0.0,3400.166081354312,0.0
p299_S,5.9396211010458126e-08,29.81029648033067,8.2375525e-05
p299_T,5.674629028280977e-41,195.9947376842139,0.0
p300_L,9.681930505376497e-11,42.747796254840175,0.00028684232
p300_V,2.578410396186798e-144,907.1101601792291,0.0012875746
p301_Y,0.24126068190170466,1.3747584261578092,0.0
p303_P,4.496998930022851e-05,16.78924293793015,0.0
p304_L,0.028414247099437923,4.815990918504942,8.686029e-05
p304_M,0.0028224224657302168,8.960916342047183,7.006635e-05
p304_V,3.391133231099211e-64,328.92117984444866,0.0
p307_C,3.3677134680644374e-161,1057.0221880081833,0.0
p307_I,3.162336600865084e-33,154.63301916902884,0.0
p307_S,9.080230750429484e-28,126.35060697904056,0.00040260676
p307_V,1.8329558474129188e-60,306.6233051920416,0.0
p308_F,3.4802023117233475e-47,230.22120097915973,5.850573e-05
p308_L,0.00024378893981345565,13.552020955712413,0.0
p308_M,1.319125701806456e-13,56.29930866858226,0.0
p308_V,0.0004970771969382034,12.202369206717723,0.00016608823
p309_M,0.0005220463723475631,12.109895924243402,2.325521e-05
p311_R,1.1767148422457966e-73,387.0976409105623,9.323032e-05
p314_R,1.0525986494535691e-13,56.76692448939753,0.0003955894
p315_G,7.089120035314156e-12,48.08860980945746,0.0020041857
p315_H,9.72201547766263e-08,28.82886863473091,0.0
p315_N,1.1757874369646857e-168,1126.8359233123272,0.0
p315_S,0.0024490950953045296,9.222665322198921,0.0
p315_TQVERL,0.000582991035230208,11.90175270068048,0.0
p317_M,1.4380553288019148e-46,226.78392647696887,0.11084232
p318_L,0.525977893645935,0.40242338612185946,0.0
p318_M,1.0089501180293839e-62,320.0752292280225,0.0
p318_V,4.032158489363291e-10,39.84988796289824,0.0
p319_E,1.99e-321,3193.959675688229,0.0
p319_K,1.0413911410325613e-05,19.623421514892453,0.0
p319_NSHIMR,0.05311282708033664,3.7487826723873052,0.0
p319_Q,3.927619585314171e-76,402.7322210836917,0.1860632
p319_T,2.4372368801876537e-46,225.50818472283026,0.0047599184
p320_L,1.130070348384931e-51,255.54609928199594,0.0
p320_M,2.218193341391748e-43,209.14857020828998,0.0
p320_T,5.356841653951917e-05,16.452136813008423,0.0
p321_I,1.898581503646063e-07,27.498819472372052,0.0
p321_L,5.098317554592692e-30,137.92718258957012,0.0
p321_V,0.0,3432.059058239998,0.0
p322_F,0.570335788168927,0.32232291230561355,0.0
p322_G,0.011208273776699706,6.45470602279066,0.0
p322_GAP,3.194273250723565e-39,186.5213171685587,0.0
p323_FGN,1.0412148054138868e-09,37.92964779907491,0.0
p323_GAP,2.088443489091619e-79,423.66597303863944,0.0
p323_M,0.011208273776699706,6.45470602279066,0.0
p324_K,0.0022631084293974367,9.368642642538342,0.0
p324_R,3.7356478242377756e-26,118.12149794590411,0.0
p325_K,0.27124449277316487,1.2117116235194416,0.0
p325_NGDTACQ,0.0013657625873328674,10.306334523376115,0.0
p325_R,3.910875870428985e-06,21.534968081315505,0.0002733574
p326_GAP,0.03055720992244458,4.6902793648213,0.0
p326_K,9.643577634296191e-53,261.6515608075405,0.0
p326_P,5.654709655461823e-35,163.8386584466819,0.00022968299
p327_GAP,0.03055720992244458,4.6902793648213,0.0
p327_L,4.363184367487153e-16,68.21043986654514,0.0
p327_M,1.0667954298054037e-294,2726.1841504392596,0.0060113245
p327_V,3.046538400373049e-66,341.30275124848515,0.0
p328_D,5.683522627204693e-63,321.567519318624,0.0
p328_E,0.00046105064519760364,12.344423486381968,0.0
p328_G,9.554352851017475e-33,152.11633427026496,0.0
p328_IQR,0.010359431736072426,6.595665556736889,0.0
p328_S,8.197949464509163e-87,472.14049274365885,0.00022319065
p328_T,2.296247030588539e-44,214.57015264563506,0.0
p329_E,0.02142167503144832,5.307972625458917,0.00030203897
p329_V,0.00011285712679294055,15.021431478757883,0.0
p330_E,5.9682626581156724e-15,62.73524828409007,0.0009395879
p330_G,7.566506824584832e-60,302.9803181203485,0.0
p330_S,1.929439267674509e-05,18.425396305927137,0.0
p331_E,2.154061559414037e-20,89.26021474272514,0.0
p331_S,1.3864103780355847e-37,177.72618917209024,6.000088e-05
p331_VA,0.004935274315792813,7.936451895201487,0.0
p332_D,1.0343618801951482e-129,786.0770773472932,0.0
p332_E,1.3079122137305646e-24,110.30746035520427,5.5431927e-05
p332_G,8.166038429661622e-05,15.641624146214653,0.0
p332_GAP,1.9444476290376332e-07,27.451448524270152,0.0
p332_S,5.6927469340400206e-08,29.894937175573926,0.0
p332_V,0.0018567936024369463,9.735210077285707,3.5785815e-05
p333_GAP,1.519278692199457e-07,27.941320842481588,0.00011362624
p333_L,2.2466835085691915e-50,248.16813906357606,0.0
p333_MIGD,1.5904575750771716e-09,37.07396390342862,5.3734075e-05
p333_S,6.974830898152228e-18,76.93451472992214,0.0
p333_T,0.04233758832288008,4.131679686709128,0.0
p333_V,3.47004584401163e-153,984.4956076835049,0.0
p334_S,1.6097339972517163e-27,125.07898815494748,0.00016842387
p334_TCAEMG,0.3038548152514196,1.0582308644473732,0.0
p335_G,2.776776629655516e-22,98.63988021413579,0.0
p335_GAP,3.351479190450605e-05,17.356662676227362,8.81589e-05
p335_S,3.0300463413963185e-19,83.6033424070252,0.0
p335_T,1.4641820780788443e-12,51.329060067761375,0.0
p335_V,1.2342786035290368e-08,32.95160979649164,0.0
p336_GAP,0.029786933462097303,4.734375619798212,0.00016966593
p336_S,1.7428606549612823e-101,572.9497824709249,0.0
p336_T,2.8337950657288807e-21,93.62182848342465,0.0
p337_GAP,2.434970943059925e-16,69.43578284536251,0.003796263
p337_Q,0.005588866763201159,7.7099776113175205,0.0
p337_S,8.67864353938512e-12,47.67395544928219,0.0
p337_T,1.481832917605163e-05,18.93762248574432,5.5775778e-05
p337_V,1.6025315409141244e-10,41.72282984558259,0.00015494075
p338_GAP,1.1900985701097152e-58,295.9284917488266,0.00013280532
p338_Q,5.005629246516954e-282,2522.7945072529096,0.0
p338_S,1.0534218105293658e-31,146.6720483622601,0.0
p338_TVNYA,0.030543760046566473,4.691039336637299,0.0
p339_GAP,6.844298703637979e-05,15.980745352065037,0.0
p339_K,0.005725632974218005,7.6660216067072335,0.0
p339_R,1.6758161730747388e-06,23.197098939367514,0.0
p339_V,0.003471755469772686,8.580058687416487,0.0
p340_T,6.844298703636922e-05,15.980745352065194,0.0
p341_GAP,8.965729124700267e-05,15.46237843967673,0.0
p341_Q,0.0004060020284613856,12.584756244214853,0.0
p342_GAP,8.322634242859143e-19,81.44991785040938,0.0
p342_T,0.08612059901825299,2.9509486457768124,0.0
p342_V,4.3150143143847895e-37,175.0904755697262,0.0
p343_S,4.00074559334416e-22,97.84936142482131,0.0
p344_KAQV,0.8474961693903253,0.03700289679328709,0.0
p344_S,0.06089442002065351,3.5203806430796227,0.0
p344_T,5.645412135996767e-21,92.13764505862088,0.0
p345_GAP,3.289878845152242e-24,108.28960380276078,0.0
p345_V,4.113905965683365e-28,128.11141609757013,0.0
p346_GAP,1.9251026332979745e-84,456.45173590942136,7.437345e-05
p346_S,2.3884010210487955e-100,564.905238147282,2.7631557e-05
p347_GAP,8.646015847940523e-49,239.21776509959676,7.093689e-05
p347_S,3.4815703806290906e-131,797.9371448404313,8.390496e-05
p347_T,3.900096310847767e-18,78.16710858082399,0.00024906054
p348_S,0.21759004444857982,1.522011993459209,0.0
p349_K,4.325183504627974e-27,122.88728021839782,0.0
p349_Q,3.7599348591733814e-29,133.44954604271751,0.0
p349_S,1.7668262110897016e-77,411.3072072953967,0.0
p350_V,0.34069219006726603,0.9086463158658271,0.0
p351_G,1.185215830887735e-40,194.2580844139884,0.00076999265
p351_GAP,0.0030939076953489203,8.791821549773559,0.0
p351_S,0.6558797735588809,0.19868013453708025,0.0
p352_P,0.002523296687094073,9.167547414989253,0.0
p353_E,0.01023828957867556,6.616745213671555,0.0
p353_GAP,0.002523296687094073,9.16754741498917,0.0
p353_H,7.641209890574134e-27,121.62730391417358,0.0
p353_NTG,3.9294652924147867e-13,54.041573909982354,0.0
p353_S,3.374300058491197e-134,822.4424967418717,0.0
