,feature,gbr,mean,true_position,TMD,amino_acid
0,1_H1,3.697838743373589e-05,3.697838743373589e-05,2,CT/EC,L
1,2_H1,0.0004175926799672,0.0004175926799672,4,N-Termina,N
2,3_H1,0.0,0.0,5,N-Termina,P
3,3_P1,0.0002338643457217,0.0002338643457217,5,N-Termina,P
4,3_SCT,0.0,0.0,5,N-Termina,P
5,4_H1,4.65074273894197e-05,4.65074273894197e-05,7,N-Termina,S
6,5_H1,0.0,0.0,8,N-Termina,I
7,6_H1,0.0,0.0,10,N-Termina,V
8,6_SCT,0.0,0.0,10,N-Termina,V
9,9_P1,0.0006460709273112,0.0006460709273112,NA,NA,-
10,10_H1,0.0,0.0,NA,NA,-
11,11_H1,0.0009332989247112,0.0009332989247112,NA,NA,-
12,11_P1,0.0,0.0,NA,NA,-
13,11_SCT,0.0,0.0,NA,NA,-
14,12_H1,0.0,0.0,NA,NA,-
15,12_SCT,0.0001579634254279,0.0001579634254279,NA,NA,-
16,13_SCT,0.0,0.0,NA,NA,-
17,13_P1,0.0,0.0,NA,NA,-
18,13_H1,0.0002171913889008,0.0002171913889008,NA,NA,-
19,14_SCT,6.234061174817611e-05,6.234061174817611e-05,NA,NA,-
20,14_H1,0.0,0.0,NA,NA,-
21,15_H1,0.0,0.0,NA,NA,-
22,16_H1,4.669325382235653e-05,4.669325382235653e-05,NA,NA,-
23,16_P1,0.0001856343879135,0.0001856343879135,NA,NA,-
24,18_P1,0.0,0.0,NA,NA,-
25,18_SCT,0.0,0.0,NA,NA,-
26,18_H1,0.0011007739240376,0.0011007739240376,NA,NA,-
27,19_SCT,0.0002358208477271,0.0002358208477271,NA,NA,-
28,19_H1,0.0003598644262498,0.0003598644262498,NA,NA,-
29,20_H1,0.0,0.0,NA,NA,-
30,21_P1,0.0999319652852122,0.0999319652852122,NA,NA,-
31,21_H1,0.0209971858513002,0.0209971858513002,NA,NA,-
32,21_SCT,0.0,0.0,NA,NA,-
33,23_H1,7.581080421546525e-05,7.581080421546525e-05,NA,NA,-
34,23_SCT,0.0009006406444588,0.0009006406444588,NA,NA,-
35,24_SCT,0.0,0.0,NA,NA,-
36,24_H1,0.0067462919655936,0.0067462919655936,NA,NA,-
37,24_P1,0.0020667291070525,0.0020667291070525,NA,NA,-
38,26_P1,3.5153082212230777e-06,3.5153082212230777e-06,14,N-Termina,H
39,26_H1,1.4330619323225669e-05,1.4330619323225669e-05,14,N-Termina,H
40,26_SCT,0.0002888560278317,0.0002888560278317,14,N-Termina,H
41,27_SCT,6.639389448546233e-05,6.639389448546233e-05,15,N-Termina,P
42,27_H1,1.5965012458385578e-05,1.5965012458385578e-05,15,N-Termina,P
43,27_P1,0.0,0.0,15,N-Termina,P
44,30_H1,0.0,0.0,18,N-Termina,R
45,30_P1,0.0,0.0,18,N-Termina,R
46,30_SCT,0.0,0.0,18,N-Termina,R
47,31_H1,0.0,0.0,19,N-Termina,E
48,31_P1,5.835697915393256e-05,5.835697915393256e-05,19,N-Termina,E
49,32_H1,0.0,0.0,20,N-Termina,F
50,32_SCT,0.0,0.0,20,N-Termina,F
51,32_P1,0.0,0.0,20,N-Termina,F
52,33_P1,2.1699832056586184e-06,2.1699832056586184e-06,21,N-Termina,D
53,33_H1,0.0007039963686693,0.0007039963686693,21,N-Termina,D
54,34_H1,0.0,0.0,22,N-Termina,Q
55,34_P1,5.844163613263924e-05,5.844163613263924e-05,22,N-Termina,Q
56,35_SCT,0.0,0.0,23,N-Termina,V
57,35_P1,0.0013616386081614,0.0013616386081614,23,N-Termina,V
58,35_H1,0.0037857340575912,0.0037857340575912,23,N-Termina,V
59,36_H1,0.0001108160357845,0.0001108160357845,24,N-Termina,P
60,36_P1,4.291448187507875e-05,4.291448187507875e-05,24,N-Termina,P
61,36_SCT,0.0,0.0,24,N-Termina,P
62,37_P1,0.0002739557154583,0.0002739557154583,25,N-Termina,D
63,37_SCT,7.931269576618817e-05,7.931269576618817e-05,25,N-Termina,D
64,38_H1,0.0007053261125795,0.0007053261125795,26,N-Termina,A
65,38_P1,3.483956797328989e-06,3.483956797328989e-06,26,N-Termina,A
66,38_SCT,2.014627379604645e-05,2.014627379604645e-05,26,N-Termina,A
67,39_P1,0.0,0.0,27,N-Termina,V
68,39_SCT,0.0,0.0,27,N-Termina,V
69,40_H1,0.0,0.0,28,N-Termina,Y
70,40_P1,0.0,0.0,28,N-Termina,Y
71,40_SCT,1.8602976011977448e-06,1.8602976011977448e-06,28,N-Termina,Y
72,41_P1,0.0,0.0,29,N-Termina,Y
73,41_SCT,1.9535806618007564e-05,1.9535806618007564e-05,29,N-Termina,Y
74,42_H1,0.0,0.0,30,N-Termina,S
75,42_P1,0.0,0.0,30,N-Termina,S
76,43_P1,0.0,0.0,31,N-Termina,L
77,44_P1,0.0,0.0,32,N-Termina,G
78,44_SCT,7.948637060559427e-06,7.948637060559427e-06,32,N-Termina,G
79,45_H1,0.0004118386281259,0.0004118386281259,33,N-Termina,I
80,45_SCT,0.0032530226718054,0.0032530226718054,33,N-Termina,I
81,46_H1,0.0017782662141217,0.0017782662141217,34,1,F
82,46_P1,0.0064813273759269,0.0064813273759269,34,1,F
83,46_SCT,0.0,0.0,34,1,F
84,47_H1,0.0068576248059307,0.0068576248059307,35,1,I
85,47_P1,0.0,0.0,35,1,I
86,47_SCT,0.0,0.0,35,1,I
87,48_H1,1.87178950183451e-06,1.87178950183451e-06,36,1,G
88,48_P1,9.366830360107638e-06,9.366830360107638e-06,36,1,G
89,48_SCT,2.208837426670176e-06,2.208837426670176e-06,36,1,G
90,49_H1,1.8210149452910605e-05,1.8210149452910605e-05,37,1,I
91,50_H1,0.0018242843857597,0.0018242843857597,38,1,C
92,50_SCT,3.382316366944628e-05,3.382316366944628e-05,38,1,C
93,51_H1,0.0,0.0,39,1,G
94,51_P1,6.865799251912217e-08,6.865799251912217e-08,39,1,G
95,51_SCT,2.93173480700469e-05,2.93173480700469e-05,39,1,G
96,52_H1,0.0007704811678384,0.0007704811678384,40,1,I
97,52_P1,7.757636330542126e-08,7.757636330542126e-08,40,1,I
98,53_H1,7.110213697767928e-06,7.110213697767928e-06,41,1,I
99,53_P1,0.0,0.0,41,1,I
100,54_H1,0.001371429173696,0.001371429173696,42,1,G
101,54_P1,0.0005920349858101,0.0005920349858101,42,1,G
102,54_SCT,0.0008069741068443,0.0008069741068443,42,1,G
103,55_P1,0.0,0.0,43,1,C
104,56_H1,2.6474949839632397e-05,2.6474949839632397e-05,44,1,G
105,56_P1,0.0007163974908765,0.0007163974908765,44,1,G
106,56_SCT,2.2010756665117564e-05,2.2010756665117564e-05,44,1,G
107,59_H1,1.907858149969732e-06,1.907858149969732e-06,47,1,G
108,59_P1,1.979416548867708e-06,1.979416548867708e-06,47,1,G
109,59_SCT,0.0,0.0,47,1,G
110,60_H1,1.8214837070838424e-06,1.8214837070838424e-06,48,1,I
111,60_P1,0.0,0.0,48,1,I
112,61_H1,0.0,0.0,49,1,V
113,61_SCT,0.0,0.0,49,1,V
114,61_P1,0.0,0.0,49,1,V
115,62_H1,0.0,0.0,50,1,I
116,62_P1,0.0,0.0,50,1,I
117,63_H1,2.0465549249522137e-05,2.0465549249522137e-05,51,1,Y
118,63_P1,0.0,0.0,51,1,Y
119,64_SCT,0.0,0.0,52,1,L
120,65_SCT,2.927943947694786e-05,2.927943947694786e-05,53,1,F
121,66_P1,0.0006996259623419,0.0006996259623419,54,1,T
122,66_SCT,0.0,0.0,54,1,T
123,67_H1,7.548171083860082e-06,7.548171083860082e-06,55,1,K
124,68_H1,0.0023381748640018,0.0023381748640018,56,1,T
125,68_SCT,5.829725028299212e-05,5.829725028299212e-05,56,1,T
126,69_H1,0.0,0.0,57,1,K
127,69_P1,7.191396362429535e-05,7.191396362429535e-05,57,1,K
128,69_SCT,0.0,0.0,57,1,K
129,70_SCT,0.0,0.0,58,1,S
130,72_P1,3.077775415198896e-05,3.077775415198896e-05,60,CT/EC,Q
131,72_H1,3.2623535548047094e-05,3.2623535548047094e-05,60,CT/EC,Q
132,74_SCT,0.0,0.0,62,CT/EC,P
133,74_P1,0.0,0.0,62,CT/EC,P
134,77_H1,0.0,0.0,65,CT/EC,M
135,78_H1,0.0003424791213993,0.0003424791213993,66,CT/EC,F
136,78_SCT,0.0,0.0,66,CT/EC,F
137,78_P1,0.0002354494455128,0.0002354494455128,66,CT/EC,F
138,79_P1,7.404745647150405e-07,7.404745647150405e-07,67,CT/EC,I
139,79_H1,0.0,0.0,67,CT/EC,I
140,82_H1,0.0,0.0,70,CT/EC,L
141,82_P1,0.0,0.0,70,CT/EC,L
142,84_P1,0.0,0.0,72,2,F
143,84_H1,0.0002389032301614,0.0002389032301614,72,2,F
144,84_SCT,0.0002663283675855,0.0002663283675855,72,2,F
145,85_SCT,3.5812725690253646e-05,3.5812725690253646e-05,73,2,S
146,85_H1,0.0,0.0,73,2,S
147,85_P1,9.915762409799172e-06,9.915762409799172e-06,73,2,S
148,86_SCT,0.0,0.0,74,2,D
149,88_H1,0.0003068924085505,0.0003068924085505,76,2,T
150,89_P1,1.7177771359638698e-05,1.7177771359638698e-05,77,2,F
151,89_H1,0.0,0.0,77,2,F
152,91_P1,0.0001266090966886,0.0001266090966886,79,2,V
153,91_H1,0.0009646358816059,0.0009646358816059,79,2,V
154,92_P1,0.0004371780313659,0.0004371780313659,80,2,N
155,92_H1,1.0,1.0,80,2,N
156,92_SCT,0.0004676552015915,0.0004676552015915,80,2,N
157,93_SCT,0.0,0.0,81,2,G
158,93_H1,0.0056810412324357,0.0056810412324357,81,2,G
159,93_P1,0.0084036398052673,0.0084036398052673,81,2,G
160,94_P1,0.0,0.0,82,2,F
161,94_SCT,0.0,0.0,82,2,F
162,94_H1,0.0019776665586587,0.0019776665586587,82,2,F
163,96_H1,2.118736191181136e-06,2.118736191181136e-06,85,2,L
164,96_SCT,0.0,0.0,85,2,L
165,96_P1,0.0,0.0,85,2,L
166,97_SCT,0.0,0.0,86,2,M
167,97_H1,0.0142970368249166,0.0142970368249166,86,2,M
168,98_P1,0.0,0.0,87,2,T
169,98_SCT,0.0,0.0,87,2,T
170,98_H1,0.0,0.0,87,2,T
171,99_H1,0.0,0.0,88,2,I
172,99_SCT,0.0,0.0,88,2,I
173,99_P1,6.402771656874637e-08,6.402771656874637e-08,88,2,I
174,100_P1,0.0,0.0,89,2,S
175,100_H1,0.0,0.0,89,2,S
176,101_P1,0.0003659566173114,0.0003659566173114,90,2,C
177,101_SCT,0.0,0.0,90,2,C
178,101_H1,0.0128225207779679,0.0128225207779679,90,2,C
179,102_H1,0.0,0.0,91,2,F
180,102_SCT,0.0,0.0,91,2,F
181,104_P1,0.0,0.0,93,2,K
182,104_SCT,0.0,0.0,93,2,K
183,104_H1,0.0020747849124856,0.0020747849124856,93,2,K
184,105_SCT,0.0002576699016664,0.0002576699016664,94,2,K
185,105_H1,0.0017745850170112,0.0017745850170112,94,2,K
186,106_SCT,0.0,0.0,95,2,W
187,106_H1,0.0016493467412686,0.0016493467412686,95,2,W
188,107_P1,4.613537511101704e-06,4.613537511101704e-06,96,2,I
189,107_H1,8.72418443195211e-06,8.72418443195211e-06,96,2,I
190,108_H1,0.0002183627834219,0.0002183627834219,97,CT/EC,F
191,108_SCT,0.0,0.0,97,CT/EC,F
192,108_P1,2.324684381939481e-05,2.324684381939481e-05,97,CT/EC,F
193,110_SCT,0.0001291773181584,0.0001291773181584,99,CT/EC,F
194,110_H1,1.6535210134403035e-05,1.6535210134403035e-05,99,CT/EC,F
195,110_P1,6.460509963085921e-05,6.460509963085921e-05,99,CT/EC,F
196,112_H1,0.0,0.0,101,CT/EC,A
197,112_SCT,3.881108816611144e-05,3.881108816611144e-05,101,CT/EC,A
198,112_P1,0.0,0.0,101,CT/EC,A
199,114_H1,0.0006995688987684,0.0006995688987684,103,CT/EC,K
200,115_H1,6.233895976650642e-05,6.233895976650642e-05,104,CT/EC,V
201,115_P1,0.0006385747108522,0.0006385747108522,104,CT/EC,V
202,116_H1,0.0,0.0,105,CT/EC,Y
203,116_P1,0.0,0.0,105,CT/EC,Y
204,117_H1,0.0,0.0,106,CT/EC,G
205,118_H1,0.0006117379896442,0.0006117379896442,107,CT/EC,F
206,118_P1,2.650211768352224e-06,2.650211768352224e-06,107,CT/EC,F
207,118_SCT,1.6601567655774656e-05,1.6601567655774656e-05,107,CT/EC,F
208,119_H1,0.0001328347656472,0.0001328347656472,108,CT/EC,I
209,119_P1,1.6279593150027633e-06,1.6279593150027633e-06,108,CT/EC,I
210,122_H1,0.000512835489547,0.000512835489547,111,3,I
211,122_P1,0.0,0.0,111,3,I
212,122_SCT,0.0,0.0,111,3,I
213,123_SCT,0.0,0.0,112,3,F
214,123_H1,0.000901361858045,0.000901361858045,112,3,F
215,123_P1,7.912166740486193e-05,7.912166740486193e-05,112,3,F
216,125_H1,0.0,0.0,114,3,F
217,125_SCT,2.7577343950380185e-05,2.7577343950380185e-05,114,3,F
218,125_P1,2.169276482001984e-05,2.169276482001984e-05,114,3,F
219,126_P1,2.5983937498502013e-06,2.5983937498502013e-06,115,3,M
220,126_H1,7.355596914478154e-07,7.355596914478154e-07,115,3,M
221,126_SCT,4.467484918564127e-05,4.467484918564127e-05,115,3,M
222,127_H1,0.0,0.0,116,3,S
223,127_P1,0.0,0.0,116,3,S
224,127_SCT,0.0,0.0,116,3,S
225,128_H1,0.0,0.0,117,3,I
226,128_P1,0.0,0.0,117,3,I
227,128_SCT,0.0002917101798458,0.0002917101798458,117,3,I
228,129_P1,0.0001004739411614,0.0001004739411614,118,3,M
229,129_SCT,0.0,0.0,118,3,M
230,131_H1,0.0,0.0,120,3,M
231,131_P1,0.0,0.0,120,3,M
232,131_SCT,0.0,0.0,120,3,M
233,132_H1,0.0,0.0,121,3,A
234,132_SCT,0.0,0.0,121,3,A
235,133_H1,0.0007547460503217,0.0007547460503217,122,3,M
236,133_SCT,0.0,0.0,122,3,M
237,134_P1,0.0,0.0,123,3,I
238,135_H1,0.0,0.0,124,3,S
239,136_SCT,1.990879866163489e-06,1.990879866163489e-06,125,3,I
240,136_H1,0.0,0.0,125,3,I
241,136_P1,0.0001395654877992,0.0001395654877992,125,3,I
242,138_P1,0.0,0.0,127,3,R
243,138_H1,0.0,0.0,127,3,R
244,139_SCT,0.0,0.0,128,3,Y
245,139_P1,0.0,0.0,128,3,Y
246,140_SCT,3.3281029089661405e-06,3.3281029089661405e-06,129,3,N
247,140_P1,0.0014100623214261,0.0014100623214261,129,3,N
248,141_SCT,0.0,0.0,130,3,V
249,141_P1,0.0001011083038509,0.0001011083038509,130,3,V
250,141_H1,0.0,0.0,130,3,V
251,142_SCT,0.0,0.0,131,3,I
252,143_SCT,0.0,0.0,132,CT/EC,G
253,143_P1,0.0,0.0,132,CT/EC,G
254,143_H1,0.0,0.0,132,CT/EC,G
255,144_H1,3.139788660668149e-05,3.139788660668149e-05,133,CT/EC,R
256,144_P1,2.1852977591995995e-05,2.1852977591995995e-05,133,CT/EC,R
257,144_SCT,0.0001215211057482,0.0001215211057482,133,CT/EC,R
258,145_H1,0.0,0.0,134,CT/EC,P
259,145_P1,0.0074255045227519,0.0074255045227519,134,CT/EC,P
260,146_P1,8.091800105226986e-05,8.091800105226986e-05,135,CT/EC,M
261,146_SCT,3.079584461350291e-06,3.079584461350291e-06,135,CT/EC,M
262,147_P1,0.0002762024716847,0.0002762024716847,136,CT/EC,A
263,147_SCT,0.0,0.0,136,CT/EC,A
264,147_H1,0.0002361403542592,0.0002361403542592,136,CT/EC,A
265,148_SCT,0.0,0.0,137,CT/EC,A
266,148_P1,0.0,0.0,137,CT/EC,A
267,149_H1,3.562888650750949e-05,3.562888650750949e-05,138,CT/EC,K
268,150_H1,0.0,0.0,139,CT/EC,K
269,150_P1,3.728177643612492e-05,3.728177643612492e-05,139,CT/EC,K
270,150_SCT,0.0,0.0,139,CT/EC,K
271,151_P1,0.0,0.0,140,CT/EC,M
272,151_H1,0.0002492975489489,0.0002492975489489,140,CT/EC,M
273,152_P1,0.0154818988634629,0.0154818988634629,141,CT/EC,S
274,152_SCT,0.0,0.0,141,CT/EC,S
275,152_H1,0.0176806225293676,0.0176806225293676,141,CT/EC,S
276,153_H1,4.834327914178334e-05,4.834327914178334e-05,142,CT/EC,H
277,153_SCT,0.0,0.0,142,CT/EC,H
278,153_P1,2.601086187261081e-06,2.601086187261081e-06,142,CT/EC,H
279,154_P1,2.3368705678532628e-05,2.3368705678532628e-05,143,CT/EC,R
280,154_H1,0.0002371233779528,0.0002371233779528,143,CT/EC,R
281,155_P1,0.0,0.0,145,CT/EC,R
282,155_H1,0.0,0.0,145,CT/EC,R
283,155_SCT,0.0,0.0,145,CT/EC,R
284,156_H1,0.0005608215296818,0.0005608215296818,146,CT/EC,A
285,156_P1,5.653731536391512e-05,5.653731536391512e-05,146,CT/EC,A
286,159_H1,3.3046002623684014e-05,3.3046002623684014e-05,149,CT/EC,M
287,159_P1,0.0,0.0,149,CT/EC,M
288,159_SCT,0.0,0.0,149,CT/EC,M
289,161_H1,0.0,0.0,151,CT/EC,I
290,161_P1,4.2330013692391066e-06,4.2330013692391066e-06,151,CT/EC,I
291,161_SCT,0.0,0.0,151,CT/EC,I
292,162_SCT,8.467403136565009e-06,8.467403136565009e-06,152,4,F
293,162_H1,1.940026159545254e-06,1.940026159545254e-06,152,4,F
294,162_P1,0.0006031577579518,0.0006031577579518,152,4,F
295,163_SCT,0.0,0.0,153,4,V
296,164_H1,0.0,0.0,154,4,W
297,164_P1,0.0,0.0,154,4,W
298,165_H1,0.0018754451427073,0.0018754451427073,155,4,L
299,166_H1,0.0001909529421739,0.0001909529421739,156,4,W
300,166_P1,0.0012390277748704,0.0012390277748704,156,4,W
301,166_SCT,0.0014999382429858,0.0014999382429858,156,4,W
302,167_P1,2.4481628547007504e-05,2.4481628547007504e-05,157,4,S
303,167_SCT,0.0,0.0,157,4,S
304,167_H1,0.0,0.0,157,4,S
305,168_H1,0.0020753055846064,0.0020753055846064,158,4,V
306,168_P1,0.0,0.0,158,4,V
307,168_SCT,0.0,0.0,158,4,V
308,169_P1,0.0,0.0,159,4,L
309,169_SCT,1.2387803018167608e-05,1.2387803018167608e-05,159,4,L
310,169_H1,5.4353947052889486e-05,5.4353947052889486e-05,159,4,L
311,170_H1,4.841517860293813e-05,4.841517860293813e-05,160,4,W
312,171_H1,2.4370242620806954e-06,2.4370242620806954e-06,161,4,A
313,171_SCT,0.0,0.0,161,4,A
314,173_H1,0.0,0.0,163,4,G
315,173_P1,2.609200861295303e-05,2.609200861295303e-05,163,4,G
316,174_P1,0.0,0.0,164,4,P
317,174_SCT,0.0,0.0,164,4,P
318,175_SCT,2.060612919751411e-06,2.060612919751411e-06,165,4,I
319,176_P1,0.0,0.0,166,4,F
320,176_SCT,0.0,0.0,166,4,F
321,176_H1,0.0003895666343287,0.0003895666343287,166,4,F
322,177_SCT,0.0,0.0,167,4,G
323,177_H1,0.0,0.0,167,4,G
324,177_P1,0.0,0.0,167,4,G
325,179_P1,0.0003532089063689,0.0003532089063689,169,4,G
326,179_SCT,0.000486753765202,0.000486753765202,169,4,G
327,179_H1,0.0003436964893859,0.0003436964893859,169,4,G
328,181_P1,0.0,0.0,171,4,Y
329,181_H1,0.0,0.0,171,4,Y
330,183_P1,0.0,0.0,173,CT/EC,L
331,183_H1,0.0,0.0,173,CT/EC,L
332,185_H1,0.0,0.0,175,CT/EC,G
333,186_H1,0.0001045662194861,0.0001045662194861,176,CT/EC,V
334,186_P1,0.0001115126259854,0.0001115126259854,176,CT/EC,V
335,186_SCT,0.0006234106005871,0.0006234106005871,176,CT/EC,V
336,187_P1,0.0,0.0,177,CT/EC,L
337,187_H1,0.0,0.0,177,CT/EC,L
338,189_SCT,0.0,0.0,179,CT/EC,N
339,189_H1,2.1980971370184906e-06,2.1980971370184906e-06,179,CT/EC,N
340,189_P1,0.0,0.0,179,CT/EC,N
341,191_SCT,0.0,0.0,181,CT/EC,S
342,191_H1,0.0,0.0,181,CT/EC,S
343,192_P1,0.0133380467766023,0.0133380467766023,182,CT/EC,F
344,192_SCT,0.0,0.0,182,CT/EC,F
345,192_H1,0.0081009421090184,0.0081009421090184,182,CT/EC,F
346,195_H1,0.0,0.0,185,CT/EC,I
347,196_H1,0.0005060649768111,0.0005060649768111,186,CT/EC,S
348,196_P1,0.0003546185376178,0.0003546185376178,186,CT/EC,S
349,196_SCT,0.0,0.0,186,CT/EC,S
350,197_SCT,0.0,0.0,187,CT/EC,R
351,197_P1,0.0001428236000515,0.0001428236000515,187,CT/EC,R
352,197_H1,3.803110519072473e-06,3.803110519072473e-06,187,CT/EC,R
353,198_P1,0.0003522335194891,0.0003522335194891,188,CT/EC,D
354,198_SCT,0.0001034857086569,0.0001034857086569,188,CT/EC,D
355,198_H1,0.0003329627216265,0.0003329627216265,188,CT/EC,D
356,199_P1,9.541868877434787e-05,9.541868877434787e-05,189,CT/EC,S
357,199_H1,7.861292032707075e-05,7.861292032707075e-05,189,CT/EC,S
358,199_SCT,1.543766616151516e-05,1.543766616151516e-05,189,CT/EC,S
359,200_SCT,0.0,0.0,190,CT/EC,T
360,200_P1,0.0001020786468634,0.0001020786468634,190,CT/EC,T
361,200_H1,0.0001416339607849,0.0001416339607849,190,CT/EC,T
362,201_P1,0.0003473796153126,0.0003473796153126,191,CT/EC,T
363,201_SCT,1.0938934884630494e-05,1.0938934884630494e-05,191,CT/EC,T
364,201_H1,0.0002180117863837,0.0002180117863837,191,CT/EC,T
365,202_P1,2.866010423563243e-05,2.866010423563243e-05,192,CT/EC,R
366,202_SCT,0.0002697843787631,0.0002697843787631,192,CT/EC,R
367,203_SCT,0.0,0.0,193,CT/EC,S
368,203_P1,0.0,0.0,193,CT/EC,S
369,203_H1,0.0,0.0,193,CT/EC,S
370,204_H1,0.0,0.0,194,CT/EC,N
371,204_P1,0.0,0.0,194,CT/EC,N
372,205_H1,0.0001453119508415,0.0001453119508415,195,CT/EC,I
373,205_P1,1.8914547500745518e-05,1.8914547500745518e-05,195,CT/EC,I
374,206_P1,0.0016023722707771,0.0016023722707771,196,CT/EC,L
375,206_H1,4.928673542947201e-05,4.928673542947201e-05,196,CT/EC,L
376,206_SCT,2.3260065323411483e-05,2.3260065323411483e-05,196,CT/EC,L
377,207_SCT,0.0001134534012445,0.0001134534012445,197,CT/EC,C
378,207_H1,0.0059949514924073,0.0059949514924073,197,CT/EC,C
379,208_SCT,0.0057730571709079,0.0057730571709079,198,CT/EC,M
380,208_P1,0.0001256164406215,0.0001256164406215,198,CT/EC,M
381,208_H1,0.1607559422228469,0.1607559422228469,198,CT/EC,M
382,209_H1,0.0357342618529678,0.0357342618529678,199,CT/EC,F
383,209_P1,0.0713117661667633,0.0713117661667633,199,CT/EC,F
384,209_SCT,4.140663274137797e-05,4.140663274137797e-05,199,CT/EC,F
385,210_H1,0.0002136611947119,0.0002136611947119,200,5,I
386,210_SCT,0.0,0.0,200,5,I
387,210_P1,1.95512864427182e-05,1.95512864427182e-05,200,5,I
388,211_H1,0.0,0.0,201,5,L
389,211_SCT,0.0028065029102623,0.0028065029102623,201,5,L
390,212_P1,0.0030873682163757,0.0030873682163757,202,5,G
391,212_H1,0.0,0.0,202,5,G
392,212_SCT,0.0102385557348366,0.0102385557348366,202,5,G
393,214_H1,0.0,0.0,204,5,F
394,214_P1,0.0,0.0,204,5,F
395,214_SCT,0.0,0.0,204,5,F
396,215_H1,0.0,0.0,205,5,G
397,215_P1,0.0,0.0,205,5,G
398,215_SCT,0.0,0.0,205,5,G
399,216_SCT,0.0,0.0,206,5,P
400,217_SCT,0.0,0.0,207,5,I
401,217_H1,2.2225074717441284e-05,2.2225074717441284e-05,207,5,I
402,217_P1,2.3068746160402383e-05,2.3068746160402383e-05,207,5,I
403,218_P1,2.880328463390823e-05,2.880328463390823e-05,208,5,L
404,218_SCT,3.285245933522884e-05,3.285245933522884e-05,208,5,L
405,218_H1,0.0006471269299556,0.0006471269299556,208,5,L
406,219_SCT,7.503823225527774e-08,7.503823225527774e-08,209,5,I
407,220_H1,0.0026090630858717,0.0026090630858717,210,5,I
408,220_P1,0.0,0.0,210,5,I
409,221_H1,0.0006493692384225,0.0006493692384225,211,5,F
410,223_H1,0.0,0.0,213,5,C
411,223_SCT,4.158164448550006e-06,4.158164448550006e-06,213,5,C
412,223_P1,2.0825624625711104e-06,2.0825624625711104e-06,213,5,C
413,224_P1,0.0,0.0,214,5,Y
414,224_H1,0.0,0.0,214,5,Y
415,225_P1,0.0,0.0,215,5,F
416,225_H1,0.0001164389139762,0.0001164389139762,215,5,F
417,225_SCT,0.0,0.0,215,5,F
418,226_H1,0.0,0.0,216,5,N
419,226_SCT,0.0,0.0,216,5,N
420,226_P1,0.0,0.0,216,5,N
421,229_SCT,0.0,0.0,219,5,M
422,230_H1,0.0,0.0,220,5,S
423,230_P1,7.632505874711777e-06,7.632505874711777e-06,220,5,S
424,230_SCT,0.0,0.0,220,5,S
425,232_P1,0.0,0.0,222,5,S
426,233_SCT,0.0,0.0,223,5,N
427,233_H1,7.365865692841052e-05,7.365865692841052e-05,223,5,N
428,233_P1,5.594587729934949e-05,5.594587729934949e-05,223,5,N
429,236_H1,0.0,0.0,226,CT/EC,K
430,237_H1,0.0,0.0,227,CT/EC,E
431,237_SCT,1.586118407733627e-06,1.586118407733627e-06,227,CT/EC,E
432,237_P1,0.0,0.0,227,CT/EC,E
433,238_SCT,7.750563879821095e-06,7.750563879821095e-06,228,CT/EC,M
434,238_H1,0.0,0.0,228,CT/EC,M
435,240_P1,0.0,0.0,230,CT/EC,A
436,243_P1,0.0,0.0,233,CT/EC,K
437,246_P1,1.8156852065276595e-06,1.8156852065276595e-06,236,CT/EC,N
438,246_H1,3.621843827689636e-06,3.621843827689636e-06,236,CT/EC,N
439,248_H1,0.0,0.0,238,CT/EC,K
440,248_SCT,0.0,0.0,238,CT/EC,K
441,248_P1,0.0005214574590875,0.0005214574590875,238,CT/EC,K
442,251_P1,0.0,0.0,241,CT/EC,R
443,252_SCT,0.0,0.0,242,CT/EC,K
444,252_H1,0.0,0.0,242,CT/EC,K
445,253_SCT,0.0,0.0,NA,NA,-
446,253_P1,2.635534577020265e-06,2.635534577020265e-06,NA,NA,-
447,253_H1,0.0,0.0,NA,NA,-
448,254_H1,2.575936860153214e-06,2.575936860153214e-06,NA,NA,-
449,254_SCT,2.053308934854882e-06,2.053308934854882e-06,NA,NA,-
450,254_P1,1.918672743272553e-05,1.918672743272553e-05,NA,NA,-
451,255_SCT,0.0,0.0,NA,NA,-
452,255_P1,0.0004618690025335,0.0004618690025335,NA,NA,-
453,256_P1,1.6321789195021977e-05,1.6321789195021977e-05,243,CT/EC,Q
454,256_SCT,2.6469039525731392e-05,2.6469039525731392e-05,243,CT/EC,Q
455,256_H1,0.0001790054822352,0.0001790054822352,243,CT/EC,Q
456,257_H1,0.0,0.0,244,CT/EC,A
457,257_SCT,0.0,0.0,244,CT/EC,A
458,257_P1,0.0002099604530051,0.0002099604530051,244,CT/EC,A
459,258_H1,1.5722875891956993e-05,1.5722875891956993e-05,245,CT/EC,G
460,258_P1,0.0,0.0,245,CT/EC,G
461,258_SCT,2.889143914332164e-06,2.889143914332164e-06,245,CT/EC,G
462,259_SCT,0.0,0.0,246,CT/EC,A
463,259_P1,0.0002753488876639,0.0002753488876639,246,CT/EC,A
464,259_H1,0.0,0.0,246,CT/EC,A
465,260_SCT,0.0,0.0,247,CT/EC,N
466,261_H1,0.0005402075870063,0.0005402075870063,248,CT/EC,A
467,261_P1,0.000500861789674,0.000500861789674,248,CT/EC,A
468,263_SCT,0.0258698270297375,0.0258698270297375,251,CT/EC,M
469,263_H1,0.0004919684146759,0.0004919684146759,251,CT/EC,M
470,264_P1,0.0,0.0,252,CT/EC,R
471,264_SCT,0.0,0.0,252,CT/EC,R
472,264_H1,1.0303023579654737e-05,1.0303023579654737e-05,252,CT/EC,R
473,265_H1,1.0144862009190234e-06,1.0144862009190234e-06,253,CT/EC,L
474,268_H1,0.0,0.0,256,CT/EC,I
475,268_P1,0.0,0.0,256,CT/EC,I
476,270_H1,0.0009838091079644,0.0009838091079644,258,CT/EC,I
477,271_H1,9.411146059793437e-05,9.411146059793437e-05,259,CT/EC,V
478,271_SCT,0.0,0.0,259,CT/EC,V
479,271_P1,8.709426947621153e-06,8.709426947621153e-06,259,CT/EC,V
480,272_SCT,0.0,0.0,260,CT/EC,I
481,272_P1,2.8290521007602822e-05,2.8290521007602822e-05,260,CT/EC,I
482,272_H1,0.0,0.0,260,CT/EC,I
483,273_H1,0.0866035645540617,0.0866035645540617,261,CT/EC,V
484,273_SCT,0.0024450479144223,0.0024450479144223,261,CT/EC,V
485,273_P1,0.0,0.0,261,CT/EC,V
486,274_P1,0.0,0.0,262,6,S
487,274_H1,0.0,0.0,262,6,S
488,274_SCT,0.000226860864384,0.000226860864384,262,6,S
489,275_SCT,0.0,0.0,263,6,Q
490,276_H1,0.0,0.0,264,6,F
491,276_SCT,0.0,0.0,264,6,F
492,277_SCT,7.740787270323145e-06,7.740787270323145e-06,265,6,L
493,277_P1,1.1000095162699922e-06,1.1000095162699922e-06,265,6,L
494,278_P1,0.0,0.0,266,6,L
495,279_P1,9.6433051894258e-07,9.6433051894258e-07,267,6,S
496,279_H1,0.0,0.0,267,6,S
497,279_SCT,1.3989835967200753e-05,1.3989835967200753e-05,267,6,S
498,280_H1,0.0,0.0,268,6,W
499,280_P1,0.0,0.0,268,6,W
500,284_H1,0.0003056878436007,0.0003056878436007,272,6,A
501,284_P1,0.0,0.0,272,6,A
502,284_SCT,0.0001400163905837,0.0001400163905837,272,6,A
503,286_H1,0.0082134253797143,0.0082134253797143,274,6,V
504,286_SCT,0.0,0.0,274,6,V
505,287_SCT,0.000181124886682,0.000181124886682,275,6,A
506,287_H1,0.0004701166144245,0.0004701166144245,275,6,A
507,287_P1,0.0,0.0,275,6,A
508,288_P1,0.0006789190841492,0.0006789190841492,276,6,L
509,288_SCT,0.0,0.0,276,6,L
510,289_H1,0.0234405577224816,0.0234405577224816,277,6,L
511,289_P1,0.0,0.0,277,6,L
512,289_SCT,0.0,0.0,277,6,L
513,291_H1,3.966443820291818e-05,3.966443820291818e-05,279,6,Q
514,291_P1,7.35113536872235e-08,7.35113536872235e-08,279,6,Q
515,292_SCT,0.0,0.0,280,6,F
516,293_SCT,3.803874751160582e-05,3.803874751160582e-05,281,6,G
517,293_H1,3.299554061346184e-05,3.299554061346184e-05,281,6,G
518,293_P1,3.803874751160582e-05,3.803874751160582e-05,281,6,G
519,294_SCT,7.862826645510932e-06,7.862826645510932e-06,282,6,P
520,295_P1,0.0004641644286621,0.0004641644286621,283,6,L
521,295_H1,3.049302359305564e-05,3.049302359305564e-05,283,6,L
522,295_SCT,0.0,0.0,283,6,L
523,296_P1,0.0016760022994812,0.0016760022994812,284,CT/EC,E
524,296_H1,0.001443776905199,0.001443776905199,284,CT/EC,E
525,296_SCT,0.0,0.0,284,CT/EC,E
526,297_H1,1.7977635534943073e-05,1.7977635534943073e-05,285,CT/EC,W
527,297_P1,0.0006254516029347,0.0006254516029347,285,CT/EC,W
528,297_SCT,0.0,0.0,285,CT/EC,W
529,298_P1,0.0,0.0,286,CT/EC,V
530,298_H1,0.0003119315126303,0.0003119315126303,286,CT/EC,V
531,299_P1,0.0004471402622952,0.0004471402622952,287,CT/EC,T
532,299_H1,0.0002803623672641,0.0002803623672641,287,CT/EC,T
533,301_P1,0.0008674765393278,0.0008674765393278,289,CT/EC,Y
534,301_SCT,0.000859205937822,0.000859205937822,289,CT/EC,Y
535,301_H1,1.966671665113952e-05,1.966671665113952e-05,289,CT/EC,Y
536,302_P1,0.0002073581499506,0.0002073581499506,290,CT/EC,A
537,302_SCT,0.0,0.0,290,CT/EC,A
538,302_H1,0.0004076810283089,0.0004076810283089,290,CT/EC,A
539,304_P1,0.0,0.0,292,CT/EC,Q
540,304_H1,0.0,0.0,292,CT/EC,Q
541,305_P1,0.0,0.0,293,CT/EC,L
542,305_H1,0.0,0.0,293,CT/EC,L
543,305_SCT,0.0,0.0,293,CT/EC,L
544,306_P1,0.0072455868149228,0.0072455868149228,294,7,P
545,306_H1,0.0,0.0,294,7,P
546,306_SCT,0.0,0.0,294,7,P
547,307_H1,0.0005797447718423,0.0005797447718423,295,7,V
548,307_P1,0.0,0.0,295,7,V
549,307_SCT,0.0,0.0,295,7,V
550,308_SCT,0.0,0.0,296,7,M
551,308_H1,0.0044024279953002,0.0044024279953002,296,7,M
552,309_H1,0.0,0.0,297,7,F
553,309_P1,0.0,0.0,297,7,F
554,309_SCT,0.0,0.0,297,7,F
555,310_P1,1.9483276040688475e-06,1.9483276040688475e-06,298,7,A
556,310_H1,0.0,0.0,298,7,A
557,310_SCT,0.0,0.0,298,7,A
558,312_P1,0.0080256042591802,0.0080256042591802,300,7,A
559,312_SCT,0.0103251342998412,0.0103251342998412,300,7,A
560,313_SCT,0.0001352543323797,0.0001352543323797,301,7,S
561,313_H1,0.0002457099067199,0.0002457099067199,301,7,S
562,313_P1,0.0,0.0,301,7,S
563,315_P1,0.0001929634665558,0.0001929634665558,303,7,I
564,315_SCT,0.0002545498388167,0.0002545498388167,303,7,I
565,315_H1,0.0007131947255037,0.0007131947255037,303,7,I
566,316_P1,0.0,0.0,304,7,H
567,316_H1,0.0,0.0,304,7,H
568,316_SCT,0.0,0.0,304,7,H
569,317_H1,0.0001132144850498,0.0001132144850498,305,7,N
570,317_P1,8.473606089892136e-05,8.473606089892136e-05,305,7,N
571,317_SCT,0.0,0.0,305,7,N
572,319_P1,0.0002669983421775,0.0002669983421775,307,7,M
573,319_SCT,0.0,0.0,307,7,M
574,319_H1,0.0005671230331421,0.0005671230331421,307,7,M
575,320_P1,0.0,0.0,308,7,I
576,320_SCT,0.0,0.0,308,7,I
577,320_H1,0.0,0.0,308,7,I
578,322_SCT,0.0,0.0,310,7,S
579,322_P1,2.6490686565132917e-05,2.6490686565132917e-05,310,7,S
580,323_P1,0.0,0.0,311,7,V
581,323_H1,0.0,0.0,311,7,V
582,324_H1,0.0,0.0,312,7,S
583,325_P1,4.122348006041788e-05,4.122348006041788e-05,313,7,H
584,327_P1,0.0001197526405169,0.0001197526405169,315,CT/EC,K
585,327_H1,0.0,0.0,315,CT/EC,K
586,329_P1,0.0,0.0,317,CT/EC,R
587,329_H1,0.0,0.0,317,CT/EC,R
588,330_P1,0.0001828511916792,0.0001828511916792,318,CT/EC,E
589,331_P1,8.431866312534741e-05,8.431866312534741e-05,319,CT/EC,A
590,331_H1,0.0004557704855308,0.0004557704855308,319,CT/EC,A
591,331_SCT,0.0,0.0,319,CT/EC,A
592,333_SCT,0.0,0.0,321,CT/EC,S
593,333_H1,0.0018121145993849,0.0018121145993849,321,CT/EC,S
594,333_P1,0.0002934144940624,0.0002934144940624,321,CT/EC,S
595,334_H1,0.0,0.0,322,CT/EC,Q
596,334_P1,0.0001620799688898,0.0001620799688898,322,CT/EC,Q
597,334_SCT,0.0,0.0,322,CT/EC,Q
598,335_H1,0.0,0.0,323,CT/EC,T
599,335_P1,0.0,0.0,323,CT/EC,T
600,336_H1,0.0,0.0,324,CT/EC,F
601,336_SCT,0.0,0.0,324,CT/EC,F
602,338_SCT,8.27668320207317e-06,8.27668320207317e-06,326,CT/EC,W
603,338_H1,0.0004216731295819,0.0004216731295819,326,CT/EC,W
604,338_P1,0.0,0.0,326,CT/EC,W
605,339_SCT,0.0,0.0,327,CT/EC,V
606,339_P1,0.0310702672757336,0.0310702672757336,327,CT/EC,V
607,340_H1,2.227317040635766e-06,2.227317040635766e-06,328,CT/EC,L
608,340_SCT,7.750279002016408e-05,7.750279002016408e-05,328,CT/EC,L
609,340_P1,0.0,0.0,328,CT/EC,L
610,341_H1,0.0,0.0,329,CT/EC,T
611,341_SCT,0.0002254317132991,0.0002254317132991,329,CT/EC,T
612,342_SCT,0.0,0.0,330,CT/EC,C
613,342_P1,0.003699231688004,0.003699231688004,330,CT/EC,C
614,342_H1,0.0007817498333672,0.0007817498333672,330,CT/EC,C
615,343_H1,0.0,0.0,331,CT/EC,C
616,343_P1,0.0001012525375346,0.0001012525375346,331,CT/EC,C
617,343_SCT,0.0,0.0,331,CT/EC,C
618,344_H1,0.0010433710043092,0.0010433710043092,332,CT/EC,Q
619,344_SCT,0.0002081510334275,0.0002081510334275,332,CT/EC,Q
620,344_P1,0.0039096072204762,0.0039096072204762,332,CT/EC,Q
621,345_P1,5.5415038765806006e-05,5.5415038765806006e-05,333,CT/EC,D
622,345_SCT,4.139695091173743e-05,4.139695091173743e-05,333,CT/EC,D
623,345_H1,0.0002823369394474,0.0002823369394474,333,CT/EC,D
624,350_P1,0.0014048724721659,0.0014048724721659,338,CT/EC,P
625,350_SCT,0.0,0.0,338,CT/EC,P
626,351_SCT,2.5466857142281887e-06,2.5466857142281887e-06,340,CT/EC,A
627,351_P1,0.0004893719736592,0.0004893719736592,340,CT/EC,A
628,352_SCT,7.073756091198314e-05,7.073756091198314e-05,341,CT/EC,G
629,353_P1,0.0,0.0,343,CT/EC,E
630,353_H1,0.0,0.0,343,CT/EC,E
631,353_SCT,1.9247438010842373e-05,1.9247438010842373e-05,343,CT/EC,E
632,354_P1,0.0013671932018127,0.0013671932018127,345,CT/EC,S
633,355_H1,0.0018255267473495,0.0018255267473495,347,CT/EC,S
634,356_H1,6.525552113449931e-05,6.525552113449931e-05,349,CT/EC,S
635,356_SCT,0.0001318887791139,0.0001318887791139,349,CT/EC,S
636,356_P1,0.0001765824077115,0.0001765824077115,349,CT/EC,S
637,357_H1,0.0003342445701275,0.0003342445701275,350,CT/EC,A
638,358_P1,0.0001823163810343,0.0001823163810343,351,CT/EC,A
639,358_SCT,4.1641989257490805e-06,4.1641989257490805e-06,351,CT/EC,A
640,359_H1,0.0,0.0,352,CT/EC,Q
641,359_SCT,0.0,0.0,352,CT/EC,Q
642,359_P1,3.950545033891368e-06,3.950545033891368e-06,352,CT/EC,Q
643,360_SCT,0.0001064840009916,0.0001064840009916,354,CT/EC,Q
644,360_P1,0.0005563879312897,0.0005563879312897,354,CT/EC,Q
645,360_H1,0.0149463399433139,0.0149463399433139,354,CT/EC,Q
646,361_P1,1.8488475734463454e-05,1.8488475734463454e-05,355,CT/EC,K
647,361_H1,0.0002593521352329,0.0002593521352329,355,CT/EC,K
648,361_SCT,0.0,0.0,355,CT/EC,K
649,362_SCT,0.0,0.0,356,CT/EC,Q
650,363_SCT,5.349764475809458e-05,5.349764475809458e-05,357,CT/EC,Q
651,363_H1,0.0036417319594103,0.0036417319594103,357,CT/EC,Q
652,363_P1,0.0001125890510582,0.0001125890510582,357,CT/EC,Q
653,364_SCT,0.0,0.0,358,CT/EC,A
654,364_P1,0.0,0.0,358,CT/EC,A
