feature,lgbm,rf,gbc,BayesianRidge,xgb,mean
1,0.11494252873563218,0.0021759597473571335,0.00024300193642149865,0.026902608884484192,8.460618232675188e-07,0.02885298907314366
2,0.20689655172413793,0.06994188005466934,0.001480504990456841,0.14787594503966436,5.9495192545000464e-05,0.0852508754002947
3,0.0,0.07006191481959706,0.004162624669200314,0.06107613550389531,3.403979917493416e-06,0.027060815794522037
4,0.07586206896551725,0.005786129796308732,0.00809880917334101,0.12318429996355101,1.9590643205447122e-05,0.04259017970838469
5,0.006896551724137932,0.0018325290639671918,0.00017559995080106684,0.07031196767907764,1.6544483969482826e-06,0.015843660573276155
6,0.04597701149425287,0.06079257449671317,2.2617830937397316e-05,0.06280447979119343,7.718700203440676e-07,0.03391949109662344
7,0.04980842911877394,0.0027012444835141786,0.0048142857544252685,0.046770521606193084,1.1995129170827568e-05,0.02082129521841546
8,0.034482758620689655,0.010846527508161936,0.0006926981374080393,0.09620843176591454,4.696733958553523e-05,0.028455476674351943
9,0.0,0.004234899247652944,0.00013293048851961687,0.057943585840208305,2.8794565878342837e-06,0.012462859006593741
10,0.011494252873563218,0.0006834375596609764,0.01204481645483307,0.0880303160381454,7.232727966766106e-06,0.022452011130833886
11,0.041379310344827586,0.1428431726654071,0.07905653150815517,0.09318976446220632,0.11057791113853455,0.09340933802382614
12,0.06896551724137931,0.016366755476841438,0.00010550279093052596,0.02745595314582977,0.0,0.02257874573099621
13,0.02586206896551724,0.008716503897280122,0.00014665691594085807,0.05358383007262112,1.6057871107477695e-05,0.017665023544493362
14,0.011494252873563218,0.01687846915036493,0.001358805182059678,0.08127785806149324,6.88636937411502e-05,0.02221564979224444
15,0.20689655172413793,0.006222937123057207,0.0023907173352261525,0.1057576734988751,3.1602919534634566e-06,0.06425420799464997
16,0.0,0.0,0.0,0.0,0.0,0.0
17,0.01293103448275862,0.0338025008159436,0.00155300636243113,0.09974732324673283,3.1129751732805744e-05,0.0296129989319198
18,0.13793103448275862,0.34945286639694406,0.03152567012636474,0.15428213039687574,0.001102865906432271,0.1348589134618751
19,0.10344827586206896,0.005184240677438483,0.000479491095298711,0.053873220567304106,4.855048246099614e-06,0.03259801665007127
20,0.10344827586206896,0.013598491217455716,0.0006468440804608645,0.0581928476921134,5.352828884497285e-05,0.03518799742818878
21,0.0,0.007628174482089923,0.0003363726027955395,0.09143461777372283,0.0,0.019879832971721658
22,0.5517241379310345,1.0,0.08871369944733548,0.26976387837920207,1.0,0.5820403431515144
23,0.034482758620689655,0.01938466278151112,0.0013511854942205716,0.13301279524016044,1.819196199903672e-06,0.03764664426655634
24,0.0,0.0,0.0,0.0,0.0,0.0
25,0.06896551724137931,0.017353633464008672,0.00025843047510454195,0.08369432434792881,3.0622229587606853e-06,0.03405499355027602
26,0.017241379310344827,0.09944721147644953,0.008018336161990132,0.07313168100233254,8.412446845795785e-07,0.03956788983916032
27,0.04597701149425287,0.018577009490907695,0.002473946031486129,0.06432629675226487,0.0,0.026270852753782315
28,0.0,0.0,0.0,0.0,0.0,0.0
29,0.0,0.042990783416421964,0.002587376321843458,0.10164267177330079,0.0002065910812234506,0.029485484518557932
30,0.034482758620689655,0.00010118934415925465,0.0,0.023568662259617575,1.6350118130503688e-06,0.011630849047255906
31,0.0,0.007628174482089923,0.0003363726027955395,0.09143461777372283,0.0,0.019879832971721658
32,0.15517241379310345,0.021606776586643932,0.003130623697530683,0.04946166628436545,0.001119202352128923,0.046098136542754485
33,0.017241379310344827,0.019950345906937915,4.770223442960689e-05,0.12301957730841925,1.5140971072469256e-06,0.03205210377144777
34,0.08620689655172414,0.007990323795163528,0.00010623019181492464,0.06477858005233335,3.4534416499809595e-06,0.03181709680653718
35,0.017241379310344827,0.014624223683743586,0.001091143578236621,0.07144955915701978,5.373402018449269e-05,0.02089200794990586
36,0.0,0.017371543592225813,0.0008764803630273277,0.08962192742019326,7.64998844715592e-07,0.021574143274858223
37,0.034482758620689655,0.002645290368549375,0.01339285490730335,0.08685410516220063,8.087347396212863e-07,0.027475163558696523
38,0.4827586206896552,0.007378194868985367,0.008017763159393962,0.2754887040568394,1.7625326336201397e-06,0.1547290090615015
39,0.05603448275862069,0.0022756742426280883,0.00023161681449107723,0.10151057270292116,2.7856502128997818e-05,0.032016040604158004
40,0.1793103448275862,0.007979521347546724,0.004930541964015439,0.13845035609889153,3.2383525194745744e-06,0.06613480051811187
41,0.017241379310344827,0.18252479100227023,0.10060965417349735,0.09206135635459477,0.1382163166999817,0.10613069950813778
42,0.10344827586206896,0.003009321481734808,0.0008345710601301427,0.040841978063897125,1.5485820767935365e-05,0.029629926457719797
43,0.04827586206896552,0.0016300447101552271,0.0011605053225747335,0.11759579036261386,4.484324745135382e-05,0.033741409142352144
44,0.0,0.025309478949255945,0.0014618744623194988,0.0965386447735118,0.0001032955406117253,0.024682658745139797
45,0.06896551724137931,0.00018229546124741755,0.0004495366708055885,0.11404655727074298,1.7804408344090916e-05,0.03673234221050388
46,0.017241379310344827,0.16715795603607383,0.09833829629768749,0.08830480039979612,0.13816514611244202,0.10184151563126886
47,0.011494252873563218,0.0037890806407828593,0.0024987241396345673,0.11952045801727147,7.5807797657034826e-06,0.027462019290203567
48,0.034482758620689655,0.024045668578438695,7.552455680879168e-05,0.05173649623218958,0.0,0.022068089597625344
49,0.05172413793103448,0.011578114839009127,0.07194683324549307,0.11443541546471876,3.47628741792505e-07,0.049936969821799446
50,0.23563218390804597,0.003219379745534927,0.00923041313192033,0.11334022807419605,5.0432104217179585e-06,0.0722854496140238
51,0.12931034482758622,0.0020154151161467806,0.005137430280193406,0.06187336684644519,1.3558060345530976e-05,0.03967002302614342
52,0.0,0.042990783416421964,0.002587376321843458,0.10164267177330079,0.0002065910812234506,0.029485484518557932
53,0.06896551724137931,0.02401921052110722,0.0019339675880023553,0.09427457164960781,3.3855355923151365e-06,0.0378393305071378
54,0.0,0.015327154501878014,5.626442421395302e-05,0.09513083257528251,0.0,0.022102850300274896
55,0.0,0.04716939716432977,0.0011369386135906287,0.0773621904060483,7.77488385210745e-05,0.025149255004497956
56,0.0,0.0,0.0,0.0,0.0,0.0
57,0.034482758620689655,0.0043959786570443365,0.001240237239386554,0.07989651912438117,6.0873382608406246e-05,0.024015273404822023
58,0.06896551724137931,0.050830161503137815,0.005287832597308894,0.18480490580984008,2.3637145204702392e-05,0.06198241085937416
59,0.0,0.029750386080788345,0.0,0.08091625009001109,0.0,0.022133327234159887
60,0.0,0.03769404907161783,0.0,0.05897560166656808,0.0,0.019333930147637183
61,0.15517241379310345,0.002945072749959682,0.0005569428385166768,0.06249949718407296,6.433333510358352e-06,0.04423607197983263
62,0.034482758620689655,0.011289963788861943,0.007588157913378644,0.08117253980117939,0.0,0.026906684024821926
63,0.0,0.0,0.0,0.0,0.0,0.0
64,0.008620689655172414,0.0012623381877437379,0.0003607028437246589,0.12463967826608503,1.1328634172969032e-06,0.02697690836322863
65,0.1724137931034483,0.004317150542768226,0.0010358509636865388,0.09787422854941619,1.845079896156676e-05,0.055131894791656165
66,0.14942528735632182,0.11685408138532641,0.08285446542035327,0.10446018922237812,0.04770055413246155,0.10025891550336823
67,0.0,0.0,0.0,0.0,0.0,0.0
68,0.0,0.0,0.0,0.0,0.0,0.0
69,0.0,0.0,0.0,0.0,0.0,0.0
70,0.0,0.0025891009314007053,0.0025313390497452857,0.08658727234148245,2.2161018478072947e-06,0.01834198568489525
71,0.0,0.04675877377581261,0.10745364117927268,0.057087416564749624,4.864181164521142e-07,0.04226006358759028
72,0.0,0.02097148906420631,0.0074218380944583865,0.010518367683712827,0.0,0.007782338968475505
73,0.0,0.0,0.0,0.0,0.0,0.0
74,0.0,0.0,0.0,0.0,0.0,0.0
75,0.0,0.04054529548567707,0.0016414260525008822,0.08168453776145326,0.0001032955406117253,0.02479491096804859
76,0.0,0.0,0.0,0.0,0.0,0.0
77,0.0,0.0,0.0,0.0,0.0,0.0
78,0.0,0.07120809727154587,0.28606616539953744,0.019317417125726804,0.0,0.07531833595936202
79,0.0,0.0,0.0,0.0,0.0,0.0
80,0.05172413793103448,0.33361992005430346,0.1969445732307751,0.11591063886489039,0.2763293385505676,0.1949057217263142
81,0.10344827586206896,0.09987379597083607,0.276352976912234,0.06655306600495899,1.0251443200104404e-05,0.10924767323865962
82,0.19827586206896552,0.016414590353493623,0.0008615513207491962,0.02279006681358758,8.138413249980658e-06,0.04767004179400918
83,0.1206896551724138,0.001183940105317533,0.0007089558863393999,0.028006718452681757,1.6997499187709764e-05,0.030121253423188037
84,0.0,0.06582559314730686,0.10142124455028542,0.1073627622225792,3.089758592977887e-06,0.0549225379357529
85,0.4482758620689655,0.011327351541658709,0.06841444852879065,0.2851426881383357,2.044803841272369e-05,0.1626361596632327
86,0.08620689655172414,0.008485216451987687,0.0038626552169461316,0.06827983617524663,6.352170021273196e-05,0.03337962521922346
87,0.4551724137931034,0.04842423782797278,0.07835167742294082,0.6317392656302301,0.00015150659601204097,0.2427678202540518
88,0.013793103448275864,0.013006169024832984,0.000538525844025753,0.06475646948808218,4.960976730217226e-05,0.01842877551450379
89,0.05747126436781609,0.0013945377381217724,0.0011986366731460104,0.09369004761672285,1.4487806765828282e-05,0.03075379484051451
90,0.011494252873563218,0.029458424533621196,0.0959159444821467,0.1013494510696644,3.193701161308127e-07,0.047643678465822334
91,0.6551724137931034,0.15444433651147474,0.030452516910649135,0.34459435158760093,2.925125227193348e-05,0.23693857401102
92,0.1839080459770115,0.03676334255649185,0.0019800614347017646,0.13917466914569118,1.486884957557777e-05,0.07236819759269437
93,0.10344827586206896,0.2576572598107908,0.30157826808262456,0.21167421604837755,2.892223619710421e-06,0.17487218240549632
94,0.13793103448275862,0.019122457589048025,0.016752410317786712,0.3171958065171007,0.00011693401756929234,0.09822372858485266
95,0.05747126436781609,0.22939891769564832,0.13585637568778017,0.14827987467050352,0.18422044813632965,0.15104537611161556
96,0.20689655172413793,0.0059287651106418905,0.0004058382970034369,0.12351339201315155,2.2527938199345954e-05,0.06735341501662682
97,0.1724137931034483,0.0030021983831709713,0.006076771160709067,0.13099773922602653,0.00023117271484807134,0.06254433491764058
98,0.2413793103448276,0.022182692178095778,0.0030507314658312842,0.30130107749597035,8.346374670509249e-05,0.11359945504628603
99,0.06896551724137931,0.027106091125330942,0.003551474495197958,0.12134327111079882,6.895621481817216e-05,0.04420706203750504
100,0.06896551724137931,0.005653365825304325,0.0013176696544819632,0.053381649854074724,4.01929310100968e-06,0.025864444373668267
101,0.13218390804597702,0.004390642547806532,0.0019994378311962054,0.09354776739071298,2.6659463401301764e-05,0.04642968305581881
102,0.0,0.0040898360074557915,0.0,0.09079782603508973,0.0,0.018977532408509103
103,0.0,0.0,0.0,0.0,0.0,0.0
104,0.0,0.0,0.0,0.0,0.0,0.0
105,0.08620689655172414,0.003801678367875745,0.002898704737745577,0.09868652828512062,5.5168187827803195e-05,0.038329795226058776
106,0.1724137931034483,0.0017485185828385798,0.0024968652092597823,0.008699089364435614,2.044792609012802e-06,0.03707206221051826
107,0.0,0.0,0.0,0.0,0.0,0.0
108,0.04310344827586207,0.009458255523419588,0.0002735541738834593,0.07870219517239946,6.48480693143938e-07,0.026307620325251545
109,0.13793103448275862,0.012918612485877118,0.002604096073666033,0.07713295199573754,6.735800707247108e-05,0.046130810609022355
110,0.23275862068965517,0.02382403874746345,0.0009215182339638096,0.18104488287800924,3.3196389267686754e-05,0.08771645138767187
111,0.0,0.0,0.0,0.0,0.0,0.0
112,0.017241379310344827,0.023375337361585164,0.0031844079756093383,0.0826267376448794,4.208405698591378e-06,0.025286414139623466
113,0.25,0.00803749243518571,0.0022090132115330945,0.06095851677923696,2.772982588794548e-05,0.06424655045036874
114,0.0,0.019858964687706423,0.013691065578084728,1.0,8.116289245663211e-05,0.20672623863164957
115,0.10344827586206896,0.20739424350210697,0.8799001556906215,0.2759998138199819,1.650370359129738e-05,0.29335179851567417
116,0.034482758620689655,0.020477892480472423,0.0006495045149438265,0.09463737853826494,4.259877823642455e-05,0.03005802658652145
117,0.11034482758620691,0.004792700154924571,0.0008758975377813139,0.07418450955071228,9.2615237008431e-06,0.03804143927066518
118,0.017241379310344827,0.3544092432944545,0.1975083892997655,0.15759316865305414,0.2764326333999634,0.20063696279151647
119,0.6724137931034483,0.021480472281667256,0.015419988899252017,0.11706080411715153,0.00012100916501367465,0.16529921351330654
120,0.22413793103448276,0.02245275426958192,0.004403598128030898,0.10847646253953198,8.479967073071748e-05,0.07191110912847165
121,0.14942528735632182,0.02339174449013621,0.03293684168598189,0.09658326692958516,6.93244583089836e-05,0.06048129298406681
122,0.0,0.0,0.0,0.0,0.0,0.0
123,0.39655172413793105,0.1822884991048667,0.10442545705618672,0.276191626877533,0.13824263215065002,0.21953998786543352
124,0.08620689655172414,0.039577869147483395,0.0014274936489100138,0.0530655137213648,0.00010452599235577509,0.03607645981236763
125,0.05172413793103448,0.33360310667361187,0.19623356480028137,0.10837553287238998,0.2763449549674988,0.1932562594489633
126,0.034482758620689655,0.6658277031724871,0.3924294022776876,0.2135436655328075,0.5526586771011353,0.37178844134096145
127,0.0,0.0,0.0,0.0,0.0,0.0
128,0.0,0.0,0.0,0.0,0.0,0.0
129,0.0,0.0,0.0,0.0,0.0,0.0
130,0.0,0.011467762490967212,0.0,0.13402028622336423,0.0,0.029097609742866286
131,0.0,0.02986694821241748,0.001337520379464365,0.07161768468455115,0.0001034487213473767,0.020585120399556074
132,0.034482758620689655,0.007186105964445162,0.00048299412856151255,0.020251071403165177,0.0,0.0124805860233723
133,0.0,0.042990783416421964,0.002587376321843458,0.10164267177330079,0.0002065910812234506,0.029485484518557932
134,0.1264367816091954,0.015886283723838816,0.0014855735869597,0.11443677715735238,7.441310299327597e-05,0.051663965836067915
135,0.0,0.0,0.0,0.0,0.0,0.0
136,0.0,0.0,0.0,0.0,0.0,0.0
137,0.10344827586206896,0.0004300283397385585,0.0,0.09774318308555806,0.0,0.04032429745747311
138,0.0,0.007134857980555912,0.0006587006068634713,0.06543172565182456,2.6061213702632813e-06,0.014645578072122842
139,0.0,0.0,0.0,0.0,0.0,0.0
140,0.5517241379310345,1.0,0.08871369944733548,0.26976387837920207,1.0,0.5820403431515144
141,0.0,0.0,0.0,0.0,0.0,0.0
142,0.0,0.0,0.0,0.0,0.0,0.0
143,0.0,0.0,0.0,0.0,0.0,0.0
144,0.0,0.00763203627789136,0.00257224528369998,0.013121826854126299,0.0,0.004665221683143528
145,0.0,0.07120809727154587,0.28606616539953744,0.019317417125726804,0.0,0.07531833595936202
146,0.06896551724137931,0.00227054849739805,0.0025947163964955195,0.030849551524928288,0.0,0.02093606673204023
147,0.05172413793103448,0.012489587919881386,0.03275392875397751,0.045715382599410416,0.0,0.028536607440860756
148,0.05172413793103448,0.015696135817056554,0.0019410448083962996,0.07862809420333212,2.546829875882395e-07,0.029597933488561413
149,0.0,0.0,0.0,0.0,0.0,0.0
150,0.1793103448275862,0.008240931441040142,0.002531500322645604,0.10333057023202498,0.00010845901124412194,0.058704361166908206
151,0.05172413793103448,0.040393149972958946,0.07171718184336427,0.15238530517647408,9.151453014055733e-06,0.06324578527536917
152,0.040229885057471264,0.003680544499071359,0.00032440158804326554,0.057632354181270745,6.7581036091723945e-06,0.020374788685893163
153,0.0,0.042990783416421964,0.002587376321843458,0.10164267177330079,0.0002065910812234506,0.029485484518557932
154,0.0,0.0,0.0,0.0,0.0,0.0
155,0.08620689655172414,0.07484889333941586,0.19610078852911944,0.0788794382064103,3.0585085823986446e-06,0.08720781502705043
156,0.2413793103448276,0.0033205649303980162,0.0005772499339443812,0.10279155498512717,0.00012071306991856545,0.06963787865284314
157,0.05172413793103448,0.5614549683701132,0.2044341689267978,0.23109944480004677,0.2763293385505676,0.265008411715712
158,0.16091954022988506,0.013728041497495472,0.00359089693390188,0.09291137399081464,3.559991455404088e-05,0.05423709051333022
159,0.11034482758620691,0.0006834453262705352,0.0007156905199782487,0.10767215672657864,8.777413313509896e-06,0.04388497951446957
160,0.09195402298850575,0.09295249293666037,0.5579097747086272,0.13728541230743035,0.0004934089374728501,0.17611902237573931
161,0.017241379310344827,0.01584105509828529,1.3805444573259663e-05,0.0755980906292154,4.822647497348953e-06,0.021739830625983225
162,0.0,0.0,0.0,0.0,0.0,0.0
163,0.2413793103448276,0.003539038417927284,0.0006578519941856358,0.09756303194238844,2.9293374609551392e-05,0.0686337052147877
164,0.011494252873563218,0.2367829643820375,0.13171908720372605,0.11737755157915569,0.18428842723369598,0.13633245665443566
165,0.22413793103448276,0.3358834414410035,0.19642475509263266,0.17745223967884582,0.27633148431777954,0.2420459703129489
166,0.1083743842364532,0.014741426530774697,0.0006289092284984559,0.0700581721603598,1.2252156011527404e-05,0.03876302886241954
167,0.27586206896551724,0.10660526389475666,0.14222164612025354,0.15631710661846324,1.8897262634709477e-05,0.13620499657232507
168,0.011494252873563218,0.23881555369033297,0.13178438373410883,0.13554031835994368,0.18428842723369598,0.14038458717832894
169,0.022988505747126436,0.0014322668503434393,1.542745713684782e-05,0.03299478491762778,0.0009209475247189403,0.01167038649939069
170,0.04310344827586207,0.04005951339644389,0.0007016623507757584,0.10231275124824762,0.00010407767695141956,0.037256290589656155
171,0.0,0.0,0.0,0.0,0.0,0.0
172,0.0,0.0,0.0,0.0,0.0,0.0
173,0.0,0.036370584748605155,0.001293688160921729,0.09127946093165594,0.0001032955406117253,0.02580940587635891
174,0.13793103448275862,0.0012840312183117133,0.0,0.030357686911142285,1.1096698472101707e-05,0.033916769862136945
175,0.0,0.0,0.0,0.0,0.0,0.0
176,0.0,0.0,0.0,0.0,0.0,0.0
177,0.0,0.0,0.0,0.0,0.0,0.0
178,0.0,0.0,0.0,0.0,0.0,0.0
179,0.13793103448275862,0.0022163513056306255,0.0021885684439928586,0.2532077559140667,3.908293365384452e-05,0.07911655861602054
180,0.022988505747126436,0.015996122617895434,0.0017389947966588463,0.07173957478206824,8.828006684780121e-05,0.02251029560211935
181,0.0,0.0,0.0,0.0,0.0,0.0
182,0.3448275862068966,0.014463369197663455,0.04138113632741976,0.34723712827845554,0.00015953139518387616,0.14961375028112384
183,0.0,0.0,0.0,0.0,0.0,0.0
184,0.3275862068965517,0.007933770530177622,0.000593043974743301,0.09763550527373906,7.613925390614895e-06,0.08675122812012045
185,0.0,0.042990783416421964,0.002587376321843458,0.10164267177330079,0.0002065910812234506,0.029485484518557932
186,0.0,0.014688527441606104,0.0007925124924069876,0.08829107899425782,0.0,0.02075442378565418
187,0.0,0.0,0.0,0.0,0.0,0.0
188,0.0,0.0,0.0,0.0,0.0,0.0
189,0.0,0.0,0.0,0.0,0.0,0.0
190,0.06896551724137931,0.03599004128686252,0.14303308269976872,0.04427979158836947,1.2883173212685506e-06,0.05845394422674026
191,0.0,0.0,0.0,0.0,0.0,0.0
192,0.27586206896551724,0.5038140872410449,0.04452503602506551,0.18059924807646244,0.5,0.300960088061618
193,0.0,0.042990783416421964,0.002587376321843458,0.10164267177330079,0.0002065910812234506,0.029485484518557932
194,0.0,0.042990783416421964,0.002587376321843458,0.10164267177330079,0.0002065910812234506,0.029485484518557932
195,0.020689655172413793,0.13790864004736542,0.08008304617991545,0.07931179939246573,0.1105695515871048,0.08571253847585304
196,0.1586206896551724,0.003196365109722017,0.0024500316374825334,0.10535739524091967,3.4159872939198976e-06,0.05392557952611811
197,0.034482758620689655,0.1932504208749187,0.10060965417349735,0.11196600566507088,0.1382163166999817,0.11570503120683165
198,0.008620689655172414,0.059886150646423296,0.048943516429471645,0.057237750572459646,1.0639837455528323e-05,0.034939749428196505
199,0.20689655172413793,0.01722868750340889,0.0008579599963984574,0.072345856823152,5.285987936076708e-05,0.0594763831852916
200,0.05172413793103448,0.016197942344102274,0.00033886837380825923,0.03628554855032952,3.902217031281907e-06,0.020910079883261164
201,0.017241379310344827,0.3544092432944545,0.1975083892997655,0.15759316865305414,0.2764326333999634,0.20063696279151647
202,0.0,0.042990783416421964,0.002587376321843458,0.10164267177330079,0.0002065910812234506,0.029485484518557932
203,0.0,0.05200211044194103,0.0,0.034828911882095484,1.0321489440912046e-07,0.017366225107786185
204,0.13793103448275862,0.0027266183515017757,0.0,0.09907627583283174,0.00012568256352096796,0.04797192224612262
205,0.017241379310344827,0.3477890446266377,0.1962147011388438,0.1472299578114093,0.2763293385505676,0.19696088428756062
206,0.017241379310344827,0.33327167707785144,0.1962147011388438,0.14053379827604598,0.2763316333293915,0.1927186378264955
207,0.0,0.025309478949255945,0.0014618744623194988,0.0965386447735118,0.0001032955406117253,0.024682658745139797
208,0.034482758620689655,0.003456064749016655,0.0008855996783836636,0.1242611374224126,4.4981788960285485e-06,0.03261801172987972
209,0.0,0.042990783416421964,0.002587376321843458,0.10164267177330079,0.0002065910812234506,0.029485484518557932
210,0.11494252873563218,0.0033526195574883058,2.7985871436395447e-05,0.06215580262212077,2.212677827628795e-06,0.03609622989290105
211,0.011494252873563218,0.15248366333761226,0.01691051275956844,0.04947954992254767,6.909547664690763e-05,0.046087414873987695
212,0.0,0.007628174482089923,0.0003363726027955395,0.09143461777372283,0.0,0.019879832971721658
213,0.0,0.042990783416421964,0.002587376321843458,0.10164267177330079,0.0002065910812234506,0.029485484518557932
214,0.1517241379310345,0.0031671680910815435,0.001972826041164975,0.12539865874292988,2.5651745090726763e-05,0.056457688510260326
215,0.21839080459770113,0.008531346278660056,0.009733997401771194,0.04286630389607049,2.1697484044125304e-05,0.055908829931649404
216,0.0,0.0,0.0,0.0,0.0,0.0
217,0.16091954022988506,0.0034228194907594185,0.0001723516681641978,0.08361950089742537,0.0,0.049626842457246814
218,0.14482758620689656,0.002269955490356136,0.0001370339970492336,0.09035057736000812,1.2847636753576808e-05,0.04751960013821273
219,0.15517241379310345,0.010374566048229832,6.053443519787652e-05,0.049627265289996655,1.3490546280081617e-06,0.04304722572423116
220,0.034482758620689655,0.00010118934415925465,0.0,0.023568662259617575,1.6350118130503688e-06,0.011630849047255906
221,0.20689655172413793,0.0031393344513407735,0.0005920372322262611,0.08199282308254485,2.624589433253277e-05,0.058529398476916475
222,0.0,0.042990783416421964,0.002587376321843458,0.10164267177330079,0.0002065910812234506,0.029485484518557932
223,0.0,0.04475805850565761,0.0019254304830069414,0.12090485518543201,0.0,0.03351766883481931
224,0.0,0.0,0.0,0.0,0.0,0.0
225,0.04597701149425287,0.06618281184625635,0.0065843999429737446,0.13467863584415013,6.995131116127595e-05,0.05069856208775887
226,0.022988505747126436,0.0017484342525328522,0.0007168636582144748,0.020380473924321244,1.5104085377970478e-06,0.00916715759814656
227,0.0,0.042990783416421964,0.002587376321843458,0.10164267177330079,0.0002065910812234506,0.029485484518557932
228,0.022988505747126436,0.062146971167574186,0.019876902259714314,0.09509855799108241,6.88636937411502e-05,0.0400359601718477
229,0.040229885057471264,0.0038930132447751384,0.0007959363916755668,0.08178569638215732,9.512559699942358e-06,0.025342808727155847
230,0.0,0.0001775420086221735,0.0,0.06980201477581117,0.0,0.01399591135688667
231,0.27586206896551724,0.5038140872410449,0.04452503602506551,0.18059924807646244,0.5,0.300960088061618
232,0.0,0.012626613031497407,0.0005364780502345536,0.10299495943195255,1.6798618162283674e-05,0.02323496982636936
233,0.017241379310344827,0.0033470232438847177,0.046169290134511536,0.03995382762611654,0.0,0.021342304062971523
234,0.0,0.029750386080788345,0.0,0.08091625009001109,0.0,0.022133327234159887
235,0.0,0.0,0.0,0.0,0.0,0.0
236,0.0,0.01079119420245822,0.00012388936888746744,0.05648035039516783,0.0,0.013479086793302703
237,0.0,0.00041027880971201264,0.0,0.014803513072406625,0.0,0.0030427583764237277
238,0.0,0.0,0.0,0.0,0.0,0.0
239,0.0,0.032559776180770994,0.001349952585135682,0.10034498828422654,0.0001032955406117253,0.02687160251814899
240,0.0,0.0007184230356635178,0.0,0.026006704696420368,1.9716816268555704e-07,0.005345064980049314
241,0.0,0.0,0.0,0.0,0.0,0.0
242,0.0,0.0006877392784245529,0.035265922821496654,0.059270555266139544,0.0,0.01904484347321215
243,0.0,0.0019202291209396206,0.0009259481411991581,0.08404809073093236,0.0,0.017378853598614227
244,0.0,0.0,0.0,0.0,0.0,0.0
245,0.0,0.0,0.0,0.0,0.0,0.0
246,0.0,0.0010001296491365511,0.0002397948552848563,0.041305261873755654,0.0,0.008509037275635413
247,0.0,0.0,0.0,0.0,0.0,0.0
248,0.0,0.0,0.0,0.0,0.0,0.0
249,0.1724137931034483,0.006924895263250786,0.00018007251260597235,0.024442295653662967,3.2432337775389897e-06,0.04079285995334911
250,0.0,0.0,0.0,0.0,0.0,0.0
251,0.0,0.0,0.0,0.0,0.0,0.0
252,0.0,0.07305447173202773,0.5623774738746214,0.07250083034307829,0.0,0.1415865551899455
253,0.034482758620689655,0.003999335760091267,4.075437437895125e-05,0.013094676600477194,0.0,0.010323505071127413
254,0.0,0.0,0.0,0.0,0.0,0.0
255,0.0,0.0014263128610938938,0.0,0.042437067798440906,0.0,0.008772676131906961
256,0.017241379310344827,0.001152618245322115,0.0014594232944158876,0.10024573310542646,3.423416046643979e-06,0.024020515474311187
257,0.1206896551724138,0.005139469407964054,0.0009759304789388613,0.11953453799402204,3.326437945361249e-05,0.04927457148655847
258,0.0,0.0,0.0,0.0,0.0,0.0
259,0.034482758620689655,0.028923324391622745,0.008540902730795979,0.16352608416388656,6.727224217684125e-07,0.04709474852588334
260,0.14482758620689656,0.13491018799266574,0.0812135536301406,0.06719042586147919,0.11053711175918579,0.10773577309007358
261,0.0,0.022172721508235436,0.026997889873361724,0.1488939723147345,3.0318857170641422e-05,0.039618980510700466
262,0.6551724137931034,0.005675223816422705,0.010064001948860235,0.5586562618282244,0.00015522509056609124,0.24594462529543537
263,0.0,0.029750386080788345,0.0,0.08091625009001109,0.0,0.022133327234159887
264,0.14942528735632182,0.004185765327735561,0.0001500877563991627,0.05837251499574476,1.6496059060955304e-06,0.04242706100842148
265,0.034482758620689655,0.0019747588487016975,5.410427434873831e-05,0.014630271082237975,0.0,0.010228378565195612
266,0.034482758620689655,0.6658277031724871,0.3924294022776876,0.2135436655328075,0.5526586771011353,0.37178844134096145
267,0.06896551724137931,0.00759114594322218,0.00010569633480882747,0.09296172360604074,6.992219141466194e-07,0.033924956469473036
268,0.0,0.0,0.0,0.0,0.0,0.0
269,0.0,0.0,0.0,0.0,0.0,0.0
270,1.0,0.02445784224279156,0.044355081605593635,0.5492009255242257,0.00016389318625442684,0.32363554851177306
271,0.0896551724137931,0.011974692063257217,0.0007068780528379602,0.06626506244385628,4.6016772103030235e-05,0.033729564349169516
272,0.11494252873563218,0.002052664888851452,0.002442479981337613,0.0701413918541965,9.459963052904641e-07,0.03791600229126461
273,0.0,0.0,0.0,0.0,0.0,0.0
274,0.028735632183908046,0.05236730608034002,0.04846275371996296,0.06940364632066248,3.581195414881222e-05,0.039801030051804465
275,0.017241379310344827,0.007024638645675439,0.19678282965073077,0.07019347318565274,1.4286184750744724e-06,0.058248749882175765
276,0.06896551724137931,0.22989380894054717,0.13417104141403305,0.1364631737003063,0.18432164192199707,0.1507630366436526
277,0.27586206896551724,0.5038140872410449,0.04452503602506551,0.18059924807646244,0.5,0.300960088061618
278,0.06206896551724138,0.02019557303828618,0.0005264605834607175,0.09221402125003313,5.664681157213636e-05,0.03501233344011871
279,0.3448275862068966,0.0010368495600809405,0.0011728938551023086,0.1437310601044686,8.483265264658257e-05,0.09817064447583901
280,0.3333333333333333,0.19705236782475993,0.7971680025586185,0.11512788441256266,0.019764263182878494,0.2924891702624306
281,0.08620689655172414,0.10919518185785339,0.0047715046054889396,0.1542889710465969,0.0,0.07089251081233268
282,0.017241379310344827,0.118472249177264,0.06750819858921098,0.12151502005367602,0.09214946627616882,0.08337726268133293
283,0.09655172413793103,0.13506616080736006,0.07872944835200023,0.11216075299768474,0.11054452508687973,0.10661052227637116
284,0.0,0.008834491878690039,0.0013532836184126644,0.13400717922013053,0.00025243527488783,0.02888947799842421
285,0.10344827586206896,0.0293610955939774,0.07328456150571833,0.08336448833850174,6.438048876589164e-05,0.057904560357806466
286,0.034482758620689655,0.14005823951158905,0.002164479973041801,0.10382568342081286,6.794926775910426e-06,0.05610759129058185
287,0.1724137931034483,0.25776090266005725,0.025082654915454743,0.18561665312091294,0.25000274181365967,0.17817534912270658
288,0.055172413793103454,0.04604684236686026,0.05068626659044477,0.09036061895231787,2.4648902581247967e-06,0.04845372131859689
289,0.017241379310344827,0.340896906013714,0.1962147011388438,0.13498304336069333,0.2763293385505676,0.1931330736748327
290,0.017241379310344827,0.01519545515857837,0.001513290685198718,0.1689583494779759,2.331816722289659e-05,0.04058635855986414
291,0.20689655172413793,0.0007598904729285087,0.00011432447566176281,0.14603698731870088,2.2936381355975755e-05,0.070766138074557
292,0.0,0.0,0.0,0.0,0.0,0.0
293,0.0,0.0,0.0,0.0,0.0,0.0
294,0.034482758620689655,0.024347232394213828,0.0017766822894832415,0.06707342665825011,0.0001032955406117253,0.025556679100649717
295,0.0,0.008011498081188652,0.018640044091860503,0.02688222010944959,0.0,0.01070675245649975
296,0.0,0.020626703916189777,1.0,0.13957771422395532,6.192283876771398e-07,0.23204100747370657
297,0.0,0.0,0.0,0.0,0.0,0.0
298,0.1724137931034483,0.002152822460172821,1.408350759825805e-05,0.10460030023195227,9.959090675693005e-06,0.05583819167876947
299,0.20689655172413793,0.006547163835243302,0.0028249308793491996,0.1972307382051279,0.00025964758242480457,0.08275180644525663
300,0.06896551724137931,0.22411758297131076,0.13114266667434657,0.09179043084132249,0.18422099947929382,0.14004743944153059
301,0.20689655172413793,0.014962603015371837,0.0023980626081311464,0.0929996788149284,3.2081621270663163e-07,0.0634514433957564
302,0.0,0.0,0.0,0.0,0.0,0.0
303,0.0,0.0,0.0,0.0,0.0,0.0
304,0.0,0.0025891009314007053,0.0025313390497452857,0.08658727234148245,2.2161018478072947e-06,0.01834198568489525
305,0.29310344827586204,0.0012413082993144176,0.0014145343300107614,0.07010466578467967,6.396281605702825e-06,0.07317407059429451
306,0.0,0.0,0.0,0.0,0.0,0.0
307,0.0,0.0,0.0,0.0,0.0,0.0
308,0.011494252873563218,0.004015543507543826,0.0010064882723097865,0.13149814552470365,0.00026807215181179345,0.029656500465986457
309,0.017241379310344827,0.016817622877004647,0.00012561338171715865,0.06088483023574267,2.347665940760635e-06,0.019014358694150014
310,0.06896551724137931,0.0027005101531506607,0.0,0.03872814000329397,1.2641245348277153e-06,0.022079086304471755
311,0.0,0.0,0.0,0.0,0.0,0.0
312,0.0,0.042990783416421964,0.002587376321843458,0.10164267177330079,0.0002065910812234506,0.029485484518557932
313,0.0,0.0,0.0,0.0,0.0,0.0
314,0.0,0.0,0.0,0.0,0.0,0.0
315,0.0,0.002520100627008573,0.0004999866006316189,0.04924669235168599,2.28374483413063e-06,0.01045381266483206
316,0.11724137931034483,0.008135359813960748,0.0006330194871600275,0.10343348332790203,2.2802646526542958e-06,0.04588910444080406
317,0.0,0.0,0.0,0.0,0.0,0.0
318,0.0,0.029750386080788345,0.0,0.08091625009001109,0.0,0.022133327234159887
319,0.3620689655172414,0.002139304565278833,0.0005160454594998696,0.10531223724986337,2.1850850373539288e-07,0.09400735426007743
320,0.008620689655172414,0.18812282712515618,0.11929681410893374,0.11876170792571936,0.13821794092655182,0.1146039959483067
321,0.011494252873563218,0.013809453144719992,0.00803151126461046,0.05695522900953861,0.0,0.018058089258486454
322,0.06896551724137931,0.09902673825972524,0.0067319434866186,0.061171894810997794,0.0001268632768187672,0.047204591415107945
323,0.034482758620689655,0.010843016136840205,7.656756488611293e-05,0.04262306990884191,2.1340788691759371e-07,0.01760512512782896
324,0.0,0.005312982825275277,1.5877446280566634e-05,0.11831747243548306,1.4227192934868071e-07,0.024729294995793648
325,0.017241379310344827,0.0005384360036895309,0.00023232901242391566,0.05825501740557378,1.5924323406579788e-06,0.015253750832874544
326,0.0,0.0014742266489310683,4.6188138630183016e-06,0.08949057381934733,3.353484135004692e-05,0.01820059082469829
327,0.0,0.005977721029279649,0.0,0.03339701177320254,0.0,0.007874946560496438
328,0.0,0.00699154318051503,0.03016415007168704,0.046837850651221216,6.433722774090711e-06,0.016799995525239475
329,0.02586206896551724,0.18659375185816068,0.09833876631436844,0.10468964918830875,0.1381646692752838,0.11072978112032779
330,0.10344827586206896,0.013381457666296953,0.000286177602591647,0.06702630234218614,0.0003836705582216382,0.03690517680627307
331,0.011494252873563218,0.029623836698469803,0.0963283373294564,0.0780641317175336,1.983918991754763e-06,0.04310250850760296
332,0.20689655172413793,0.0016981669432220613,0.007994156091696012,0.14112162542006093,8.561187860323116e-05,0.07155922241154403
333,0.1839080459770115,0.01048232861979273,0.00013244254628422023,0.10891653085554828,3.2966643175313948e-06,0.06068852893259084
334,0.10344827586206896,0.0007407487129442764,9.080826489871702e-05,0.06384858955460525,1.799670462787617e-05,0.03362928381982901
335,0.0541871921182266,0.002978040993569841,0.001896537882887569,0.08203663168686656,1.595133653609082e-06,0.02821999956304084
336,0.011494252873563218,0.002134240041189591,0.0008903123778851838,0.08670757000023702,3.832762558886316e-06,0.020246041611086778
337,0.20689655172413793,0.0014147849486431398,0.00045835336190571806,0.02717697690853979,9.774183126864955e-05,0.04720888175489905
338,0.0603448275862069,0.004331294690538747,8.317532034632704e-05,0.04577662120462416,5.870175755262608e-06,0.022108357795494277
339,0.08045977011494253,0.0009878136968476813,0.0005236921768965666,0.0741953430589402,3.4191164104413474e-06,0.03123400763280748
340,0.0,0.07994407021820357,0.00016519955345622759,0.10078932645907884,4.4658681872533634e-05,0.03618865098252223
341,0.0603448275862069,0.008095877804779019,0.0002693158089043182,0.08018007494506725,4.685535088810866e-07,0.029778112939693274
342,0.034482758620689655,0.00016359486035113607,1.2502949806245686e-05,0.036134984707075136,1.8742140355243464e-06,0.014159143070391539
343,0.017241379310344827,0.0004941073794490783,1.7882839605730426e-05,0.06701004943045327,9.371070177621732e-07,0.016952871213374132
344,0.017241379310344827,0.005248937581410472,0.00025076720102963147,0.04601568402341164,0.0,0.013751353623239315
345,0.034482758620689655,0.0002547089963269224,0.0003996797463729158,0.08104034417494946,0.0,0.02323549830766779
346,0.034482758620689655,0.003047413437973498,0.0,0.05984041431765167,0.0,0.019474117275262964
347,0.13793103448275862,0.0014591007967759508,0.0002763265363753953,0.06918997315309523,3.95637471228838e-06,0.0417720782687435
348,0.0,0.008215846506639075,0.0003065312478290214,0.024160622100040215,1.1585761967580765e-05,0.00653891712329518
349,0.2413793103448276,0.0015461528912214695,0.0005418225243449513,0.07972183770402932,1.842601818680123e-06,0.0646381932132484
350,0.0,0.0004219914683645303,0.0,0.07118528426384566,0.0002641769824549556,0.014374290542933026
351,0.1264367816091954,0.0007461139507907436,0.0015484863904496407,0.0699194888689382,0.0,0.039730174163874796
352,0.10344827586206896,0.0013583145969476072,0.00010013586790571656,0.1222905884090389,5.4250017456070054e-06,0.04544054794754136
353,0.017241379310344827,0.001309469161632052,0.00021381341463905655,0.08974912285959731,8.097309546428733e-06,0.021704376411151936
354,0.0,0.0018765246925129633,0.0,0.08871047776139471,1.6194619092857465e-05,0.018120639414600105
