feature,rf,BayesianRidge,xgb,gbr,mean
1,2.781932694816521e-05,0.08674324121196839,4.438581527210772e-06,0.0,0.02169387478011094
2,0.00020364648348640942,0.1470991969390128,1.1618850294325966e-05,0.00027370949918631524,0.036897042942994965
3,0.00046865829949526284,0.175724667947914,5.000197415938601e-05,0.0010975350959214695,0.04433521582937253
4,0.0001639909962742258,0.1675345404232848,2.560051143518649e-05,0.0,0.041931032982748556
5,0.0006757549066870392,0.1031224636350938,1.3001123988942709e-05,0.0,0.025952804916442446
6,0.0022508365703064353,0.2489873411082613,0.00010741776350187138,0.0010241243819562123,0.06309242995600645
7,0.00010694123729885912,0.08620583498072981,2.4032846340560354e-05,4.791468007398524e-06,0.02158540013309416
8,0.0002599251447693523,0.07530139626341359,8.882569090928882e-05,0.0,0.01891253677477306
9,0.0006456831621774175,0.10475830734409913,1.8322973119211383e-05,0.0,0.02635557836984894
10,0.0005958425019697291,0.1260532443035448,0.00019379067816771567,0.00019160210702972837,0.031758619897677996
11,0.0006841033268215603,0.08750118808925074,0.0004425067745614797,0.0,0.022156949547658445
12,0.0006867780129813022,0.13820040563775515,8.435785048277467e-07,0.0006730651096676706,0.03489027308472724
13,0.00010498957518164275,0.08109416949354954,2.0782237697858363e-05,0.0002754993197806051,0.02037386015655241
14,6.432439479966269e-05,0.1226724149512025,1.9089156921836548e-05,0.0,0.030688957125730998
15,0.0004297659167018475,0.07490934138318292,1.3883096471545286e-05,0.0,0.01883824759908908
16,0.00038605783333292836,0.15995255988900706,0.00011438931687735021,0.0005082055256587454,0.04024030314121902
17,0.00014975982237998783,0.21963706451366358,0.00017016110359691083,0.0002823677298957858,0.05505983829238407
18,0.0003119209880408717,0.1678472127450458,6.4011896938609425e-06,0.0,0.04204138373069513
19,0.00013368302237177932,0.07476874661099403,0.0003840507415588945,0.0,0.018821620093731176
20,0.0024092564501397486,0.18541515229781141,0.004186498466879129,0.00012768450993529254,0.0480346479311914
21,0.0005301295965337463,0.1136429834605094,3.655560067272745e-05,0.001505126333284668,0.028928698747750135
22,0.0007376514296294943,0.12632655843613333,7.954608008731157e-06,0.00028772247328607225,0.03183997173676441
23,0.0002485868866269542,0.1216724234565267,3.0585419153794646e-05,0.00047121140817062276,0.030605701792619514
24,0.0001853261765194977,0.06281668713175283,2.4073427994153462e-05,0.0,0.01575652168406662
25,9.839511092753919e-05,0.03218477329966834,9.109438906307332e-06,0.0012513121440191224,0.008385897498380326
26,5.641047244218338e-05,0.03515536847398683,1.1239249033678789e-05,0.0,0.008805754548865672
27,0.00013800189812685382,0.1462299169080086,4.787882517121034e-06,0.0,0.03659317667216314
28,0.0004057753741081767,0.29841261026704574,0.0001010110427159816,6.640960369836087e-05,0.07474645157189207
29,0.07460534036716208,0.09783431877232995,4.477571201277897e-05,0.0723752103144716,0.061214911291494103
30,0.0001919662572041244,0.11537856448154181,1.7212187231052667e-05,0.0,0.028896935731494246
31,0.0007327223732178343,0.03155853021579113,4.9007499910658225e-05,0.0,0.008085065022229906
32,0.001996454622596059,0.07256392840704433,5.5273540056077763e-05,0.0,0.018653914142424115
33,0.00010560202169586178,0.066281604816239,6.63645623717457e-05,1.3303716275834551e-05,0.01661671877914561
34,0.0001498878419739788,0.13032151451794668,2.452153466947493e-06,0.0,0.0326184636283469
35,0.0036301999065030417,0.14990816956582992,0.003346590092405677,0.00024405296098995864,0.039282253131432146
36,0.0005698104163495799,0.043136368652635725,0.0001822988997446373,0.0,0.010972119492182485
37,0.0006837187502308518,0.09354805217598275,0.00022399936278816313,0.0006580689000278677,0.023778459797257408
38,0.00044763206460185305,0.1141158854532433,0.00040096562588587403,0.0009068361321259038,0.028967829818964234
39,4.927974127580881e-05,0.10582797643646728,2.8067017865396338e-06,0.0,0.026470015719882407
40,0.0002607077027126271,0.09978114436690386,6.366105662891641e-05,0.0005163244781906901,0.025155459401109023
41,0.0016680007106403916,0.2103046389724572,5.769636482000351e-05,3.699700280311004e-05,0.05301683326268017
42,0.008147969223230711,0.20027072339820637,5.92884753132239e-05,0.0031830483462126106,0.05291525736074073
43,0.00016042392512978848,0.22033337298942532,0.00011263494525337592,0.003932239986725803,0.05613466796163358
44,0.00024325189145970317,0.12394001770233891,3.345892037032172e-05,0.0,0.031054182128542232
45,0.0004893632785599375,0.07162069162269318,1.0978541467920877e-05,0.00021227046281798635,0.018083325976384755
46,0.009086282651873218,0.26505751052422655,0.0003494112170301378,0.0,0.06862330109828248
47,0.0005179726660425453,0.1349949051420935,0.0005023519042879343,0.0,0.03400380742810599
48,0.000594209621499648,0.12564183268431223,1.752845673763659e-05,6.574766757995474e-05,0.03157982960753237
49,0.0003259034600082125,0.10518029847101366,1.600309587956872e-05,0.0002587263210928208,0.026445232836998567
50,0.0008839584994129519,0.17797493694548522,0.00025985806132666767,0.0,0.04477968837655621
51,0.0008301053189523258,0.1657283774820687,0.0001532866881461814,0.00152693781414549,0.042059676825828174
52,0.00021583820406684186,0.08092846830954939,0.0002879842941183597,0.0,0.020358072701933648
53,0.00015475176217949165,0.10036284482775536,1.839056312746834e-05,0.0,0.02513399678826558
54,0.0,0.0,0.0,0.0,0.0
55,0.00044572786193219357,0.08978684714880818,5.934000910201576e-06,0.0,0.022559627252912644
56,0.00028998105391733373,0.042779725462102104,1.518545741419075e-05,0.0001234706390739153,0.010802090653126884
57,5.209800187184557e-05,0.09192732466255378,0.0,0.0,0.022994855666106408
58,0.0001851507873172961,0.03644810026110059,7.732075755484402e-05,0.0,0.009177642951493183
59,0.00025101887106047965,0.15175487666702248,0.0006451613735407591,0.0,0.03816276422790593
60,0.0010415862388390264,0.26358022494422856,0.00032765590003691614,0.00016246100332070819,0.06627798202160631
61,0.0,0.0,0.0,0.0,0.0
62,0.00028181310351286257,0.089322311729333,0.000166999117936939,0.0002690704786899943,0.0225100486073682
63,0.0003028361893209455,0.08172382612001966,6.494222907349467e-05,0.0,0.020522901134603526
64,7.220253884549143e-05,0.09911477963576419,8.521687959728297e-07,0.005416205298032191,0.02615100991035946
65,0.0,0.0,0.0,0.0,0.0
66,0.0015750797809537611,0.3452972805482652,0.00018261121294926852,0.0014054716714488192,0.08711511080340427
67,0.0,0.0,0.0,0.0,0.0
68,8.521548450813235e-05,0.017353878447698586,1.7534342759972787e-06,0.0,0.004360211841620679
69,0.06943541052537935,0.10957208225301392,0.03554268926382065,0.16356906698791884,0.0945298122575332
70,0.0041822382109362715,0.1163575363837681,9.187436080537736e-05,0.0,0.030157912238877437
71,2.647418097469822e-05,0.049995660532205555,0.0,0.0,0.012505533678295063
72,0.0,0.0,0.0,0.0,0.0
73,0.0001839797255675401,0.09534345301774054,5.471372332976898e-06,0.00014054525463388912,0.023918362342568736
74,0.0003534584170030652,0.2621431196484174,0.0,0.0005706854861421366,0.06576681588789066
75,0.0026752702327469515,0.06354960181916822,1.0225076948700007e-05,0.0,0.016558774282215968
76,0.0004384599999445428,0.28089041972084994,2.0619050701498054e-05,0.00242717344940369,0.07094416805522491
77,0.0,0.0,0.0,0.0,0.0
78,0.00014159874327196608,0.2531108303343534,1.2779751159541775e-05,0.0,0.06331630220719622
79,0.00011470728599377613,0.21764843307538304,5.609545951301698e-06,0.0,0.05444218747683203
80,0.0007712979381496418,0.13446790369336187,0.0005572257214225829,0.000316173160343331,0.034028150128319355
81,0.00026732606417700146,0.14960044761071759,3.148303949274123e-05,0.0,0.037474814178596834
82,0.00011809880573339987,0.002298611031917753,1.2199313459859695e-05,0.0,0.0006072272877777531
83,0.012074915679199985,0.16108533327819655,3.1976698664948344e-05,0.0,0.04329805641401537
84,0.0041776865424303904,0.15668946487136284,1.2138883903389797e-05,1.293320487964024e-05,0.040223055875644065
85,0.026362511650789382,0.8193726569116433,0.0007256080862134695,0.043500034646740134,0.22249020282384657
86,0.0002616300981075326,0.10923864350771535,0.00030890380730852485,0.0,0.027452294353282853
87,0.00027767259926312417,0.0830483653667741,1.4784359336772468e-05,0.0002087684029182156,0.02088739768207305
88,0.00023406629590889236,0.15782590902286242,1.2220614735269919e-05,0.0,0.039518048983376644
89,0.02940228623898765,0.5309076832660999,0.001451140851713717,0.01832928150700344,0.14502259796595118
90,0.005680386753913935,0.17164182280285326,0.00013091079017613083,0.013387878519132923,0.04771024971651906
91,0.0034704707023239744,0.1771374225890444,0.0009420605492778122,0.0008019786208764038,0.045587983115380655
92,0.008525231683264498,0.6018903910991594,0.0002692724810913205,0.004851066377161811,0.15388399041016926
93,0.0044972782726312496,0.3274071358051137,0.0014051569160073996,0.020344757477019536,0.08841358211769297
94,0.0003120397332380345,0.19571475430001922,9.067540668183938e-05,0.0015424107369876507,0.04941497004423169
95,0.005351507078630337,0.1490226283001085,0.0005658434820361435,0.0027045308445426373,0.039411127426329406
96,0.0016483073352750912,0.2874211451845271,5.445958595373668e-05,0.0011594671272249692,0.07257084480824523
97,0.00025744375919645326,0.13693199179043794,0.00017444494005758315,0.0,0.034340970122422994
98,0.0001672514637558188,0.044670884299471206,7.359476876445115e-05,7.825185730253118e-05,0.011247495597323501
99,0.0025941808042007335,0.12552534035771612,0.000700543518178165,0.00181306704442402,0.03265828293112976
100,0.00037550694764518813,0.0742507374572812,0.00026261256425641477,0.0,0.0187222142422957
101,0.0008640126966840702,0.13397146199172663,0.0020760137122124434,0.0,0.034227872100155786
102,0.0017769088896468657,0.28414418953397186,0.00019920466002076864,0.0,0.07153007577090988
103,0.000753975803654494,0.045921480224876514,7.121643284335732e-05,0.0,0.011686668115343591
104,0.00037632159159060684,0.17968243275846904,4.000700209871866e-05,0.0003076919788532353,0.0451016133327529
105,0.0,0.0,0.0,0.0,0.0
106,0.00033442592051235987,0.14874615191136414,4.558615546557121e-05,0.0001613292733808753,0.03732187331518074
107,0.0011424273784283669,0.10129518583229416,0.00010774151451187208,0.0003614382763229136,0.02572669825038933
108,0.0048952230995443465,0.32430455258441054,0.0018400797853246331,0.029484015737620457,0.09013096780172498
109,0.0,0.0,0.0,0.0,0.0
110,0.00024038037173277927,0.1595602759390507,0.0009914160473272204,0.0,0.04019801808952767
111,0.0009714964152560438,0.06468514598075831,1.8222304788650945e-05,0.0,0.01641871617520075
112,0.0035571415847308854,0.08045292306114732,4.489085404202342e-05,0.00029708907099102485,0.021088011142727812
113,0.004616681113439486,0.06485030652900813,5.0621787522686645e-05,0.0016354564074124967,0.0177882664593457
114,0.00011394948779628851,0.13230962841967042,4.313679164624773e-05,0.0,0.03311667867477824
115,0.0029453470930550954,0.1411968316932278,0.001350581063888967,0.003873565443066248,0.03734158132330953
116,0.0013780194127316844,0.24252645440777326,5.700116162188351e-05,0.0,0.06099036874553171
117,0.005465149112239963,0.4221710825630775,0.00014063205162528902,0.004190151171586236,0.10799175372463224
118,0.0011401891720175584,0.14948015032167944,0.0004171981127001345,0.006207245143639868,0.03931119568750925
119,0.000789844545282524,0.15552357864879823,5.077090099803172e-05,0.00047830230169158524,0.03921062409919259
120,0.0,0.0,0.0,0.0,0.0
121,0.004315653828987846,0.2724939076738586,0.00013492675498127937,0.005433845539115843,0.0705945834492359
122,0.000306246935879135,0.05063279922299063,3.0777271604165435e-05,0.0001967367093513663,0.012791640034956324
123,0.00037512151728758973,0.12614776437379543,9.220585343427956e-05,9.097443579836824e-05,0.031676516545078914
124,1.0,0.17963692030203254,1.0,0.4519558914680509,0.6578982029425208
125,0.0037920524864577757,0.07183618852667643,1.5231448742270004e-05,0.004054881864150734,0.019924588581506805
126,0.0,0.0,0.0,0.0,0.0
127,0.00011515905334534718,0.20160722352381863,0.001191641204059124,0.0,0.05072850594530578
128,0.06026094844929651,0.1721098467366586,0.3831139802932739,0.05394959716292087,0.16735859316053747
129,0.004472084787165746,0.10007185679277625,0.005244513042271137,0.01321793008915316,0.030751596177841574
130,0.000418219874993671,0.14344293270850936,4.3638169699988794e-07,0.0,0.035965397241300004
131,0.000832405085887454,0.08249470519366899,4.49778963229619e-06,0.0,0.020832902017297185
132,0.0026991122480110696,0.09712896248030492,9.827530448092148e-06,0.0,0.02495947556469102
133,0.0,0.0,0.0,0.0,0.0
134,0.0,0.0,0.0,0.0,0.0
135,6.324682910624167e-05,0.023550870539195606,8.596006750849483e-07,0.0,0.005903744242244233
136,0.0002412563764122074,0.15973280207636362,2.7610733468463877e-06,0.0,0.039994204881530666
137,0.00012817927890841182,0.0931139337568721,0.0,0.0,0.02331052825894513
138,0.00030012504385528403,0.11672330188394285,0.0,0.0,0.029255856731949532
139,4.731851986774086e-05,0.10882902547131432,0.0,0.0,0.027219085997795513
140,0.0006962343434145817,0.06787989017876261,1.1588410416152328e-05,0.0,0.017146928233148336
141,0.00019722240102020984,0.03629919878368521,0.0,0.0,0.009124105296176355
142,0.001311889281440892,0.05426828062612029,9.003569721244276e-05,0.001767569190579242,0.014359443698838218
143,0.000399559972544153,0.05891915269510734,0.0007606225553900003,0.0,0.015019833805760373
144,0.000297645914190619,0.17485558378261745,8.342036608155468e-07,0.0,0.04378851597511722
145,4.028066394315175e-05,0.04230749795825391,4.521991286310367e-05,0.0,0.010598249633765043
146,0.009810134421912716,0.17941262551760714,0.00015862872533034533,0.0,0.047345347166212554
147,6.210897054086939e-05,0.21463741192789879,0.0,0.0,0.053674880224609915
148,0.0034739390147718596,0.06517289969222043,0.00013167606084607542,0.008425310732683159,0.01930095637513038
149,0.0005086796143101868,0.1126359372050719,6.895504157000687e-06,7.613617297896673e-05,0.028306912124129512
150,0.00014006816817653796,0.12510022283852631,4.0313927456736565e-05,2.2196773026523255e-05,0.031325700426796534
151,0.00018275519205409268,0.08089960401455995,7.991459824552294e-06,0.0,0.020272587666609648
152,0.004605242025529466,0.2999917617786562,0.0009298298391513526,0.015075632697037534,0.08015061658509365
153,0.0004203761627576488,0.14329754230743333,0.00015333988994825631,0.0,0.035967814590034806
154,0.0003213384160865332,0.12140118131241016,5.124296876601875e-05,0.00011165923480522818,0.030471355483016986
155,0.00023496205761356276,0.12402616704607317,9.517323633190244e-05,0.00033441976836363565,0.031172680527095566
156,0.0004752804530114844,0.12914614795337218,0.0001494141761213541,0.0002722762073397131,0.03251077969746118
157,0.0008202644714751972,0.11367678331304583,0.00016985612455755472,0.0011735286654000446,0.028960108143619656
158,0.0007288075159459127,0.09071259909770658,0.00020020085503347218,0.000893919387733671,0.02313388171410491
159,0.0008209504001041039,0.09034867917203092,1.227295069838874e-05,0.0,0.022795475630708353
160,0.0,0.0,0.0,0.0,0.0
161,0.0008514965108032334,0.22146126051780596,0.00012871860235463828,0.0005737874399612292,0.055753815767731266
162,0.000508923277650217,0.1226167372968978,9.511708412901498e-06,0.0003862184226023515,0.030880347676390817
163,0.023909795227741785,0.2500438198906361,0.001862976117990911,0.00389451715610982,0.06992777709811966
164,0.0004957701818737964,0.15766748564603306,6.600477354368195e-05,0.00028973989377486777,0.03962975012380635
165,0.0004916782553017135,0.14147464937496312,0.00042428227607160807,0.0001759795410804298,0.03564164736185422
166,0.06710722110071504,0.1112393412028133,2.679483941392391e-07,0.09880230625261616,0.06928728412613466
167,0.0016357089525536165,0.27843045070178346,6.665146429440938e-06,0.0,0.07001820620019163
168,0.00073583791053137,0.16471485232243557,0.00029691934469155967,0.0,0.041436902394414624
169,0.0004173717221054589,0.2255451274145153,4.7491284931311384e-05,0.0011240729194357932,0.05678351583524696
170,0.0,0.0,0.0,0.0,0.0
171,0.001212527407181636,0.12017635459836702,6.605919770663604e-05,1.932117740356061e-05,0.030368565595164716
172,0.0009018740848694088,0.1361195462114262,2.5330999051220715e-05,0.0,0.034261687823836706
173,0.003182354151189708,0.29030258898011335,0.0,0.0,0.07337123578282577
174,0.0,0.0,0.0,0.0,0.0
175,9.181935186856218e-05,0.1981222623264788,1.339666596322786e-06,0.012804709951625354,0.05275503282414226
176,0.0,0.0,0.0,0.0,0.0
177,0.004769351906480897,0.20455066144547832,0.000125016100355424,0.001497243320739273,0.05273556819326348
178,0.00034886229684637747,0.040506310792093415,7.093358931342664e-07,0.0008603730757841565,0.01042906387515427
179,0.0,0.0,0.0,0.0,0.0
180,0.017883668857709187,0.8146817067299943,0.0005925074219703674,0.029308349211124796,0.21561655805519966
181,0.0,0.0,0.0,0.0,0.0
182,0.0004505244451189595,0.2117439483541282,7.736858970019966e-05,0.00035749630607738035,0.053157334423756177
183,0.0032818018392231545,0.25083733619618365,0.011606460437178612,0.00010172519027455025,0.066456830915715
184,0.000141284513511225,0.0787959201995324,7.037066325210617e-07,0.0,0.019734477104919036
185,0.002045594220946435,0.057266571750113196,1.0765336810436565e-05,0.0,0.014830732826967516
186,0.0,0.0,0.0,0.0,0.0
187,0.000978055325511559,0.12725177066602453,1.6571950254729018e-05,0.0,0.032061599485447706
188,0.00019800903155190556,0.12790395594996268,0.0005394553882069886,0.003075695490853015,0.032929278965143645
189,0.0,0.0,0.0,0.0,0.0
190,0.006245561163152429,0.12774977515406066,0.0,0.0,0.03349883407930327
191,0.00010628892636319234,0.18039373701714173,0.002046888926997781,0.0,0.045636728717625676
192,0.010407154580490853,0.08536285232298627,1.027429516398115e-05,0.0,0.023945070299660275
193,0.0001856847395744073,0.10090561113613344,4.82378482047352e-06,0.0,0.02527402991513208
194,0.00012941295373944964,0.07540138973057486,2.2877153242006898e-05,0.0,0.01888841995938908
195,4.90095943696755e-05,0.07845236569637923,6.080770617700182e-06,0.0,0.019626864015341652
196,0.007256004185476002,0.19384413460849909,0.016251636669039726,0.0021457858671657384,0.05487439033254514
197,0.0003658725521177998,0.09536133878251378,0.0031037332955747843,0.0007159056187519523,0.02488671256223958
198,0.0006715548364419487,0.1388792165611606,0.0003159666957799345,0.0,0.03496668452334562
199,0.0003801872050679108,0.09483470097274097,0.00011425530101405457,0.0004443354617586309,0.02394336973514539
200,0.00019316505915258346,0.15182116459171197,0.0006673073512502015,0.0006703851941268277,0.038338005549060396
201,0.000990178278672927,0.06641196317439838,1.3911895621276926e-05,0.06594809988032937,0.03334103830725549
202,0.0010623306036865177,0.27222762681942997,0.00014754639414604753,0.0,0.06835937595431563
203,0.00021358641103663012,0.006287119414743516,7.952169835334644e-05,3.590220777313712e-05,0.0016540324329766575
204,0.00019882395358672902,0.22175614018499737,1.2076073289790656e-05,0.00014782695436645464,0.05552871679156009
205,0.0013133546189077277,0.1514364753972503,0.0005573427770286798,0.012705666447711258,0.04150320981022449
206,0.0017975289861222135,0.3325860783920357,0.0011704606004059315,0.0010466460927566507,0.08415017851783013
207,0.126176425815842,0.45110890232629075,0.016046907752752304,0.12755670218925572,0.1802222345210352
208,0.000392927729838629,0.09984743792099329,2.706927443796303e-05,0.0002349802699823242,0.025125603798813054
209,0.0002602261893988253,0.11407538682305725,7.501582149416208e-05,0.0,0.028602657208487557
210,0.03618253655684268,0.12637528284160165,0.007231379859149456,0.03220779778644788,0.05049924926101042
211,0.00047498369193202763,0.024186075841876164,0.0003878962015733123,0.0,0.006262238933845376
212,0.000596644361023673,0.06819087541064306,7.594851922476664e-05,0.00160947231104658,0.01761823515048452
213,0.00041284246322060734,0.16721497719748452,8.598122076364234e-05,0.00018220555258733484,0.04197400160851402
214,0.0,0.0,0.0,0.0,0.0
215,0.0004925408520996448,0.04553740377781478,2.1168323655729182e-05,0.0,0.01151277823839254
216,0.00038266102640235623,0.17273495073988243,1.1019470548490062e-05,0.0011770069108223188,0.0435764095369139
217,0.0013102038516768979,0.06394420832176978,0.00011442821414675564,0.0,0.016342210096898357
218,0.000944830602393835,0.27330465315869956,1.3108347047818825e-06,0.0,0.06856269864894954
219,0.0006653695037946482,0.09052135200470655,0.00012944442278239876,0.0,0.0228290414828209
220,0.0001930058875796914,0.06458037470598904,8.839819929562509e-05,0.0,0.016215444698216088
221,0.0002766348701131815,0.10506963931006132,0.00021034569363109767,0.0,0.0263891549684514
222,0.0,0.0,0.0,0.0,0.0
223,0.47779508345722144,0.2507743482682326,0.17967310547828674,1.0,0.4770606343009352
224,0.00014512614207042734,0.0882285049007274,9.93530557025224e-05,0.0,0.022118246024625088
225,0.00015381083318075913,0.05418702763259786,0.0,0.0,0.013585209616444655
226,0.0017696418254469503,0.09610292437989526,4.207607616990572e-06,0.0004612961885641146,0.024584517500380827
227,0.0004524056249434395,0.13056797020313776,6.238364676391939e-06,0.0003666270247239814,0.032848310304370396
228,0.0006384444401701982,0.16987035698269667,5.30337420059368e-05,0.0014903526899182416,0.04301304696369776
229,0.06063867891056806,0.1210673265713686,0.035902492702007294,0.05429375874224028,0.06797556423154606
230,0.0005916203461045286,0.14488677730216315,9.787650014914107e-06,8.251789481417811e-05,0.03639267579827419
231,0.0002469561875206926,0.1585685267094685,3.201219078619033e-05,0.0,0.039711873771943844
232,3.738372421013082e-05,0.08560165510836298,9.009007158056193e-07,0.0,0.02140998493332223
233,0.0,0.0,0.0,0.0,0.0
234,0.00024156498997181264,0.06287606843178677,0.0016633332706987858,0.0,0.01619524167311434
235,0.0012537529261809706,0.14448441437292092,0.0068214968778193,0.0,0.038139916044230296
236,8.228537969262482e-05,0.028139545833416713,0.0,0.0,0.007055457803277335
237,0.0002799540703490814,0.15769576277900152,0.00047826836816966534,0.0,0.03961349630438007
238,0.0007967565399837437,0.18671772741482517,0.0006893823156133294,0.0,0.04705096656760556
239,8.915728612697725e-05,0.11862984992301673,0.0,0.0005520246191156516,0.029817757957064837
240,7.880417462554131e-05,0.15391560511364757,0.00016625062562525272,0.00019991264407190627,0.03859014313949257
241,0.00025758243830967503,0.05345147762237772,0.0006174680893309414,0.0,0.013581632037504584
242,0.00011140578854672903,0.04029116880596038,2.5140006982837804e-06,0.0,0.010101272148801348
243,0.0003708065252655237,0.2694304411413445,0.0,0.0004816119994406328,0.06757071491651266
244,8.851340239527525e-05,0.15707341075158524,0.0,0.0,0.039290481038495126
245,0.00019181138968339472,0.04576439953512714,8.190009248210117e-05,0.0,0.01150952775432316
246,0.0,0.0,0.0,0.0,0.0
247,0.0001369871872002383,0.033925440850231296,0.00018165340588893741,0.0,0.008561020360830118
248,2.06853137083963e-05,0.13175584724735104,1.285713722154469e-07,0.0,0.03294416528310791
249,5.583127219524106e-06,0.23641988025711266,0.0,0.0,0.059106365846083045
250,0.00019588295049142377,0.07989387005383244,0.0,0.0,0.02002243825108097
251,0.0002944755002460872,0.2078185804078669,8.122348162942217e-07,0.0,0.05202846703573232
252,0.00011086413920153282,0.22018199953675535,1.1522503882588353e-05,0.00040847216755217916,0.055178214586847914
253,0.00019128706599951973,0.027323685279538972,3.4469460388208972e-06,0.0,0.006879604822894328
254,0.0004836441362620212,0.23215605685873164,1.8568420273368247e-05,0.0,0.05816456735381676
255,0.00010186546863508583,0.0802755671708177,1.2924964721605647e-05,0.0,0.020097589401043597
256,0.0003781392465966237,0.16798170931618478,1.2811427041015122e-05,3.1617145005566906e-05,0.042101069283707
257,0.0018226646860675364,0.22554861668050133,0.00011549058399396017,0.00808785158560846,0.05889365588404282
258,0.0013270090517978187,0.13384755917715793,0.0001438062754459679,0.0023314137777264224,0.03441244707053203
259,0.0035593087640564103,0.12962106482001107,3.3989974781434285e-06,0.0,0.033295943145386406
260,0.005999446137784424,0.5210270482671693,0.0003064921766053885,0.012131716812730207,0.13486617584857233
261,0.007997275926051898,0.14710376236679296,0.007064813748002052,0.006681665778482676,0.042211879454832395
262,0.0008467679369641428,0.1053610221521578,0.0002552699006628245,0.0009732274876594733,0.02685907186936106
263,0.0014430944751291023,0.0865712815706039,1.9421436547872872e-07,0.0,0.02200364256502462
264,0.017208253954421552,0.376975539667593,0.0007348782964982092,0.1322825178740983,0.13180029744815278
265,0.0003191476350986912,0.05922871973639732,6.40509242657572e-05,0.0,0.01490297957394044
266,0.0,0.0,0.0,0.0,0.0
267,0.0,0.0,0.0,0.0,0.0
268,0.007708972498743694,0.372920248631728,0.00021531089441850781,0.018055013547241934,0.09972488639303304
269,0.0006281145768268566,0.13981801517443884,0.00019421003526076674,0.0008943692002708882,0.03538367724669934
270,0.0008959431196004021,0.20404394814030577,0.00017587146430741996,1.786940957867471e-05,0.051283408033448066
271,0.0001469612121301465,0.13397437856734196,2.699082187973545e-06,0.0,0.03353100971541502
272,0.020629740573766826,0.18879785882677066,0.00043024399201385677,0.00032192882652685875,0.05254494305476955
273,9.224441709806517e-05,0.1340805692933558,1.3898751603846904e-05,0.0011719492165672154,0.03383966541965623
274,0.0030218722422140423,0.14230494536019767,2.416308234387543e-05,0.0,0.036337745171188894
275,0.006669309455798962,0.12258074518641772,3.264134647906758e-05,0.0,0.032320673997173935
276,0.0002816220811750073,0.04100830052947671,2.1503446987480856e-06,0.0,0.010323018238837616
277,0.00032080883422848226,0.03684509618007479,4.0262078982777894e-05,0.0,0.009301541773321513
278,0.008165600983152369,0.14722876729334583,0.0032064560800790787,0.04009373366882951,0.049673639506351695
279,0.00016587259772104452,0.16990914181699945,8.367082045879215e-05,0.00013710015638337486,0.04257394634789067
280,0.00014358583210212218,0.15360266147083942,6.334135491670168e-07,1.724739370112703e-05,0.03844103202754796
281,0.000766772957341761,0.09390937286369039,0.0001767497305991128,0.00014735774298085434,0.02375006332365303
282,0.0002421716179800604,0.20619236547883105,8.818603305371653e-07,0.00028082546673864996,0.05167906110597008
283,0.0003617053042211533,0.06237053641049807,1.936133048729971e-05,0.0,0.01568790076130163
284,2.6079529472727718e-05,0.08256094161521269,9.334918104286771e-06,0.0,0.020649089015697425
285,0.134331339779987,0.15904645096471937,0.5086772441864014,0.10708406654360943,0.2272847753686793
286,0.00023611886798955537,0.10616776887268654,6.916280835866928e-05,0.0011913849437881518,0.026916108873205728
287,0.0004371105423325169,0.10659257016861809,0.0,0.0,0.02675742017773765
288,0.0004144248856455823,0.1471041057998072,9.401252896168444e-07,0.0,0.0368798677026856
289,0.00042869233066177004,0.15249612692700618,0.00018818338867276907,0.0,0.038278250661585175
290,0.0005882669141882291,0.2369168531888783,0.0,0.0,0.059376280025766635
291,0.022471156216906367,1.0,0.0005520515842363238,0.020968390523791812,0.26099789958123365
292,0.0013565606896638958,0.18123239050315954,0.002793676219880581,0.0012680587440965726,0.046662671539200146
293,0.0010132752239013273,0.19784682975857798,3.076019766012905e-06,0.0,0.04971579525056133
294,0.019026725212104394,0.4575620748093218,0.0001137513027060777,0.03839904318180814,0.1287753986264851
295,0.0,0.0,0.0,0.0,0.0
296,0.0007087159821803026,0.07465414172387992,0.00012665527174249291,0.0029946997300448123,0.019621053176961882
297,0.0011917721415131964,0.091542777314971,3.891221695084823e-06,0.0,0.02318461016954482
298,0.002242474597997195,0.08913624125786812,0.00011697482113959268,0.0104907474617522,0.02549660953468928
299,0.00040386582701452554,0.10339866375074024,1.7670292436378077e-05,0.0,0.025955049967547786
300,0.00016745348025202418,0.0806520644924355,5.0317368732066825e-05,0.0,0.0202174588353549
301,0.006834810424402433,0.27575410991897037,1.1427594472479541e-05,0.0,0.07065008698446132
302,0.0,0.0,0.0,0.0,0.0
303,0.0005883025328915589,0.03177085975397397,2.2686062948196195e-05,0.002035221707230976,0.008604267514261176
304,0.0,0.0,0.0,0.0,0.0
305,0.0,0.0,0.0,0.0,0.0
306,0.0002425261589200358,0.06449494912767637,5.4536922107217833e-05,0.0,0.016198003052175905
307,0.00023271277624830898,0.11636194120854243,2.1158464278414613e-06,1.738555305788774e-06,0.029149627096631093
308,8.354298888908743e-05,0.10315088370923403,8.596675615990534e-05,2.4215496498247993e-05,0.02583615223769532
309,0.0,0.0,0.0,0.0,0.0
310,1.8514820718762898e-05,0.22703405947843822,2.2776134755986277e-06,0.0,0.056763712978158146
311,4.550333184249124e-05,0.1625778571956835,1.3542494343710132e-05,0.0,0.040659225755467425
312,0.0,0.0,0.0,0.0,0.0
313,0.0029372529344257807,0.03763579865980231,0.00010804166231537238,0.0,0.010170273314135865
314,7.837763315324436e-05,0.11784616314861564,9.942124597728252e-05,0.00010933198971196492,0.029533323504364533
315,0.0,0.0,0.0,0.0,0.0
316,0.002636657646118047,0.1068791190088998,3.0151617465890013e-05,0.0007659991507839097,0.027577981855816915
317,0.0008380686776840436,0.09277195879135117,0.0003097093431279063,0.00047652350158490514,0.023599065078437006
318,0.00018244683681333814,0.11434822344437796,0.000896718236617744,0.0,0.028856847129452263
319,0.0004901303631726344,0.08237629925611258,1.7853558347269427e-06,0.0,0.020717053743779985
320,0.00031605707951828943,0.09387992707386221,4.659107162297005e-06,0.0,0.0235501608151357
321,0.00034634630267264507,0.08431075559314231,7.013771391939372e-05,0.00023341334947948517,0.02124016323980346
322,0.0029667594893296625,0.2791899937035605,0.004283154383301735,0.008151605990814683,0.07364787839175164
323,0.00042495039397501066,0.1336170992300962,0.0013807793147861958,6.251999537309406e-05,0.033871337233557626
324,0.00022941095586088045,0.1736271157202977,0.00014984630979597569,0.0008062790300789926,0.04370316300400839
325,0.0005112340696712021,0.20903557704005915,7.070118590490893e-05,0.005585155016372186,0.053800666828001865
326,0.0003961579351685963,0.04913914016049615,1.075054478860693e-05,0.0,0.012386512160113338
327,9.252014940406817e-05,0.09429572825908634,7.969628313730936e-06,0.0,0.023599054509201037
328,0.0003031519392880737,0.11437362125096534,3.925457349396311e-06,0.0,0.028670174661900704
329,0.00025448274382148736,0.09981512760843202,3.209405258530751e-05,0.0,0.025025426101209704
330,0.0002005464691799801,0.1590027700247088,4.702196747530252e-07,0.00010622677649897454,0.03982750337251562
331,0.0004600194058457951,0.1485443161678841,4.7078585339477286e-05,0.0,0.03726285353976735
332,0.0004872338224420195,0.14034284333607186,3.295405622338876e-05,0.0002865566743141571,0.03528739697226285
333,0.0005037657292395617,0.08423362967082715,0.00015066096966620535,0.0,0.02122201409243323
334,0.0006624249351830206,0.1168666944791817,0.0002467921585775912,9.003935644665e-05,0.02946648773234724
335,0.0007368829395261416,0.07811258023945167,0.00011259108578087762,0.001203143145159164,0.020041299352479464
336,0.000611807178741591,0.11774534842376008,0.00025805406039580703,0.0009054524463877531,0.02988016552732131
337,0.0002749571016756805,0.08886292439562378,1.172267093352275e-05,0.00044768983842491936,0.022399323501664473
338,0.0017744880556202851,0.06534953045983534,6.215497705852613e-05,0.0,0.01679654337312854
339,0.0008086512075176245,0.09419524803989308,0.0012895796680822968,0.0,0.02407336972887325
340,0.00031112080873517536,0.14166087662173607,5.3105526603758335e-05,3.461300578418522e-05,0.0355149289907148
341,0.0008511371744533479,0.24909328055350177,2.7414580472395755e-06,0.0,0.06248678979650059
342,7.577731046512039e-05,0.11256431200320174,2.7593363483902067e-05,0.0001540036649391112,0.028205421585522472
343,0.00016581933699849014,0.1535100624672142,0.00016221833357121795,0.0,0.038459525034445975
344,0.00016755952920707967,0.0522416314719135,0.00010428098175907508,0.0,0.013128367995719913
345,0.000420915616983695,0.10305670808231797,0.00020845043763983995,3.888592371671056e-05,0.025931240015164555
346,0.00034785895253835314,0.08317176451147298,1.98948855540948e-05,0.0,0.020884879587391356
347,0.0002968604597402094,0.09736230096913272,5.19843160873279e-05,0.0,0.024427786436240065
348,0.0005962723006374482,0.1478632294331057,4.1635230445535854e-05,0.000131246347162647,0.03715809582783783
349,0.0,0.0,0.0,0.0,0.0
350,0.00016301054854055006,0.17554989080657335,4.45610930910334e-06,0.0,0.04392933936610575
351,0.0,0.0,0.0,0.0,0.0
352,0.0009327312111088066,0.10679584896257353,0.00011505020665936172,0.002027276634055666,0.02746772675359934
353,0.0001281730661892054,0.2672249646634163,9.515671081317123e-06,0.00012775847186020995,0.06687260296813675
