,feature,rf,BayesianRidge,xgb,gbr,mean,true_position,TMD,amino_acid
0,1,2.781932694816521e-05,0.0867432412119683,4.438581527210772e-06,0.0,0.0216938747801109,1,CT/EC,M
1,2,0.0002036464834864,0.1470991969390128,1.1618850294325966e-05,0.0002737094991863,0.0368970429429949,2,CT/EC,N
2,3,0.0004686582994952,0.175724667947914,5.000197415938601e-05,0.0010975350959214,0.0443352158293725,3,N-Termina,G
3,4,0.0001639909962742,0.1675345404232848,2.560051143518649e-05,0.0,0.0419310329827485,4,N-Termina,T
4,5,0.000675754906687,0.1031224636350938,1.3001123988942709e-05,0.0,0.0259528049164424,5,N-Termina,E
5,6,0.0022508365703064,0.2489873411082613,0.0001074177635018,0.0010241243819562,0.0630924299560064,6,N-Termina,G
6,7,0.0001069412372988,0.0862058349807298,2.4032846340560358e-05,4.791468007398524e-06,0.0215854001330941,7,N-Termina,P
7,8,0.0002599251447693,0.0753013962634135,8.882569090928882e-05,0.0,0.018912536774773,8,N-Termina,N
8,9,0.0006456831621774,0.1047583073440991,1.8322973119211383e-05,0.0,0.0263555783698489,9,N-Termina,F
9,10,0.0005958425019697,0.1260532443035448,0.0001937906781677,0.0001916021070297,0.0317586198976779,10,N-Termina,Y
10,11,0.0006841033268215,0.0875011880892507,0.0004425067745614,0.0,0.0221569495476584,11,N-Termina,V
11,12,0.0006867780129813,0.1382004056377551,8.435785048277467e-07,0.0006730651096676,0.0348902730847272,12,N-Termina,P
12,13,0.0001049895751816,0.0810941694935495,2.0782237697858363e-05,0.0002754993197806,0.0203738601565524,13,N-Termina,F
13,14,6.432439479966269e-05,0.1226724149512025,1.9089156921836548e-05,0.0,0.0306889571257309,14,N-Termina,S
14,15,0.0004297659167018,0.0749093413831829,1.3883096471545286e-05,0.0,0.018838247599089,15,N-Termina,N
15,16,0.0003860578333329,0.159952559889007,0.0001143893168773,0.0005082055256587,0.040240303141219,16,N-Termina,K
16,17,0.0001497598223799,0.2196370645136635,0.0001701611035969,0.0002823677298957,0.055059838292384,17,N-Termina,T
17,18,0.0003119209880408,0.1678472127450458,6.401189693860943e-06,0.0,0.0420413837306951,18,N-Termina,G
18,19,0.0001336830223717,0.074768746610994,0.0003840507415588,0.0,0.0188216200937311,19,N-Termina,V
19,20,0.0024092564501397,0.1854151522978114,0.0041864984668791,0.0001276845099352,0.0480346479311914,21,N-Termina,R
20,21,0.0005301295965337,0.1136429834605094,3.655560067272745e-05,0.0015051263332846,0.0289286987477501,22,N-Termina,S
21,22,0.0007376514296294,0.1263265584361333,7.954608008731157e-06,0.000287722473286,0.0318399717367644,23,N-Termina,P
22,23,0.0002485868866269,0.1216724234565267,3.0585419153794646e-05,0.0004712114081706,0.0306057017926195,24,N-Termina,F
23,24,0.0001853261765194,0.0628166871317528,2.4073427994153462e-05,0.0,0.0157565216840666,25,N-Termina,E
24,25,9.83951109275392e-05,0.0321847732996683,9.109438906307332e-06,0.0012513121440191,0.0083858974983803,26,N-Termina,A
25,26,5.641047244218338e-05,0.0351553684739868,1.1239249033678789e-05,0.0,0.0088057545488656,27,N-Termina,P
26,27,0.0001380018981268,0.1462299169080086,4.787882517121034e-06,0.0,0.0365931766721631,28,N-Termina,Q
27,28,0.0004057753741081,0.2984126102670457,0.0001010110427159,6.640960369836087e-05,0.074746451571892,29,N-Termina,Y
28,29,0.074605340367162,0.0978343187723299,4.477571201277897e-05,0.0723752103144716,0.0612149112914941,30,N-Termina,Y
29,30,0.0001919662572041,0.1153785644815418,1.7212187231052667e-05,0.0,0.0288969357314942,31,N-Termina,L
30,31,0.0007327223732178,0.0315585302157911,4.900749991065823e-05,0.0,0.0080850650222299,32,N-Termina,A
31,32,0.001996454622596,0.0725639284070443,5.527354005607776e-05,0.0,0.0186539141424241,33,N-Termina,E
32,33,0.0001056020216958,0.066281604816239,6.63645623717457e-05,1.3303716275834553e-05,0.0166167187791456,34,N-Termina,P
33,34,0.0001498878419739,0.1303215145179466,2.452153466947493e-06,0.0,0.0326184636283469,35,N-Termina,W
34,35,0.003630199906503,0.1499081695658299,0.0033465900924056,0.0002440529609899,0.0392822531314321,36,N-Termina,Q
35,36,0.0005698104163495,0.0431363686526357,0.0001822988997446,0.0,0.0109721194921824,37,1,F
36,37,0.0006837187502308,0.0935480521759827,0.0002239993627881,0.0006580689000278,0.0237784597972574,38,1,S
37,38,0.0004476320646018,0.1141158854532433,0.0004009656258858,0.0009068361321259,0.0289678298189642,39,1,M
38,39,4.927974127580881e-05,0.1058279764364672,2.8067017865396338e-06,0.0,0.0264700157198824,40,1,L
39,40,0.0002607077027126,0.0997811443669038,6.366105662891641e-05,0.0005163244781906,0.025155459401109,41,1,A
40,41,0.0016680007106403,0.2103046389724572,5.769636482000351e-05,3.699700280311004e-05,0.0530168332626801,42,1,A
41,42,0.0081479692232307,0.2002707233982063,5.92884753132239e-05,0.0031830483462126,0.0529152573607407,43,1,Y
42,43,0.0001604239251297,0.2203333729894253,0.0001126349452533,0.0039322399867258,0.0561346679616335,44,1,M
43,44,0.0002432518914597,0.1239400177023389,3.345892037032172e-05,0.0,0.0310541821285422,45,1,F
44,45,0.0004893632785599,0.0716206916226931,1.0978541467920875e-05,0.0002122704628179,0.0180833259763847,46,1,L
45,46,0.0090862826518732,0.2650575105242265,0.0003494112170301,0.0,0.0686233010982824,47,1,L
46,47,0.0005179726660425,0.1349949051420935,0.0005023519042879,0.0,0.0340038074281059,48,1,I
47,48,0.0005942096214996,0.1256418326843122,1.752845673763659e-05,6.574766757995474e-05,0.0315798296075323,49,1,M
48,49,0.0003259034600082,0.1051802984710136,1.600309587956872e-05,0.0002587263210928,0.0264452328369985,50,1,L
49,50,0.0008839584994129,0.1779749369454852,0.0002598580613266,0.0,0.0447796883765562,51,1,G
50,51,0.0008301053189523,0.1657283774820687,0.0001532866881461,0.0015269378141454,0.0420596768258281,52,1,F
51,52,0.0002158382040668,0.0809284683095493,0.0002879842941183,0.0,0.0203580727019336,53,1,P
52,53,0.0001547517621794,0.1003628448277553,1.839056312746834e-05,0.0,0.0251339967882655,54,1,I
53,54,0.0,0.0,0.0,0.0,0.0,55,1,N
54,55,0.0004457278619321,0.0897868471488081,5.934000910201576e-06,0.0,0.0225596272529126,56,1,F
55,56,0.0002899810539173,0.0427797254621021,1.518545741419075e-05,0.0001234706390739,0.0108020906531268,57,1,L
56,57,5.209800187184557e-05,0.0919273246625537,0.0,0.0,0.0229948556661064,58,1,T
57,58,0.0001851507873172,0.0364481002611005,7.732075755484402e-05,0.0,0.0091776429514931,59,1,L
58,59,0.0002510188710604,0.1517548766670224,0.0006451613735407,0.0,0.0381627642279059,60,1,Y
59,60,0.001041586238839,0.2635802249442285,0.0003276559000369,0.0001624610033207,0.0662779820216063,61,1,V
60,61,0.0,0.0,0.0,0.0,0.0,62,CT/EC,T
61,62,0.0002818131035128,0.089322311729333,0.0001669991179369,0.0002690704786899,0.0225100486073682,63,CT/EC,V
62,63,0.0003028361893209,0.0817238261200196,6.494222907349467e-05,0.0,0.0205229011346035,64,CT/EC,Q
63,64,7.220253884549143e-05,0.0991147796357641,8.521687959728297e-07,0.0054162052980321,0.0261510099103594,65,CT/EC,H
64,65,0.0,0.0,0.0,0.0,0.0,66,CT/EC,K
65,66,0.0015750797809537,0.3452972805482652,0.0001826112129492,0.0014054716714488,0.0871151108034042,67,CT/EC,K
66,67,0.0,0.0,0.0,0.0,0.0,68,CT/EC,L
67,68,8.521548450813235e-05,0.0173538784476985,1.7534342759972787e-06,0.0,0.0043602118416206,69,CT/EC,R
68,69,0.0694354105253793,0.1095720822530139,0.0355426892638206,0.1635690669879188,0.0945298122575332,70,CT/EC,T
69,70,0.0041822382109362,0.1163575363837681,9.187436080537736e-05,0.0,0.0301579122388774,71,CT/EC,P
70,71,2.647418097469822e-05,0.0499956605322055,0.0,0.0,0.012505533678295,72,CT/EC,L
71,72,0.0,0.0,0.0,0.0,0.0,73,CT/EC,N
72,73,0.0001839797255675,0.0953434530177405,5.471372332976898e-06,0.0001405452546338,0.0239183623425687,74,2,Y
73,74,0.000353458417003,0.2621431196484174,0.0,0.0005706854861421,0.0657668158878906,75,2,I
74,75,0.0026752702327469,0.0635496018191682,1.0225076948700009e-05,0.0,0.0165587742822159,76,2,L
75,76,0.0004384599999445,0.2808904197208499,2.061905070149805e-05,0.0024271734494036,0.0709441680552249,77,2,L
76,77,0.0,0.0,0.0,0.0,0.0,78,2,N
77,78,0.0001415987432719,0.2531108303343534,1.2779751159541776e-05,0.0,0.0633163022071962,79,2,L
78,79,0.0001147072859937,0.217648433075383,5.609545951301698e-06,0.0,0.054442187476832,80,2,A
79,80,0.0007712979381496,0.1344679036933618,0.0005572257214225,0.0003161731603433,0.0340281501283193,81,2,V
80,81,0.000267326064177,0.1496004476107175,3.148303949274123e-05,0.0,0.0374748141785968,82,2,A
81,82,0.0001180988057333,0.0022986110319177,1.2199313459859695e-05,0.0,0.0006072272877777,83,2,D
82,83,0.0120749156791999,0.1610853332781965,3.1976698664948344e-05,0.0,0.0432980564140153,84,2,L
83,84,0.0041776865424303,0.1566894648713628,1.2138883903389797e-05,1.293320487964024e-05,0.040223055875644,85,2,F
84,85,0.0263625116507893,0.8193726569116433,0.0007256080862134,0.0435000346467401,0.2224902028238465,86,2,M
85,86,0.0002616300981075,0.1092386435077153,0.0003089038073085,0.0,0.0274522943532828,87,2,V
86,87,0.0002776725992631,0.0830483653667741,1.4784359336772468e-05,0.0002087684029182,0.020887397682073,88,2,F
87,88,0.0002340662959088,0.1578259090228624,1.222061473526992e-05,0.0,0.0395180489833766,89,2,G
88,89,0.0294022862389876,0.5309076832660999,0.0014511408517137,0.0183292815070034,0.1450225979659511,90,2,G
89,90,0.0056803867539139,0.1716418228028532,0.0001309107901761,0.0133878785191329,0.047710249716519,91,2,F
90,91,0.0034704707023239,0.1771374225890444,0.0009420605492778,0.0008019786208764,0.0455879831153806,92,2,T
91,92,0.0085252316832644,0.6018903910991594,0.0002692724810913,0.0048510663771618,0.1538839904101692,93,2,T
92,93,0.0044972782726312,0.3274071358051137,0.0014051569160073,0.0203447574770195,0.0884135821176929,94,2,T
93,94,0.000312039733238,0.1957147543000192,9.067540668183938e-05,0.0015424107369876,0.0494149700442316,95,2,L
94,95,0.0053515070786303,0.1490226283001085,0.0005658434820361,0.0027045308445426,0.0394111274263294,96,CT/EC,Y
95,96,0.001648307335275,0.2874211451845271,5.445958595373668e-05,0.0011594671272249,0.0725708448082452,97,CT/EC,T
96,97,0.0002574437591964,0.1369319917904379,0.0001744449400575,0.0,0.0343409701224229,98,CT/EC,S
97,98,0.0001672514637558,0.0446708842994712,7.359476876445115e-05,7.825185730253118e-05,0.0112474955973235,99,CT/EC,L
98,99,0.0025941808042007,0.1255253403577161,0.0007005435181781,0.001813067044424,0.0326582829311297,100,CT/EC,H
99,100,0.0003755069476451,0.0742507374572812,0.0002626125642564,0.0,0.0187222142422957,101,CT/EC,G
100,101,0.000864012696684,0.1339714619917266,0.0020760137122124,0.0,0.0342278721001557,102,CT/EC,Y
101,102,0.0017769088896468,0.2841441895339718,0.0001992046600207,0.0,0.0715300757709098,103,CT/EC,F
102,103,0.0007539758036544,0.0459214802248765,7.121643284335732e-05,0.0,0.0116866681153435,104,CT/EC,V
103,104,0.0003763215915906,0.179682432758469,4.000700209871866e-05,0.0003076919788532,0.0451016133327529,105,CT/EC,F
104,105,0.0,0.0,0.0,0.0,0.0,106,CT/EC,G
105,106,0.0003344259205123,0.1487461519113641,4.558615546557121e-05,0.0001613292733808,0.0373218733151807,107,CT/EC,P
106,107,0.0011424273784283,0.1012951858322941,0.0001077415145118,0.0003614382763229,0.0257266982503893,108,CT/EC,T
107,108,0.0048952230995443,0.3243045525844105,0.0018400797853246,0.0294840157376204,0.0901309678017249,109,CT/EC,G
108,109,0.0,0.0,0.0,0.0,0.0,110,CT/EC,C
109,110,0.0002403803717327,0.1595602759390507,0.0009914160473272,0.0,0.0401980180895276,111,3,N
110,111,0.000971496415256,0.0646851459807583,1.8222304788650945e-05,0.0,0.0164187161752007,112,3,L
111,112,0.0035571415847308,0.0804529230611473,4.489085404202342e-05,0.000297089070991,0.0210880111427278,113,3,E
112,113,0.0046166811134394,0.0648503065290081,5.0621787522686645e-05,0.0016354564074124,0.0177882664593457,114,3,G
113,114,0.0001139494877962,0.1323096284196704,4.313679164624773e-05,0.0,0.0331166786747782,115,3,F
114,115,0.002945347093055,0.1411968316932278,0.0013505810638889,0.0038735654430662,0.0373415813233095,116,3,F
115,116,0.0013780194127316,0.2425264544077732,5.700116162188351e-05,0.0,0.0609903687455317,117,3,A
116,117,0.0054651491122399,0.4221710825630775,0.0001406320516252,0.0041901511715862,0.1079917537246322,118,3,T
117,118,0.0011401891720175,0.1494801503216794,0.0004171981127001,0.0062072451436398,0.0393111956875092,119,3,L
118,119,0.0007898445452825,0.1555235786487982,5.077090099803172e-05,0.0004783023016915,0.0392106240991925,120,3,G
119,120,0.0,0.0,0.0,0.0,0.0,121,3,G
120,121,0.0043156538289878,0.2724939076738586,0.0001349267549812,0.0054338455391158,0.0705945834492359,122,3,E
121,122,0.0003062469358791,0.0506327992229906,3.0777271604165435e-05,0.0001967367093513,0.0127916400349563,123,3,I
122,123,0.0003751215172875,0.1261477643737954,9.220585343427956e-05,9.097443579836824e-05,0.0316765165450789,124,3,A
123,124,1.0,0.1796369203020325,1.0,0.4519558914680509,0.6578982029425208,125,3,L
124,125,0.0037920524864577,0.0718361885266764,1.5231448742270004e-05,0.0040548818641507,0.0199245885815068,126,3,W
125,126,0.0,0.0,0.0,0.0,0.0,127,3,S
126,127,0.0001151590533453,0.2016072235238186,0.0011916412040591,0.0,0.0507285059453057,128,3,L
127,128,0.0602609484492965,0.1721098467366586,0.3831139802932739,0.0539495971629208,0.1673585931605374,129,3,V
128,129,0.0044720847871657,0.1000718567927762,0.0052445130422711,0.0132179300891531,0.0307515961778415,130,3,V
129,130,0.0004182198749936,0.1434429327085093,4.3638169699988804e-07,0.0,0.0359653972413,131,3,L
130,131,0.0008324050858874,0.0824947051936689,4.49778963229619e-06,0.0,0.0208329020172971,132,3,A
131,132,0.002699112248011,0.0971289624803049,9.827530448092148e-06,0.0,0.024959475564691,133,CT/EC,I
132,133,0.0,0.0,0.0,0.0,0.0,134,CT/EC,E
133,134,0.0,0.0,0.0,0.0,0.0,135,CT/EC,R
134,135,6.324682910624167e-05,0.0235508705391956,8.596006750849483e-07,0.0,0.0059037442422442,136,CT/EC,Y
135,136,0.0002412563764122,0.1597328020763636,2.761073346846388e-06,0.0,0.0399942048815306,137,CT/EC,V
136,137,0.0001281792789084,0.0931139337568721,0.0,0.0,0.0233105282589451,138,CT/EC,V
137,138,0.0003001250438552,0.1167233018839428,0.0,0.0,0.0292558567319495,139,CT/EC,V
138,139,4.731851986774086e-05,0.1088290254713143,0.0,0.0,0.0272190859977955,140,CT/EC,C
139,140,0.0006962343434145,0.0678798901787626,1.1588410416152328e-05,0.0,0.0171469282331483,141,CT/EC,K
140,141,0.0001972224010202,0.0362991987836852,0.0,0.0,0.0091241052961763,142,CT/EC,P
141,142,0.0013118892814408,0.0542682806261202,9.003569721244276e-05,0.0017675691905792,0.0143594436988382,143,CT/EC,M
142,143,0.0003995599725441,0.0589191526951073,0.00076062255539,0.0,0.0150198338057603,144,CT/EC,S
143,144,0.0002976459141906,0.1748555837826174,8.342036608155468e-07,0.0,0.0437885159751172,145,CT/EC,N
144,145,4.028066394315175e-05,0.0423074979582539,4.521991286310367e-05,0.0,0.010598249633765,146,CT/EC,F
145,146,0.0098101344219127,0.1794126255176071,0.0001586287253303,0.0,0.0473453471662125,147,CT/EC,R
146,147,6.210897054086939e-05,0.2146374119278987,0.0,0.0,0.0536748802246099,148,CT/EC,F
147,148,0.0034739390147718,0.0651728996922204,0.000131676060846,0.0084253107326831,0.0193009563751303,149,CT/EC,G
148,149,0.0005086796143101,0.1126359372050719,6.895504157000687e-06,7.613617297896673e-05,0.0283069121241295,150,CT/EC,E
149,150,0.0001400681681765,0.1251002228385263,4.0313927456736565e-05,2.219677302652325e-05,0.0313257004267965,151,CT/EC,N
150,151,0.000182755192054,0.0808996040145599,7.991459824552294e-06,0.0,0.0202725876666096,152,CT/EC,H
151,152,0.0046052420255294,0.2999917617786562,0.0009298298391513,0.0150756326970375,0.0801506165850936,153,4,A
152,153,0.0004203761627576,0.1432975423074333,0.0001533398899482,0.0,0.0359678145900348,154,4,I
153,154,0.0003213384160865,0.1214011813124101,5.124296876601875e-05,0.0001116592348052,0.0304713554830169,155,4,M
154,155,0.0002349620576135,0.1240261670460731,9.517323633190244e-05,0.0003344197683636,0.0311726805270955,156,4,G
155,156,0.0004752804530114,0.1291461479533721,0.0001494141761213,0.0002722762073397,0.0325107796974611,157,4,V
156,157,0.0008202644714751,0.1136767833130458,0.0001698561245575,0.0011735286654,0.0289601081436196,158,4,A
157,158,0.0007288075159459,0.0907125990977065,0.0002002008550334,0.0008939193877336,0.0231338817141049,159,4,F
158,159,0.0008209504001041,0.0903486791720309,1.227295069838874e-05,0.0,0.0227954756307083,160,4,T
159,160,0.0,0.0,0.0,0.0,0.0,161,4,W
160,161,0.0008514965108032,0.2214612605178059,0.0001287186023546,0.0005737874399612,0.0557538157677312,162,4,V
161,162,0.0005089232776502,0.1226167372968978,9.511708412901498e-06,0.0003862184226023,0.0308803476763908,163,4,M
162,163,0.0239097952277417,0.2500438198906361,0.0018629761179909,0.0038945171561098,0.0699277770981196,164,4,A
163,164,0.0004957701818737,0.157667485646033,6.600477354368195e-05,0.0002897398937748,0.0396297501238063,165,4,L
164,165,0.0004916782553017,0.1414746493749631,0.0004242822760716,0.0001759795410804,0.0356416473618542,166,4,A
165,166,0.067107221100715,0.1112393412028133,2.679483941392391e-07,0.0988023062526161,0.0692872841261346,167,4,C
166,167,0.0016357089525536,0.2784304507017834,6.665146429440938e-06,0.0,0.0700182062001916,168,4,A
167,168,0.0007358379105313,0.1647148523224355,0.0002969193446915,0.0,0.0414369023944146,169,4,A
168,169,0.0004173717221054,0.2255451274145153,4.749128493131138e-05,0.0011240729194357,0.0567835158352469,170,4,P
169,170,0.0,0.0,0.0,0.0,0.0,171,4,P
170,171,0.0012125274071816,0.120176354598367,6.605919770663604e-05,1.932117740356061e-05,0.0303685655951647,172,4,L
171,172,0.0009018740848694,0.1361195462114262,2.5330999051220715e-05,0.0,0.0342616878238367,173,4,V
172,173,0.0031823541511897,0.2903025889801133,0.0,0.0,0.0733712357828257,174,CT/EC,G
173,174,0.0,0.0,0.0,0.0,0.0,175,CT/EC,W
174,175,9.181935186856218e-05,0.1981222623264788,1.339666596322786e-06,0.0128047099516253,0.0527550328241422,176,CT/EC,S
175,176,0.0,0.0,0.0,0.0,0.0,177,CT/EC,R
176,177,0.0047693519064808,0.2045506614454783,0.0001250161003554,0.0014972433207392,0.0527355681932634,178,CT/EC,Y
177,178,0.0003488622968463,0.0405063107920934,7.093358931342664e-07,0.0008603730757841,0.0104290638751542,179,CT/EC,I
178,179,0.0,0.0,0.0,0.0,0.0,180,CT/EC,P
179,180,0.0178836688577091,0.8146817067299943,0.0005925074219703,0.0293083492111247,0.2156165580551996,181,CT/EC,E
180,181,0.0,0.0,0.0,0.0,0.0,182,CT/EC,G
181,182,0.0004505244451189,0.2117439483541282,7.736858970019966e-05,0.0003574963060773,0.0531573344237561,183,CT/EC,M
182,183,0.0032818018392231,0.2508373361961836,0.0116064604371786,0.0001017251902745,0.066456830915715,184,CT/EC,Q
183,184,0.0001412845135112,0.0787959201995324,7.037066325210617e-07,0.0,0.019734477104919,185,CT/EC,C
184,185,0.0020455942209464,0.0572665717501131,1.0765336810436564e-05,0.0,0.0148307328269675,186,CT/EC,S
185,186,0.0,0.0,0.0,0.0,0.0,187,CT/EC,C
186,187,0.0009780553255115,0.1272517706660245,1.6571950254729018e-05,0.0,0.0320615994854477,188,CT/EC,G
187,188,0.0001980090315519,0.1279039559499626,0.0005394553882069,0.003075695490853,0.0329292789651436,189,CT/EC,I
188,189,0.0,0.0,0.0,0.0,0.0,190,CT/EC,D
189,190,0.0062455611631524,0.1277497751540606,0.0,0.0,0.0334988340793032,191,CT/EC,Y
190,191,0.0001062889263631,0.1803937370171417,0.0020468889269977,0.0,0.0456367287176256,192,CT/EC,Y
191,192,0.0104071545804908,0.0853628523229862,1.027429516398115e-05,0.0,0.0239450702996602,193,CT/EC,T
192,193,0.0001856847395744,0.1009056111361334,4.82378482047352e-06,0.0,0.025274029915132,194,CT/EC,P
193,194,0.0001294129537394,0.0754013897305748,2.2877153242006895e-05,0.0,0.018888419959389,195,CT/EC,H
194,195,4.90095943696755e-05,0.0784523656963792,6.080770617700182e-06,0.0,0.0196268640153416,196,CT/EC,E
195,196,0.007256004185476,0.193844134608499,0.0162516366690397,0.0021457858671657,0.0548743903325451,197,CT/EC,E
196,197,0.0003658725521177,0.0953613387825137,0.0031037332955747,0.0007159056187519,0.0248867125622395,198,CT/EC,T
197,198,0.0006715548364419,0.1388792165611606,0.0003159666957799,0.0,0.0349666845233456,199,CT/EC,N
198,199,0.0003801872050679,0.0948347009727409,0.000114255301014,0.0004443354617586,0.0239433697351453,200,CT/EC,N
199,200,0.0001931650591525,0.1518211645917119,0.0006673073512502,0.0006703851941268,0.0383380055490603,201,CT/EC,E
200,201,0.0009901782786729,0.0664119631743983,1.3911895621276926e-05,0.0659480998803293,0.0333410383072554,202,CT/EC,S
201,202,0.0010623306036865,0.2722276268194299,0.000147546394146,0.0,0.0683593759543156,203,5,F
202,203,0.0002135864110366,0.0062871194147435,7.952169835334644e-05,3.590220777313712e-05,0.0016540324329766,204,5,V
203,204,0.0001988239535867,0.2217561401849973,1.2076073289790656e-05,0.0001478269543664,0.05552871679156,205,5,I
204,205,0.0013133546189077,0.1514364753972503,0.0005573427770286,0.0127056664477112,0.0415032098102244,206,5,Y
205,206,0.0017975289861222,0.3325860783920357,0.0011704606004059,0.0010466460927566,0.0841501785178301,207,5,M
206,207,0.126176425815842,0.4511089023262907,0.0160469077527523,0.1275567021892557,0.1802222345210352,208,5,F
207,208,0.0003929277298386,0.0998474379209932,2.706927443796303e-05,0.0002349802699823,0.025125603798813,209,5,V
208,209,0.0002602261893988,0.1140753868230572,7.501582149416208e-05,0.0,0.0286026572084875,210,5,V
209,210,0.0361825365568426,0.1263752828416016,0.0072313798591494,0.0322077977864478,0.0504992492610104,211,5,H
210,211,0.000474983691932,0.0241860758418761,0.0003878962015733,0.0,0.0062622389338453,212,5,F
211,212,0.0005966443610236,0.068190875410643,7.594851922476664e-05,0.0016094723110465,0.0176182351504845,213,5,I
212,213,0.0004128424632206,0.1672149771974845,8.598122076364234e-05,0.0001822055525873,0.041974001608514,214,5,I
213,214,0.0,0.0,0.0,0.0,0.0,215,5,P
214,215,0.0004925408520996,0.0455374037778147,2.1168323655729185e-05,0.0,0.0115127782383925,216,5,L
215,216,0.0003826610264023,0.1727349507398824,1.1019470548490062e-05,0.0011770069108223,0.0435764095369139,217,5,I
216,217,0.0013102038516768,0.0639442083217697,0.0001144282141467,0.0,0.0163422100968983,218,5,V
217,218,0.0009448306023938,0.2733046531586995,1.3108347047818825e-06,0.0,0.0685626986489495,219,5,I
218,219,0.0006653695037946,0.0905213520047065,0.0001294444227823,0.0,0.0228290414828209,220,5,F
219,220,0.0001930058875796,0.064580374705989,8.839819929562509e-05,0.0,0.016215444698216,221,5,F
220,221,0.0002766348701131,0.1050696393100613,0.000210345693631,0.0,0.0263891549684514,222,5,C
221,222,0.0,0.0,0.0,0.0,0.0,223,5,Y
222,223,0.4777950834572214,0.2507743482682326,0.1796731054782867,1.0,0.4770606343009352,224,5,G
223,224,0.0001451261420704,0.0882285049007274,9.93530557025224e-05,0.0,0.022118246024625,225,CT/EC,Q
224,225,0.0001538108331807,0.0541870276325978,0.0,0.0,0.0135852096164446,226,CT/EC,L
225,226,0.0017696418254469,0.0961029243798952,4.207607616990572e-06,0.0004612961885641,0.0245845175003808,227,CT/EC,V
226,227,0.0004524056249434,0.1305679702031377,6.238364676391939e-06,0.0003666270247239,0.0328483103043703,228,CT/EC,F
227,228,0.0006384444401701,0.1698703569826966,5.30337420059368e-05,0.0014903526899182,0.0430130469636977,229,CT/EC,T
228,229,0.060638678910568,0.1210673265713686,0.0359024927020072,0.0542937587422402,0.067975564231546,230,CT/EC,V
229,230,0.0005916203461045,0.1448867773021631,9.787650014914108e-06,8.251789481417811e-05,0.0363926757982741,231,CT/EC,K
230,231,0.0002469561875206,0.1585685267094685,3.201219078619033e-05,0.0,0.0397118737719438,232,CT/EC,E
231,232,3.738372421013082e-05,0.0856016551083629,9.009007158056192e-07,0.0,0.0214099849333222,233,CT/EC,A
232,233,0.0,0.0,0.0,0.0,0.0,234,CT/EC,A
233,234,0.0002415649899718,0.0628760684317867,0.0016633332706987,0.0,0.0161952416731143,235,CT/EC,A
234,235,0.0012537529261809,0.1444844143729209,0.0068214968778193,0.0,0.0381399160442302,236,CT/EC,Q
235,236,8.228537969262482e-05,0.0281395458334167,0.0,0.0,0.0070554578032773,237,CT/EC,Q
236,237,0.000279954070349,0.1576957627790015,0.0004782683681696,0.0,0.03961349630438,238,CT/EC,Q
237,238,0.0007967565399837,0.1867177274148251,0.0006893823156133,0.0,0.0470509665676055,239,CT/EC,E
238,239,8.915728612697725e-05,0.1186298499230167,0.0,0.0005520246191156,0.0298177579570648,240,CT/EC,S
239,240,7.880417462554131e-05,0.1539156051136475,0.0001662506256252,0.0001999126440719,0.0385901431394925,241,CT/EC,A
240,241,0.0002575824383096,0.0534514776223777,0.0006174680893309,0.0,0.0135816320375045,242,CT/EC,T
241,242,0.0001114057885467,0.0402911688059603,2.5140006982837804e-06,0.0,0.0101012721488013,243,CT/EC,T
242,243,0.0003708065252655,0.2694304411413445,0.0,0.0004816119994406,0.0675707149165126,244,CT/EC,Q
243,244,8.851340239527525e-05,0.1570734107515852,0.0,0.0,0.0392904810384951,245,CT/EC,K
244,245,0.0001918113896833,0.0457643995351271,8.190009248210117e-05,0.0,0.0115095277543231,246,CT/EC,A
245,246,0.0,0.0,0.0,0.0,0.0,247,CT/EC,E
246,247,0.0001369871872002,0.0339254408502312,0.0001816534058889,0.0,0.0085610203608301,248,CT/EC,K
247,248,2.06853137083963e-05,0.131755847247351,1.285713722154469e-07,0.0,0.0329441652831079,249,CT/EC,E
248,249,5.583127219524106e-06,0.2364198802571126,0.0,0.0,0.059106365846083,250,CT/EC,V
249,250,0.0001958829504914,0.0798938700538324,0.0,0.0,0.0200224382510809,251,CT/EC,T
250,251,0.000294475500246,0.2078185804078669,8.122348162942217e-07,0.0,0.0520284670357323,252,CT/EC,R
251,252,0.0001108641392015,0.2201819995367553,1.1522503882588351e-05,0.0004084721675521,0.0551782145868479,253,6,M
252,253,0.0001912870659995,0.0273236852795389,3.446946038820897e-06,0.0,0.0068796048228943,254,6,V
253,254,0.000483644136262,0.2321560568587316,1.8568420273368247e-05,0.0,0.0581645673538167,255,6,I
254,255,0.000101865468635,0.0802755671708177,1.2924964721605647e-05,0.0,0.0200975894010435,256,6,I
255,256,0.0003781392465966,0.1679817093161847,1.2811427041015122e-05,3.1617145005566906e-05,0.042101069283707,257,6,M
256,257,0.0018226646860675,0.2255486166805013,0.0001154905839939,0.0080878515856084,0.0588936558840428,258,6,V
257,258,0.0013270090517978,0.1338475591771579,0.0001438062754459,0.0023314137777264,0.034412447070532,259,6,I
258,259,0.0035593087640564,0.129621064820011,3.3989974781434285e-06,0.0,0.0332959431453864,260,6,A
259,260,0.0059994461377844,0.5210270482671693,0.0003064921766053,0.0121317168127302,0.1348661758485723,261,6,F
260,261,0.0079972759260518,0.1471037623667929,0.007064813748002,0.0066816657784826,0.0422118794548323,262,6,L
261,262,0.0008467679369641,0.1053610221521578,0.0002552699006628,0.0009732274876594,0.026859071869361,263,6,I
262,263,0.0014430944751291,0.0865712815706039,1.9421436547872872e-07,0.0,0.0220036425650246,264,6,C
263,264,0.0172082539544215,0.376975539667593,0.0007348782964982,0.1322825178740983,0.1318002974481527,265,6,W
264,265,0.0003191476350986,0.0592287197363973,6.40509242657572e-05,0.0,0.0149029795739404,266,6,L
265,266,0.0,0.0,0.0,0.0,0.0,267,6,P
266,267,0.0,0.0,0.0,0.0,0.0,268,6,Y
267,268,0.0077089724987436,0.372920248631728,0.0002153108944185,0.0180550135472419,0.099724886393033,269,6,A
268,269,0.0006281145768268,0.1398180151744388,0.0001942100352607,0.0008943692002708,0.0353836772466993,270,6,G
269,270,0.0008959431196004,0.2040439481403057,0.0001758714643074,1.786940957867471e-05,0.051283408033448,271,6,V
270,271,0.0001469612121301,0.1339743785673419,2.699082187973545e-06,0.0,0.033531009715415,272,6,A
271,272,0.0206297405737668,0.1887978588267706,0.0004302439920138,0.0003219288265268,0.0525449430547695,273,6,F
272,273,9.224441709806516e-05,0.1340805692933558,1.3898751603846904e-05,0.0011719492165672,0.0338396654196562,274,6,Y
273,274,0.003021872242214,0.1423049453601976,2.416308234387543e-05,0.0,0.0363377451711888,275,CT/EC,I
274,275,0.0066693094557989,0.1225807451864177,3.264134647906758e-05,0.0,0.0323206739971739,276,CT/EC,F
275,276,0.000281622081175,0.0410083005294767,2.1503446987480856e-06,0.0,0.0103230182388376,277,CT/EC,T
276,277,0.0003208088342284,0.0368450961800747,4.026207898277789e-05,0.0,0.0093015417733215,278,CT/EC,H
277,278,0.0081656009831523,0.1472287672933458,0.003206456080079,0.0400937336688295,0.0496736395063516,279,CT/EC,Q
278,279,0.000165872597721,0.1699091418169994,8.367082045879215e-05,0.0001371001563833,0.0425739463478906,280,CT/EC,G
279,280,0.0001435858321021,0.1536026614708394,6.334135491670168e-07,1.724739370112703e-05,0.0384410320275479,281,CT/EC,S
280,281,0.0007667729573417,0.0939093728636903,0.0001767497305991,0.0001473577429808,0.023750063323653,282,CT/EC,D
281,282,0.00024217161798,0.206192365478831,8.818603305371653e-07,0.0002808254667386,0.05167906110597,283,CT/EC,F
282,283,0.0003617053042211,0.062370536410498,1.936133048729971e-05,0.0,0.0156879007613016,284,CT/EC,G
283,284,2.607952947272772e-05,0.0825609416152126,9.334918104286771e-06,0.0,0.0206490890156974,285,CT/EC,P
284,285,0.134331339779987,0.1590464509647193,0.5086772441864014,0.1070840665436094,0.2272847753686793,286,CT/EC,I
285,286,0.0002361188679895,0.1061677688726865,6.916280835866928e-05,0.0011913849437881,0.0269161088732057,287,7,F
286,287,0.0004371105423325,0.106592570168618,0.0,0.0,0.0267574201777376,288,7,M
287,288,0.0004144248856455,0.1471041057998072,9.401252896168444e-07,0.0,0.0368798677026856,289,7,T
288,289,0.0004286923306617,0.1524961269270061,0.0001881833886727,0.0,0.0382782506615851,290,7,I
289,290,0.0005882669141882,0.2369168531888783,0.0,0.0,0.0593762800257666,291,7,P
290,291,0.0224711562169063,1.0,0.0005520515842363,0.0209683905237918,0.2609978995812336,292,7,A
291,292,0.0013565606896638,0.1812323905031595,0.0027936762198805,0.0012680587440965,0.0466626715392001,293,7,F
292,293,0.0010132752239013,0.1978468297585779,3.076019766012905e-06,0.0,0.0497157952505613,294,7,F
293,294,0.0190267252121043,0.4575620748093218,0.000113751302706,0.0383990431818081,0.1287753986264851,295,7,A
294,295,0.0,0.0,0.0,0.0,0.0,296,7,K
295,296,0.0007087159821803,0.0746541417238799,0.0001266552717424,0.0029946997300448,0.0196210531769618,297,7,T
296,297,0.0011917721415131,0.091542777314971,3.891221695084823e-06,0.0,0.0231846101695448,298,7,S
297,298,0.0022424745979971,0.0891362412578681,0.0001169748211395,0.0104907474617522,0.0254966095346892,299,7,A
298,299,0.0004038658270145,0.1033986637507402,1.7670292436378077e-05,0.0,0.0259550499675477,300,7,V
299,300,0.000167453480252,0.0806520644924355,5.0317368732066825e-05,0.0,0.0202174588353549,301,7,Y
300,301,0.0068348104244024,0.2757541099189703,1.142759447247954e-05,0.0,0.0706500869844613,302,7,N
301,302,0.0,0.0,0.0,0.0,0.0,303,7,P
302,303,0.0005883025328915,0.0317708597539739,2.2686062948196195e-05,0.0020352217072309,0.0086042675142611,304,7,V
303,304,0.0,0.0,0.0,0.0,0.0,305,7,I
304,305,0.0,0.0,0.0,0.0,0.0,306,7,Y
305,306,0.00024252615892,0.0644949491276763,5.4536922107217833e-05,0.0,0.0161980030521759,307,7,I
306,307,0.0002327127762483,0.1163619412085424,2.1158464278414613e-06,1.738555305788774e-06,0.029149627096631,308,7,M
307,308,8.354298888908743e-05,0.103150883709234,8.596675615990534e-05,2.4215496498247996e-05,0.0258361522376953,309,CT/EC,M
308,309,0.0,0.0,0.0,0.0,0.0,310,CT/EC,N
309,310,1.8514820718762895e-05,0.2270340594784382,2.277613475598628e-06,0.0,0.0567637129781581,311,CT/EC,K
310,311,4.550333184249124e-05,0.1625778571956835,1.3542494343710132e-05,0.0,0.0406592257554674,312,CT/EC,Q
311,312,0.0,0.0,0.0,0.0,0.0,313,CT/EC,F
312,313,0.0029372529344257,0.0376357986598023,0.0001080416623153,0.0,0.0101702733141358,314,CT/EC,R
313,314,7.837763315324436e-05,0.1178461631486156,9.942124597728252e-05,0.0001093319897119,0.0295333235043645,315,CT/EC,N
314,315,0.0,0.0,0.0,0.0,0.0,316,CT/EC,C
315,316,0.002636657646118,0.1068791190088998,3.0151617465890013e-05,0.0007659991507839,0.0275779818558169,317,CT/EC,M
316,317,0.000838068677684,0.0927719587913511,0.0003097093431279,0.0004765235015849,0.023599065078437,318,CT/EC,V
317,318,0.0001824468368133,0.1143482234443779,0.0008967182366177,0.0,0.0288568471294522,319,CT/EC,T
318,319,0.0004901303631726,0.0823762992561125,1.7853558347269427e-06,0.0,0.0207170537437799,320,CT/EC,T
319,320,0.0003160570795182,0.0938799270738622,4.659107162297005e-06,0.0,0.0235501608151357,321,CT/EC,L
320,321,0.0003463463026726,0.0843107555931423,7.013771391939372e-05,0.0002334133494794,0.0212401632398034,322,CT/EC,C
321,322,0.0029667594893296,0.2791899937035605,0.0042831543833017,0.0081516059908146,0.0736478783917516,323,CT/EC,C
322,323,0.000424950393975,0.1336170992300962,0.0013807793147861,6.251999537309406e-05,0.0338713372335576,324,CT/EC,G
323,324,0.0002294109558608,0.1736271157202977,0.0001498463097959,0.0008062790300789,0.0437031630040083,325,CT/EC,K
324,325,0.0005112340696712,0.2090355770400591,7.070118590490893e-05,0.0055851550163721,0.0538006668280018,326,CT/EC,N
325,326,0.0003961579351685,0.0491391401604961,1.075054478860693e-05,0.0,0.0123865121601133,327,CT/EC,P
326,327,9.252014940406817e-05,0.0942957282590863,7.969628313730936e-06,0.0,0.023599054509201,328,CT/EC,L
327,328,0.000303151939288,0.1143736212509653,3.925457349396311e-06,0.0,0.0286701746619007,329,CT/EC,G
328,329,0.0002544827438214,0.099815127608432,3.209405258530751e-05,0.0,0.0250254261012097,330,CT/EC,D
329,330,0.0002005464691799,0.1590027700247088,4.702196747530252e-07,0.0001062267764989,0.0398275033725156,331,CT/EC,D
330,331,0.0004600194058457,0.1485443161678841,4.7078585339477286e-05,0.0,0.0372628535397673,332,CT/EC,E
331,332,0.000487233822442,0.1403428433360718,3.295405622338876e-05,0.0002865566743141,0.0352873969722628,333,CT/EC,A
332,333,0.0005037657292395,0.0842336296708271,0.0001506609696662,0.0,0.0212220140924332,334,CT/EC,S
333,334,0.000662424935183,0.1168666944791817,0.0002467921585775,9.003935644665e-05,0.0294664877323472,335,CT/EC,T
334,335,0.0007368829395261,0.0781125802394516,0.0001125910857808,0.0012031431451591,0.0200412993524794,NA,NA,-
335,336,0.0006118071787415,0.11774534842376,0.0002580540603958,0.0009054524463877,0.0298801655273213,NA,NA,-
336,337,0.0002749571016756,0.0888629243956237,1.172267093352275e-05,0.0004476898384249,0.0223993235016644,336,CT/EC,T
337,338,0.0017744880556202,0.0653495304598353,6.215497705852613e-05,0.0,0.0167965433731285,337,CT/EC,V
338,339,0.0008086512075176,0.094195248039893,0.0012895796680822,0.0,0.0240733697288732,338,CT/EC,S
339,340,0.0003111208087351,0.141660876621736,5.3105526603758335e-05,3.461300578418522e-05,0.0355149289907148,339,CT/EC,K
340,341,0.0008511371744533,0.2490932805535017,2.7414580472395755e-06,0.0,0.0624867897965005,340,CT/EC,T
341,342,7.577731046512039e-05,0.1125643120032017,2.7593363483902067e-05,0.0001540036649391,0.0282054215855224,341,CT/EC,E
342,343,0.0001658193369984,0.1535100624672142,0.0001622183335712,0.0,0.0384595250344459,NA,NA,-
343,344,0.000167559529207,0.0522416314719135,0.000104280981759,0.0,0.0131283679957199,NA,NA,-
344,345,0.0004209156169836,0.1030567080823179,0.0002084504376398,3.888592371671056e-05,0.0259312400151645,NA,NA,-
345,346,0.0003478589525383,0.0831717645114729,1.98948855540948e-05,0.0,0.0208848795873913,NA,NA,-
346,347,0.0002968604597402,0.0973623009691327,5.19843160873279e-05,0.0,0.02442778643624,NA,NA,-
347,348,0.0005962723006374,0.1478632294331057,4.1635230445535854e-05,0.0001312463471626,0.0371580958278378,342,CT/EC,T
348,349,0.0,0.0,0.0,0.0,0.0,343,CT/EC,S
349,350,0.0001630105485405,0.1755498908065733,4.45610930910334e-06,0.0,0.0439293393661057,344,CT/EC,Q
350,351,0.0,0.0,0.0,0.0,0.0,345,CT/EC,V
351,352,0.0009327312111088,0.1067958489625735,0.0001150502066593,0.0020272766340556,0.0274677267535993,346,CT/EC,A
352,353,0.0001281730661892,0.2672249646634163,9.515671081317125e-06,0.0001277584718602,0.0668726029681367,347,CT/EC,P
