,feature,lgbm,xgb,rf,gbr,et,mean,feat_pos,true_position,TMD,amino_acid
0,1_NCI,0.0347222222222222,6.613418372580782e-05,0.0004113732642193,0.0003695524409758,0.0001580513243252,0.0071454666870936,1,1,CT/EC,M
1,3_NCI,0.1111111111111111,0.0001059569549397,0.0006218929214147,0.0,0.000698862731599,0.0225075647438129,3,3,N-Termina,G
2,4_NCI,0.0486111111111111,0.0002387758577242,0.0006903071410299,0.0001988102766534,0.0007655114466787,0.0101009031666394,4,4,N-Termina,T
3,5_NCI,0.0972222222222222,9.818731632549316e-05,0.0008500590136235,3.0692166561226e-06,0.0002308683624927,0.019680881226264,5,5,N-Termina,E
4,6_NCI,0.0069444444444444,6.898530409671366e-05,0.0001149734612937,0.0,0.00022750101064,0.0014711808440949,6,6,N-Termina,G
5,7_NCI,0.1666666666666666,7.9928995546652e-06,0.0002601787159925,0.0,0.0002581169196041,0.0334385910403635,7,7,N-Termina,P
6,8_NCI,0.0902777777777777,5.318428520695306e-05,0.0006347253120417,0.000371726816078,0.0011725967841257,0.018502002195046,8,8,N-Termina,N
7,9_NCI,0.0208333333333333,5.524128209799528e-05,0.0001656167197994,0.0,0.0001263611294382,0.0042361104929337,9,9,N-Termina,F
8,10_NCI,0.0,9.352188499178736e-06,0.0006025425722094,0.0045524152435001,0.0006973285937566,0.001172327719593,10,10,N-Termina,Y
9,11_NCI,0.0138888888888888,5.07713521074038e-05,0.0001392305860515,0.0,0.0001981459001323,0.002855407345436,11,11,N-Termina,V
10,12_NCI,0.0,0.0014300477923825,0.0004618169560588,0.0003801225034139,0.0054057934975602,0.0015355561498831,12,NA,NA,-
11,13_NCI,0.1458333333333333,2.2427198928198777e-05,0.0012104200715642,0.0,0.0002572228236024,0.0294646806854856,13,12,N-Termina,S
12,15_NCI,0.2013888888888889,0.0001843562349677,0.0017846809323057,0.0,0.0007219383592504,0.0408159728830825,15,14,N-Termina,K
13,17_NCI,0.0208333333333333,0.000106889194285,0.0020829040061622,0.0,0.0080494530802763,0.0062145159228113,17,16,N-Termina,G
14,18_NCI,0.0833333333333333,4.522011658991687e-05,0.0001401210310724,0.0002848045393244,0.0006217378795737,0.0168850433799787,18,17,N-Termina,V
15,19_NCI,0.0,0.0001365171483485,0.0077428485851223,0.0003267894570777,0.0114848397275387,0.0039381989836174,19,18,N-Termina,R
16,20_NCI,0.0416666666666666,1.226740005222382e-05,8.216513678946053e-05,0.0,0.0001148854074363,0.0083751969221889,20,19,N-Termina,S
17,21_NCI,0.0,0.0,0.0002557213797416,0.0,0.0002033552296561,9.181532187956233e-05,21,20,N-Termina,P
18,22_NCI,0.0,4.369847374618985e-06,0.0002079959369524,0.0,9.294253938710802e-05,6.106166474283188e-05,22,21,N-Termina,F
19,23_NCI,0.0486111111111111,3.344601282151416e-05,0.0035532843053549,0.0,0.0013930866249905,0.0107181856108556,23,22,N-Termina,E
20,24_NCI,0.0,0.0,0.0003830522959735,0.0,0.0014177439051878,0.0003601592402322,24,23,N-Termina,A
21,25_NCI,0.0138888888888888,1.1360594726284036e-05,5.861140665040601e-05,0.0,9.704119447919316e-05,0.0028111804169489,25,24,N-Termina,P
22,26_NCI,0.0,0.0,3.083613802560774e-05,0.0,1.6188085265066283e-05,9.404844658134804e-06,26,25,N-Termina,Q
23,27_NCI,0.0208333333333333,4.960857404512353e-05,0.0001439477919793,0.0,4.984620080195271e-05,0.0042153471800319,27,26,N-Termina,Y
24,28_NCI,0.0,8.436550706392154e-05,0.0010518207414795,0.0007039814108469,0.0024895657216606,0.0008659466762102,28,27,N-Termina,Y
25,30_NCI,0.0138888888888888,7.917791663203388e-05,0.0016611867504028,0.0024774044981109,0.0170989021721693,0.0070411120452408,30,29,N-Termina,A
26,31_NCI,0.0416666666666666,1.938362038345076e-05,0.0003798474118617,0.0005368158038026,0.0095164057726852,0.0104238238550799,31,30,N-Termina,E
27,32_NCI,0.1041666666666666,8.090504707070068e-06,0.0002697804876231,0.0,0.0014287792557506,0.0211746633829495,32,31,N-Termina,P
28,33_NCI,0.0,5.983898518024944e-06,2.9257558004091607e-05,0.0,2.242496556182997e-05,1.1533284416789304e-05,33,32,N-Termina,W
29,34_NCI,0.0902777777777777,1.9577564671635628e-05,0.0012263453312343,0.0,0.001541776759023,0.0186130954865413,34,33,N-Termina,Q
30,35_NCI,0.0347222222222222,5.996601248625666e-05,0.000179921907672,0.0,0.0003328801998867,0.0070589980684534,35,34,N-Termina,F
31,36_NCI,0.2152777777777778,7.031937275314704e-05,0.0008639331443154,0.0,0.0007137295338481,0.0433851519657389,36,35,N-Termina,S
32,37_NCI,0.0833333333333333,3.585926242521964e-05,0.0004052837624446,8.861074403303652e-05,0.0002735507877122,0.0168273275779896,37,36,N-Termina,M
33,38_NCI,0.0833333333333333,0.011540082283318,0.0329287411951187,0.052932743335221,0.0026215360342264,0.0366712872362435,38,37,1,L
34,39_NCI,0.0486111111111111,1.0953142918879166e-05,0.0002428991673767,0.0,0.0003280183803946,0.0098385963603602,39,38,1,A
35,40_NCI,0.125,0.000242401016294,0.0010106098351014,0.0019931493840952,0.0006346995758973,0.0257761719622776,40,39,1,A
36,41_NCI,0.0833333333333333,9.190506716549862e-06,0.0069904605433902,0.0004046854203421,0.0049201196365253,0.0191315578880615,41,40,1,Y
37,42_NCI,0.0208333333333333,1.1491898476378992e-05,0.0002067980859114,0.0,0.0003896967457616,0.0042882640126965,42,41,1,M
38,43_NCI,0.0347222222222222,2.4354645574931052e-05,0.0004162139342521,0.0,0.0067911341186917,0.0083907849841482,43,42,1,F
39,45_NCI,0.0069444444444444,6.435693649109453e-07,0.0002168845397745,0.0,0.0005121497964733,0.0015348244700114,45,44,1,L
40,46_NCI,0.0416666666666666,6.277376814978197e-05,0.0002756520937309,0.0,0.0004694979121427,0.008494918088138,46,45,1,I
41,47_NCI,0.3333333333333333,1.6024443539208733e-05,0.0031666484696553,0.0072853422453418,0.0005454860528243,0.0688693669089388,47,46,1,M
42,48_NCI,0.125,3.643018999355263e-06,0.0050725678748751,0.0008798099620239,0.0005839937812939,0.0263080029274384,48,47,1,L
43,49_NCI,0.0,0.0,0.0006457023084622,0.0,0.0012879282414191,0.0003867261099762,49,48,1,G
44,50_NCI,0.1527777777777778,0.0001041748182615,0.0008471261271132,0.0035553941874152,0.0012944795753376,0.031715790497181,50,49,1,F
45,51_NCI,0.0069444444444444,0.0,0.0024570913810514,0.0,0.0008061875385007,0.0020415446727993,51,50,1,P
46,52_NCI,0.0555555555555555,1.697984043858014e-05,0.000106012876474,0.0,7.693794125823153e-05,0.0111510972427452,52,51,1,I
47,53_NCI,0.0486111111111111,1.0473550901224373e-05,0.0005603313016906,0.0004436806303541,0.0003204774703067,0.0099892148128727,53,52,1,N
48,54_NCI,0.0555555555555555,0.0001011887507047,0.0003811029723821,0.0002594385194815,0.0009093262540768,0.0114413224104401,54,53,1,F
49,55_NCI,0.0,0.0,1.552742663980224e-05,0.0113281791462717,0.0002693299356838,0.002322607301719,55,54,1,L
50,56_NCI,0.0069444444444444,1.0587099495751318e-05,0.0001166226810262,0.0,0.0001434501541963,0.0014430208758325,56,55,1,T
51,57_NCI,0.0833333333333333,3.992485289927572e-05,0.0010404792486638,0.0,0.0006804556698027,0.0170188386209398,57,56,1,L
52,59_NCI,0.0,9.36544620344648e-06,0.0001734466921319,0.0,2.8350191252571568e-05,4.2232465917595376e-05,59,58,1,V
53,60_NCI,0.1111111111111111,0.0009633354493416,0.0012894041471694,0.0010377683916869,0.0010082665432904,0.0230819771285199,60,59,1,T
54,61_NCI,0.1111111111111111,6.901875167386606e-05,0.0008024986215812,0.0003876404007654,0.0006886482657091,0.0226117834301681,61,60,1,V
55,62_NCI,0.0069444444444444,0.0005061746924184,0.004799882797327,3.5612993488887136e-05,0.001646401840763,0.0027865033536883,62,61,1,Q
56,63_NCI,0.0,2.2003781850798987e-05,0.0001270393520137,0.0,0.0003035357238586,9.051577154463827e-05,63,62,CT/EC,H
57,64_NCI,0.0069444444444444,4.5715318265138194e-05,0.0001894553368837,0.003899186187068,0.0001026741650555,0.0022362950903433,64,63,CT/EC,K
58,65_NCI,0.0,1.5347649195973645e-06,5.631399987942049e-06,0.0,3.528114457052685e-07,1.5037952706489364e-06,65,64,CT/EC,K
59,66_NCI,0.0,2.115048846462741e-05,3.923478877459902e-05,0.0,1.9458849413515777e-05,1.596882533054844e-05,66,65,CT/EC,L
60,67_NCI,0.0,8.578487177146599e-05,0.0002124814148411,0.0016335088247635,0.0017760948574578,0.0007415739937668,67,66,CT/EC,R
61,68_NCI,0.0277777777777777,0.0,0.0005273808807222,0.0007844667413428,0.0026817575424391,0.0063542765884564,68,67,CT/EC,T
62,69_NCI,0.0,0.0,4.7952740820549725e-05,0.0,0.0002199489207248,5.3580332309079626e-05,69,68,CT/EC,P
63,70_NCI,0.0,0.0,1.2450516441389985e-07,0.0,1.9343593957372016e-05,3.893619824357183e-06,70,69,CT/EC,L
64,71_NCI,0.0,0.0,5.179423099474824e-05,0.0,8.20934674419672e-05,2.6777539687343085e-05,71,70,CT/EC,N
65,72_NCI,0.0,1.9557099221856333e-05,0.0001103596127955,0.0,6.662274699666667e-05,3.9307891802815854e-05,72,71,CT/EC,Y
66,73_NCI,0.0208333333333333,2.300051528436597e-05,0.0034435855757382,0.0,0.0019868111252684,0.0052573461099248,73,72,CT/EC,I
67,74_NCI,0.0277777777777777,2.0215866243233904e-05,9.332279059648364e-05,2.3546423924687755e-06,0.0007364531550221,0.0057260248464064,74,73,CT/EC,L
68,75_NCI,0.0,0.0,3.772091638557604e-06,0.0,1.1340013734607086e-05,3.022421074632938e-06,75,74,2,L
69,76_NCI,0.0486111111111111,1.4508413187286353e-05,0.0012037596757501,0.0004154734318953,0.0006472723222173,0.0101784249908322,76,75,2,N
70,77_NCI,0.0069444444444444,4.3724099668907e-05,0.0112444889689937,8.000849635946034e-05,0.0034968765010733,0.0043619085021079,77,76,2,L
71,78_NCI,0.1388888888888889,6.087957808631472e-05,0.0005275035834,5.093592269030788e-06,0.0004827383253012,0.0279930207935891,78,77,2,A
72,79_NCI,0.1388888888888889,0.0001575771311763,0.000344933368147,0.0,0.0002169174032191,0.0279216633582862,79,78,2,V
73,80_NCI,0.1875,0.0002192163083236,0.0011599920120935,0.0001667342976557,0.0006205933707721,0.037933307197769,80,79,2,A
74,81_NCI,0.1944444444444444,0.0002101094869431,0.0062791611809817,0.0048201120016404,0.0049052276764635,0.0421318109580946,81,80,2,D
75,82_NCI,0.1111111111111111,0.0007406648364849,0.0015868105462296,0.0020113437148343,0.0006244714165906,0.0232148803250501,82,81,2,L
76,83_NCI,1.0,0.000420557858888,0.0362326869930309,0.0411800696574409,0.0246064569661562,0.2204879542951032,83,82,2,F
77,84_NCI,0.0347222222222222,0.0002603069879114,0.0011354824165456,9.64761072460629e-05,0.0015860879340861,0.0075601151336023,84,83,2,M
78,85_NCI,0.0416666666666666,0.0001096812629839,0.0002635788191905,0.001055997037966,0.0001267198426682,0.0086445287258951,85,84,2,V
79,86_NCI,0.2361111111111111,0.0001518693607067,0.0039849743590786,0.0014553672748085,0.0038039836545501,0.049101461152051,86,85,2,F
80,87_NCI,0.375,0.000305893656332,0.0117185512904762,0.014058854477136,0.0064112995226308,0.081498919789315,87,86,2,G
81,88_NCI,0.0833333333333333,2.9359971449594013e-05,0.0029054371648121,0.0054526988749397,0.0017438231799007,0.0186929305048871,88,87,2,G
82,90_NCI,0.625,0.000448288192274,0.0146710292778572,0.0113211830407063,0.0121841240663009,0.1327249249154277,90,89,2,T
83,91_NCI,0.2986111111111111,0.0004050410352647,0.0122417733296409,0.001839140977201,0.0057676443417544,0.0637729421589944,91,90,2,T
84,92_NCI,0.1666666666666666,0.0001866653328761,0.0018941623948241,4.451846790326926e-06,0.0016559790159889,0.0340815850514292,92,91,2,T
85,94_NCI,0.1458333333333333,3.783910869969986e-05,0.0025993180873867,0.0024099304604588,0.0024698890375146,0.0306700620054786,94,93,2,Y
86,95_NCI,0.0416666666666666,3.696693602250889e-05,0.0004482018443654,3.27027102411464e-05,0.0006732052599045,0.00857154868344,95,94,2,T
87,96_NCI,0.1180555555555555,3.2070092856884e-05,0.0006275106845229,0.0012464865511705,0.0002548808340308,0.0240433007436273,96,95,2,S
88,97_NCI,0.3194444444444444,8.763161895330995e-05,0.002460408332318,0.0010697656975516,0.0020202312817332,0.0650164962750001,97,96,CT/EC,L
89,98_NCI,0.0208333333333333,0.0001736013073241,0.0004029615194374,6.904857723279003e-05,0.0002941743152752,0.0043546238105206,98,97,CT/EC,H
90,99_NCI,0.0069444444444444,0.0,0.0007520951998333,0.0001250978545588,0.0015406823176967,0.0018724639633066,99,98,CT/EC,G
91,101_NCI,0.1805555555555555,0.0025999352801591,0.0127295439424949,0.0309433358919834,0.0052685294975026,0.0464193800335391,101,100,CT/EC,F
92,102_NCI,0.0277777777777777,4.105650532437721e-06,0.0001141608455397,0.0,0.0002928402393492,0.0056377769026398,102,101,CT/EC,V
93,104_NCI,0.0694444444444444,3.0376211725524627e-05,0.0003022483642252,0.0,0.0001634653771088,0.0139881068795008,104,103,CT/EC,G
94,105_NCI,0.0625,8.156021067406982e-05,0.0017290629602094,1.859277479277407e-06,0.017931411477438,0.0164487787851601,105,104,CT/EC,P
95,106_NCI,0.3611111111111111,0.0006426038453355,0.0041275062841237,0.0185645707572974,0.0041351760410875,0.077716193607791,106,105,CT/EC,T
96,107_NCI,0.0069444444444444,1.4769500921829604e-05,9.76287173274562e-05,0.0,0.0001265673226391,0.0014366819970665,107,106,CT/EC,G
97,108_NCI,0.0902777777777777,1.817148586269468e-05,0.001260523830622,0.0006063880197516,0.0009429074564719,0.0186211537140972,108,107,CT/EC,C
98,110_NCI,0.5486111111111112,0.0001560720411362,0.0083691962200386,0.0062989006853909,0.0057830467424106,0.1138436653600175,110,109,CT/EC,L
99,111_NCI,0.1597222222222222,2.53429443546338e-05,0.0009595307869179,9.011265431058693e-06,0.0016256684743297,0.0324683551386511,111,110,CT/EC,E
100,112_NCI,0.0694444444444444,1.0275396562064998e-05,0.0008074374371289,1.834397647373901e-06,0.0015771280594777,0.0143682239470521,112,111,3,G
101,113_NCI,0.2847222222222222,0.0001055725733749,0.0024722115831663,0.0011668393366367,0.0013833378213156,0.0579700367073431,113,112,3,F
102,114_NCI,0.1875,4.446218008524738e-05,0.0015427813557048,7.227198914332801e-05,0.0012661758476992,0.0380851382745265,114,113,3,F
103,115_NCI,0.3333333333333333,0.0002446288999635,0.0043928544058036,0.006502153828945,0.0040861510448708,0.0697118243025833,115,114,3,A
104,117_NCI,0.0486111111111111,1.4579080925614107e-05,0.0014711040415887,0.0003613849559149,0.0005310277150634,0.0101978413809207,117,116,3,L
105,119_NCI,0.7152777777777778,0.0008700594771653,0.0104918759812591,0.022772620155002,0.0058716455503196,0.1510567957883048,119,118,3,G
106,120_NCI,0.0347222222222222,0.0001132412071456,0.0003764902891312,0.0001298977692731,0.0006184418089037,0.0071920586593351,120,119,3,E
107,121_NCI,0.0763888888888889,1.408360003551934e-05,0.0261804375981506,0.0,0.0002129694670785,0.0205592759108307,121,120,3,I
108,122_NCI,0.0972222222222222,1.0,1.0,1.0,1.0,0.8194444444444444,122,121,3,A
109,125_NCI,0.0,3.446908522164449e-05,8.69575492197527e-05,0.0,7.734121307429159e-05,3.975356950313776e-05,125,124,3,S
110,126_NCI,0.0,0.0,0.0057526234635614,0.0114632141576186,0.0051846876093108,0.0044801050460981,126,125,3,L
111,127_NCI,0.0486111111111111,0.000275402679108,0.0008763564912168,0.0,0.0146489217457741,0.012882358405442,127,126,3,V
112,128_NCI,0.0,0.0,9.126086437342252e-05,0.0,0.0001310365440443,4.445948168354657e-05,128,127,3,V
113,129_NCI,0.0,0.0,4.1836389034630754e-05,0.0,0.0003255590461471,7.34790870363516e-05,129,128,3,L
114,130_NCI,0.0555555555555555,8.133907249430194e-05,0.0002654248538143,0.0,0.000566301733846,0.011293724243142,130,129,3,A
115,131_NCI,0.0,3.58380816578574e-06,0.0001746719003643,0.0,5.001212179075087e-05,4.5653566064167685e-05,131,130,3,I
116,132_NCI,0.0,4.325594090914819e-06,1.8991475538195635e-05,0.0,5.528181686724283e-09,4.664519562159436e-06,132,131,3,E
117,133_NCI,0.0,0.0,0.0002626662017527,0.0,3.247208085580079e-05,5.902765652171985e-05,133,132,3,R
118,134_NCI,0.0833333333333333,7.357962749665603e-05,0.0003021764427562,0.0001023207113293,0.0002221929575149,0.0168067206144861,134,133,CT/EC,Y
119,136_NCI,0.0277777777777777,0.0,5.003786308273381e-05,0.0,0.0016177222324569,0.0058891075746634,136,135,CT/EC,V
120,137_NCI,0.0,0.0,0.000433081498529,0.0,0.0003905509781303,0.0001647264953318,137,136,CT/EC,V
121,139_NCI,0.0,0.0,2.1055139250988664e-05,0.0,0.001150428278971,0.0002342966836444,139,138,CT/EC,K
122,140_NCI,0.0972222222222222,0.0001604727876838,0.000687870690292,0.0,0.0001942046199672,0.019652954064033,140,139,CT/EC,P
123,141_NCI,0.0138888888888888,0.0004822160408366,0.0001294588598326,0.0,0.0001558499378596,0.0029312827454835,141,140,CT/EC,M
124,143_NCI,0.0,4.002112291345839e-06,0.0001418527514363,0.0,8.736921592933531e-05,4.664481593141208e-05,143,142,CT/EC,N
125,145_NCI,0.0,4.370484020910226e-06,0.0001371383046632,0.0,0.0006207961943833,0.0001524609966134,145,144,CT/EC,R
126,146_NCI,0.0208333333333333,6.8942522375436965e-06,0.0025776722465343,0.0,0.0008165510222209,0.0048468901708652,146,145,CT/EC,F
127,147_NCI,0.0833333333333333,0.0001900640345411,0.0012040182589804,0.0004603408662358,0.0007782666370953,0.0171932046260372,147,146,CT/EC,G
128,148_NCI,0.0763888888888889,5.302458521327935e-05,0.0015154735685186,0.0001247262474544,0.0004145056934695,0.0156993237967089,148,147,CT/EC,E
129,149_NCI,0.0138888888888888,0.0,0.0007737730513884,1.1125019050689802e-05,0.0075178520084742,0.0044383277935604,149,148,CT/EC,N
130,151_NCI,0.0555555555555555,1.5277828424586914e-05,0.0004163416593298,0.0,0.000263559498343,0.0112501469083306,151,150,CT/EC,A
131,152_NCI,0.1319444444444444,6.874736754980404e-06,0.0004713326989301,0.0,0.000894221990428,0.0266633747741115,152,151,CT/EC,I
132,153_NCI,0.0347222222222222,6.257021595956758e-05,0.0006980613367139,0.0001387949559282,0.00086004281024,0.0072963383082128,153,152,CT/EC,M
133,154_NCI,0.0763888888888889,0.002885004505515,0.0001209217170145,0.0,0.0021707124595181,0.0163131055141873,154,153,4,G
134,155_NCI,0.1736111111111111,4.153345798840746e-05,0.0004439501180409,0.0001663152768924,0.0003682188654296,0.0349262257658924,155,154,4,V
135,156_NCI,0.2013888888888889,2.5695493604871444e-05,0.0002718312796988,2.8018889824489515e-06,0.0002241167874074,0.0403826668677165,156,155,4,A
136,159_NCI,0.2083333333333333,8.368340786546469e-05,0.0014498763103951,0.0016188359552334,0.0009148700483767,0.0424801198110408,159,158,4,W
137,161_NCI,0.0694444444444444,0.0002578888961579,0.0038867674004921,0.0024190866809576,0.0238928678422484,0.0199802110528601,161,160,4,M
138,163_NCI,0.2291666666666666,4.652282950701192e-05,0.0008207811619292,0.0,0.0008292613669491,0.0461726464050104,163,162,4,L
139,164_NCI,0.0069444444444444,0.0,0.0032728141102286,0.0,0.0015676816444712,0.0023569880398288,164,163,4,A
140,165_NCI,0.0902777777777777,3.512723924359307e-05,0.0012398260510982,0.0001167272225559,0.0002310291484932,0.0183800974878337,165,164,4,C
141,166_NCI,0.0416666666666666,0.0001768481160979,0.0010314740753346,0.0031015211181761,0.0003949750483034,0.0092742970049157,166,165,4,A
142,167_NCI,0.0,0.0,6.005144577456751e-05,0.0,7.70373735556377e-05,2.7417763866041043e-05,167,166,4,A
143,168_NCI,0.0,0.0,1.0735654049293644e-05,0.0,2.0596991777953617e-05,6.2665291654494525e-06,168,167,4,P
144,169_NCI,0.0208333333333333,1.3488641343428752e-05,0.0003507237159053,0.0,0.0013202121957689,0.0045035515772702,169,168,4,P
145,170_NCI,0.0625,7.038447074592113e-05,0.000458204809125,0.0008956475859741,0.0003353149478901,0.012851910362747,170,169,4,L
146,171_NCI,0.0138888888888888,0.0,0.0010430069422981,0.0,0.0006546066394836,0.0031173004941341,171,170,4,V
147,173_NCI,0.2291666666666666,0.0001153392440755,0.0016710104000574,0.0001629485387332,0.0023323700116984,0.0466896669722462,173,172,4,W
148,174_NCI,0.0,0.0,8.619958019260601e-05,5.228261987104864e-05,0.0002542575746129,7.854795493532459e-05,174,173,4,S
149,175_NCI,0.0972222222222222,8.511498162988573e-05,0.0018643083208567,0.0002627843403332,0.0011330320176707,0.0201134923765425,175,174,CT/EC,R
150,176_NCI,0.1458333333333333,6.52255694149062e-05,0.00036579279093,0.0007451219556681,0.0005366242134601,0.0295092195725613,176,175,CT/EC,Y
151,177_NCI,0.0,1.90110540643218e-06,1.858533233053465e-05,0.0,1.0291293300914651e-05,6.155546207576296e-06,177,176,CT/EC,I
152,178_NCI,0.5277777777777778,9.711788152344524e-05,0.0079105321878609,0.0059069723679162,0.0055741676660814,0.1094533135762319,178,177,CT/EC,P
153,179_NCI,0.0,0.0,9.217852868226464e-07,0.0,1.111805734237859e-05,2.407968525840247e-06,179,178,CT/EC,E
154,180_NCI,0.0208333333333333,0.0,0.0006570932338368,0.0,0.0229901324522484,0.0088961118038837,180,179,CT/EC,G
155,181_NCI,0.0694444444444444,0.0083570890128612,0.1253090668321161,0.161315626399531,0.0418343695350271,0.081252119244796,181,180,CT/EC,M
156,182_NCI,0.0694444444444444,3.626412944868207e-05,0.000456374255716,0.0,0.0004579376660056,0.0140790040991229,182,181,CT/EC,Q
157,183_NCI,0.0902777777777777,1.8257875126437284e-05,0.0002292912304508,1.2682940139008058e-06,7.620404766995566e-05,0.0181205598450077,183,182,CT/EC,C
158,186_NCI,0.0347222222222222,2.2700944555253955e-06,0.000280622353881,0.0,0.0014481761625146,0.0072906581666146,186,185,CT/EC,G
159,187_NCI,0.0,0.0,9.678185491258144e-06,0.0,9.190169391278028e-05,2.031597588080769e-05,187,186,CT/EC,I
160,189_NCI,0.0,0.0,5.346919249540102e-05,0.0,3.50683881314509e-05,1.7707516125370383e-05,189,188,CT/EC,Y
161,190_NCI,0.0486111111111111,0.0,0.0002536849501929,0.000102425352714,0.0007950482512419,0.0099524539330519,190,189,CT/EC,Y
162,191_NCI,0.0138888888888888,7.748856660327874e-06,0.0003264403967391,3.554478607982715e-05,0.0049177808530143,0.0038352807562765,191,190,CT/EC,T
163,192_NCI,0.1041666666666666,2.6253756004734896e-05,0.000266078409868,0.0,7.314309925795206e-05,0.0209064283863594,192,191,CT/EC,P
164,193_NCI,0.0138888888888888,0.0002007183938985,0.0005563185742228,0.0003256164534642,0.0001920688818577,0.0030327222384664,193,192,CT/EC,H
165,194_NCI,0.0208333333333333,4.215245553496061e-06,0.0001781003454301,0.0021341608818871,0.0001709340618153,0.0046641487736038,194,193,CT/EC,E
166,195_NCI,0.0347222222222222,1.5408815670525655e-05,0.0011870204303263,7.546962988088165e-06,0.0031786142225682,0.007822162530755,195,194,CT/EC,E
167,196_NCI,0.0416666666666666,0.004048328846693,0.0376282906541591,0.0081289542002733,0.0171449761692708,0.0217234433074126,196,195,CT/EC,T
168,197_NCI,0.0138888888888888,3.6016142985317856e-05,0.0007206211069157,7.927101977619807e-05,6.464651144199888e-05,0.0029578887340016,197,196,CT/EC,N
169,198_NCI,0.0277777777777777,4.92335630042362e-06,0.0014719773793701,0.0,0.0013516763268231,0.0061212709680542,198,197,CT/EC,N
170,199_NCI,0.1180555555555555,0.0007340034935623,0.006065931875744,0.0026072742834603,0.0012028384013315,0.0257331207219307,199,198,CT/EC,E
171,200_NCI,0.0347222222222222,9.342336852569132e-05,0.0008248915047112,0.0,0.0014316119006986,0.0074144297992315,200,199,CT/EC,S
172,201_NCI,0.0,2.599271647341084e-05,0.0024781397890025,0.0,0.0233413050211099,0.0051690875053171,201,200,CT/EC,F
173,202_NCI,0.125,0.0004989239387214,0.0006513021950664,0.0011150441429629,0.0006403247457369,0.0255811190044975,202,201,CT/EC,V
174,204_NCI,0.0347222222222222,9.666383266448976e-05,0.0088934272092671,0.0002935736137535,0.006323839426401,0.0100659452608617,204,203,5,Y
175,205_NCI,0.1388888888888889,0.0134614240378141,0.1150876651192473,0.0921877429295525,0.028216660303544,0.0775684762558094,205,204,5,M
176,206_NCI,0.0972222222222222,8.259642345365137e-05,0.0006793084494662,0.0,0.000557979315483,0.019708421282125,206,205,5,F
177,207_NCI,0.0069444444444444,9.554853932058904e-06,0.0001444192570842,2.086236329073033e-05,0.0001645195948462,0.0014567601027195,207,206,5,V
178,208_NCI,0.0486111111111111,2.075637530651875e-05,0.0024679714294933,0.0008309169443912,0.0015670113132244,0.0106995534347053,208,207,5,V
179,209_NCI,0.0069444444444444,1.2828663784603124e-05,0.0001927636485373,0.0,0.0317598720320765,0.0077819817577685,209,208,5,H
180,211_NCI,0.1458333333333333,5.1139224524376914e-05,0.0004015608653498,2.242287759382637e-07,0.0002328984002622,0.0293038312104491,211,210,5,I
181,212_NCI,0.0,3.27584202750586e-05,5.121912043919178e-05,0.0002025952249963,0.0001777351798803,9.286158911819476e-05,212,211,5,I
182,213_NCI,0.0347222222222222,0.0004007617826573,0.0006557761584432,0.0011255792666345,0.0003314559351521,0.0074471590730219,213,212,5,P
183,214_NCI,0.2916666666666667,0.0003174042794853,0.0030904027617505,0.0123214244160892,0.0006101863525958,0.0616012168953175,214,213,5,L
184,215_NCI,0.0694444444444444,0.0014018604997545,0.0026567514457861,0.0,0.0016000682303885,0.0150206249240747,215,214,5,I
185,216_NCI,0.0,2.7200720069231465e-05,0.0007634263155352,0.0036168455669948,0.0022327391257031,0.0013280423456604,216,215,5,V
186,217_NCI,0.1527777777777778,3.1153605959843844e-05,0.0003665209449229,7.62936915504375e-06,0.0004792178945336,0.0307324599184698,217,216,5,I
187,218_NCI,0.0208333333333333,0.0,9.917709167637976e-05,0.0,6.381803705747284e-05,0.0041992656924134,218,217,5,F
188,219_NCI,0.0069444444444444,0.0006851012585684,0.0002023244596653,0.0,7.917883751584703e-05,0.0015822098000388,219,218,5,F
189,221_NCI,0.0555555555555555,0.0406724587082862,0.0013859643753577,0.0349547713380076,0.0003631778431585,0.0265863855640731,221,220,5,Y
190,222_NCI,0.0,0.0,0.0003294722335569,0.0002464404371918,0.0002846494464236,0.0001721124234345,222,221,5,G
191,223_NCI,0.0069444444444444,0.0,0.0002456458192867,0.0,0.0006167149175074,0.0015613610362477,223,222,5,Q
192,224_NCI,0.0069444444444444,7.316526171052828e-05,0.0002171548524673,0.0,0.0002485762375792,0.0014966681592403,224,223,5,L
193,225_NCI,0.0902777777777777,0.000130433923914,0.0008613327164558,0.003027223879328,0.00207131239936,0.0192736161393671,225,224,5,V
194,226_NCI,0.0138888888888888,1.2319354027567895e-05,0.003078360923633,2.385472969377635e-05,0.0005283915783209,0.0035063630949128,226,225,CT/EC,F
195,227_NCI,0.0,0.0,0.000313717710293,0.0,0.0017683218223294,0.0004164079065244,227,226,CT/EC,T
196,228_NCI,0.0138888888888888,2.440211574139539e-05,0.0005413722360685,0.0001275211077431,0.0003389577514448,0.0029842284199773,228,227,CT/EC,V
197,230_NCI,0.0069444444444444,0.0,5.366381822866829e-05,0.0,8.780052876501279e-05,0.0014171817582876,230,229,CT/EC,E
198,232_NCI,0.0069444444444444,0.0,0.0010921861340231,0.0,0.0001405300595382,0.0016354321276011,232,231,CT/EC,A
199,233_NCI,0.0069444444444444,0.0,0.0012761662970553,0.0,0.0001215380320895,0.0016684297547178,233,232,CT/EC,A
200,234_NCI,0.0138888888888888,0.0,0.0002275918173247,0.0,0.0003609105575886,0.0028954782527604,234,233,CT/EC,Q
201,237_NCI,0.0,0.0,0.0001589772802337,0.0,0.0002164308483007,7.508162570690786e-05,237,236,CT/EC,E
202,238_NCI,0.0069444444444444,0.0,1.971907645974905e-05,0.0,0.0001151515666937,0.0014158630175195,238,237,CT/EC,S
203,239_NCI,0.0069444444444444,0.0,0.0002201338525921,0.0,0.0001525944790591,0.0014634345552191,239,238,CT/EC,A
204,240_NCI,0.0,0.0,5.551284787356492e-05,0.0,3.9451531713053184e-05,1.899287591732362e-05,240,239,CT/EC,T
205,241_NCI,0.0,0.0,5.963866645059248e-05,0.0,4.127494410764546e-05,2.0182722111647588e-05,241,240,CT/EC,T
206,242_NCI,0.0,2.7336953280610032e-05,4.049575663659751e-05,0.0,6.438372557111419e-05,2.6443287097664345e-05,242,241,CT/EC,Q
207,245_NCI,0.0763888888888889,1.0962183296214787e-05,0.0001749887179542,0.0020136892428498,0.0028450425244618,0.0162867143114901,245,244,CT/EC,E
208,246_NCI,0.0,0.0,1.4879069445768568e-05,0.0,5.217539701354859e-05,1.3410893291863432e-05,246,245,CT/EC,K
209,249_NCI,0.0486111111111111,0.0,0.0001739793184017,0.0,0.0001990286165025,0.009796823809203,249,248,CT/EC,T
210,250_NCI,0.0138888888888888,1.3589474292530213e-05,0.0004090290378555,0.0,0.0001791647514081,0.002898134430489,250,249,CT/EC,R
211,251_NCI,0.0,0.0,0.000399747828354,0.0003704028827356,0.0007148344237481,0.0002969970269675,251,250,CT/EC,M
212,252_NCI,0.0763888888888889,2.9104596706019947e-06,0.0007623987916887,0.0,0.0003206535608788,0.0154949703402254,252,251,CT/EC,V
213,253_NCI,0.0069444444444444,5.008447715226794e-06,0.0001991132608197,0.0,0.000201241779561,0.0014699615865081,253,252,CT/EC,I
214,255_NCI,0.0277777777777777,0.0,0.0052802034604926,0.0,0.0026716893316545,0.007145934113985,255,254,6,M
215,256_NCI,0.1180555555555555,9.178170148516074e-05,0.0009661969703698,0.0,0.0032225701404161,0.0244672208735653,256,255,6,V
216,257_NCI,0.0208333333333333,0.0,0.0003163739453386,0.0,0.0002914630514115,0.0042882340660167,257,256,6,I
217,258_NCI,0.2361111111111111,0.0003017718263436,0.0025071849468827,0.0057446904104183,0.0028951226597558,0.0495119761909023,258,257,6,A
218,259_NCI,0.0347222222222222,0.0013687494210898,0.0004501760953138,0.0004124213140367,0.0003274092848568,0.0074561956675039,259,258,6,F
219,260_NCI,0.0972222222222222,3.780568658839911e-05,0.0010297865332728,0.0011309153360147,0.0002882022405306,0.0199417864037257,260,259,6,L
220,261_NCI,0.0138888888888888,0.0,6.541907587588058e-05,0.0,0.0002031708918719,0.0028314957713273,261,260,6,I
221,262_NCI,0.0972222222222222,0.0759393572807312,0.1194615250631915,0.3935611476021751,0.1207306565808596,0.1613829817498359,262,261,6,C
222,263_NCI,0.0833333333333333,9.854184463620186e-05,0.0003763985579992,6.878434014460226e-05,0.0010817943156178,0.0169917704783462,263,262,6,W
223,266_NCI,0.3541666666666667,0.0005082170246168,0.004747463393734,0.0087960887595918,0.0032120016596066,0.0742860875008432,266,265,6,Y
224,267_NCI,0.0972222222222222,6.412074435502291e-05,0.0009135951564024,0.0,0.0002820175892742,0.0196963911424507,267,266,6,A
225,268_NCI,0.1041666666666666,5.387523924582638e-05,0.0007722750875257,0.0009862156908156,0.0005969211275573,0.0213151907623622,268,267,6,G
226,270_NCI,0.0277777777777777,2.352906813030131e-05,0.0003993161938122,2.92584739308972e-06,0.0007387891729539,0.0057884676120134,270,269,6,A
227,271_NCI,0.0069444444444444,5.7294219004688784e-06,0.0001663077913399,0.0,0.0006002151997004,0.001543339371477,271,270,6,F
228,272_NCI,0.0694444444444444,0.0032990355975925,0.0030283480442823,0.0,0.0012481612886111,0.015403997874986,272,271,6,Y
229,273_NCI,0.0694444444444444,4.291060395189561e-05,0.0004524841174259,0.0006069614689889,0.0015040334328531,0.0144101668135328,273,272,6,I
230,274_NCI,0.0208333333333333,1.012564553093398e-05,0.0006897082885469,0.0,0.0003375773617519,0.0043741489258326,274,273,6,F
231,275_NCI,0.0069444444444444,3.762565256693051e-06,0.0007763564794122,0.0027832951576327,0.0002178073400037,0.0021451331973499,275,274,6,T
232,276_NCI,0.0208333333333333,0.0,0.0004053995861369,0.0048515430200769,0.0004849065749269,0.0053150365028948,276,275,CT/EC,H
233,277_NCI,0.0694444444444444,2.0706133000203408e-05,0.0011739997560546,0.0,0.0009782012912888,0.0143234703249576,277,276,CT/EC,Q
234,278_NCI,0.0416666666666666,4.2401043174322695e-06,0.000315519230469,0.0007405841082956,0.0002219405318032,0.0085897901283104,278,277,CT/EC,G
235,279_NCI,0.0902777777777777,0.0003813853254541,0.0075268143766968,0.0011237605299047,0.0005829493531267,0.019978537472592,279,278,CT/EC,S
236,280_NCI,0.0347222222222222,0.0001797413569875,0.000325218747265,0.0001739704165534,0.0013744421254442,0.0073551189736945,280,279,CT/EC,D
237,281_NCI,0.0416666666666666,0.0127357933670282,0.6087406560067705,0.4042960154696895,0.021144667922209,0.2177167598864728,281,280,CT/EC,F
238,282_NCI,0.0,0.0,5.565613639619829e-05,0.0,0.000182584035201,4.7648034319441855e-05,282,281,CT/EC,G
239,283_NCI,0.0625,9.658314957050608e-05,0.0001758268949088,0.0,0.000167891751319,0.0125880603591596,283,282,CT/EC,P
240,284_NCI,0.1111111111111111,1.013793189486023e-05,0.0027679401530941,0.0003287520071261,0.0015609028865832,0.0231557688179618,284,283,CT/EC,I
241,285_NCI,0.0,0.0,0.0003991802807479,0.0,0.1374151240040899,0.0275628608569675,285,284,CT/EC,F
242,286_NCI,0.1944444444444444,7.831462426111102e-05,0.0018491224374508,0.0016659801281412,0.0009274003047567,0.0397930523878108,286,285,CT/EC,M
243,287_NCI,0.0416666666666666,0.000112007241114,0.0001782761652763,0.0,0.0001252497163494,0.0084164399578813,287,286,CT/EC,T
244,288_NCI,0.0,2.3718777811154723e-05,0.0002059340212657,0.0,0.0004436608602877,0.0001346627318729,288,287,7,I
245,290_NCI,0.0694444444444444,0.0011280862381681,0.0003339796673236,0.0,0.0010248090875183,0.0143862638874909,290,289,7,A
246,292_NCI,0.0555555555555555,0.016102222725749,0.0065738401964514,0.0964495010149005,0.0081793235582855,0.0365720886101884,292,291,7,F
247,295_NCI,0.0833333333333333,5.340820735000307e-06,0.0001519923581274,0.0,0.0320832732078508,0.0231147879440093,295,294,7,T
248,296_NCI,0.0347222222222222,7.059665222186595e-05,0.0001891478402438,0.0,0.0007469485926145,0.0071457830614605,296,295,7,S
249,298_NCI,0.0,0.0,0.0002253475749835,0.0,0.0005700519479869,0.0001590799045941,298,297,7,V
250,299_NCI,0.0,0.0,6.154291017862752e-06,0.0,3.1505026182753544e-06,1.8609587272276212e-06,299,298,7,Y
251,300_NCI,0.0277777777777777,5.662858893629164e-05,0.0008125712569608,5.261491686279589e-05,0.0003468935680487,0.0058092972217172,300,299,7,N
252,301_NCI,0.0,0.0,0.0003215578560667,0.0,4.935940505938348e-05,7.418345222522357e-05,301,300,7,P
253,302_NCI,0.0069444444444444,0.0006571409176103,0.0115358276929275,0.0002313989526654,0.0002574446068994,0.0039252513229094,302,301,7,V
254,303_NCI,0.0486111111111111,8.215161506086588e-05,0.0004549744450875,0.0,0.000160309277697,0.0098617092897913,303,302,7,I
255,304_NCI,0.0138888888888888,9.349902938993182e-06,0.0001051293236609,0.0,0.0002129087254403,0.0028432553681858,304,303,7,Y
256,305_NCI,0.0,0.0,8.033276818023363e-05,0.0,7.509688703770089e-05,3.1085931043586904e-05,305,304,7,I
257,306_NCI,0.0,0.0,0.0001399916709901,0.0,0.0001271853707561,5.343540834926259e-05,306,305,7,M
258,307_NCI,0.0,0.0,6.107029182410835e-05,0.0004006317593694,0.0001699307379512,0.0001263265578289,307,306,7,M
259,308_NCI,0.0,0.0,4.771866405305337e-05,0.0,3.350437405259894e-05,1.6244607621130462e-05,308,307,7,N
260,309_NCI,0.0277777777777777,0.0002064376021735,0.000141895542004,0.0010670585719671,0.0005510914550067,0.0059488521897858,309,308,7,K
261,310_NCI,0.125,3.895976533385692e-06,0.0020208179444059,0.0003465600713311,0.000955463606572,0.0256653475197684,310,309,CT/EC,Q
262,311_NCI,0.0,0.0,6.774124586581705e-05,0.0,5.7295502340499126e-05,2.500734964126323e-05,311,310,CT/EC,F
263,312_NCI,0.0277777777777777,0.0,0.0001928555894783,0.0,0.0001542382396808,0.0056249743213873,312,311,CT/EC,R
264,313_NCI,0.0416666666666666,0.0002820556983351,0.0002763337003935,0.0008272769398275,0.0003422882937125,0.0086789242597871,313,312,CT/EC,N
265,314_NCI,0.0486111111111111,0.012779870070517,0.0155388473922901,0.037330669313351,0.0050188109692528,0.0238558617713044,314,313,CT/EC,C
266,315_NCI,0.0208333333333333,0.0,0.0051231186861228,0.0081148676841374,0.0002671589652697,0.0068676957337726,315,314,CT/EC,M
267,316_NCI,0.0208333333333333,0.035067856311798,0.1181362470977179,0.0865000569405006,0.0158324466852192,0.0552739880737138,316,315,CT/EC,V
268,317_NCI,0.0069444444444444,0.0001240967394551,0.0002125912810599,0.0,0.0003245473270266,0.0015211359583972,317,316,CT/EC,T
269,318_NCI,0.0,0.0,0.0001448121702697,0.0,9.447672118098222e-05,4.7857778290152594e-05,318,317,CT/EC,T
270,319_NCI,0.1527777777777778,2.9463319151545875e-05,0.0051653207633382,0.0211012405836207,0.004132728723233,0.0366413062334242,319,318,CT/EC,L
271,320_NCI,0.0486111111111111,0.0006601999048143,0.000800398804475,0.0027375360831981,0.0019467653910368,0.0109512022589271,320,319,CT/EC,C
272,321_NCI,0.0416666666666666,0.0091063780710101,0.0004794984501965,0.0050734138253158,0.0003892566157935,0.0113430427257965,321,320,CT/EC,C
273,322_NCI,0.0277777777777777,0.0046929982490837,0.0022239266141058,0.0071977343764941,0.0014829459803005,0.0086750765995524,322,321,CT/EC,G
274,323_NCI,0.1388888888888889,0.0006145626539364,0.0005717822217998,0.0,0.0002695382233055,0.0280689543975861,323,322,CT/EC,K
275,324_NCI,0.0208333333333333,2.248910823254846e-05,9.910938504973582e-05,8.477413480104446e-06,0.0001521579718718,0.0042231134423935,324,323,CT/EC,P
276,325_NCI,0.0763888888888889,0.0003053733089473,0.0008452654822771,0.0011903368752538,0.0009144545732153,0.0159288638257165,325,324,CT/EC,L
277,326_NCI,0.0347222222222222,2.8956078494957183e-06,0.000161556589854,0.0,6.932870832539852e-05,0.0069912006256502,326,325,CT/EC,G
278,327_NCI,0.1388888888888889,8.366635302081704e-05,0.0002812741096408,0.0,0.0001702650126539,0.0278848188728409,327,NA,NA,-
279,328_NCI,0.0694444444444444,0.0001432091667084,0.0009984474479992,0.0,0.0004998457203454,0.0142171893558995,328,326,CT/EC,D
280,329_NCI,0.0763888888888889,0.0002139251737389,0.0005505482874947,0.0,0.0001082919231115,0.0154523308546468,329,327,CT/EC,D
281,330_NCI,0.0138888888888888,8.190997323254123e-05,0.0003894603894139,0.0,0.0001278298493739,0.0028976178201818,330,328,CT/EC,E
282,331_NCI,0.0486111111111111,9.5210452855099e-06,0.0003911199399175,0.0,0.0002578642209596,0.0098539232634547,331,NA,NA,-
283,332_NCI,0.0625,0.0002037786471191,0.0014251717054038,0.000510536665064,0.0012157243332746,0.0131710422701723,332,329,CT/EC,A
284,333_NCI,0.0277777777777777,0.0002088919281959,0.0002340426014023,0.0,0.0012219255316603,0.0058885275678072,333,330,CT/EC,S
285,335_NCI,0.0208333333333333,4.574325430439785e-05,0.0006842389593708,0.0,6.10161073522619e-05,0.0043248663308721,335,332,CT/EC,T
286,336_NCI,0.125,0.0,0.0001773136975516,0.0,0.000117829905259,0.0250590287205621,336,333,CT/EC,S
287,337_NCI,0.0208333333333333,1.7018968719639815e-05,0.000625411865268,0.0012613355927852,0.0001691896358812,0.0045812578791975,337,334,CT/EC,K
288,338_NCI,0.0069444444444444,6.902300810907036e-05,0.0003247349284767,0.0,0.0001801566567427,0.0015036718075546,338,335,CT/EC,T
289,339_NCI,0.0208333333333333,0.0001452373398933,0.0007027714615619,0.0005696667373982,0.0006234913739128,0.0045749000492199,339,336,CT/EC,E
290,340_NCI,0.0069444444444444,0.0,9.831298095713028e-05,0.0,0.0002445625252986,0.00145746399014,340,NA,NA,-
291,341_NCI,0.0416666666666666,0.000227414740948,0.0001883661278597,0.0002340337071192,0.0002131357037817,0.008505923389275,341,NA,NA,-
292,342_NCI,0.0625,3.430453944019973e-05,0.0001344764506118,0.0,2.5872461334802197e-05,0.0125389306902773,342,NA,NA,-
293,343_NCI,0.0277777777777777,2.5362676296936115e-06,0.0002810782786899,5.7504498264248614e-08,0.0002107656680984,0.0056544430993388,343,NA,NA,-
294,345_NCI,0.0486111111111111,1.370479276374681e-05,0.0001456654637296,0.0,0.000440570235322,0.0098422103205853,345,337,CT/EC,T
295,346_NCI,0.1597222222222222,6.91413733875379e-05,0.0016028567562531,0.0012609633378172,0.0005967551263894,0.0326503877632139,346,338,CT/EC,S
296,347_NCI,0.0347222222222222,0.0,0.0001489889283172,0.0,0.0001877502335367,0.0070117922768152,347,339,CT/EC,Q
297,348_NCI,0.0208333333333333,5.154397058504401e-06,0.0002321424374758,0.0,7.563495171978453e-05,0.0042292530239174,348,340,CT/EC,V
