feature,p_value,score,gbr
p1_GAP,1.2498277533779608e-15,66.4282291977813,0.00014200898568415436
p1_M,1.784149861081115e-05,18.61255277106798,0.0015307234844679487
p1_P,0.0006843113447756034,11.614372410176387,6.650131939634778e-05
p2_EMDGFQYHIPVL,0.06601562438780233,3.387884328202965,0.0036518356495566224
p2_GAP,2.7038532762167545e-70,378.21607920739314,0.0033750626243569154
p2_K,0.015855465800130832,5.841569706223573,0.00031071535495659394
p2_N,1.1661461284519792e-10,42.54664221053059,1.8681297448516385e-05
p2_R,4.507252150440087e-05,16.813854768829525,0.0012967564954870737
p2_S,0.0012478739317917057,10.48637044971093,0.0002609993072306205
p2_T,1.7998530420451274e-12,51.158801133012126,5.748472405043213e-05
p3_G,6.198272024858517e-11,43.84434818933906,0.00046631014857598555
p3_GAP,1.5509895323837872e-39,191.53636606565877,0.0008996002350263805
p3_HAKTSRPDVF,0.00180965742830902,9.793191117629416,0.0005418015185029648
p3_Q,7.414540617895719e-10,38.76410128765058,0.00029580757949589515
p4_E,0.6923582422781588,0.1566477873551984,0.0
p4_GAP,0.6088225611324118,0.2620820071481629,0.0
p4_H,8.54415773664836e-08,29.17067470655066,0.00018521931389265514
p4_M,2.1339949077225003e-15,65.2944049373933,0.0007300565632156416
p4_N,1.626919903706244e-06,23.31001861574498,0.0010260919723144685
p4_PAGFVLIQWC,1.8460336532640805e-06,23.060586255987445,0.000750199092496986
p4_S,1.8696874396025155e-33,158.12804145259653,0.20710518380950907
p4_T,5.787530966593177e-10,39.26933693078973,0.0002819467366640383
p4_Y,6.303755504034981e-07,25.186890175900828,0.00023664041028983575
p5_E,1.8582786706691282e-35,169.00893597092949,0.0009270521563575087
p5_GAP,4.166841927405606e-62,325.50419278023736,0.0014840210554813657
p5_PSITMANGFQLRH,0.08542995448449536,2.9651503601156635,0.0
p6_FMADNRTSKVQPIY,1.0128844956557323e-05,19.7169500530337,0.001051094991564538
p6_G,0.26791820617503875,1.228938382275977,0.0
p6_GAP,2.0965990713167574e-05,18.298504565697108,4.282792971879372e-05
p6_L,0.0013341349887806989,10.36143767061849,0.005631558826490205
p7_D,0.0005480989871847538,12.033278798900087,1.1855594772696132e-05
p7_E,1.8750715724735597e-20,90.33202986192244,0.0005260231622820792
p7_GAP,3.218778661217662e-09,35.77890536830958,0.00029455705924764057
p7_I,0.12905484945760426,2.30819258265378,0.0
p7_K,0.25942587523019633,1.2734708148974079,0.0
p7_L,0.642883722395426,0.21513980779632033,0.0
p7_P,0.7169995687984237,0.13147070635712152,0.0
p7_Q,0.40885316814776285,0.6827892298579099,0.0
p8_E,1.774864101360444e-36,174.59610214613582,0.009108365336612103
p8_F,0.07255597745955522,3.2320253689226286,0.00012067802149743442
p8_G,3.9048862965513446e-07,26.138254199683026,0.00026534887657889166
p8_GAP,0.003495699761487404,8.575420781011637,0.012617504071127477
p8_N,1.6285708148314994e-06,23.308015735660423,0.00020767499416084032
p8_SHQLMAVITRKC,0.0009271661203277365,11.04300927056546,0.022939158799350736
p8_Y,0.18206552194391656,1.7835155183349318,0.0
p9_F,4.3303572672549604e-08,30.53331627181273,0.06870713122672023
p9_GAP,8.087872893093458e-05,15.685439726632932,0.00023797266216869897
p9_I,2.329544906436159e-15,65.10874418602326,0.00010448224301802658
p9_LMGYSPH,0.00031696427474186786,13.071463242499863,0.0004811563393945781
p9_V,1.9338660913260857e-09,36.81308398400618,0.00014308754541300292
p10_GAP,0.0006902104515660745,11.598194931712362,0.0003719271306296073
p10_HVTLR,7.800712535885136e-16,67.42859178241747,6.933721958537609e-05
p10_W,1.8239614019622473e-06,23.08432515753838,1.1186899799409221e-05
p10_Y,0.161225560773227,1.9660204164883617,0.0
p11_I,0.8388578490803185,0.041377725956936125,0.0
p11_L,1.4955298037769534e-69,373.33910471749823,0.0005150839061517541
p11_T,3.5992082951324377e-29,135.2447280732712,0.00011935713409587461
p11_V,2.7228504865186148e-11,45.53727991752225,0.00257495100577187
p12_F,4.2608793002885934e-44,217.32237255755146,0.0013052838673410143
p12_GAP,1.781136505087088e-07,27.702186197974772,0.0013669886080386242
p12_KSEGQNMRDL,0.04570457139343103,4.003863495366811,0.007972938034914653
p12_P,0.0004368664610408102,12.462502351315676,0.020186180199810236
p12_Y,4.941995058850905e-18,78.24970986261332,0.0003334567467299776
p13_F,0.13302907795220564,2.261001425070684,0.0
p13_GAP,0.3515649749345844,0.8687273385342276,0.0
p13_I,1.0724095041226002e-07,28.71589929912875,0.00041162256148094463
p13_K,6.000369430132464e-25,113.2169519003632,0.008314589575708246
p13_L,0.18639798017792583,1.7486030760096731,0.0
p13_M,5.894522630472955e-10,39.23196496887306,0.00243219147665132
p13_T,6.240545604049517e-43,210.67183871526112,0.00014769855485285039
p13_V,4.563533370118156e-08,30.4280196039129,4.111285460230469e-05
p13_YSQAGNRWD,3.921107787889859e-14,59.15409523023341,0.0026348874775157702
p14_GAP,3.6136403887655455e-13,54.50283670511068,0.0001706527310552056
p14_N,0.5157816252748479,0.42266353200299966,0.0
p14_P,4.244167524611333e-06,21.421361329150688,0.0002321374478830915
p14_Q,1.008750897810845e-05,19.724941940959997,0.00045318545808833717
p14_S,4.898770009997843e-10,39.60958973805645,0.019448484649381623
p14_V,0.01422163801981279,6.034568006150347,0.0012238851712804016
p15_D,3.3724226097293973e-06,21.87331531760467,0.0003698498997939189
p15_E,2.7537735141115523e-08,31.4430759838917,5.759569225068308e-05
p15_GAP,3.666518917705162e-47,235.00919651992805,0.00016538341502047148
p15_N,1.970967551433828e-79,439.80249554101545,0.942710925109842
p16_GAP,1.0000821457335148e-50,255.94274953259915,0.01150703463576862
p16_HPVGFIYQDE,3.040415850873037e-06,22.0772304340774,0.0013611969797902464
p16_K,0.0007481918210652744,11.44625298431739,1.2828656688464186e-05
p16_L,2.144279807936682e-19,85.02926700154855,0.00020307857995333705
p16_M,4.678011984845309e-15,63.633963746125616,0.00010522902082251786
p16_N,4.777930415398864e-18,78.3223705264091,0.00020123341293669882
p16_R,0.00043543196791645316,12.468734174318604,0.0007303852739322639
p16_S,1.4261206060246552e-09,37.432204339657986,0.0023294103999612708
p16_T,0.3066647823503866,1.04620780100692,0.0
p17_F,2.5674176504427925e-06,22.41018781455258,0.0012307804537518873
p17_GAP,9.532962164170775e-45,221.05030597028681,0.00118830440099224
p17_L,9.522014178867138e-34,159.71281308762593,0.0008921420621832483
p17_N,3.349325906278334e-05,17.388859036732153,0.00760740998796777
p17_T,3.654571085703147e-67,357.7896372266027,0.1155094207008457
p17_Y,8.00543193004913e-07,24.712988546557952,0.0007002941694628051
p18_G,1.7682008036357886e-05,18.630037643251587,0.0006776532098167028
p18_GAP,0.38670918893566164,0.7500140169635201,0.0
p18_N,2.1354331954472694e-08,31.954878372975053,0.007927332411653923
p19_GDMEFSHKATCP,0.0005555080518380346,12.007905830824392,0.0004122490841913245
p19_I,0.13253059067149414,2.2668335616481814,0.0
p19_L,0.7188480554593015,0.1296827983944952,0.0
p19_V,0.00044905407572346634,12.410375911412206,6.67200429617626e-05
p19_W,1.0226955727843694e-26,122.38081130132858,0.0007582651535684349
p20_SAIYGQDLMPF,0.3809059490225293,0.7685521390113338,0.0
p20_T,3.2286854890926616e-07,26.51658775201527,3.952087669454889e-06
p20_V,1.2682806562285897e-12,51.88651564851017,0.0021325594271447037
p21_K,4.5701084818546915e-19,83.38914534788223,0.00033710666120482483
p21_L,1.354579240991733e-06,23.671966256034942,0.027298134067965846
p21_N,8.589974512796119e-32,149.1863791249635,6.80643071023336e-05
p21_R,2.0392948267723345e-57,296.32801961811776,0.0008536770609083733
p21_TISFYMPQCDA,0.5563521886190979,0.3463259654445483,0.0
p21_V,1.0199677261577177e-61,323.0577471737573,0.00019320055844454655
p22_G,0.09512564733166722,2.791456712353067,0.0
p22_I,0.01759252933348475,5.657709364601399,0.0008080829501436119
p22_L,2.8299689758669642e-14,59.83952181804707,0.00012388833468504273
p22_NAYMKRTQ,0.9196640603980686,0.010177987000806705,0.0
p22_S,0.12142597343586949,2.4034966372565254,0.0
p22_V,0.20043756397710188,1.6416581643641963,0.0
p23_P,0.20376848319560092,1.6175727949159004,0.0
p23_TDSEARCN,6.894656528588368e-08,29.60034776006952,3.0420731885405095e-05
p24_E,0.6834317464585522,0.1663992301159048,0.0
p24_F,7.704510455748222e-19,82.25904050068125,0.00046347303175040406
p24_GSDKTNQMLC,8.966468591584404e-06,19.955258829830814,0.001328821601118589
p24_P,0.014409683651592581,6.0112205142949735,0.0001533061128483586
p24_W,1.5953805852851893e-42,208.35600655299123,0.0028463385166117468
p24_Y,0.09306751671325492,2.826665795035004,0.0
p25_E,3.918870715484954e-41,200.49566765659466,0.0003774659743858288
p25_GAP,1.5465044212529147e-05,18.891018858074037,8.917361609723412e-05
p25_L,5.572024618427714e-08,30.02737243293344,3.0248860694358863e-06
p26_G,0.5701815954008176,0.3226224803947468,0.0
p26_GAP,1.7778061481202282e-05,18.619488433029648,8.917361609723412e-05
p26_V,4.472256069077836e-09,35.11231123472415,9.128807853200387e-05
p26_Y,6.3231858618410584e-12,48.55284170811936,0.00017980796969142566
p27_P,0.002136493604094977,9.484833500948964,5.0711415016016e-05
p27_TQSEAGNL,0.060942092100748343,3.520629098265076,0.0005702366524966111
p28_E,1.410991629510533e-09,37.45389666780933,0.0011635600257232394
p28_N,2.8112783019534987e-44,218.3564039339246,0.000219814692801834
p28_Q,3.6847463941806225e-09,35.50478672502215,0.010181035945984886
p28_SARHVILPYT,5.78929473628757e-05,16.33010214787232,0.004481802561690813
p29_E,3.175377017196102e-32,151.50352213821665,2.700492005152237e-05
p29_H,0.2095757383321214,1.5766732118877258,0.0
p29_ITVFSLQ,0.6408117669498488,0.21783360566341917,0.0
p29_M,9.735365580299143e-13,52.43685415017815,0.0034671919393744824
p29_Y,5.96370194843506e-11,43.923647022084126,0.00035320159004908564
p30_L,8.516532515445919e-05,15.586023073390072,0.32840291618692413
p30_MKAISRV,0.6940075961785005,0.15488328873815385,0.0
p30_Q,0.006569377246518191,7.422613151023535,5.69303558691699e-05
p30_Y,1.9682336707032144e-08,32.119078216841096,0.0013472398267168216
p31_L,0.7030113002872465,0.14545336454128802,0.0
p31_M,0.0007858600970282639,11.353803296778251,0.005377305580137278
p31_V,0.0968502640809021,2.7625868892422654,0.0
p32_D,1.3113092620771144e-12,51.8171219565375,0.0005277150981970053
p32_G,9.750556125221893e-08,28.906302376234247,0.00014333003513587763
p32_H,0.7834751621979855,0.07555769788667355,0.0
p32_NSMQFTYL,0.44827331852766716,0.5755318976389965,0.0
p32_P,2.8608732867316e-51,259.1702024484271,4.886747466807822e-05
p32_V,3.926410154905615e-06,21.574270443863696,0.005033104741669219
p33_D,0.030078345318344003,4.720182842474184,0.0002383837959132416
p33_E,7.342350855049585e-06,20.3463246567323,0.003353386125258547
p33_GTQKVHLYIFR,0.12489733785232014,2.359327848136423,0.0
p33_N,0.21344003038678935,1.550194753614333,0.0
p33_P,0.19985497515483625,1.6459192057884287,0.0
p33_S,0.8620260416947707,0.030222724236659424,0.0
p34_P,1.5807706728389e-07,27.940432979291383,0.0006446298657847379
p34_R,2.7616019802881458e-42,207.0045751801818,0.37600630237431976
p34_S,0.01297801414927134,6.197475009547598,0.0001148552401783299
p34_V,1.1638994830384043e-11,47.29101459751998,0.0006407860715480742
p34_YMTAKLQIFN,7.136289550212019e-32,149.61765499932298,0.005757096865253133
p35_G,1.9012679433813628e-06,23.002409680502428,1.1377460838664922e-05
p35_I,0.00023299500709983437,13.657547077671438,0.00020423250523799268
p35_MSVFTELRY,0.9060976009962671,0.013923147443465511,0.0
p35_W,0.24243471985245055,1.3682301501867282,0.0
p36_FHSGNEWC,0.08081888476211431,3.055420736754258,0.0
p36_I,0.8790206633763861,0.023181682286921697,0.0
p36_K,0.02765625931678741,4.865617043880662,6.124432718576788e-05
p36_L,5.448600319480488e-53,269.4464335655442,0.026821909506967095
p36_M,0.027308862799224825,4.887560189637119,0.0001947417826192022
p36_Q,0.06875374181505833,3.3207039073052544,5.756832150609896e-05
p36_R,0.0037654176811407944,8.4388406029,0.00012943061270654288
p36_T,0.0026217107045014487,9.105874341096145,5.5778540395580125e-05
p36_V,1.3314221615805712e-32,153.5317840199535,0.0004919512500912922
p36_Y,5.7968904562765e-16,68.05931596296956,0.07172410219606794
p37_H,3.3999093775956724e-08,31.019265604522317,0.0007014721384457493
p37_Y,1.5473387712511358e-51,260.75852510023594,0.0012225409876633836
p38_FMILPQDV,0.001555185757829222,10.07534180979807,0.00032944315507840895
p38_G,2.2258595816021757e-12,50.71752533695705,0.004651806678053222
p38_H,0.9574433702988527,0.0028491502167389245,0.0
p38_K,0.000719202447911927,11.52066994440438,7.426371010876381e-05
p38_N,1.5403688806226193e-27,126.67176864960645,0.0002961610074809485
p38_R,0.27560199401597985,1.1901382107359881,0.0
p38_S,0.00020248932143769488,13.92537107507379,0.00016890930002303264
p38_T,2.0985210346920883e-14,60.46858880728922,0.0
p38_Y,1.6697588671191447e-59,309.2212570339012,0.012307805695372712
p39_C,0.7967041873322415,0.06640585131038015,0.0
p39_F,2.621100956070127e-09,36.19562788903811,0.0027256277501286163
p39_G,0.00044026170803627247,12.447834545978388,0.00017060396539423734
p39_I,1.8887363807649488e-08,32.202128564528984,0.0002809641447807345
p39_L,0.8682659792158725,0.027526180730771177,0.0
p39_M,0.6057020870985719,0.2666740746135685,0.0
p39_S,6.0880789882758105e-05,16.23296723373506,0.004413557207901936
p39_V,0.0007721311917509446,11.386968181625573,0.0021173740919582648
p40_L,0.0058995201528134625,7.618041786696082,0.008261686467594611
p40_M,3.049433496538093e-09,35.88852205502022,0.04561059039290844
p40_Q,1.1904785057798424e-68,367.44970589375447,0.199315080975634
p40_SIFCGW,6.650612931093485e-05,16.062471002872122,0.0006657638710794488
p40_T,1.3689573798342046e-26,121.72155002830502,6.568061374715224e-05
p40_V,0.09153873939278585,2.8533724506113756,0.0
p41_CLFYRMNI,0.19958043309777534,1.6479322690355773,0.0
p41_G,9.725823076380987e-05,15.330619745024759,0.00048228325836883904
p41_S,1.9621495049625526e-10,41.480249880807044,0.0024982133093538177
p41_T,0.09419304775622822,2.8073070774064752,0.0
p42_C,0.002623076642332262,9.104911540239765,0.0004669744112226946
p42_F,5.65056518633238e-16,68.11365235195603,0.00731927917940285
p42_I,0.002002853903530366,9.604702177723752,5.606364348261858e-05
p42_L,2.0562657351725652e-05,18.336288971275316,0.0005531319148870945
p42_TMGS,0.23680028220712984,1.4014629307137505,0.0
p42_V,0.018948585171094903,5.526781300256029,0.003376862304028931
p43_F,7.397508381581145e-61,317.6608580457302,0.01606141733501731
p43_I,0.10916404571163962,2.571519584801919,0.0
p43_L,6.5074559094996546e-46,227.76637985559577,0.012735072050882644
p43_T,1.5947305252063096e-05,18.831176185850424,0.0002117051629260995
p43_V,0.003500078015607874,8.573119091057109,0.0009546950893362722
p43_W,1.6301736087279948e-46,231.2460660540769,5.873206628015802e-07
p43_Y,2.705863356208211e-12,50.312141098471855,0.0794612063832467
p44_I,6.522635618616247e-14,58.08571365468146,0.00021787223857872796
p44_M,3.3597647745032967e-06,21.88071217692039,0.006935087760302931
p44_Y,4.1782044724927873e-47,234.6791838675041,0.018529122115083712
p45_F,3.697214607717051e-11,44.907207621084346,0.0010704284582825647
p45_G,1.2995617612240784e-26,121.83912716865021,0.005986738721806499
p45_I,0.6268198449847211,0.23656511344122663,0.0
p45_L,0.7042425983788546,0.1441901591242228,0.0
p45_T,0.6555767002877962,0.19907772650006741,0.0
p45_V,0.003351537125047634,8.652895410907428,0.00010504366230838688
p46_F,0.005162609424497973,7.861148499732883,0.0015278186918954455
p46_I,0.00019648638803950198,13.982853745617868,0.017682211570216638
p46_L,0.0074750567989847515,7.188568556292679,0.0006885415583058167
p46_M,0.902355379315254,0.0150607027867993,0.0
p46_V,2.5402641608471105e-07,26.994185618978587,0.0014062924001040538
p47_I,0.7036786332025853,0.14476795575840343,0.0
p47_L,2.7276131757817325e-13,55.09030591149468,0.001954711676177594
p47_TCMYG,0.8149094414577157,0.05483458825491308,0.0
p47_V,0.4590254966376338,0.5487552208652384,0.0
p48_G,3.337504510319259e-14,59.4927297524516,0.0008436156096654957
p48_I,3.338045091222239e-12,49.87653276655546,0.00992142782719327
p48_LACWS,0.0006044775051492989,11.848355986802591,0.00034237736235961935
p48_M,0.015369096357667934,5.896793010437636,0.0007854608813590042
p48_T,7.820504388076057e-36,171.06436087540192,8.500376598898887e-07
p48_V,8.310988612335223e-40,193.0506089794721,0.00017924021445617924
p49_C,0.00030519916076665767,13.143392396247714,0.003941184068599168
p49_F,3.742925381259624e-24,109.12660298463575,0.008918272181514612
p49_I,8.05594364393594e-09,33.92152265553135,0.0015451057689402218
p49_L,0.10864780544667478,2.5790446449375874,0.0
p49_STMGN,0.39592908977740626,0.7213642383258151,0.0
p49_V,0.7083758308813767,0.13999580595537311,0.0
p50_F,0.44595200727781104,0.5814449507666823,0.0
p50_I,4.149460183494703e-05,16.973894840151477,0.003359624511519323
p50_L,0.0012169038482837612,10.533373746354977,0.0007954241574938436
p50_M,0.00017869861468058855,14.164216112348404,0.0002381619592885368
p50_T,0.0006190211296837587,11.8034839382162,0.0002635946893001458
p50_V,0.00010885193421517522,15.114213656880946,0.004100676267617633
p51_G,3.8215632507178745e-09,35.430891152068206,0.0025168069531722632
p51_S,1.0792014498630813e-31,148.65578570817556,0.10785623835015978
p52_F,1.0969461553549052e-06,24.089188610399688,0.027430983657377228
p52_I,0.0037171557921464055,8.462531784755713,0.002228993967830916
p52_L,9.234425995697707e-12,47.769342804701125,0.0005312824097376626
p52_T,1.3588298730449445e-31,148.1203874616819,0.06447134880878219
p52_V,8.052379263786839e-29,133.40049280368976,0.002339119600224819
p53_C,0.19401262629253407,1.6894740464465448,0.0
p53_F,3.411156508920329e-33,156.71795389625584,2.2884468925531116e-05
p53_I,8.152004727243792e-11,43.28144098226236,9.65502468139196e-06
p53_L,3.362016014357561e-09,35.690615344817026,0.00021794479620719612
p53_P,0.0020959916777348654,9.52033814896937,0.0007906903109082443
p53_S,0.5157559225921782,0.4227153012335439,0.0
p53_T,0.016593044537635333,5.761075863196729,0.00010795555354859512
p53_V,6.384568441572357e-05,16.141216152777393,2.285907648383684e-05
p54_I,0.002143468480283673,9.47878831507833,0.0005086331596367935
p54_L,5.3878101761209964e-70,376.24785186553413,0.8977253945900533
p54_T,5.3670835600979026e-46,228.2500184840253,5.873206628015802e-07
p54_V,0.021915297878118096,5.271312642581548,0.00011189976032652588
p56_F,3.900306719234349e-05,17.093778723467665,0.0003785252754325084
p56_G,1.970454169324056e-10,41.471601567166545,0.01390879043449936
p56_ITSCN,4.737688243358676e-05,16.717422398988454,0.0001891770843683347
p56_L,0.09699366048442731,2.7602117608470955,0.0
p56_V,0.007851674501544108,7.099682026939061,6.372709517089431e-05
p57_L,1.3236399768696057e-10,42.28685099850267,0.001170492829348701
p57_M,7.03507368519326e-07,24.96915549233981,0.002097116418387102
p57_TCFPWG,0.0018194778642137213,9.78312686017396,0.0006220085721549294
p57_V,0.573487909427046,0.31711989881080754,0.0
p58_V,0.0020019955000304098,9.60549812349141,0.003637219330236438
p59_L,2.6036190399250393e-11,45.62955905397301,0.0011543663686431687
p59_V,0.0914197042675609,2.8554722440662554,0.0
p60_F,4.6445547403430886e-05,16.755815270512784,0.004793530150179692
p60_I,1.6830243872979914e-16,70.69203279224354,0.00012597502519617182
p60_L,0.12340276137993804,2.378175098967045,0.0
p60_V,0.00394950921109596,8.351229758653337,0.007463946848218225
p60_W,1.0591766866516223e-18,81.57109420938342,0.002232091548160411
p60_Y,2.6713674301778287e-17,74.62623305151541,0.0007147913760385671
p61_C,1.7833318191563357e-08,32.317826517437744,0.02162925577305916
p61_I,6.402964357952195e-07,25.155906829706502,0.00017847778830346284
p61_L,0.1103498673356781,2.554381597778745,0.0
p61_V,0.11299322716298922,2.516898189109634,0.0
p62_T,4.752133352310224e-06,21.199354096153524,1.6903799071071338e-06
p63_CWGYNKE,0.6576834419287747,0.1964841048587552,0.0
p63_F,0.6414085081391763,0.21705567698703468,0.0
p63_I,0.6314185168406243,0.23030390262570785,0.0
p63_L,1.0292025618228663e-05,19.685718054418846,0.0011515697774484436
p63_M,3.371663650929567e-11,45.09699614028299,0.002102046994550581
p63_S,6.606581071298572e-07,25.093799925516134,0.0003288627206955538
p63_T,0.014933577102421682,5.947795555950251,0.0006661238033906018
p63_V,0.0007249386672563664,11.505706653671169,0.00038086557398972807
p64_K,0.5237270360033875,0.4068745254272617,0.0
p64_NACGLMHV,0.0012923412510085033,10.420911205555024,4.678483447827165e-05
p64_Q,0.1650813238278635,1.9302793642662968,0.0
p64_R,0.21453550216507128,1.5427920191047149,0.0
p64_S,0.8130481379163094,0.055963917261295244,0.0
p64_T,0.006943977294815056,7.322031482737541,0.0007012047001261362
p65_F,1.1731604008123537e-40,197.81685818653045,0.011782248337744761
p65_H,4.080638331281462e-07,26.050709368546286,0.00029512560807754294
p65_KCDEVLRI,0.9521560019694223,0.0036020097749078234,0.0
p65_N,0.001934184439548232,9.669496281635727,8.823821401420689e-05
p65_S,2.0109402222214115e-08,32.075842885680025,0.030041132505064183
p65_T,4.362365815176186e-06,21.367403894612508,0.01032157106721199
p65_Y,2.5506772275127865e-77,425.3019266827176,0.0515623637381532
p66_RPASMQD,0.618584838239033,0.24803841237160806,0.0
p67_S,1.533070723435503e-08,32.62260668961216,0.001385882680959944
p67_TANPRGCQYI,0.13250697094919914,2.2671105132511458,0.0
p69_Q,0.06752257959993102,3.3505496070554743,8.50611986005815e-06
p69_R,1.5600066338071626e-05,18.874076988077896,0.00047874421916323923
p70_Q,1.3027519745609525e-09,37.61625928725008,0.00011432538244519056
p70_S,2.4150388991229968e-05,18.02361455745188,0.0003391934577737699
p70_T,0.1357487331030067,2.229607323829338,0.0
p71_H,4.472256069077836e-09,35.11231123472415,9.128807853200387e-05
p71_P,4.070965261865116e-11,44.70898054240491,0.03203322348940819
p72_L,2.01063307435973e-06,22.89206981973029,6.396723400299244e-05
p72_S,4.3332082412290525e-10,39.860075183447805,0.002757931694649091
p74_I,0.8292767719060241,0.0465237768828083,0.0
p74_L,0.06135438818643699,3.509408803617915,0.0013148408450262394
p74_M,4.447256572924603e-16,68.62278239448862,1.6602215973883154e-05
p74_W,7.037815294258024e-47,233.36300798593598,5.873206628015802e-07
p74_Y,1.5504619318655366e-08,32.59986419836603,0.0008620630752573451
p75_I,5.23828549546718e-06,21.0081917878192,0.07447017290441708
p75_L,0.11499444468441626,2.4891583895149543,0.0
p76_L,2.1058071685588357e-05,18.28998102793934,0.00021050431834524237
p76_V,0.2734860859344464,1.2006861351660252,0.0
p77_L,0.057184827356719425,3.62676861408087,0.001953521497058859
p77_V,0.09082901987235166,2.8659361668092944,0.0
p79_L,3.161847272534867e-74,404.3539913859698,0.21424743533075602
p79_V,1.103741541395267e-13,56.98302702159892,0.0006563974701878679
p80_S,2.4646778369864266e-70,378.48071322006626,0.02112439878232401
p81_F,0.005647317902750456,7.697567381186581,0.0014461969158984025
p81_I,0.9970478571213292,1.3697609375437595e-05,0.0
p81_L,3.231551906411307e-17,74.2184350502568,0.005078984834940644
p81_V,6.15380564732602e-13,53.392325988277776,0.03207415840299511
p82_C,2.8073025066278662e-36,173.50289495579867,0.0015619472445753174
p82_F,1.1788379666693283e-07,28.526668901112675,0.00046512296496664673
p82_G,2.6969285693989707e-14,59.94078278060118,0.00017031726535107904
p82_S,0.001970448179789298,9.634993135730317,0.006282349318836788
p83_G,7.610960482475236e-21,92.30242576024561,0.015119397517729966
p83_N,0.008375512650787353,6.983056723568838,0.026689956415521708
p84_L,2.1433260276010993e-27,125.92157040239076,0.02096871957529585
p84_MIHTVASWG,0.6057663760022841,0.26657895802695025,0.0
p85_C,0.021933749526876573,5.269838498053351,0.000409346958266
p85_F,0.0008336159174213602,11.24284418920232,2.4326993225897057e-05
p85_G,8.338707163857433e-29,133.32055039091895,0.0012681659433003958
p85_I,5.0919392910294295e-18,78.18538762861708,0.001532627555429532
p85_L,0.0006151410558966141,11.815350093177013,0.0013268996275549844
p85_M,3.0087578806706426e-05,17.596821288939775,0.0015468381376519172
p85_VTWS,0.004941201786342249,7.941165287147013,0.0007492659193573338
p86_F,6.621083111588928e-55,280.9997021064004,0.014986054443433346
p86_M,0.0014777902476485441,10.170529488694042,0.0007480687360149066
p86_SLYICATRQ,4.998185791542982e-06,21.100263874191974,0.0077471784275525285
p86_V,6.066175483362119e-09,34.495191067453966,0.002333010441659128
p87_C,3.775330393720475e-14,59.23369394051083,0.00039868682748069614
p87_LIDFYQ,0.029621997085858536,4.746627600623473,6.109374673699633e-05
p87_M,0.00024589687597911596,13.554784206534174,0.0005072674600985756
p87_S,2.2885394019243923e-06,22.63678030812822,8.292453816226869e-05
p87_T,4.231891880418842e-46,228.84684620664274,5.873206628015802e-07
p87_V,0.03986219171232019,4.2363762482563825,0.00012030037742751785
p88_C,0.10591443260440868,2.619554698395811,0.0
p88_F,2.2314395898793953e-09,36.522366892485046,3.3639465106232236e-05
p88_I,1.3616614509857027e-08,32.86171549428385,0.002838884339761457
p88_L,0.6015747476130988,0.2728256973602248,0.0
p88_MSGH,2.509390574244324e-06,22.45522569609593,0.0035399275642715093
p88_T,1.1932270545106802e-12,52.0134088991548,0.0005522368311723524
p88_V,2.0892652929817848e-07,27.38383854409667,0.0009145656690314265
p89_E,0.0020513524858323477,9.560286390916556,0.00044807178891001904
p89_F,1.7646958330630845e-05,18.633901400656985,5.8246532340667984e-05
p89_G,2.7729570351145215e-06,22.25850416910487,1.7108292056399125e-05
p89_I,1.1177190567047545e-22,101.58566392213888,0.00022885715551593743
p89_K,4.1761003947828934e-63,331.81395062132253,0.32730720157613136
p89_SALNMD,1.7645965583774983e-05,18.634010950082374,0.00019376278753540613
p89_T,4.6030229904480935e-05,16.773186868151452,0.002399148996997281
p89_V,0.00011715934275652749,14.9730019116965,0.00014866182314761934
p90_G,2.4640832516172815e-05,17.98455182696333,0.026952800623699636
p90_M,1.0451299352117214e-06,24.18495154232593,0.13138306344093928
p90_QNCIPLD,0.05962766539112061,3.5569479269494275,0.027490503500496557
p90_S,1.745655352285257e-54,278.4499794471419,0.011616836837573507
p90_T,2.7670643353668103e-29,135.84766672562216,0.016806992765867276
p91_F,1.7109133989370113e-16,70.65698958640857,0.002189975144857245
p91_GAP,1.6716846406774297e-56,290.7278216827881,0.3014850221795194
p91_S,1.2160154951281308e-22,101.39932877327058,0.0008850174074508243
p91_V,2.658164531990675e-63,333.0569832289372,2.130938663636729e-05
p92_P,6.454192643983601e-06,20.59888580927109,0.0030884974576063855
p92_S,4.18712583998728e-19,83.5786771061721,0.0010170150195897706
p92_T,1.5741664045052204e-67,360.15867266723217,0.010479670153538035
p93_HFNWDSY,0.22682788082027275,1.46269872467827,0.0
p93_I,5.616629147801446e-08,30.01137995601579,0.04847142850771226
p93_L,0.001750561486534659,9.854950652402326,0.00017928854180766096
p93_M,0.1972966176686469,1.664805408075914,0.0
p93_P,6.772566178899424e-11,43.66224968489417,0.004744458824795931
p93_Q,4.655593946615106e-22,98.43677078771634,5.677256006753562e-07
p93_T,2.8252730057341335e-05,17.718925455447835,0.0016492624451811462
p93_V,0.8959635989558489,0.01710863655644869,0.0
p94_CYGKEI,0.00043071526556764223,12.489372127878157,0.0003633725094608531
p94_F,3.3648005996168825e-49,246.92596478603443,0.00015210890745311978
p94_L,0.14159546770316314,2.1644413921084524,0.0
p94_M,8.879019089996935e-14,57.438985178733276,0.0007046117185473489
p94_S,7.566950624196421e-44,215.8959080276112,1.8216697700668805e-05
p94_T,2.5962275808270835e-13,55.19345859226365,0.06130499502948862
p94_V,8.997317897200659e-59,304.68573522154253,0.003563720131113221
p95_F,2.806233741451989e-51,259.2200039966873,0.016613490839743526
p95_I,3.4268747793470763e-06,21.841810276775163,0.006694801963226493
p95_L,0.0820193902651447,3.0313921835866946,0.0
p95_M,0.0002380647333384748,13.616497297654153,0.00039216803951825236
p95_V,2.1298769604054293e-49,248.09461435086692,0.0011621994638114704
p96_FAMWNSGH,0.8890103854784672,0.01948737542973517,0.0
p96_I,0.135729803241741,2.229823396324078,0.0
p96_L,9.103515904202304e-06,19.925593602422303,0.00014294101611773995
p96_T,8.576041635499278e-07,24.576553616632843,0.02178310453574199
p96_V,0.5947862699507631,0.2831389307238326,0.0
p96_Y,2.110859460660258e-06,22.796125223194498,0.010671241387433937
p97_CIDGW,0.0020423293782940626,9.56846855473888,0.00014716603992348325
p97_N,8.402138971186256e-08,29.204235991357482,0.004252806015017669
p97_S,1.955501037498692e-06,22.946917769993448,0.00014570690529902618
p97_T,1.1748447015262788e-07,28.533453555440197,0.00136783934439889
p98_C,8.986490413156221e-11,43.081336377517616,0.0035336988529040057
p98_F,1.101782351257786e-08,33.28906664630418,4.716047889932832e-05
p98_Q,7.037815294258024e-47,233.36300798593598,5.873206628015802e-07
p98_S,3.7716233776817667e-42,206.23764841901297,0.0013139236498472245
p99_C,2.7650753019096197e-13,55.061805938670425,0.009998282812869075
p99_F,0.008101735617854176,7.043045585237044,0.00033368547317507883
p99_I,9.94119043213447e-15,62.04259207643791,0.0005688933386910024
p99_L,0.1477653196244787,2.098880174418259,0.0
p99_M,0.002158927372514454,9.465460909758612,0.0009545250183029676
p99_S,7.729180292795224e-22,97.3206487506528,5.508147812773784e-05
p99_V,3.831196296781582e-05,17.1284012043668,0.0008608000882878708
p99_WTGH,0.13497098353486245,2.238512771578996,0.0
p99_Y,4.931513756526713e-15,63.52244829528964,0.00016004463410463076
p100_F,6.431451181427417e-13,53.30034744903549,0.00028235707604673657
p100_H,0.24631445332620444,1.3458894811899116,0.0
p100_M,1.0451069024406196e-12,52.28920095072933,1.7582838553788278e-06
p100_N,0.28806214964760796,1.130030356906877,0.0
p100_Q,4.479222450636229e-28,129.48210488179035,0.004344367320711564
p100_R,3.765046606611286e-23,103.99459272921345,1.6285750950624307e-05
p100_S,0.0007269236319531046,11.50055664983878,0.00025719334663599347
p100_Y,5.071637884218695e-11,44.25679907715116,0.006671351164237187
p101_G,1.3025135645993938e-15,66.34066297558124,0.001537223269688906
p101_K,0.00036986995331070635,12.778216041225013,0.00046684080924735337
p101_Q,0.0026836607610879904,9.062713155473654,1.2057896502028853e-05
p101_R,2.054467071330111e-23,105.33841934921148,0.24346421695659815
p101_TAMHLV,1.785829551641965e-09,36.974909025313856,0.003518918954754698
p102_KVFHQA,0.9371238452864026,0.006226471727548992,0.0
p102_R,0.028598612924320876,4.807510579599255,0.00048255292006859393
p102_T,2.890957671154888e-17,74.45698729981372,0.01124764373424344
p102_Y,5.1589169339684856e-05,16.552774133335234,0.0009107199494889895
p103_M,1.4156726165351718e-05,19.063344419789903,0.03586049687443203
p103_PLI,7.194055940440674e-05,15.911040520301123,0.0035056631261660928
p103_W,1.5760350636458574e-16,70.83209351291367,0.15662816349567615
p103_Y,1.219603171986146e-23,106.49693562385839,0.0
p104_F,9.098636330391882e-24,107.1484681033919,0.007412612071300174
p104_I,2.0577308871066933e-10,41.38286313610027,0.000632642508940261
p104_L,9.660812132164303e-05,15.343513952173451,0.0007302777748239859
p104_STMQHWRYPK,0.9505560166124138,0.003847267560011512,0.0
p104_V,1.8725235208362327e-16,70.46456222997607,0.0014462603262484254
p105_G,0.00029483085142704795,13.209143451535862,1.756909157444317e-05
p105_L,1.2792499669924699e-11,47.0957943064608,0.0008347228822633192
p105_TMWIASHVRP,2.1077419960229864e-11,46.06516384547206,0.0005347936260805479
p106_YWSENTPF,0.01425780690821001,6.030052694758458,0.0009856272021497726
p107_H,4.57926125694824e-15,63.67905298952688,0.00011647052794515785
p107_K,1.44958052247151e-13,56.41228547241041,0.00013710251262972687
p107_P,3.1793907588178447e-07,26.547213620579047,0.0006811905563589178
p107_Q,0.006521116820609305,7.4359962564021025,0.0004158357908134746
p107_R,0.0036581813239253136,8.49191090947525,0.008557868120474621
p107_SENYDFMGIW,5.266696414870327e-16,68.26319350237941,4.709059542341957e-05
p107_T,0.49343880407546203,0.46941298035376067,0.0
p107_V,0.3231020466914778,0.9774517482393621,0.0
p108_F,0.002639043252063052,9.093694919830074,0.0029530623852394083
p108_H,4.265396353375866e-31,145.46655399872265,0.0017935929158716937
p108_I,0.002405753172409699,9.264890541871496,0.002681944071547253
p108_L,0.0009231733961391815,11.051112401107305,0.00026810071909063205
p108_M,0.7917703595640614,0.06974517092291922,0.0
p108_P,7.037815294258024e-47,233.36300798593598,5.873206628015802e-07
p108_T,0.6792833350413383,0.17104811187397947,0.0
p108_V,0.010785029578297167,6.528345543307993,0.0008858783476774957
p109_F,4.096744928273328e-09,35.289983288053165,0.0003156105083294443
p109_G,0.0015675463668287253,10.060586225181776,0.006126817163222942
p109_L,0.4265161795481899,0.6328812245408156,0.0
p109_M,1.6423952883485456e-21,95.66373017372496,0.00046887544504592465
p109_SWYIT,0.0010177559342302962,10.868086871964644,0.0003366765532037677
p109_V,3.4879721580200147e-31,145.9328423504909,0.0007864745048620199
p111_D,0.11956524343922678,2.4277531352487327,0.0
p111_E,3.247726460401069e-05,17.448582795720757,0.005622807122890506
p111_IRTSMGL,0.7888738888760429,0.07174642058531881,0.0
p111_K,8.696576337925131e-08,29.135273398104612,0.0019281118781656309
p111_N,9.195038062294686e-06,19.906031933297747,3.862213958343504e-05
p111_Q,4.2848533573225475e-16,68.70190438912987,0.00748885040950359
p111_V,8.36103863412166e-34,160.01848749617452,0.0014757867682725755
p111_Y,0.027029404976741743,4.905424169056501,0.0002779017631097781
p112_I,5.8932819340723034e-06,20.77710112610978,0.0012224514786721421
p112_L,0.8713710234343564,0.02623257254599518,0.0
p112_M,9.70334956206655e-07,24.331949944663652,0.00020069597412453644
p112_V,0.0001072059308356178,15.143480488232905,0.00046841981011318533
p113_F,2.6293540297796248e-55,283.43392934710135,6.385573555691704e-05
p113_Y,8.305077782790779e-07,24.64016663174244,2.383823581665837e-05
p114_G,1.3918836439918606e-35,169.69479284140675,0.014437194951169548
p115_C,0.006327127421343846,7.490833362874197,0.0003769314469305881
p115_F,0.01708956132346458,5.70894506632384,0.0019771932068348174
p115_L,0.00033927076938839275,12.942204391668408,0.0029370968935687513
p115_M,0.00020795965192894214,13.8744674302955,5.024131662375825e-06
p115_TISG,6.505251664533232e-06,20.58344424600573,0.002139090768270308
p115_V,1.167922836534367e-13,56.86463911032026,0.00027393162608140166
p115_Y,1.3476225349940465e-34,164.3193807041977,0.0007492597244429253
p116_CSWENG,0.011997680076964213,6.337658913386777,0.00015081359280215946
p116_F,1.686997892184326e-06,23.2384160035345,0.0002994127822074618
p116_I,1.3441547365955008e-05,19.164454181708294,0.0016673044077926118
p116_L,8.554298599266047e-17,72.13633371282954,0.002259587696690475
p116_M,5.823908396139308e-07,25.344018514709145,0.0015550223166892765
p116_T,1.8485502258629272e-17,75.41551085226592,0.005038639303987459
p116_V,0.0004684800505263003,12.330178172682215,0.011311407673905071
p117_G,3.3787268360677495e-53,270.6925663769369,0.0018280404007224027
p117_V,4.643333324569018e-37,177.79993189017438,0.02151190318179725
p118_GNFCYIDV,0.5266414032275346,0.4011889184590491,0.0
p118_S,0.8519458383421977,0.034853696280367795,0.0
p118_T,0.00026132140959751553,13.43884802126595,0.006924221965399063
p119_I,2.38290271531926e-08,31.734136945457895,0.019450168030725364
p119_L,5.6999404623079666e-18,77.94269448202287,0.027251606415083757
p119_T,0.001997689993556351,9.60949559808701,0.004037624105858544
p119_V,3.7477358819081673e-10,40.156596163325766,0.020696354858299255
p119_Y,4.113369269102791e-23,103.79846469577696,6.456698086402911e-06
p120_C,2.4388205175661164e-44,218.71004522892463,0.0010152859989040924
p120_F,9.207522478695319e-11,43.031455955571005,0.004148922435938702
p120_G,7.780965141584287e-05,15.759938985627233,0.0012453037975490007
p120_S,1.4510255243471375e-43,214.28111620901856,4.370238507708751e-05
p120_T,0.0004682993791242031,12.33090844701366,0.00022114270311129284
p122_E,2.465870626439093e-13,55.30111312123639,0.02621354031908706
p122_I,0.4016781451696323,0.703981781281353,0.0
p122_L,8.422986896830407e-63,329.8859975792007,0.0027130880883331136
p122_M,7.392757839308859e-09,34.09518628925977,0.09844855689552884
p122_Q,0.592990438599747,0.28590830233850184,0.0
p122_TSFVDYP,0.15337178594406342,2.0419349252624355,0.0
p123_G,1.3869492373323344e-33,158.82919777403916,0.00011549017049506081
p123_I,1.957390693821626e-07,27.513895241247837,0.00011619929853583756
p123_MCSLN,0.4505115429704176,0.5698754589084738,0.0
p123_T,1.3524170889156068e-29,137.4912592800025,0.0006755424869483044
p123_V,7.704381897042514e-19,82.25907658300358,0.0002992600080769391
p124_G,4.0062919633567203e-10,40.020296318108656,0.0031054741957970322
p124_S,0.017474280904409896,5.669617504587998,0.06762241907105233
p124_T,6.503584397478609e-72,388.91128163281815,0.00694864255528954
p125_G,6.507914893977946e-93,536.2757779026614,0.009484278295752139
p125_I,8.012660618926994e-13,52.84235051475235,7.177962552482038e-06
p125_L,5.897806086876896e-41,199.4961860217231,1.5986397586413363e-05
p126_M,1.2038655966616955e-24,111.65898886385779,0.0003230590040515941
p126_TLAVYFGCN,0.0016519504101400152,9.962878980082348,0.001562319247703267
p126_W,3.619993103785402e-33,156.57871256845308,0.0003661181340865011
p127_T,4.250149321540904e-06,21.418594536098997,0.0015038115200284293
p128_M,3.148431945451984e-17,74.27424207733536,0.001801463769096441
p128_N,2.982089496967184e-54,277.0440474589523,0.04627884643302995
p129_CSLPMIF,0.9400604953514343,0.00565736183286448,0.0
p129_T,5.726592887342447e-26,118.49293181440652,0.00029949484865505425
p129_V,8.109798940795529e-18,77.18446292240638,0.003157593363219144
p130_C,5.834206591586476e-22,97.93973933288814,0.0006036781924823652
p130_F,8.601067434033286e-35,165.3803145859525,3.466016307901973e-05
p130_I,2.3269300142951813e-34,163.0303858757109,0.0004844114913064326
p130_M,4.152310429394095e-08,30.617624922714423,0.00011624524199686568
p130_V,0.03035941518915968,4.704102864128518,0.00042521236393005727
p131_L,0.0049448917820137,7.9398019524475405,5.077527785683057e-05
p131_V,0.0004545880225435685,12.38717772338875,0.00020944519626308464
p132_S,1.9126194725653556e-21,95.32927155110846,0.007660793838819322
p132_T,0.00032265315821542763,13.037644788116593,9.198185518396181e-05
p133_I,1.3086266549534304e-05,19.216714241060018,0.0017935840879993545
p133_L,0.9936472257163255,6.343136949124428e-05,0.0
p133_V,3.6040945974682776e-05,17.24677374326806,8.397132480448711e-05
p133_W,2.70436375831144e-48,241.61571313180934,0.047967123528372936
p133_Y,6.444847775153709e-37,177.01565373511954,0.0005810647962333995
p134_E,1.216508703554274e-05,19.35916521647758,5.7756408639808515e-05
p136_W,1.5054428286542794e-23,106.0289849456732,0.0002294306997100641
p136_Y,8.331570938133128e-15,62.41518900816706,0.0021555503167979364
p137_K,0.005258260651906108,7.8276583980316925,0.00010457051418828837
p137_L,0.020134566701961558,5.419991955956382,0.0012569880297059073
p137_M,0.014621048744510704,5.985349885077099,0.0003043466957397751
p137_N,4.0615240332958263e-10,39.992326462447664,2.572092308504666e-07
p137_RFTCQAHYW,0.10083170203575124,2.698028628918476,0.0
p137_S,1.4507460850106087e-35,169.5964634776699,0.004232384399304499
p137_V,2.714481455194206e-06,22.300475819826413,0.0005594155268664997
p138_V,1.6675096017523798e-42,208.24703235070191,0.00026429306585925937
p139_V,8.761127036142819e-68,361.8096082720362,0.0016338713012341096
p140_C,5.029072459741092e-06,21.088173251199702,0.00020203164010232743
p140_S,0.00023644571851932377,13.629509797822164,1.4994404936409225e-05
p140_T,2.438484133926792e-28,130.8687075995497,0.12389685531660245
p140_V,1.0773598402217685e-14,61.87302993863208,0.0001745699131777405
p141_K,2.0706722097091107e-32,152.50071196946266,0.04504666655075103
p141_N,0.00025418393112208065,13.491611726398897,0.0032555571638554887
p141_R,2.6233840210961638e-30,141.26710096034827,0.00022124605486629524
p142_P,4.667088603484116e-17,73.43162846476096,0.10357398862186398
p143_I,1.4598686108066764e-05,19.00340064708596,0.0014720839943724012
p143_L,1.656543632100206e-28,131.75143104183022,0.00010510293683308903
p143_M,1.185369660170564e-06,23.935814195389806,0.0034115946205837046
p143_V,0.3405682830114145,0.9092822182702135,0.0
p144_D,1.81133880511442e-33,158.2024498806339,0.0008380514673463682
p144_ENTFQKV,0.0016567717705945647,9.95745172961906,9.397146047589813e-05
p144_G,0.4997527619745681,0.4558404359344051,0.0
p144_S,7.366187134218331e-11,43.48963041104873,0.00033785741292370727
p145_G,3.3345424541295135e-21,94.10979211988597,0.0004853012461612026
p145_N,2.485230056545354e-06,22.474287527432168,0.00020416879080344369
p145_S,0.07060758822242988,3.2768270824367116,0.0005973896314076538
p145_TPRYKHQV,0.05499338405717024,3.692158477681052,0.0016396445099793276
p146_GAP,5.841984778985403e-05,16.312610897596098,0.0019436800684353734
p146_I,0.022471207579981237,5.227455332179318,2.755044561573055e-05
p146_LSMDRA,0.8658062615541104,0.02857365560666639,0.0
p146_V,1.7365116326749716e-32,152.91148176481286,0.0006833302563728228
p147_IVQEGPHSNMW,0.12492284401026003,2.3590083850641133,0.0
p147_K,6.866847720998716e-08,29.6084472042694,0.0009702503515182296
p147_R,0.0035245076668848235,8.560329796111889,0.0009875912947075454
p147_T,0.26296310008647894,1.2547050263108972,0.0
p148_IVCNQ,0.000210350369670576,13.852643960590187,0.0005885867884449271
p148_L,4.487716758770392e-07,25.86167996613329,0.000249231425749424
p148_M,0.01206685555511675,6.327386850803465,0.000932318156135433
p149_G,0.723102336338482,0.12562035687968676,0.0
p149_K,2.13631270651331e-07,27.339426923517877,0.0001378805205895216
p149_N,7.008438143708911e-19,82.46382449503845,0.006061033227459889
p149_S,1.264774456085287e-12,51.89227387306065,0.0236391358788883
p149_T,0.0008470308611889873,11.212831921089892,0.00031672414112551573
p150_E,2.2791242369970877e-05,18.136191051267375,7.651543472497993e-05
p150_G,5.689056760340103e-09,34.625069502568024,0.001419560697505691
p150_HQYVMFLD,0.008435897173843097,6.97009624405268,0.0030891467398883625
p150_I,3.9368047989624864e-07,26.122064637513002,0.0003060370834391796
p150_K,0.27826941347738104,1.1769852346426404,0.0
p150_N,0.03786879271537792,4.324017880753894,0.000357390288848656
p150_P,0.00373602196568223,8.453233490446829,0.00013411413895870707
p150_R,3.2478017935122996e-37,178.6557202510172,0.2001246713408255
p150_S,7.070847625884867e-34,160.4126442233544,0.003001162106289242
p150_T,0.9692533120063039,0.0014865521583433102,0.0
p151_G,1.9472910585805025e-28,131.38214991376466,8.715152471508852e-05
p151_K,3.997237040106471e-09,35.33980913479799,0.0005357628990629435
p151_N,1.923319967857382e-06,22.979656189578165,6.963270252486216e-05
p151_RAVQEPLH,0.008392265740832327,6.979451388223367,0.0009126020946512426
p151_S,0.000990591845134187,10.918826268141016,0.0002292784379003428
p151_T,0.9784708135559386,0.000728666634134166,0.0
p152_H,2.65128396284625e-06,22.34687136649318,0.00015381505104136804
p152_K,3.253720906360306e-14,59.54616875199325,0.0006601106111795825
p152_L,9.168914618400514e-22,96.94487690425555,0.0008242029188783387
p152_Q,8.377790917284443e-19,82.07789833608082,0.002180151237698926
p152_RTMFSANIYV,0.14605244653359853,2.1167669750041886,0.0
p152_W,1.3080910324124079e-16,71.22959723198187,0.00022893587181852787
p153_SIMGTWY,0.03768188495475399,4.332482729211289,0.023311617487058543
p153_V,5.271233248329042e-25,113.50712422969735,5.446060756398831e-05
p154_F,0.9278799925687744,0.00819722666299048,0.0
p154_G,0.0012773399627296377,10.442735412157104,7.343575200775039e-05
p154_I,0.006291179261591875,7.501183885694738,0.004788276043124941
p154_L,4.398074474720337e-20,88.47308764105443,0.01516513311747439
p154_M,0.07413012966571923,3.1967628218829263,0.001983239357096776
p154_S,0.44832208036199994,0.5754081978841807,0.0
p154_T,1.1186594142144717e-07,28.63144906133613,0.00030861808598310625
p154_V,0.7240109777479842,0.1247621205966466,0.0
p155_FTCSK,0.8491643379158509,0.03619167322718573,0.0
p155_G,0.002875916629160365,8.934949202870694,0.0027970198190967275
p155_I,0.06180183468424,3.497322551555696,0.00036880261984374913
p155_L,2.483442976684609e-07,27.039266750487478,0.01587347084779511
p155_M,0.508119881926981,0.4382970066192313,0.0
p155_V,0.6113644483070646,0.2583785241396227,0.0
p156_C,0.00020320268540944034,13.918654741133047,0.0007792665553810964
p156_F,2.427958275974533e-16,69.9110211642019,0.0034443291515026484
p156_G,1.1389819752018094e-65,348.16323512925214,0.00014701282993049458
p156_IQWKENS,0.7563130064229959,0.09636262190527714,0.0
p156_L,6.509220072953978e-05,16.103917387321474,0.0002210893880134081
p156_M,7.701542458608873e-21,92.27654158546558,0.0014599366731280034
p156_R,8.672961854050841e-13,52.6774368177898,0.002226865544242871
p156_V,2.173880298681629e-39,190.71786073932657,0.001184216211599361
p157_I,3.3033925607013483e-12,49.89817627318247,0.00010890130118106807
p157_L,0.027864098859655642,4.8526258725298685,0.00020896874069698852
p157_V,4.902606867108737e-07,25.685981118980287,0.0009616938127626069
p158_F,0.00041351622182218074,12.566612207360185,0.0025817445977340363
p158_G,0.5964759122920673,0.28054908709941884,0.0
p158_I,0.8771467489023296,0.023911193506267345,0.0
p158_L,0.16810492907449806,1.9029141736678166,0.0
p158_S,0.3160078783085931,1.006551066208791,0.0
p158_TMC,0.5882346117363739,0.2933263997621863,0.0
p158_V,0.27954578920024425,1.1707475535359213,0.0
p159_C,0.0002202116609099431,13.765197426510586,0.00011888285341845845
p159_F,4.944254607479284e-29,134.51712024372773,0.0006168585581500741
p159_G,2.4444193729136044e-05,18.00011882497967,1.627147190420285e-05
p159_I,0.0010316055312237329,10.84274320326902,0.0003158141875521504
p159_L,1.9094526231748665e-08,32.180153083618634,0.0047177633642103535
p159_V,0.1291233043758095,2.307366057666019,0.0
p160_I,0.035012912521956166,4.458404766164174,0.00010117837301689127
p160_S,2.2067078494119638e-42,207.5568344517112,0.004443476324211191
p160_T,3.4339072877716096e-13,54.60934971609676,0.018227465767356458
p160_V,0.0287747093356634,4.7968739577417985,0.0006532609073778599
p162_F,3.995681159123552e-09,35.340598046445955,2.9322553419751454e-05
p162_GSC,0.276522725933305,1.185580054242401,0.0
p162_I,0.4050898254458766,0.6938364317235322,0.0
p162_L,0.006769064249161466,7.368286954856605,0.0038475696241330962
p162_M,0.00047104042027697364,12.319859658809897,0.004056410274308943
p162_T,6.323998561544669e-11,43.80307556265229,0.0006991494947420925
p162_V,5.620916703024787e-07,25.414445094747585,0.0006261319016819126
p163_F,0.01513254617889151,5.924306932038121,0.0011150491539240479
p163_I,2.892863945700882e-45,224.0286680257728,0.0009213736587445003
p163_LCSGVTHNE,0.5979762394595541,0.2782621813033261,0.0
p163_M,0.00017506334264382002,14.20351885653171,0.0008493796770088094
p163_W,3.3075831914976136e-28,130.17331844414988,0.0003832245783069015
p163_Y,1.838641371328066e-42,208.0063086569,0.060989571462572514
p164_G,4.004260082206179e-65,344.6633406740152,0.44004687631134015
p164_S,9.871326894095029e-32,148.8630782303642,0.02746078265164277
p164_T,1.8116764839308808e-21,95.44831523198918,4.480872144037098e-05
p165_C,0.0030859175756271836,8.80496785940114,0.0005766816389513545
p165_F,0.982167035711527,0.0004999051075024694,0.0
p165_I,9.621543587202298e-27,122.51882802644428,0.00296614797418926
p165_L,0.09022784798295001,2.87666212644579,0.0
p165_M,0.012234975502965753,6.30267272434818,0.0007816663453597467
p165_NG,0.05196531116804015,3.7872156968103377,1.6826922781707885e-06
p165_S,0.21811154023088627,1.5189365837808582,0.0
p165_T,9.754762877789922e-18,76.78761751723908,0.00028540413846751686
p165_V,1.0591726050934081e-12,52.26137833454126,0.001703544114682423
p166_F,0.26486169326554765,1.2447613954316208,0.0
p166_G,1.310891839052226e-40,197.54604132702127,0.001934430280574511
p166_I,0.1319122187708263,2.2741024988449707,0.0
p166_LCM,0.27616950889132386,1.1873264219408748,0.0
p166_P,2.982089496967184e-54,277.0440474589523,0.04627884643302995
p166_S,0.22976563027641728,1.4443266915233144,0.0
p166_T,0.012889348979974909,6.209697520090704,0.0014716777186302434
p166_V,2.1565757426604506e-20,90.02675539248314,0.0005679765320869754
p167_C,1.522995028987771e-05,18.920875652473786,0.0005516983256948274
p167_F,0.00011576147233098043,14.996042164164027,0.00017590077557062597
p167_V,7.00055106436773e-45,221.82067723152707,0.0009471916600099213
p167_W,1.8499506937408347e-15,65.59696352726928,0.21272085329910304
p168_C,9.248316582891493e-20,86.85561785097093,0.0033013193307130616
p168_S,1.080985778063522e-31,148.6519457994467,0.0006870374998587686
p168_T,3.4586524939499195e-27,124.8359032711906,0.0005399096211750656
p169_G,0.1740687836051556,1.8505585333822054,0.0
p169_I,9.042417490769824e-18,76.95053584040234,0.0024078570518082966
p169_L,1.900352213108907e-09,36.84860339497467,0.0004709031318625545
p169_TSFMCW,3.1528843188059197e-06,22.0057475761561,9.116365434838446e-05
p169_V,0.16230803708202518,1.955888528145675,0.0
p170_FGWTCVI,0.9694852366826389,0.0014641994614864682,0.0
p170_L,2.0834038104718546e-08,32.004548897639374,0.0180708384397623
p170_M,1.3488579455752795e-18,81.04888870686395,0.0002931581341447781
p170_P,3.954546571943823e-05,17.06703613850517,0.0003389869644413365
p172_F,1.999992239094195e-26,120.86519466249037,0.005855937919372002
p172_I,3.1869183812850724e-39,189.79123471131282,0.0020547936212603453
p172_L,0.26083190972844095,1.2659736866984153,0.0
p172_M,0.24334328757268525,1.3629593768385653,0.0
p172_VYWS,0.00019886389544523174,13.959877994599285,0.0007632347546320342
p173_L,0.017849107521282773,5.632152980764852,0.0005419778126830783
p173_MTAICGYWSN,7.350277917937267e-11,43.49407185481712,0.004659615793170673
p173_V,0.054418991689042816,3.7097560038276987,0.0004519540296261645
p174_G,1.2052631987319718e-38,186.5754784907803,0.006883369507697762
p174_K,2.1352632099834858e-08,31.955038665349026,0.00011607469518474434
p174_RQNDHF,4.594022471808764e-10,39.740720795147794,0.007077355845662554
p176_N,6.024052568963645e-10,39.18762082763922,0.0074214677513942135
p176_S,6.738341215824799e-06,20.514466517517967,0.06331528108321845
p177_R,0.6580272437691915,0.19606278000939573,0.0
p178_Y,5.408726284053103e-42,205.35131030936026,0.002832670896424872
p179_L,0.13709333301115484,2.2143453978496264,0.0
p179_MTAGQDSH,0.42331579344646364,0.6416931908824451,0.0
p179_V,1.2972698510012192e-07,28.335294213851242,0.003902685104741312
p179_W,7.037815294258024e-47,233.36300798593598,5.873206628015802e-07
p180_P,0.3319129900198814,0.9424649937899334,0.0
p181_H,1.257478897103806e-45,226.1143850629149,0.20566388558546148
p183_I,0.6390277469978021,0.22016942612581075,0.0
p183_L,0.05398785149659372,3.723094802241915,0.00018750533960227415
p183_M,2.3571211395176147e-09,36.411108448066024,0.004625832641507994
p183_N,1.0313871648590602e-17,76.66789368092796,0.013319876758050115
p183_Y,9.650822958824797e-28,127.73462936023151,0.013582728892588545
p184_K,7.037815294258024e-47,233.36300798593598,5.873206628015802e-07
p184_L,8.151730584616866e-32,149.30817029684684,0.0227554636010204
p184_M,7.3709126264467e-17,72.45444552536098,0.013132413971152642
p184_Q,0.0038137971230835345,8.415400322701089,8.935487109085206e-05
p185_SIDGQAL,0.8484547822090678,0.03653716912393167,0.0
p185_T,1.5852664380362722e-07,27.934761797237684,0.004095521710994811
p185_V,0.9929614599551723,7.786539693779587e-05,0.0
p186_GNVIQWC,0.33038942960157325,0.9484259433115174,0.0
p186_S,0.018477701553822713,5.571114277239162,0.0004972511345758177
p186_T,3.261191830354772e-05,17.440560043815385,0.010571164100653452
p188_S,1.486534715158701e-19,85.82443181116125,0.0003949082325084609
p188_T,9.643677462035788e-15,62.10667233706786,0.005416321102659063
p189_I,0.0002747058746021828,13.343715204204228,0.00021360141930400894
p189_P,0.37716738657475224,0.7807080251533606,0.0
p189_T,2.0101597381071086e-18,80.18786902656086,2.7913623710872946e-05
p189_V,0.0017849554507752983,9.818753666582353,7.579460802838426e-05
p191_W,1.7192966850218597e-78,433.3239587115298,0.2506236522068876
p191_Y,0.00018131217696020275,14.136455102289062,2.4953462005092603e-05
p192_IMVEQH,0.8792762067414827,0.023083095791195378,0.0
p192_L,4.37030076888603e-08,30.514880628070287,8.979774507695905e-05
p192_Y,1.5365946413659736e-09,37.28047289846567,0.0012366567789232168
p193_S,2.552322280657462e-36,173.7298331964985,0.0005748224091739639
p193_T,1.840343336359294e-47,236.75210097570977,0.03315405386799091
p194_E,0.48883022114955355,0.479505266597414,0.0
p194_G,2.0260074179808082e-48,242.35004511971886,5.873206628015802e-07
p194_H,0.0002450220191424441,13.561578359158016,2.2785363764601174e-05
p194_K,6.759773505820882e-05,16.031075937012737,0.0005338593120967278
p194_L,8.721955419262788e-07,24.54312975244118,0.0001350655205237796
p194_N,3.608177537224402e-24,109.20834707688817,5.717985306877974e-05
p194_P,0.39535056545571856,0.7231336455684577,0.0
p194_QSAMI,0.7579347776274947,0.09504294582923291,0.0
p194_R,0.004305490199384664,8.193038485405372,0.0015883276948533776
p194_T,9.846860327055768e-07,24.302881506570042,0.00016366402293283187
p194_V,3.0576777032026824e-47,235.46807753242115,0.0002449581665442079
p195_DEHRPCQ,0.007603791244247649,7.1576795233313035,2.937987721652371e-05
p195_G,4.2262894831017336e-51,258.16296375774346,0.00810012217700474
p195_GAP,2.8222072454148636e-05,17.721032811950444,2.215491118289483e-05
p195_K,0.004028321542639527,8.31498778615035,2.0665691126187885e-05
p195_N,0.0003649556896983188,12.803606873207361,0.00048225587237877074
p195_S,1.1622264523623266e-33,159.24442028992345,0.0010286714799204576
p195_T,0.049071425977805345,3.8837145764329435,0.0004282278646025249
p196_E,0.0022133659965840355,9.419288545660304,0.00029188509223443697
p196_GAP,1.841485803623739e-05,18.550969845843465,5.606057894911024e-07
p196_N,4.472256069077836e-09,35.11231123472415,9.128807853200387e-05
p196_P,6.229200643506638e-08,29.803797431079772,0.0007750813992352267
p196_S,1.2918413196571595e-20,91.14569957600125,0.00021500269724792305
p196_T,6.413499009869207e-34,160.64218778563085,0.00011876877633400934
p197_E,0.6469892016450398,0.20986216732860996,0.0
p197_G,8.90171720401074e-08,29.088597863292968,0.00012183021050685422
p197_K,4.347859440803181e-46,228.7789317666173,0.001757900275742744
p197_NAHQMRLVF,0.0037357457694646963,8.453369269764043,0.00039011863369031843
p197_S,0.0904808602804759,2.8721385036650307,0.0
p197_T,1.0234037675943385e-34,164.96947214966457,6.835840741170258e-06
p197_Y,1.730024958716543e-12,51.24102487743891,0.00037943728671330327
p198_I,0.0014844171453968498,10.162183360845157,1.5250384335956337e-05
p198_P,9.538999177583012e-36,170.59224629851917,0.0004064768872611745
p198_QLSETNADMG,3.0481838970992147e-05,17.571564759170222,0.00027440109149318197
p198_V,0.004884792063904312,7.962137255041577,0.00014444454024082048
p198_W,2.2993365596028384e-05,18.119028120542037,0.00027850119534045075
p198_Y,3.165738852039142e-34,162.30465382220913,0.0009204853702673807
p199_E,3.940526153371562e-16,68.88010583294285,0.0
p199_F,2.1825853320281194e-05,18.22033806141606,0.000502446065430715
p199_G,7.743655693288647e-38,182.09536560237677,0.0033311122548272
p199_H,0.3861578719139426,0.7517581174394462,0.0
p199_K,1.768398794604362e-20,90.45989489082365,0.00028309351687497874
p199_L,4.4273144839960834e-05,16.848471605316185,0.0004956735657920097
p199_N,0.0548072008864361,3.697841064494322,0.0008351502434882118
p199_R,1.0804867497246385e-20,91.53613673627994,0.003755256139091789
p199_S,0.047452668514022835,3.9403561774254645,0.0008711927626986004
p199_VYTAPQIWM,0.07269262503516008,3.22893188910037,0.008129846792716324
p200_N,0.0001929576285758989,14.0174776527233,0.00030401804462515224
p200_S,6.603507822096187e-09,34.32349571023108,0.0007167993219845246
p200_T,9.240588234649537e-25,112.25053044859035,0.000615884112961371
p200_V,1.1015796748558323e-44,220.6897825717232,0.00017710738545935435
p201_K,2.3365305580737762e-08,31.773692735948643,0.00030393456958734903
p201_Q,6.511820236631045e-36,171.49980882409338,0.005391102230088987
p201_R,0.6776774752380843,0.17286785594072412,0.0
p201_TLAVIDMHSFN,0.08036340834559731,3.064638335931589,0.0
p202_L,3.681162282685082e-26,119.48868628709755,0.001596655802301743
p202_S,9.362166915220419e-101,595.635803182324,0.002075916634295354
p202_T,0.3704732515937488,0.8029030829708792,0.0
p202_V,0.00010554365297332312,15.173500311327551,0.010959949036647782
p202_Y,9.713063484756189e-46,226.76165075605707,9.858393096993946e-05
p203_Y,6.995785556419716e-07,24.980261842108717,0.0022513251469315505
p204_I,7.593509990981838e-08,29.406903245268122,0.0188618922406452
p204_L,0.0016709723134509765,9.94155930609761,0.0005733006993776678
p204_M,1.37350633719575e-33,158.85207138450536,0.002044563797252525
p204_T,2.382076140887365e-54,277.6336555491282,1.043693408861679e-05
p204_V,0.00010430695972940193,15.19614531105702,4.140975812427601e-05
p205_GFTRKHQSNP,1.2418950427917986e-11,47.15701115572634,0.001568592322688752
p205_I,3.559224850310879e-45,223.5103411972495,0.00035229929775981386
p205_L,0.0007421913954305052,11.461413874169889,0.0003674889287939997
p205_M,0.03443571147315874,4.4869598342766706,0.023448101461842414
p205_V,0.004274937024462804,8.206082498837306,0.0023295825338592816
p205_W,1.6952242549513975e-40,196.91905869736118,0.002047014248457811
p205_Y,0.0010022578984003726,10.896864789495842,4.677663718886983e-07
p206_C,9.36208891134335e-15,62.169175633161885,0.03255438423315597
p206_F,1.3422671634745397e-63,334.9395732264706,1.0
p206_I,0.0013803782662490825,10.297795883703012,0.0009371753627574129
p206_T,0.0002816046751579197,13.296493698083214,0.0007129554542874002
p206_V,2.7775561512026416e-30,141.13537549536144,0.0004619068691423465
p206_Y,1.3452011772727153e-12,51.76405263713126,0.00012176617091709935
p207_L,1.0615885864352502e-06,24.154026213209338,0.0029859151434594882
p207_M,1.7482506102086922e-12,51.21924718027904,0.008544139185844091
p207_Y,3.627960275715779e-18,78.91517852917723,0.0001416515416494999
p208_LATIVGYCW,0.6005920666760804,0.27430350672935716,0.0
p208_M,3.2767789718531744e-31,146.0776296123637,0.011868496207405021
p208_S,6.5830160915202736e-12,48.46948713649294,0.0007114669903438515
p209_C,4.95662349688311e-06,21.11665262421063,9.031010696983853e-05
p209_F,0.011508619621795495,6.412066881540892,2.9847293015391533e-05
p209_I,0.5901438027701726,0.2903337312506526,0.0
p209_L,0.08098963321741447,3.051979705824907,0.0
p209_S,0.7487029522277021,0.10268886701441639,0.0
p209_T,9.212308672910781e-05,15.434927885252918,0.00010528190712535448
p209_V,3.9785683759356274e-08,30.70346992796496,0.027940752583895938
p210_C,0.07893548385133531,3.0939054641270207,0.054931257454971086
p210_F,1.1610713194327551e-38,186.66564523908832,0.0010089659340127015
p210_L,0.867841037165832,0.027705706406691656,0.0
p210_T,1.3942452011142255e-18,80.97743023149788,5.558045086906484e-05
p210_V,5.370488058880902e-08,30.101271412210174,0.0010966162408980167
p210_W,0.6418928329807168,0.21642554234722228,0.0
p211_C,0.19179274914797517,1.7064279778299647,0.0
p211_H,1.1640089154342394e-12,52.06498638729307,0.00012176617091709935
p211_S,6.36499882661416e-49,245.29902731497617,7.532175304653366e-06
p211_V,3.55553774857107e-09,35.57714635502807,0.0003766515085596847
p212_F,5.778881790842462e-10,39.27238829323362,6.53288433461865e-05
p212_Y,0.00013108316478084868,14.75756277994945,3.909802913247101e-09
p213_C,1.3460405262997325e-07,28.26153967143011,0.005346042504131827
p213_F,4.461616963244442e-27,124.25870311303277,0.016288293672000825
p213_GW,0.054913944746930766,3.6945805805683065,6.23942604598422e-05
p213_I,0.3084880924126656,1.038346111152192,0.0
p213_L,0.6021046160556053,0.2720309602054702,0.0
p213_M,0.20078062080435394,1.639155867179131,0.0
p213_S,0.43416449565756154,0.6122209598621186,0.0
p213_T,0.01820349442872869,5.597472405239939,0.00014484627555390753
p213_V,6.000824547730822e-17,72.89401510556164,0.0005557974701602947
p213_Y,0.00030286860293211507,13.15797295486441,0.00035278369782079536
p214_CGS,0.3391711642161864,0.9145614373559176,0.0
p214_F,0.03158695502466607,4.635651873205198,0.0001294298789240018
p214_I,0.0007336334318496235,11.483252836370102,0.0017903086330110119
p214_L,2.479132863689097e-10,41.00154781437967,0.001669369254237744
p214_M,1.3808152787019389e-06,23.634049463187974,0.0036043462102194053
p214_T,0.012397593599249399,6.279097706590196,0.0017330247582714863
p214_V,6.011724456836702e-16,67.98198157362896,0.0060574044608039486
p216_ITAGN,0.009207648837068417,6.812356412823506,0.0005013459377368945
p216_L,1.3427881173822525e-13,56.57248167784674,0.002883523966286501
p216_M,1.1643880425578871e-27,127.30772299013724,0.6867214164346863
p216_V,0.00018363897093735736,14.112077913048637,0.005443205513411585
p217_CMN,0.0254454523646901,5.010456369895293,0.0002705530312016728
p217_F,1.8849393080828588e-07,27.589147110048966,0.04230969651976656
p217_G,0.009557452497030697,6.745276530299932,0.0024030799296309887
p217_I,0.7374031565900176,0.11249370077578179,0.0
p217_L,0.0725271100985147,3.232679680071305,0.0010122150034384237
p217_S,1.8731746844118082e-19,85.3225612396261,0.12100264363497436
p217_T,0.0005368917359915316,12.072326076952718,0.002124991433498746
p217_V,0.008927948752296236,6.867902136441747,0.000970279250174281
p218_I,2.6594175765070378e-11,45.585857353455374,0.004581074329731804
p218_L,1.5733669045464035e-16,70.83570706772691,0.002320569465615499
p218_M,2.299730006845853e-12,50.64973259461207,0.00018338771530562435
p218_T,0.21474312464237003,1.5413940662559296,0.0
p218_V,5.781143931009983e-11,43.98755886203996,0.001043137068894151
p219_MLTFASP,0.31526703265524564,1.0096393798711663,0.0
p219_V,0.005500299219649618,7.745618320051588,7.709104879521247e-05
p220_F,2.130672716547307e-09,36.61621075733232,0.00014946993705833766
p220_I,0.15134016031118208,2.062293686489185,0.0
p220_LTMAGY,0.7731751283983458,0.08312461901228806,0.0
p220_S,0.1746083784912621,1.8459236774315575,0.0
p220_V,0.8182776165003351,0.05282181169887413,0.0
p221_L,6.375688502177481e-35,166.0883074789993,0.0004330469992711492
p221_VIGWTSCRA,0.22836406738179016,1.4530562382523908,0.0
p221_Y,3.093745985558169e-05,17.542784052078833,0.00021939085027107425
p222_F,2.1901042659710937e-23,105.19649197198,6.83234058624936e-06
p222_S,1.3056771394736167e-10,42.31486669146755,0.0007905100420488852
p222_T,0.00040301712473145355,12.615376387945933,0.0002111100043194307
p222_Y,4.248626706341622e-22,98.63831919064056,1.9471602730903695e-06
p224_F,1.2678483274790601e-05,19.27848674012545,0.00513216836359323
p224_G,1.8909923070600613e-10,41.55589337659649,0.004710044126219683
p224_I,0.00026414995227488696,13.41833971486014,0.00011468798917539972
p224_L,5.906876657602365e-34,160.83580877072896,0.001173975395119131
p224_S,3.0968395338667363e-156,1093.6183508458828,0.12035179849754866
p224_TVYCQM,0.08483712667068329,2.9764567392816055,0.0
p224_W,4.1194859581853175e-06,21.479941479070146,0.003815533983073415
p225_F,3.167071878318855e-15,64.45872040826535,0.00018038771225673434
p225_KGHYCMLT,1.1260090055955601e-06,24.037447908318313,0.00058589429048204
p225_N,0.39412588506541457,0.7268916572808414,0.0
p225_Q,1.4337510545879594e-30,142.66182086614793,0.019388888394281205
p225_R,0.0014309067470894485,10.230683689386217,6.572686045408587e-05
p225_S,0.0008175595825134486,11.27941567816098,0.00028631668585384697
p226_L,3.068772273787279e-13,54.84411782680593,0.03907151899023017
p226_V,6.744635890569642e-43,210.47999092618025,0.015209201763357194
p227_I,0.005923797155270729,7.6105707935431175,0.0026870205384868307
p227_L,6.333916098403636e-33,155.26871324658694,6.82953108637968e-05
p227_V,0.26424234216364706,1.247995393964783,0.0
p227_W,1.5019191838374615e-44,219.9171537653085,7.89444711397114e-05
p228_C,2.450324324008267e-06,22.50215859675767,0.00018442524734945035
p228_F,0.1323139839615254,2.2693754410134828,0.0
p228_G,1.6163711366113432e-42,208.32379221481472,0.0031548460230395796
p228_I,0.009453969062171164,6.764854968772999,0.00013980526187015358
p228_K,1.1512511327738804e-07,28.57401843614674,1.1831275055521048e-05
p228_L,1.1081409700217261e-27,127.42029191719267,0.00012956282192387022
p228_M,1.82417528022059e-05,18.569356814390986,0.0009772836393564229
p228_Q,4.9319950686050095e-11,44.3142244728082,0.00011564624190143983
p228_R,1.7402626010511593e-07,27.748523656806768,8.740367833182653e-05
p228_S,3.138035417231789e-28,130.29331827683453,0.0005906804669882958
p229_H,4.458524215789298e-31,145.36396456359293,0.0765344952689306
p229_K,0.7993199892634942,0.06467083380586795,0.0
p229_Q,1.8219423874259946e-16,70.5229377956581,2.3385502978950363e-07
p229_SMEVYPRD,0.0017611502911138552,9.84373036899368,7.257350612387448e-05
p229_T,0.5387149646387026,0.3782243601336689,0.0
p230_L,6.771633590375778e-80,443.0099172010008,0.28929129298320716
p230_V,0.0007523849593683058,11.435731348001926,0.024797049345632215
p231_F,1.4656552005769935e-26,121.56731190955045,0.0012926632323067243
p231_K,0.00012306799169531398,14.878582697640999,0.0004383644680744998
p231_R,0.08129870797848186,3.0457709231231225,0.0
p231_S,0.01621808401697765,5.801523759551684,0.0003489696238341659
p231_VHIMQCYGWT,9.109862435166594e-08,29.04233002982933,0.002450765292932158
p232_E,3.158163049401869e-07,26.56054921015927,2.905767559568865e-05
p232_M,0.003931867402643313,8.359443346663385,0.0002704512868369287
p232_N,8.807090442707816e-11,43.12273509466924,0.005905146665061029
p232_S,4.27862395084906e-05,16.91457030243575,0.00024047899343310693
p232_TLQDRHVKCIG,0.0024357268108026187,9.241971691527095,0.00034148141405041476
p233_H,9.686125662603063e-05,15.338482918329209,0.0027000276318464365
p233_V,0.34025693223543496,0.910456174824686,0.0
p234_E,4.010366149661857e-05,17.03989776185049,6.904818152656007e-05
p235_K,0.8090304324637414,0.05844312184203295,0.0
p235_M,1.5069624267728572e-11,46.75749443768062,0.00025499523606024974
p235_QSTNDLEH,0.048336730777261055,3.9091734409331944,0.0004017655315730652
p235_R,0.2597878276211142,1.2715360405657947,0.0
p236_M,0.0006228459022217715,11.791860347520023,0.0
p236_Q,1.0151191825465037e-06,24.242622156319943,6.86561406661219e-05
p236_SNGETRPIVLY,0.01622865064525645,5.800370738444938,0.0017581305811588538
p237_M,1.0817770920153172e-14,61.86440291128256,0.0029613506098708823
p237_Q,5.612538544875578e-05,16.389973579484728,0.0027000276318464365
p238_EGSLPTVM,0.007563863387411557,7.1672022973441525,0.03258152442680369
p238_K,2.511514302424506e-31,146.69442540540356,0.0006494528636494135
p238_Q,0.9006165738114308,0.01560469198195151,0.0
p238_R,0.013917277287250859,6.073040011638398,8.105138771540447e-05
p239_D,0.01008968870814267,6.647900461371957,0.0008520513465679411
p239_E,0.4005967945548794,0.7072236332017564,0.0
p240_N,3.2998613417188743e-38,184.1473216066257,0.00017639176435219867
p240_S,1.791671868586551e-18,80.43610966430977,2.051753046286599e-06
p241_D,1.870498189739769e-07,27.604493283531127,0.013776791439239638
p241_E,2.399215971548546e-68,365.4665116167284,0.00047539281443708786
p241_K,0.00996712313491381,6.669849137691405,7.773303643028362e-05
p241_Q,3.8502589975906594e-31,145.7038123803039,8.888741723004146e-07
p241_VSRNGTH,6.306151057719241e-07,25.186136277911924,8.963260934136956e-05
p242_D,0.01666276822809884,5.753658809057173,0.019583019640753114
p242_NKGEMVHL,0.006899469178881637,7.333687505468356,0.0004164975169194139
p242_Q,0.029823976782429134,4.734871061173468,0.001673542286274107
p242_S,1.897173728548853e-08,32.19314928433376,0.001458083056268527
p242_T,0.0006156762898883286,11.813708728666052,6.099013033611505e-05
p243_KGDCVEMLR,0.10459073162640967,2.639587505675391,0.0
p243_N,1.646705566941824e-14,60.97902125119714,0.00012577991583059465
p243_Q,0.06606689402982945,3.3865991996596048,9.887325473920492e-05
p243_S,2.434279705255233e-07,27.079116303893052,3.814959087724549e-05
p243_T,2.451401508776117e-05,17.994576994243968,8.55038370215767e-06
p244_G,0.3535922068578462,0.8614391956887663,0.0
p244_K,0.6947267850987058,0.1541175049860027,0.0
p244_N,1.2946217194449135e-05,19.23770827617371,0.0010042143791010826
p244_Q,6.658084284457591e-05,16.060305706229933,0.0011246079639404551
p244_SEDRTHVLI,1.2620463893808107e-06,23.811852772543105,0.0012596126456356992
p245_R,0.0005279466923474938,12.104087929228198,0.00024041382393560546
p245_S,0.0017152407611665435,9.89288246765931,0.0025587692926046937
p246_TNIQRSLK,0.6792504162591066,0.1710853018594295,0.0
p246_V,0.0012117401115747878,10.54132858707723,0.0013006596797878727
p248_I,9.753759906002397e-37,176.02525786891027,0.9480889780599034
p248_K,2.7760286266422212e-11,45.49742256454014,0.0013224531503855336
p248_R,0.006172417816698065,7.5358139162226845,0.000500704799586607
p248_VLMAGQFTHE,0.015663123815166564,5.863196733269901,2.6732541003142134e-05
p249_K,1.895982143620219e-09,36.853281243827325,0.005222704814390857
p249_R,3.8271726633803315e-26,119.40099176703302,3.72810784721874e-05
p250_L,6.736087124085982e-15,62.8638346528501,0.00022726530816899045
p250_V,2.2029715009980634e-05,18.202260720100117,0.0006608915061674854
p251_S,0.00025656251397447686,13.473863620494953,0.0002890222047750317
p251_T,2.6138763068786252e-11,45.621455462331475,0.0010925627307618074
p252_R,1.7546981172172398e-06,23.160738517226665,0.00015520761375102473
p253_I,0.02271957453860166,5.208223693206281,1.596573886268986e-06
p253_M,3.996488831883795e-05,17.046608931551837,5.651734279198321e-05
p253_V,0.0026210090770618618,9.106369091643886,0.04450936826528711
p254_C,0.0008732612904263249,11.15551484438422,0.00037519204412319386
p254_ISTMG,2.684642582793779e-09,36.14701678753387,0.0001241668743994053
p254_V,0.0003530976320025258,12.866326105135544,0.012435370832146232
p255_I,0.00017348214331088714,14.220871761093239,0.0005384429412978802
p255_L,0.005298295698258893,7.813825365038887,0.00020745327568579745
p255_M,0.0004106530228175546,12.579785400554766,4.3171803542183554e-05
p255_V,0.10048834060097278,2.7034854023517796,0.0
p256_I,0.004490667032367984,8.115947309068337,0.00018792859350080123
p256_L,0.00040005236513319215,12.629379228282524,0.0001439820851871223
p256_M,4.989008345191129e-08,30.249107613386688,0.0035212246071477456
p256_T,7.774376630870697e-31,144.0767659959473,0.0035360693193058857
p256_V,0.1932231408468456,1.6954774830232848,0.0
p257_M,7.051777344117907e-05,15.949542443896059,0.0005585855448424833
p257_NLFS,0.7567342047793317,0.09601892352069251,0.0
p257_T,5.650514637284958e-17,73.02263249328317,2.7437584077461576e-05
p257_V,4.513203725332317e-21,93.44648561701406,1.3041278783602006e-05
p258_F,0.007238531162942247,7.24676846625949,5.526937578040664e-07
p258_I,4.56960073299706e-52,263.91735592247977,0.12439581059423477
p258_V,0.00019218490423415362,14.025144850410026,0.056359237690033065
p259_F,3.0488037433479616e-12,50.06453974806243,0.001700396160391268
p259_G,2.6663820900120407e-53,271.3105274593657,0.0003307982007254743
p259_I,2.6835978704849414e-08,31.49500452205275,0.00034444954994332453
p259_L,0.02714704810076854,4.89788063973003,0.001510824909178512
p259_M,0.07212848094014443,3.2417437712673935,0.0028434884623178072
p259_S,5.046783788233964e-14,58.62406997397293,0.00017004980526587102
p259_V,1.7110491579277478e-05,18.694023379031346,0.001117027808416539
p260_FTQMVICN,0.9661962261326121,0.0017970445164956989,0.0
p260_G,0.45112209008774296,0.568340094329647,0.0
p260_L,4.076825909267337e-05,17.00807829792517,0.00023065983322276309
p260_S,4.236408126799606e-27,124.37608441063904,9.967111201756128e-05
p261_W,1.966430315089287e-14,60.60542401795554,0.00201725481344451
p261_Y,8.048297856938311e-25,112.55961633937032,0.038570722352513874
p262_F,8.72975876579098e-11,43.140841913360546,0.013291880537792867
p262_I,0.8674668320448695,0.02786429382577595,0.0
p262_L,0.004892535104097905,7.959243955802361,0.009815093577562418
p262_M,0.058664124920356275,3.5841174804776132,0.0025444652110170525
p262_V,5.652600218176651e-60,312.14739753159677,0.454515860230923
p263_C,0.0008772810655589295,11.14688548601739,0.000279513010298604
p263_F,2.2173069197035325e-13,55.52320694166526,0.0004358796602765941
p263_I,6.25126947924399e-05,16.181923434708395,0.0006231218279321864
p263_L,2.587689006872767e-12,50.40482287644167,0.0061866922950882435
p263_M,1.3904275556423674e-11,46.92367754323711,4.5844456328129936e-05
p263_T,5.959207578818584e-15,63.12258414889878,7.837530567401607e-05
p263_V,0.0009008466731077353,11.097088628663164,0.008193844441094491
p264_C,0.24840158664660023,1.334048458338551,0.0
p264_S,7.998472986326452e-39,187.56564270310318,4.297623060836972e-05
p265_Y,7.684027103201696e-82,456.54188714831497,0.0002313871952669887
p266_G,4.434425173266117e-24,108.74872915638306,2.9722740646701096e-06
p266_L,0.5178890421521887,0.4184341755783669,0.0
p266_M,1.6810800175590528e-05,18.72844150794892,0.000499508585709391
p266_T,0.03493113217252954,4.462420458797731,0.003000357014022976
p266_V,6.316061059933684e-06,20.641284408199716,0.008516625838940799
p269_G,1.7721150701451376e-37,180.10772947717027,1.713846248067178e-05
p269_L,4.806208033795548e-15,63.576832987801794,0.002585173307814995
p269_T,2.114532746860547e-36,174.1784464032737,0.03882226174024684
p270_F,1.1269875973724358e-21,96.49122633936256,0.00046134596657524546
p270_G,0.004111339969529476,8.277585308991375,0.0005521329406513112
p270_I,0.01000833699993492,6.662437896537717,0.004459902135864528
p270_L,4.6696567991904346e-05,16.745391490814562,0.0015165713876579123
p270_S,0.028718952393267713,4.800234440866246,0.002991820503667206
p270_T,0.0581816852270012,3.5979002033730065,0.0018320988000512502
p270_V,7.507274094356954e-06,20.3028303768852,0.0003336707625553356
p271_F,7.47178077861486e-19,82.32536922033351,0.0018369296149052113
p271_I,6.470819860899242e-14,58.10244587199769,0.00039550118958531786
p271_L,9.00337980078434e-43,209.76690974231488,0.0027593526709365104
p271_M,2.8066293547798847e-39,190.09894408270404,0.00011111472914895703
p271_T,0.036329779113876776,4.395062454313911,0.002366730107968597
p271_V,0.0011873315326365221,10.579401814077169,0.01484200563104079
p272_N,6.421981280814518e-18,77.68614908390003,0.6416431790327976
p272_S,1.6667449978808036e-13,56.120146633985236,0.0003660886670625355
p272_T,0.5478909589982875,0.36139002841271595,0.0
p272_VGCRID,0.0743994064578893,3.1908114619191927,0.00043549371869680884
p273_C,3.8110456410765493e-44,217.59971265019018,0.009975030108828652
p273_F,6.421311214259235e-06,20.608895188255214,0.0003550284661022136
p273_G,4.603971491799788e-05,16.77278837659615,0.01869472326050317
p273_IVQT,0.47028933039065934,0.5217495367114465,0.0
p273_L,4.087707869566974e-49,246.4289966014455,2.9347856115657813e-05
p273_M,8.440700724031012e-63,329.8802292090165,1.1950494473798291e-08
p273_W,1.9297810391332667e-06,22.973039255443055,0.004714222307907718
p273_Y,3.008690705765823e-07,26.65708014632484,0.00026321220188610655
p274_F,7.02569304380319e-42,204.70870967331095,0.00016612260340768674
p274_I,2.8096405801605524e-49,247.3866076929029,0.4213300773076407
p274_LVSMQHCK,0.016085096415294074,5.816101947114459,0.0014468038113427365
p274_T,0.06175492793712673,3.4985851914986386,0.0022701627465138863
p274_W,0.10128087178992459,2.6909209551510256,0.0
p274_Y,5.901408037621742e-07,25.317779197312383,0.0007693074775372512
p275_FLYSETNC,4.2402724783263174e-16,68.72415035053059,0.010068436702231728
p275_G,8.408764456884983e-05,15.610534189312583,0.0005679457568281673
p275_I,1.607625601632721e-10,41.888449945058674,0.00018441346987708372
p275_M,2.149415462027241e-45,224.7718563682213,0.0043427937272836475
p275_V,1.3861489849601986e-06,23.626429720405813,0.00011762527962855395
p276_F,2.600356055948013e-13,55.19013833815919,0.0001819045828208594
p276_I,1.44240553668874e-07,28.12338721551011,9.18123570415688e-05
p276_MLQSCNGW,0.02839860434484753,4.819674717654047,5.088871922506254e-05
p276_T,0.8411636895393566,0.0401861250522556,0.0
p276_V,2.3880046183845094e-33,157.55397412799016,0.0006656816194260483
p277_C,0.1074755392130617,2.5962794645876746,0.0
p277_F,4.220571978886805e-06,21.432313484837206,0.001559005686547512
p277_L,0.0018500081273878858,9.752187328071631,0.0027475839497455388
p277_M,0.006595436722821574,7.41542835373521,0.0005243683227282369
p277_N,1.8699842706235983e-58,302.72111742733017,0.9141347045626492
p277_T,0.0007864458922173902,11.35240127511898,0.00023085163999915493
p277_YSQVIWH,0.004605455364542266,8.069771486180485,0.00010713993668126484
p278_GAP,1.021613203711239e-16,71.75719156885029,0.0
p278_H,0.0003452897571594954,12.90879660176142,0.0002101748810904813
p278_N,0.005607510594175649,7.7104504815517165,0.0012345080523954767
p278_S,4.686261728106711e-10,39.70013149857484,0.02448497373043839
p279_E,0.00914253890671233,6.825130499857256,0.002647207076786343
p279_K,5.463650776729867e-07,25.470787260544277,0.0002569803020152116
p279_N,1.192925936635577e-13,56.820276058839546,0.004086111772284538
p279_P,6.751742401970856e-36,171.41376112587056,7.746932259088918e-05
p279_Q,6.935212918513172e-07,24.997508512435452,0.0006535738241802387
p279_R,4.065925304242679e-42,206.05285949859336,0.009292602919785294
p279_TSAYGHLMWF,0.08871503805034212,2.9040006179134914,0.0
p280_G,4.577620279155814e-57,294.1724326806664,0.024672810102255967
p280_K,3.734359063834096e-14,59.256620863524375,1.941970756805438e-05
p280_N,5.624960134986949e-25,113.36164326363595,0.00028292678704712595
p280_Q,4.418382550240521e-25,113.90256324974786,0.0001531597181168233
p280_R,0.014565693868882198,5.992087736632183,2.0928234493280257e-06
p280_S,0.11524275403466028,2.485753688220884,0.0
p280_T,9.170917660171782e-06,19.91116827788711,0.004201674973698531
p281_E,0.0003601922348075597,12.828550513303735,0.0006516806352227403
p281_H,7.136813363100675e-46,227.5347139031428,0.0007187628300073164
p281_Q,5.725897292092016e-13,53.54256893030663,0.00015989056379663895
p281_S,0.010398730731627516,6.593751684214991,6.998060123429482e-05
p281_T,0.7917121861024967,0.06978506644030516,0.0
p281_VMGRDINPFLK,0.18631311508186899,1.7492778569153622,0.0
p281_Y,5.916777137974471e-47,233.8008004393116,5.873206628015802e-07
p282_D,0.0033123714496799154,8.674530422430488,0.0008638322865252223
p282_E,0.0028400419187727213,8.958117076879597,0.0026701315453422554
p282_G,1.2774124771435247e-38,186.43515985853085,0.00857176891633945
p282_IRWYMHVFQ,0.09178173519612634,2.849095182550124,0.0
p282_K,0.0022443141695946836,9.3935516225628,0.00016173547104323565
p282_L,5.123333286568908e-44,216.8643324797166,0.33565433409783807
p282_N,2.632230324383099e-06,22.36107768231797,0.0028656164968563864
p282_P,0.5679863258434947,0.32631063496436696,0.0
p282_S,0.0016908360968292179,9.919557455278575,0.0015606400797017965
p282_T,0.7449450826245892,0.10589468003570444,0.0
p283_I,0.02124275155725635,5.325941421206892,0.01604501106652363
p283_K,5.1888131597759735e-22,98.19790882797281,0.0011221051894741542
p283_L,3.7184871512157973e-69,370.7497764749427,0.00028495771367908785
p283_V,0.04503434541384269,4.028895320513814,0.003714917621287279
p284_G,9.66489153294504e-07,24.339813130473015,0.06367450265415149
p284_H,1.4899531821112724e-46,231.47254438899958,5.873206628015802e-07
p284_S,1.2873474504207831e-08,32.97493174277188,0.0005616556033510962
p284_T,2.1857121050385434e-09,36.56441422204809,0.000755660576280732
p285_L,1.5103279798463992e-51,260.82113793951703,1.7985062815579877e-05
p285_P,1.3438489216825142e-28,132.22937431325087,0.00034223659363340637
p285_Y,4.655593946615106e-22,98.43677078771634,5.677256006753562e-07
p286_I,0.00034596214633276866,12.905101176217077,0.0002468854708764098
p286_L,4.364094037168152e-72,390.06139661344014,0.12421589412491478
p286_MFYHKWA,0.7650973182673884,0.08933337467244848,0.0
p286_Q,0.1848610884179763,1.7608789475695645,0.0
p286_R,3.3656833829040663e-81,452.06373750332483,0.38448425455523544
p286_T,0.46996861868139017,0.5225040917308852,0.0
p286_V,0.030527805160249683,4.69454358869632,0.002616897713855798
p287_F,1.0771896506025695e-06,24.125153948727384,0.001003871690637547
p287_L,1.0109072346653572e-49,250.00168216921833,0.0006646073833354495
p287_M,0.19796875484537585,1.659815833520876,0.0
p287_S,0.5824151339383943,0.30257156437012145,0.0
p287_T,1.2157463340514191e-07,28.465031538809647,3.183858617461634e-05
p287_V,1.1594950323599593e-08,33.18600841340467,0.0006725343072754387
p287_YINGCR,0.9441896011255926,0.004903528841852618,0.0
p288_M,6.370557744368753e-08,29.75881200217253,0.0056727455601819545
p288_S,0.5715934397094642,0.3202651523159308,0.0
p288_T,3.785180236060387e-05,17.15180473513145,0.00012703183282621164
p288_V,2.030874049065758e-74,405.64600877725275,0.0125849595656037
p289_I,8.606078243304838e-17,72.1234428467994,0.005186308491232546
p289_M,2.249319781148705e-53,271.7546651844224,0.029245882686390216
p289_S,0.13965123557120293,2.1857702869240443,0.0
p289_T,1.356290803010096e-11,46.9750114962643,0.0014174062179115393
p290_L,1.4829600274073805e-22,100.96075351747275,0.0012322070216656937
p290_M,7.913773228026578e-11,43.342350556255774,0.000186373951107573
p290_V,0.5042129054509761,0.44642682025333663,0.0
p290_W,6.464466179424349e-18,77.67196858001255,0.03815319277859424
p291_P,3.1545695895702834e-15,64.46708821464453,0.03033328062676463
p292_GVYCIMF,0.1692147273579769,1.8930112789579803,0.0
p292_S,0.051513695947697315,3.8018947042011924,0.047142384753630924
p293_F,0.164167262203963,1.938665291009331,0.0
p293_IMT,0.7366239541109275,0.11318812778206926,0.0
p293_L,0.9965252866289729,1.897617891772435e-05,0.0
p293_V,0.16427080591288412,1.9377126633365784,0.0
p293_Y,1.47011297603198e-42,208.55755963017143,0.25552210383929735
p294_C,0.017244213024927835,5.693027003537489,7.680949961270487e-05
p294_F,1.5533337269165303e-39,191.53270320807908,0.0048255089171474665
p294_LIVMYS,0.027382203260735767,4.8829035422417535,0.002441785525972914
p294_T,1.4794216426990315e-24,111.19832018913267,0.007737550971282296
p295_C,3.8383405542316334e-56,288.52269065335605,0.03779923715440821
p295_S,2.965777721291244e-51,259.07720357116034,0.022425459733410903
p297_G,0.0331809938004942,4.550801196242084,0.00010232135649202486
p297_LIFVMC,1.5875039228713968e-16,70.8166304793806,0.00608943696533126
p297_S,8.38990639806298e-07,24.620030212036383,0.00028524953374400966
p297_T,0.1893967223562555,1.7249865260360002,0.0
p298_N,5.858324044599898e-18,77.88373469015167,0.04333251393435218
p298_S,0.00012176498046064905,14.899005523755244,0.0021777116356414255
p298_V,3.1481603856518994e-50,252.99376325473776,0.09724624859900413
p299_C,6.916942071161971e-72,388.7337300680004,0.48844469440765714
p299_S,0.04888455198552502,3.8901517649706037,0.09731902975234562
p299_T,8.113333040679127e-20,87.14032530984723,0.001133377788468189
p300_I,4.987889535235212e-47,234.23188460983576,0.0005827794590541847
p300_L,3.2333596799723093e-06,21.956155554571293,4.149048264989406e-05
p300_V,4.756043164459655e-20,88.30266324754002,0.005211297623799522
p301_I,1.4934250751187166e-28,131.98823284088306,0.13003467548799083
p301_L,2.7569738798575207e-18,79.50668406971712,0.00010910136032648834
p301_Y,1.1116905370186563e-34,164.7739624228446,0.05468464503657138
p302_N,3.4642553962951185e-53,270.627342054954,0.021408090561982306
p304_I,8.291857014781487e-10,38.536173853892045,0.0007408974350473898
p304_L,0.00017834311560898495,14.168023820306127,0.0014230755946058884
p304_M,0.11638740515978903,2.4701629366771316,0.0
p304_V,1.0063101246570636e-07,28.843169903342414,0.000977705466343258
p304_W,6.492675932245205e-17,72.72559766532143,7.903820402060378e-05
p304_Y,2.069406207148325e-31,147.14368470157538,0.11308129475893634
p305_V,1.7664594663976548e-05,18.631956268071143,0.007851053582915697
p307_C,8.450472194488826e-41,198.6176304294793,0.0006808753735968563
p307_G,1.4733667557230434e-11,46.80404255778029,0.0006088725665321546
p307_I,0.00015944991475517797,14.38225526305767,0.0019218965659537832
p307_SFLT,0.00018903128221166196,14.056762066009071,0.0003214824052289064
p307_V,3.8243672378955175e-25,114.22618392097249,0.0005575638270407996
p308_F,0.14564974198211564,2.121006660627565,0.0
p308_I,0.00011934860190296109,14.937469121402554,0.00030223557142784567
p308_L,0.30586703963340367,1.0496665943333383,0.0
p308_M,0.08091840840554751,3.05341411970194,0.0
p308_V,0.35286943256030856,0.864031091246029,0.0
p309_L,0.35587700140927137,0.8532933089015052,0.0
p309_M,5.710634993744904e-06,20.838836109258093,0.0005435199404158136
p309_N,0.0007072840158886825,11.55215008215723,2.071882108513038e-05
p309_S,0.000883676430800543,11.133238599554598,0.0005216780466394886
p310_N,3.2160719247248754e-07,26.524379364547833,5.31577234521137e-05
p311_P,5.134594078937567e-07,25.59414288169583,5.31577234521137e-05
p311_R,1.7896589853703372e-42,208.07283610944606,0.00023375053720272384
p312_Q,1.3261123035048235e-06,23.71395137614319,0.000580147168797354
p312_R,1.1847784103336737e-13,56.834628978443476,0.00017829859478228025
p313_Y,6.0490276712830125e-06,20.725960463877307,4.758505896514106e-06
p314_R,2.010346237956476e-07,27.460642034962902,0.001422831741625903
p315_G,6.345298980290001e-06,20.63223271165445,0.0032576867962778666
p315_GAP,1.937437852287477e-05,18.452105311918487,3.6392417938167965e-06
p315_H,0.0013161720067806568,10.38676453733548,8.178236429671974e-05
p315_N,6.41956105961395e-29,133.91914614537959,0.00037431737832662034
p315_QVELRPM,0.08112867854034275,3.049183361155795,0.0
p315_S,1.7128070725670796e-05,18.69202338199334,0.0012428224513588335
p315_T,1.2283960008004926e-08,33.06951214879026,0.0004386490679165002
p316_GAP,1.937437852287477e-05,18.452105311918487,3.6392417938167965e-06
p317_E,8.312720662274377e-54,274.3573473035825,0.02041976849588603
p317_I,0.452188032279934,0.5656673079405977,0.0
p317_M,2.7054654689547843e-07,26.868652854703384,0.0017517403418935828
p318_L,0.30340449302974015,1.0604177119231935,0.0
p318_M,2.833911916082282e-07,26.776260364215716,0.001477965215729606
p318_RVKFAYG,0.0002999030620906104,13.176690895393934,0.011180233466951631
p319_E,3.3540754668233057e-63,332.41695389043065,1.6307835667585798e-05
p319_K,0.00016933654817792687,14.267136809305146,0.0023340060784506323
p319_NFMHRVGID,0.05004388630637723,3.8506298663502916,0.008994623361461923
p319_Q,0.36922016585832285,0.8071202482705497,0.0
p319_S,0.0016071355033094197,10.014108983720563,8.262633213524168e-05
p319_T,1.9553931972171737e-09,36.79059302397409,0.01484115448590214
p319_Y,4.840953742326909e-11,44.352548629917735,0.008331025135084975
p320_CFGIYKDVR,0.012529985122157368,6.26013855913134,0.00040418308946720715
p320_L,2.278079149630037e-32,152.27798289956922,0.00020140472532519669
p320_M,7.14120980355784e-29,133.67529356052964,0.0009608660092960001
p320_S,7.326562471634324e-08,29.47859883748368,0.00014377968203509484
p320_T,0.08580826453127051,2.9579795937827265,0.0
p320_W,5.701780240697409e-37,177.30863336553767,5.8940026493015154e-05
p321_I,0.0011602440781022115,10.622593969276275,0.0005495854692778893
p321_L,0.9639510718825923,0.002043849589316106,0.0
p321_M,0.00010870466511854834,15.116813936661456,0.000757762954289427
p321_V,2.9853795546778266e-49,247.23159189642814,0.0003558526019631993
p322_C,2.2448079037839315e-05,18.16568418787071,0.0037575479737900126
p322_F,0.6000893438934538,0.27506149642458577,0.0
p322_G,0.039227695034585924,4.263763273344032,4.350334346643688e-05
p322_GAP,0.5299500313246075,0.3948018864491306,0.0
p322_Q,1.3840054512326992e-06,23.629488428780526,0.004934102640616359
p322_SVELIRTNKDH,0.019594397746803903,5.467799343438072,0.004078049873212666
p323_F,6.992922663547158e-17,72.5669481929811,0.04069367039721013
p323_GAP,6.466866400908342e-34,160.6226915429972,0.002137241623696575
p323_I,1.9746032999819804e-22,100.32838135981838,5.536937141500055e-06
p323_LTGRDNK,7.351756625266869e-12,48.240926739750904,0.0008740028419701427
p323_M,0.8498379690035551,0.03586524320303602,0.0
p323_V,0.12230422525126196,2.392190626708281,0.0
p324_GAP,0.6313644893356887,0.23037686220520895,0.0
p324_K,0.0012251193394173451,10.52078789795835,0.00028946699845105344
p324_NHACVTDP,0.00036843130464959213,12.785613726701008,0.0009036714193607433
p324_Q,0.6873386824322558,0.16208912927575575,0.0
p324_R,1.4637179868675967e-10,42.08063382549162,0.004391689335831642
p324_S,0.0013400268919537073,10.35320567415486,0.0016832585496608598
p325_G,0.00473296742236043,8.019834654442255,0.00030231914989668285
p325_GAP,0.0034918699115708473,8.577436579105228,0.0017080682843845147
p325_K,1.068920852516932e-06,24.140403939871007,4.799659680694086e-05
p325_R,0.044872523158872454,4.034998030951494,0.002743646397119209
p325_S,0.07324703245563004,3.2164447917767607,0.0003607613453216344
p325_TPNCDAVQY,0.004505627033828578,8.109861539073282,0.0005101304051568465
p326_GAP,0.10531211175913525,2.6286359031617508,0.0
p326_K,0.009424366871189617,6.770495999525654,0.0017522015358883494
p326_N,1.6509450339379943e-06,23.281070876162172,0.024332806562918828
p326_P,6.841611084419793e-64,336.79929549523,0.0009299077702711821
p326_Q,0.0004170263750195622,12.550587721737404,0.0006774745747786281
p326_S,0.16357999462841188,1.9440813368649827,0.0
p326_TADRVGL,0.3907409822012905,0.7373664239117396,0.0
p327_E,0.7254795787862032,0.1233819785652998,0.0
p327_GAP,0.0002689717701515931,13.38388529342538,5.841078800277332e-05
p327_GASMQTPYNL,0.6454894545069333,0.21178089950321888,0.0
p327_V,5.079867794203303e-39,188.6630072267953,0.0016926999449568727
p328_D,6.532826424759395e-09,34.345262576302545,0.0028121560895492705
p328_E,0.017407332133969285,5.6763965399737355,0.0007950991740395107
p328_GAP,0.8776790416898838,0.023702796586652992,0.0
p328_P,1.2126642852123553e-05,19.365343838016308,0.00038539945783157937
p328_S,6.160728898792395e-25,113.15789226734113,0.007946733039804423
p328_TNQVKGYR,0.07671704742461329,3.1405273277085586,0.0011418808576121313
p329_E,0.41918246217955857,0.6532228274716544,0.0
p329_GAP,0.7499812518378755,0.10161074124661164,0.0
p329_S,5.186077678324513e-65,343.94464575346103,0.00016524778274206868
p329_VTAGNLH,0.7470489446224773,0.10409318566841567,0.0
p330_D,3.75544273047141e-27,124.6492454611461,0.013816208036928448
p330_E,1.2224112524981973e-05,19.349716978573486,0.009104307939482916
p330_G,2.4888274938557935e-28,130.8220760771138,0.006914579615881989
p330_GAP,0.7574738717971211,0.09541698254762981,0.0
p330_N,0.04547010101933724,4.012576261741314,0.00022850269746453353
p330_S,0.15627484863711283,2.0133689285248964,0.0
p330_T,0.282417408449187,1.1568444806965714,0.0
p330_V,0.9934522548914715,6.738470641302307e-05,0.0
p331_G,3.10506645176034e-05,17.535699339615714,0.0012418224868048233
p331_GAP,0.7840268000942601,0.07516340214865326,0.0
p331_KEMDILNYR,3.128163810058826e-07,26.579549575257065,0.0015489307864310427
p331_Q,1.8906366603165678e-08,32.200102721199684,0.00044925300457670494
p331_S,1.3665888004126527e-27,126.94376515665996,0.00488057174799897
p331_T,0.31574576672188465,1.007642627574749,0.0
p331_V,4.310041261546391e-42,205.90948380817642,0.008537084042482514
p332_E,2.4604080341032144e-44,218.68811372846713,0.3273221633357745
p332_GAP,0.7338727567984363,0.11565905664846736,0.0
p332_S,6.124005628678444e-22,97.83300345845196,0.0021742139501441248
p332_T,0.93591855644802,0.006467994168476029,0.0
p332_VDQNPMGLKCR,0.18777933559918444,1.7376696487270291,0.0
p333_G,0.028302496100160234,4.825551653915847,0.0018293385384098601
p333_GAP,0.05577908527437631,3.668400723811853,0.0008061851884604543
p333_S,0.001460653733826941,10.1922890999892,0.000287958861675765
p333_T,0.25720597469588274,1.2854105903391109,0.0
p333_V,0.00032295150022629336,13.035887913356039,0.0002654311564087903
p334_GAP,0.0013970001750068207,10.275447295483872,0.005868527671720446
p334_QNGEDMI,0.14572860124569986,2.120175386605781,0.0
p334_S,0.0003131255827547108,13.094631304623379,0.000881859428610552
p334_T,0.005305864689141823,7.811222107908947,0.00026234548181075187
p334_V,5.0991920977191815e-05,16.575276756056383,0.0013059316657049176
p335_GAP,2.8988261463397484e-07,26.731155272815048,0.00373034860989213
p335_GNKREHID,0.001845100172654088,9.75712593666347,2.4147519456071e-05
p335_Q,0.14645507500864802,2.112541267357623,0.0
p335_S,0.0017175626508928506,9.890364680799548,0.0007267526426297658
p335_T,2.0462197580327346e-11,46.12626062442945,0.00034076206510501495
p335_V,0.29453537851646666,1.1000926726787144,0.0
p336_G,0.5823591891630442,0.30266134773471576,0.0
p336_GAP,0.047162373429216184,3.9507295768039823,0.022446281023565186
p336_Q,5.640562076762404e-42,205.2481718776961,0.003103184582485138
p336_S,4.900634573316467e-55,281.7922325418781,0.0642014542056707
p336_T,2.523636246048549e-26,120.3402460179223,6.34532741260965e-05
p337_GAP,0.7402914227533703,0.10994037800183676,0.0
p337_K,2.2873459043694148e-08,31.816518345557743,0.0010519722857851186
p337_R,0.09879100739265635,2.730762850543079,0.0
p337_SNEQLHGCMPD,5.376880847105076e-09,34.73929542054139,0.002722022910344305
p337_T,1.8656034099019236e-06,23.039776246763637,0.0009945732438776324
p337_V,6.834827484896674e-05,16.00978516476381,0.0002453177385995204
p338_SVQAKGNMIPLEH,6.8489704760625846e-09,34.2496791496696,0.00041903394560447447
p338_T,0.001024282341333423,10.856100799809905,0.0024963219413061057
p339_GAP,0.00037878471791571566,12.73301398778735,7.531202779551707e-05
p339_Q,0.009312565273671644,6.791966334434276,1.0655557955698852e-05
p340_GAP,0.005500165216932166,7.745662712974948,0.0005555374465339171
p340_GMISQLPF,0.4620617970500537,0.5413721643296918,0.0
p340_T,0.5641782894544134,0.3327744937559651,0.0
p340_V,0.2966759021732844,1.0903778314331896,0.0
p341_GAP,1.0227422573386992e-10,42.81584810093571,0.0006171144465623009
p341_NVEILQPGHKDM,1.6773681638929743e-08,32.441275353351514,0.0003431802720418098
p341_S,0.15575690236474032,2.0184210597906964,0.0
p341_T,0.001070424433369282,10.773504327413482,0.0015241585242200017
p342_GAP,0.009459262036074577,6.763848243839921,0.0005372611725180024
p342_K,1.422110770941992e-06,23.575811259788434,4.0834784609083625e-05
p342_S,2.5461457417887872e-08,31.600789357788585,0.008943788899666577
p342_T,3.6954608879579834e-08,30.851759044619723,0.00019263112794813456
p342_V,1.987883101925632e-06,22.914517089179192,0.00032602555232713056
p343_GAP,0.7336490543000704,0.11586127866923457,0.0
p343_S,0.006358201816477242,7.4819344925448075,0.0017299196580022006
p343_TMIGCDQLFNEKPR,0.0005286473572514163,12.101580445569168,8.209981364434122e-05
p343_V,0.2018906564428398,1.6310935055592755,0.0
p344_E,2.369582175227677e-07,27.132807342148713,0.00022828713892821873
p344_GAP,1.2029890306637708e-07,28.486121241426634,0.0011063900062493308
p344_Q,0.03074851966939019,4.682096982740917,0.0002902499764625272
p344_S,1.412915546201164e-09,37.45112518602263,0.0002002262630011133
p345_GAP,0.00044747999716964024,12.417027241625084,0.00046354283159575894
p345_K,0.0013836366588164672,10.293393452449457,0.007227563389149463
p345_Q,8.481611588054341e-08,29.185385788120584,0.0003711755426595855
p345_S,2.985114649288446e-38,184.38873327056913,0.0002279796449515785
p346_GAP,2.7270883064683164e-16,69.66356413441551,0.00040198342886640264
p346_V,2.8693346509777075e-15,64.66760897115178,0.0001845742490473378
p347_G,3.3227381229793084e-16,69.24297304337857,0.00015793294624578814
p347_GAP,3.8695325098185845e-06,21.602949579052634,0.0007237828780791087
p347_QNEDPKVRFI,0.571425628769945,0.32054474493155005,0.0
p347_S,2.919531691694598e-13,54.94825255341665,0.001707865364086289
p347_T,0.05545938195012975,3.6780246348965084,0.0004211403468792616
p348_GAP,0.023343661348542454,5.1608467547375785,0.001352095424789177
p348_P,7.144843954618888e-06,20.399724220929976,0.0016006121425089445
p348_S,3.708807225560244e-06,21.68634277962556,3.165323944220602e-05
p348_TKGEICVDR,0.03381883977154075,4.518037003275213,0.0002922096055381321
p349_E,0.25854538061085863,1.278191387536404,0.0
p349_GAP,0.8275725728311379,0.04747216271357746,0.0
p349_NKTHPGDLVIR,6.149711105753593e-18,77.77932229097608,0.0005492858492190213
p349_S,4.145255593275642e-53,270.15920555067123,0.02562234264512323
