,feature,xgb,gbr,rf,BayesianRidge,mean,true_position,TMD,amino_acid
0,1,0.0002659944875631,0.0210565301058804,0.0007943936044595,0.1052604520400369,0.031844342559485,1,CT/EC,M
1,2,0.0028703091666102,0.000411079006372,0.0014566723771361,0.1759914917749108,0.0451823880812573,2,CT/EC,N
2,3,0.0038052517920732,0.0531813723527139,0.0024375316135457,0.1743863431645907,0.0584526247307309,3,N-Termina,G
3,4,0.0005424337578006,0.0024657158405355,0.0003838210287901,0.0455486024240937,0.012235143262805,4,N-Termina,T
4,5,0.000801250396762,0.0001360678311564,0.0005769416821388,0.0606958853200376,0.0155525363075237,5,N-Termina,E
5,6,0.1061624810099601,1.8205405580327623e-05,0.041870730416127,0.1032189309101756,0.0628175869354608,6,N-Termina,G
6,7,0.0002396407071501,0.0001843834733452,0.0038576425056306,0.0822252418231932,0.0216267271273298,7,N-Termina,P
7,8,0.0002447208971716,9.76867406087556e-05,0.0054687659949796,0.1084817142346491,0.0285732219668523,8,N-Termina,N
8,9,2.590341682662256e-05,4.068551925834512e-05,0.0002775061414636,0.0271639070801056,0.0068770005394135,9,N-Termina,F
9,10,0.0026773340068757,0.0001852751549098,0.0033567321295544,0.1372321400167488,0.0358628703270222,10,N-Termina,Y
10,11,0.0004994841874577,0.0030125280330785,0.0001202600787279,0.0824713726954303,0.0215259112486736,11,N-Termina,V
11,12,0.0013447452802211,0.0011282710643307,0.0006911960458917,0.0771710867621937,0.0200838247881593,12,N-Termina,S
12,13,0.0010072431759908,9.040524519294104e-05,0.0006954235928649,0.0163972716679627,0.0045475859205028,13,N-Termina,N
13,14,0.0006353043136186,0.0004432170450942,0.0005062380023448,0.1490933222014279,0.0376695203906214,14,N-Termina,K
14,15,0.0,0.0001029588907883,0.0053213929574949,0.12201988403052,0.0318610589697008,15,N-Termina,T
15,16,0.0002492498606443,0.0009287889817479,0.0003501022369747,0.0994986822677267,0.0252567058367734,16,N-Termina,G
16,17,0.0022601056843996,0.0010222272377741,0.000262134626426,0.0717955565515916,0.0188350060250478,17,N-Termina,V
17,18,0.0018434532685205,0.0002113268275285,0.0540019949099682,0.1416898070360064,0.0494366455105059,18,N-Termina,R
18,19,0.0005166142946109,0.0003769269582921,0.0002841059733426,0.0311110685109158,0.0080721789342903,19,N-Termina,S
19,20,0.0,0.0003968680630957,0.0002370011433191,0.0283507945000496,0.0072461659266161,20,N-Termina,P
20,21,0.0011748537654057,7.909210904709977e-05,0.0014908441567712,0.0514733081807672,0.0135545245529978,21,N-Termina,F
21,22,0.0005363281234167,0.0001470413737588,0.0003362547230173,0.1417379765928647,0.0356894002032644,22,N-Termina,E
22,23,0.0001239104167325,0.0007899063383395,0.0008016424934371,0.1192792296573807,0.0302486722264725,23,N-Termina,A
23,24,0.0009129557292908,4.6073983746710006e-05,0.0034646813583811,0.1325193331500932,0.0342357610553779,24,N-Termina,P
24,25,0.0027610429096966,0.04047097975969,0.0002481529934091,0.1502929069244122,0.048443270646802,25,N-Termina,Q
25,26,0.0002090831694658,4.881590755609448e-05,0.000755860931968,0.09236743977085,0.02334529994496,26,N-Termina,Y
26,27,0.0110964477062225,0.000130514884458,0.0034818061721089,0.0659334352865644,0.0201605510123385,27,N-Termina,Y
27,28,0.0,1.7018787926819485e-05,6.779068422057917e-05,0.0424777286610673,0.0106406345333036,28,N-Termina,L
28,29,0.0001853602298069,6.912862048332876e-05,0.0010221596264544,0.0666845390647615,0.0169902968853765,29,N-Termina,A
29,30,0.001037694979459,0.001222282461022,0.0005759306603273,0.120634644876795,0.0308676382444008,30,N-Termina,E
30,31,0.0012928983196616,0.0006416630439827,0.0007102505002795,0.0435865296482233,0.0115578353780368,31,N-Termina,P
31,32,8.599627471994609e-05,0.0001420736951326,0.0001713314687836,0.0575262220674817,0.0144814058765294,32,N-Termina,W
32,33,0.0001084500327124,0.0001360323206546,0.0022570729435299,0.1074491024204272,0.027487664429331,33,N-Termina,Q
33,34,0.0097490083426237,0.0001053050323225,0.0005973207449038,0.0725626391361617,0.0207535683140029,34,N-Termina,F
34,35,0.0004913773154839,0.0006858485315296,0.0007498023542801,0.1264635312661759,0.0320976398668674,35,N-Termina,S
35,36,0.0029139460530132,0.0003505779502097,0.0006304576824888,0.129503876805313,0.0333497146227561,36,N-Termina,M
36,37,0.0004475084133446,0.1015479680440819,0.0009285025706149,0.0632050962752927,0.0415322688258335,37,1,L
37,38,0.0018142563058063,0.0059146601576926,0.0007253904868242,0.0738564205667136,0.0205776818792592,38,1,A
38,39,0.0010419408790767,0.0022637267865017,0.000790356810785,0.1423103422433833,0.0366015916799367,39,1,A
39,40,0.0737670361995697,0.0001173778484647,0.0217946034564032,0.1096355402019802,0.0513286394266044,40,1,Y
40,41,0.0003056074783671,9.697616561695432e-05,0.0004363809858534,0.1737343158718154,0.0436433201254132,41,1,M
41,42,0.008375346660614,0.0005350289695927,0.0004245239675184,0.1269434743467992,0.0340695934861311,42,1,F
42,43,0.0008576855179853,0.0003800281873034,0.000896946194275,0.0752597374714299,0.0193485993427484,43,1,L
43,44,0.0,0.0062585211289761,0.0023938606998858,0.1929079091366066,0.0503900727413671,44,1,L
44,45,0.4730072915554046,0.0007370923567568,1.0,0.093800810336007,0.3918862985620421,45,1,I
45,46,3.603158984333277e-05,0.0016684251748673,0.0009791182394391,0.0880415746653769,0.0226812874173817,46,1,M
46,47,0.000126806917251,0.0004996799955901,0.0004537089645942,0.1306862096631142,0.0329416013851374,47,1,L
47,48,0.0022824532352387,4.1512346122856015e-05,0.0009733803753748,0.1194170164139302,0.0306785905926666,48,1,G
48,49,0.0005412369500845,0.0002867046036257,0.0008909449208999,0.2290508037862739,0.057692422565221,49,1,F
49,50,0.0003603239310905,4.452481782883439e-05,0.0006120018822391,0.1010464071102667,0.0255158144353563,50,1,P
50,51,0.0,0.0006714453958978,0.0037781300775066,0.0323860161167472,0.0092088978975379,51,1,I
51,52,0.0,0.0,0.0,0.0,0.0,52,1,N
52,53,9.824870357988402e-05,2.8478610328732056e-05,0.0006641950628699,0.0409748332418588,0.0104414389046593,53,1,F
53,54,0.0,0.0090010722267459,0.0002669713915119,0.0565129854194232,0.0164452572594203,54,1,L
54,55,0.0,0.0,8.332088290855328e-05,0.1415014227198794,0.035396185900697,55,1,T
55,56,0.0009054178372025,0.0,0.0001521946945882,0.0265222380608401,0.0068949626481577,56,1,L
56,57,0.0001013237560982,0.0001967937238356,0.0003174725027151,0.0941863289961075,0.0237004797446891,57,1,Y
57,58,0.0,0.0001899840264246,0.000159218866549,0.0669391949179243,0.0168220994527245,58,1,V
58,59,0.0,0.0008815594008872,0.0001063462281443,0.0890704442283011,0.0225145874643331,59,1,T
59,60,0.0003009531355928,0.0005363404756888,0.0008141534780299,0.063456570516692,0.0162770044015009,60,1,V
60,61,3.494858538033441e-05,0.0005996865305703,0.0006638074037373,0.0749281859808263,0.0190566571251286,61,1,Q
61,62,0.2204099744558334,0.0001101876651314,0.0161484165339038,0.0909207893512968,0.0818973420015414,62,CT/EC,H
62,63,0.0,0.0001209843646007,0.0005021539754674,0.0513516362896643,0.0129936936574331,63,CT/EC,K
63,64,0.0002785001706797,0.0002044634970668,0.0004367229486513,0.2174785894070911,0.0545995690058722,64,CT/EC,K
64,65,0.0,0.0,0.0,0.0,0.0,65,CT/EC,L
65,66,0.0,0.0001609449798458,0.0003566915303571,0.1133122821459052,0.028457479664027,66,CT/EC,R
66,67,0.0019626014400273,0.0020282108208216,0.0132142912453538,0.1628943010830635,0.0450248511473166,67,CT/EC,T
67,68,0.0,9.06919959159899e-05,0.0040556539159238,0.0811121463730122,0.021314623071213,68,CT/EC,P
68,69,0.0,1.2240881467030534e-05,0.0002182929750815,0.0546571753144298,0.0137219272927446,69,CT/EC,L
69,70,0.0,0.0,0.0,0.0,0.0,70,CT/EC,N
70,71,2.810264049912803e-05,7.706829108947777e-05,0.0036824656456144,0.0884302571204378,0.0230544734244102,71,CT/EC,Y
71,72,0.0,0.0,0.0007172999533953,0.1168703163871252,0.0293969040851301,72,CT/EC,I
72,73,0.0,0.0021471546484402,0.0002739853631007,0.1454614285519058,0.0369706421408617,73,CT/EC,L
73,74,0.0023755710572004,5.26550259622124e-05,0.0005261622931134,0.2593629122763524,0.0655793251631571,74,2,L
74,75,0.0,0.0,0.0,0.0,0.0,75,2,N
75,76,0.0,0.6750301849983661,0.031921479990539,0.1105380597113205,0.2043724311750564,76,2,L
76,77,0.0,0.0001236396875096,0.0001762308977138,0.1193892128473205,0.029922270858136,77,2,A
77,78,0.0005993123049847,0.0005764464959875,0.0013607555535719,0.1339980749337298,0.0341336473220685,78,2,V
78,79,0.0011394713073968,0.0081112411417289,0.0008146618993577,0.1179073437922735,0.0319931795351892,79,2,A
79,80,0.0,8.388000442894655e-05,0.0008507202332619,0.0035121976061476,0.0011116994609596,80,2,D
80,81,0.002295023528859,0.0001611798328802,0.0052283046245148,0.0855957044320272,0.0233200531045703,81,2,L
81,82,0.0009572044946253,0.0005524142133529,0.0048469032374322,0.1253530370974041,0.0329273897607036,82,2,F
82,83,0.0116231562569737,0.0259581594040751,0.0621035083813089,0.8076336455341496,0.2268296173941268,83,2,M
83,84,0.00016400036111,0.0017381458203209,0.0006609198055438,0.1122623554984186,0.0287063553713483,84,2,V
84,85,0.0009698848589323,0.0001211454870364,0.000557380400876,0.1021742160433682,0.0259556566975532,85,2,F
85,86,0.0106156291440129,0.000712411060553,0.0504813050688976,0.2552639290179366,0.07926831857285,86,2,G
86,87,0.0369342043995857,0.0045445298113316,0.0178557470246067,0.4643665705351453,0.1309252629426673,87,2,G
87,88,0.0117251919582486,0.0009535148910582,0.0059555313283448,0.1274806690478661,0.0365287268063794,88,2,F
88,89,0.0042859241366386,3.689203274167587e-05,0.0003329648750831,0.1075410592914525,0.028049210083979,89,2,T
89,90,0.0028879560995846,0.0072016870346681,0.0117824747635022,0.4918951961937511,0.1284418285228765,90,2,T
90,91,0.0739387273788452,0.0156941247567165,0.0259550466599935,0.2488550525144635,0.0911107378275047,91,2,T
91,92,0.1496199518442154,0.066874753443547,0.0029669736144168,0.1768230665623373,0.0990711863661291,92,2,L
92,93,0.0029028260614722,0.0008890375671818,0.0119386061301956,0.0904541962921686,0.0265461665127546,93,2,Y
93,94,0.003573830705136,0.000894426730666,0.0364269042823807,0.2991939951000179,0.0850222892045501,94,2,T
94,95,0.0077320206910371,0.0001434737977985,0.0073196887273575,0.1015886044180195,0.0291959469085532,95,2,S
95,96,0.0002514773223083,0.0004483755097154,0.0001954168861868,0.0788279938061061,0.0199308158810791,96,CT/EC,L
96,97,0.002481140429154,0.0032947047684683,0.0040216011262036,0.1438059352159406,0.0384008453849416,97,CT/EC,H
97,98,0.0012863096781075,0.0002003437863498,0.0016006932836712,0.0627759807971954,0.016465831886331,98,CT/EC,G
98,99,0.0001881975040305,0.0010283999875649,0.0018745961268113,0.1157618995373566,0.0297132732889408,99,CT/EC,Y
99,100,0.0083263404667377,0.0045886761081899,0.0063473265996719,0.2231624310035185,0.0606061935445295,100,CT/EC,F
100,101,0.0008247280493378,0.0005938497446366,0.0011789079592049,0.1056477344399947,0.0270613050482935,101,CT/EC,V
101,102,0.0021400607656687,0.0004082378673174,0.0010555329326257,0.1418795022922329,0.0363708334644612,102,CT/EC,F
102,103,0.0,0.0,0.0,0.0,0.0,103,CT/EC,G
103,104,3.820659549091943e-05,0.000913485204728,0.0021428660155433,0.1478652409205009,0.0377399496840658,104,CT/EC,P
104,105,0.0006185640231706,0.0005848008625373,0.0037623821000882,0.0979311455811654,0.0257242231417404,105,CT/EC,T
105,106,0.0251296609640121,0.001210868104992,0.0081373527311449,0.3358952155106662,0.0925932743277038,106,CT/EC,G
106,107,0.0,0.0,0.0,0.0,0.0,107,CT/EC,C
107,108,0.0033564385958015,0.0052404330827379,0.0020386304732372,0.0734942924831558,0.0210324486587331,108,CT/EC,N
108,109,0.0003219139471184,0.0007672495964114,0.0022471833986715,0.1081185172998253,0.0278637160605067,109,CT/EC,L
109,110,0.0011975956149399,0.0059052340211752,0.0282514724498376,0.2050921107048134,0.0601116031976915,110,CT/EC,E
110,111,0.0,0.0006641956258189,0.0021436360249338,0.0495485774984109,0.0130891022872909,111,3,G
111,112,0.0006815221859142,9.034597574351828e-05,0.0011341862027267,0.1413133215759885,0.0358048439850932,112,3,F
112,113,0.0007193925557658,0.0017331939910258,0.007765490018955,0.1903139448947384,0.0501330053651212,113,3,F
113,114,0.000825504772365,0.0004310408143954,0.0025555706360933,0.2813827274975942,0.071298710930112,114,3,A
114,115,0.0032614264637231,0.0594621698081229,0.0099031673176438,0.6106007060423649,0.1708068674079637,115,3,T
115,116,0.0101868966594338,0.0011636506703929,0.0032322106955511,0.0899478272701404,0.0261326463238795,116,3,L
116,117,0.0,0.003743940621729,0.0080175290372169,0.0814552138822024,0.0233041708852871,117,3,G
117,118,0.0,0.0,0.0,0.0,0.0,118,3,G
118,119,0.0022868965752422,0.0013424033863442,0.0042171331057536,0.2695785582732679,0.069356247835152,119,3,E
119,120,0.005005660932511,0.0004904151776843,0.0014319751669568,0.0835816068863267,0.0226274145408697,120,3,I
120,121,0.000460405863123,0.0011186381727226,0.0010722525176284,0.0659170235165526,0.0171420800175066,121,3,A
121,122,1.0,0.5903670806443997,0.7245263971978434,0.1182189067491083,0.6082780961478379,122,3,L
122,123,0.0,0.0001137997862586,0.001443794270689,0.1199317927211618,0.0303723466945274,123,3,W
123,124,0.0,1.0721441726270133e-05,0.0004796913960236,0.1441056504059994,0.0361490158109373,124,3,S
124,125,0.0,0.0105194547194756,0.0002324204617074,0.1348560130549,0.0364019720590207,125,3,L
125,126,5.88658731430769e-05,0.0139608277900693,0.001376654174454,0.1582080474551605,0.0434010988232067,126,3,V
126,127,8.125077874865383e-05,0.0011309111245734,0.0003338653881313,0.089614040159911,0.0227900168628411,127,3,V
127,128,0.0,0.0002582216255452,0.0072051137689746,0.0783688271074338,0.0214580406254884,128,3,L
128,129,0.0038372229319065,0.0005403129572341,0.0025014081740752,0.0471885161997573,0.0135168650657433,129,3,A
129,130,0.0020349428523331,0.0427873859590388,0.0485626300835261,0.1040047073638567,0.0493474165646887,130,3,I
130,131,0.0,0.0158627744142445,0.0001636467022975,0.0312642458032198,0.0118226667299405,131,3,E
131,132,0.0,0.0,0.0,0.0,0.0,132,3,R
132,133,0.0,0.0007757344549043,0.0001422856380626,0.1073731755139396,0.0270727989017266,133,CT/EC,Y
133,134,0.0009711141465231,0.0003480236898429,0.0003324909093722,0.0509533575309549,0.0131512465691733,134,CT/EC,V
134,135,0.0,0.0314914029915279,0.0015759357119357,0.1006318080809183,0.0334247866960955,135,CT/EC,V
135,136,0.0320379212498664,0.0,0.0057713453047372,0.0630717659084774,0.0252202581157703,136,CT/EC,V
136,137,0.0,0.0002445851043972,8.731445002675028e-05,0.126311636998473,0.0316608841382242,137,CT/EC,C
137,138,0.0684753060340881,0.0551973558738185,0.0054267308126848,0.1229123470628168,0.0630029349458521,138,CT/EC,K
138,139,0.0,0.001547174596202,4.500160517338256e-05,0.2002238429801842,0.0504540047953899,139,CT/EC,P
139,140,0.0034067616797983,0.0009648069668925,0.0070398105188945,0.0642170601501079,0.0189071098289233,140,CT/EC,M
140,141,0.0009374895598739,0.0012055246727742,0.0004262305472235,0.0769504711763911,0.0198799289890656,141,CT/EC,S
141,142,0.0,0.0029162947413246,0.0012478988214524,0.0562836805787126,0.0151119685353724,142,CT/EC,N
142,143,0.0005453145713545,8.770412487012443e-05,0.001134950695831,0.0923274378280424,0.0235238518050245,143,CT/EC,F
143,144,0.0027221750933676,3.165727134326605e-05,0.002664754053502,0.128461272577816,0.0334699647490072,144,CT/EC,R
144,145,0.0014056272339075,0.0001547706166604,0.0002548356872839,0.0111581421996359,0.0032433439343719,145,CT/EC,F
145,146,0.0033201300539076,0.0002969037464409,0.001367132705507,0.0425453073475603,0.0118823684633539,146,CT/EC,G
146,147,0.0037170983850955,0.0007345211777347,0.0024292213207786,0.1380722268910423,0.0362382669436628,147,CT/EC,E
147,148,0.0001240855490323,0.0008885928944251,0.0005389801813357,0.0896459456364454,0.0227994010653096,148,CT/EC,N
148,149,0.0013575637713074,0.0005087654560047,0.000959385804973,0.0837647066358904,0.0216476054170439,149,CT/EC,H
149,150,0.0713085606694221,0.00127719312587,0.0018241812981422,0.1124198406944546,0.0467074439469722,150,CT/EC,A
150,151,0.0008993854862637,0.0003834553000364,0.0013435228860489,0.070823092183984,0.0183623639640833,151,CT/EC,I
151,152,0.0004652633506339,6.0814517116701006e-05,0.000612600485288,0.1031158327495458,0.0260636277756461,152,CT/EC,M
152,153,0.000451920699561,0.0035879853727831,0.0005310428954849,0.0977006721623861,0.0255679052825538,153,4,G
153,154,0.002359750913456,0.0001654784549077,0.0014980815671358,0.0386428703305164,0.010666545316504,154,4,V
154,155,0.0015048077329993,0.0010310321950084,0.0007148940310708,0.0987393584176601,0.0254975230941846,155,4,A
155,156,0.0009766997536644,0.000586645634749,0.0008440161634898,0.1057698699816074,0.0270443078833777,156,4,F
156,157,0.007502463646233,0.0003383024363036,0.0062519015298704,0.1993480209428283,0.0533601721388088,157,4,T
157,158,0.0,0.0,0.0,0.0,0.0,158,4,W
158,159,0.0026575799565762,0.000942178008726,0.0011332138290549,0.1416237089870456,0.0365891701953507,159,4,V
159,160,0.0005737278261221,0.0011602094651224,0.0003668846413702,0.0652867732130872,0.0168468987864255,160,4,M
160,161,0.0099899396300315,0.0068246919659364,0.0086884740677936,0.2175907865469592,0.0607734730526802,161,4,A
161,162,0.0032717923168092,0.0009392041444488,0.0005128680688914,0.1463937023894972,0.0377793917299116,162,4,L
162,163,0.0006063237669877,0.0007574960468769,0.0003606941871459,0.1143979842285045,0.0290306245573787,163,4,A
163,164,0.0,0.0004657929075352,0.0202326770579524,0.1004289701662193,0.0302818600329267,164,4,C
164,165,0.0075799021869897,0.0001849777619288,0.0013130210810849,0.1825829426091342,0.0479152109097844,165,4,A
165,166,0.0002544267626944,0.0002379474011764,0.0006277366032299,0.1093387204435246,0.0276147078026563,166,4,A
166,167,0.0,0.000187689586996,0.0003541146859182,0.0671117873500928,0.0169133979057517,167,4,P
167,168,0.0,0.0,0.0,0.0,0.0,168,4,P
168,169,0.0004903989611193,0.0013369210831538,0.0005290168868156,0.0497438279415507,0.0130250412181599,169,4,L
169,170,0.0004100548976566,0.0002408992498363,0.0006313693195058,0.0497118330853999,0.0127485391380997,170,4,V
170,171,0.0,0.1591765856500591,0.0003211739902752,0.2164809803949812,0.0939946850088289,171,4,G
171,172,0.0,0.0,0.0,0.0,0.0,172,4,W
172,173,0.0009133975254371,0.0012746225057788,0.0041251720897494,0.3126290927297323,0.0797355712126744,173,4,S
173,174,0.0,1.1394208227988429e-05,3.753491546971551e-05,0.187403219092502,0.0468630370540499,174,CT/EC,R
174,175,0.0014352650614455,0.0005478198649551,0.0074088701284722,0.114755663742466,0.0310369046993347,175,CT/EC,Y
175,176,0.0002603508473839,0.0001906478955986,0.0072894664963333,0.1597979246351013,0.0418845974686043,176,CT/EC,I
176,177,0.0,0.0,0.0,0.0,0.0,177,CT/EC,P
177,178,0.1013884916901588,0.0281545226920689,0.0601160923406321,0.691646217979585,0.2203263311756112,178,CT/EC,E
178,179,0.0,0.0,0.0,0.0,0.0,179,CT/EC,G
179,180,0.0001445573725504,0.0002287667394392,0.0006093176599419,0.1179270404472898,0.0297274205548053,180,CT/EC,M
180,181,3.385749369044788e-05,0.0004438434242266,0.0056466714945379,0.1915536205014922,0.0494194982284868,181,CT/EC,Q
181,182,5.312795110512525e-05,0.0005363870890948,0.0004380102551586,0.121713356721632,0.0306852205042476,182,CT/EC,C
182,183,0.0005492308409884,0.0003772067976502,0.0011058440848667,0.1459120076247181,0.0369860723370559,183,CT/EC,S
183,184,0.0,0.0,0.0,0.0,0.0,184,CT/EC,C
184,185,0.0,1.799568978598112e-05,0.0009157813284738,0.1515847839997008,0.0381296402544901,185,CT/EC,G
185,186,0.0036078237462788,0.0033131713571749,0.0153164173795428,0.1750814151457183,0.0493297069071787,186,CT/EC,I
186,187,0.0,0.0,0.0,0.0,0.0,187,CT/EC,D
187,188,0.0,0.0001218857667147,0.0027206036006148,0.0208350493263791,0.0059193846734271,188,CT/EC,Y
188,189,0.0,6.785007539939403e-05,0.0006848386665847,0.0958749614096656,0.0241569125379124,189,CT/EC,Y
189,190,0.0377599261701107,0.1210062490081212,0.0012273953693192,0.1333874924123415,0.0733452657399731,190,CT/EC,T
190,191,0.0006557561573572,0.0026945060075983,0.0016668317763246,0.0900735761780121,0.023772667529823,191,CT/EC,P
191,192,0.0012850690400227,0.0008194141058208,0.0024782930675728,0.0750666912087214,0.0199123668555344,192,CT/EC,H
192,193,0.0001695013197604,0.0002611037847974,0.0005588770766151,0.0802923539795263,0.0203204590401748,193,CT/EC,E
193,194,0.0,8.783044123963182e-05,0.001130886422091,0.0514131385669142,0.0131579638575612,194,CT/EC,E
194,195,0.0001773745461832,0.0012350695040331,0.000184307134848,0.0785366637700965,0.0200333537387902,195,CT/EC,T
195,196,0.0003263101680204,0.0007774593981978,0.0004064359089542,0.0754669594665206,0.0192442912354232,196,CT/EC,N
196,197,0.0010216212831437,0.0028884364352149,0.0002378515217086,0.1905214875949221,0.0486673492087473,197,CT/EC,N
197,198,0.0016049131518229,0.0010881359515773,0.000748013134654,0.2589744267262476,0.0656038722410755,198,CT/EC,E
198,199,0.01607646048069,6.50976696598979e-05,0.0023834760918162,0.0719789795655579,0.022626003451931,199,CT/EC,S
199,200,0.0,0.020327620149457,0.0015274081534185,0.3482845614042499,0.0925348974267813,200,CT/EC,F
200,201,7.713540981058031e-05,2.7505534182343214e-05,0.0014742556466227,0.0768840154266366,0.019615728004313,201,CT/EC,V
201,202,0.0014818724012002,0.0003446189508298,0.0007744861784145,0.2272663221512673,0.0574668249204279,202,CT/EC,I
202,203,0.0605250373482704,0.0664886341770334,0.0053590067391355,0.1129274653223902,0.0613250358967074,203,5,Y
203,204,0.0004562665417324,0.0003467471877247,0.002327146648869,0.4180177764553941,0.1052869842084301,204,5,M
204,205,0.1798920631408691,0.0744642034580551,0.2298857216371281,0.3363322397740898,0.2051435570025355,205,5,F
205,206,0.0005529621266759,0.0003649848863714,0.002089571535692,0.0847538657656069,0.0219403460785866,206,5,V
206,207,0.0002571745717432,0.0001550864465006,0.000543830447499,0.1686287185731171,0.0423962025097149,207,5,V
207,208,0.0102385124191641,0.0284770569620699,0.0114947507535848,0.1165768220763937,0.0416967855528031,208,5,H
208,209,0.0,8.341114864622817e-05,0.0486879715984114,0.0424653580906144,0.022809185209418,209,5,F
209,210,0.004125929903239,0.0150998375469045,0.0030793806674948,0.0533949884774494,0.0189250341487719,210,5,I
210,211,7.345062476815656e-05,0.0004473917250588,0.0008022983387924,0.1204655130179919,0.0304471634266528,211,5,I
211,212,0.0,0.0,0.0,0.0,0.0,212,5,P
212,213,0.000172989690327,0.0003367863040909,0.0017147861469778,0.0931562409300633,0.0238452007678648,213,5,L
213,214,0.0044548171572387,0.0016053743535284,0.0035641630305278,0.1140010477552718,0.0309063505741417,214,5,I
214,215,0.0005826409906148,0.0006336333878788,0.0019842307416357,0.0434222302599546,0.011655683845021,215,5,V
215,216,0.0136691341176629,0.0005795947502923,0.0205506675896202,0.2055359518446426,0.0600838370755545,216,5,I
216,217,0.0006831545615568,0.0001896987388284,0.0006326759786585,0.0811502547089285,0.0206639459969931,217,5,F
217,218,0.0,0.0001024381390423,0.0007187223275324,0.0761365604321316,0.0192394302246766,218,5,F
218,219,0.0,0.0005105319311936,0.0003644800731681,0.0973036549643519,0.0245446667421784,219,5,C
219,220,0.0,0.0,0.0,0.0,0.0,220,5,Y
220,221,0.0645526945590972,0.0005181726107428,0.015806537169,0.1754929294629927,0.0640925834504582,221,5,G
221,222,0.0001315474073635,0.0001745429775926,0.0004792233129649,0.0285448390224588,0.0073325381800949,222,5,Q
222,223,0.0,0.000209111849721,0.0003311675531635,0.0681146272044719,0.0171637266518391,223,5,L
223,224,0.0,0.00076922350805,0.004089182052836,0.0703062462367403,0.0187911629494066,224,5,V
224,225,0.0064494074322283,0.0005823082297609,0.0008065261059967,0.1132206372226372,0.0302647197476558,225,CT/EC,F
225,226,0.0002609357761684,6.511946120234611e-05,0.002690781673867,0.0950017882426356,0.0245046562884683,226,CT/EC,T
226,227,0.0,0.0001195414571231,0.0017813696034484,0.1400318340885108,0.0354831862872706,227,CT/EC,V
227,228,0.0009009549394249,0.0001814923755949,0.0017238299903668,0.1303138561707941,0.0332800333690452,228,CT/EC,K
228,229,0.000906201894395,0.0006031391566905,0.0021101687459388,0.1972945750281364,0.0502285212062902,229,CT/EC,E
229,230,0.0,0.0001381717332466,0.0001007127421039,0.0417160403726144,0.0104887312119912,230,CT/EC,A
230,231,0.0,0.0,0.0001382438416537,0.1129912436352999,0.0282823718692384,231,CT/EC,A
231,232,0.0,0.000667534756223,0.0007319825697324,0.0192992312423407,0.005174687142074,232,CT/EC,A
232,233,0.0001299785508308,3.8625654265591966e-06,0.0007350392078056,0.1752675618168604,0.0440341105352308,233,CT/EC,Q
233,234,0.000460764626041,0.0007070736153976,0.0001221168420871,0.0468499676436878,0.0120349806818034,234,CT/EC,Q
234,235,0.0,0.00026718614061,0.0009780061315457,0.1434113241233039,0.0361641290988649,235,CT/EC,Q
235,236,0.0,0.0,0.0003767562154209,0.0581304631563792,0.01462680484295,236,CT/EC,E
236,237,0.0,1.4872122798693598e-05,0.00124095443848,0.0507859721299442,0.0130104496728057,237,CT/EC,S
237,238,0.0020316310692578,0.000130986224203,0.0003587489113632,0.0936862432839174,0.0240519023721854,238,CT/EC,A
238,239,0.0001700340944807,0.0011102632310514,0.0010402447603949,0.1456475648082119,0.0369920267235347,239,CT/EC,T
239,240,0.0216170642524957,7.84242379173313e-05,0.0006048401358489,0.2598423978510698,0.0705356816193329,240,CT/EC,T
240,241,0.0,0.0006839445635089,0.0008991699735976,0.0346264081236224,0.0090523806651822,241,CT/EC,Q
241,242,0.0,7.608370929419031e-05,0.0002278438134735,0.032669435702194,0.0082433408062404,242,CT/EC,K
242,243,0.0,5.8107816064043256e-05,0.0005186827177847,0.0804115742043272,0.0202470911845439,243,CT/EC,A
243,244,0.0,0.0,0.0,0.0,0.0,244,CT/EC,E
244,245,0.0015651242574676,0.0009032317702044,0.0003849026092976,0.0811624100497145,0.021003917171671,245,CT/EC,K
245,246,0.0001378596498398,0.0005295951174222,9.314585110019176e-05,0.1134769147658764,0.0285593788460596,246,CT/EC,E
246,247,0.0071811764501035,1.456020765974196e-06,0.0005441434289457,0.0575037983130216,0.0163076435532092,247,CT/EC,V
247,248,0.0,0.0007164895570642,0.0008786303204693,0.0886535640280849,0.0225621709764046,248,CT/EC,T
248,249,0.0010284739546477,7.48125824622659e-05,0.0005328942978215,0.1880320181942135,0.0474170497572862,249,CT/EC,R
249,250,0.000154604538693,0.0004321815661164,0.0002967788521472,0.0847585996695396,0.0214105411566241,250,CT/EC,M
250,251,0.0009947079233825,6.394820791371132e-05,0.0002353925589065,0.0435672144982884,0.0112153157971228,251,CT/EC,V
251,252,0.0005835138144902,0.000402650354142,0.0004690578686659,0.0438771492318389,0.0113330928172843,252,CT/EC,I
252,253,0.0003415468672756,0.0006837970276873,0.0002714897241558,0.0802240563615042,0.0203802224951557,253,6,I
253,254,0.0003113075799774,8.794656972207534e-05,0.0003044678851212,0.1210053455556974,0.0304272668976295,254,6,M
254,255,0.1024764031171798,0.0041176465333591,0.002022155602414,0.1041038693053811,0.0531800186395835,255,6,V
255,256,1.9549257558537647e-05,0.0004123810502987,0.0008922093200358,0.1003198146112896,0.0254109885597957,256,6,I
256,257,8.854301268002018e-05,4.006161677965056e-05,0.0046534730715771,0.1121223688892094,0.0292261116475615,257,6,A
257,258,0.0077406191267073,0.0159490675408169,0.0099188488696714,0.4476672031845325,0.120318934680432,258,6,F
258,259,0.0738834142684936,0.0002204577196511,0.0239795307271485,0.1043231234789107,0.050601631548551,259,6,L
259,260,0.0062479432672262,0.0006835312916105,0.0010063381608772,0.1314855697589197,0.0348558456196584,260,6,I
260,261,0.0014768973924219,5.222949735259109e-05,0.001118701301982,0.15914037213394,0.0404470500814241,261,6,C
261,262,0.5014359951019287,1.0,0.2660036005930684,0.4072075917620452,0.5436617968642605,262,6,W
262,263,0.0023255934938788,0.0009529806781564,0.000411884108607,0.0909395661616648,0.0236575061105768,263,6,L
263,264,0.0,0.0,0.0,0.0,0.0,264,6,P
264,265,0.0,0.0,0.0,0.0,0.0,265,6,Y
265,266,0.0028757962863892,0.0057626005884265,0.0171055975172623,0.3797395903222294,0.1013708961785769,266,6,A
266,267,0.0004347828507889,3.5467962773098514e-05,0.0008744438866297,0.0825570352298004,0.020975432482498,267,6,G
267,268,0.090896837413311,0.0001388538718215,0.0076376653091155,0.1461036750280518,0.0611942579055749,268,6,V
268,269,0.0,3.164639055019192e-05,0.000920334574891,0.1310349463081231,0.032996731818391,269,6,A
269,270,0.0014910352183505,0.0009629240986712,0.0249197710100197,0.1275203402397684,0.0387235176417025,270,6,F
270,271,3.211409421055578e-05,0.0001269919821097,0.0226306145859777,0.0702617039976421,0.023262856164985,271,6,Y
271,272,0.0004711880756076,0.0005106954468825,0.0025885854559768,0.0934697670180949,0.0242600589991405,272,6,I
272,273,0.0,6.157223566075159e-05,0.000706577019489,0.0580191747525871,0.0146968310019342,273,6,F
273,274,0.000107333966298,0.0001623752503838,0.0004065498721211,0.0605918755829851,0.015317033667947,274,6,T
274,275,0.0,9.234107585952757e-05,0.0004026447964525,0.0549837007240382,0.0138696716490875,275,CT/EC,H
275,276,0.0145602421835064,0.0131076866111258,0.0114634591069873,0.1275752152571411,0.0416766507896902,276,CT/EC,Q
276,277,0.0010516297770664,0.0057298257718276,0.0066315808543167,0.0914269336621501,0.0262099925163402,277,CT/EC,G
277,278,0.0002934282820206,0.0011198515375209,0.014417023922845,0.0994471359106624,0.0288193599132622,278,CT/EC,S
278,279,0.0207809880375862,0.0028522019260544,0.0082243049702998,0.0715848354076151,0.0258605825853889,279,CT/EC,D
279,280,0.0028745944146066,0.0005918411120631,0.0002158265249297,0.1171566752584358,0.0302097343275088,280,CT/EC,F
280,281,0.0016600339440628,0.0186720750510939,0.0007499854667363,0.0530972768108884,0.0185448428181954,281,CT/EC,G
281,282,0.0003088980738539,0.0002502794550629,0.0004569887040235,0.0884957892479848,0.0223779888702313,282,CT/EC,P
282,283,0.3700975179672241,0.0187056876913474,0.528538343229329,0.1195816547872809,0.2592308009187954,283,CT/EC,I
283,284,0.0008327367249876,0.0458770477756295,0.0015337464842906,0.1090148540778491,0.0393145962656892,284,CT/EC,F
284,285,0.0,0.0153738502431307,0.0001010985584265,0.084043244521734,0.0248795483308228,285,CT/EC,M
285,286,0.009312997572124,8.416975764354632e-05,0.0478620370285538,0.1199329217276817,0.0442980315215007,286,CT/EC,T
286,287,7.734309474471956e-05,0.0009232265145724,0.0009327328633578,0.133969544471114,0.0339757117359472,287,7,I
287,288,0.0,1.452214109400851e-05,0.000473090825571,0.1865555822104469,0.0467607987942779,288,7,P
288,289,0.0052926465868949,0.0142252881636121,0.0422939542535696,1.0,0.2654529722510191,289,7,A
289,290,0.0010121307568624,0.0006294919150605,0.0010109199958574,0.1125331978613536,0.0287964351322835,290,7,F
290,291,0.0007860012701712,0.0023639273765225,0.0008860734511423,0.1309621376547115,0.0337495349381369,291,7,F
291,292,0.0051123984158039,0.090870985395327,0.0328146884287806,0.2209042962312229,0.0874255921177836,292,7,A
292,293,0.0,0.0,0.0,0.0,0.0,293,7,K
293,294,0.0009095094865188,0.0003262980924279,0.0011767029719058,0.0600013286577122,0.0156034598021412,294,7,T
294,295,0.0004512031737249,0.0104636173356259,0.0127242781524209,0.0890380309257544,0.0281692823968815,295,7,S
295,296,0.000308500311803,0.0258925723929474,0.0017901691143481,0.0957983800123209,0.0309474054578549,296,7,A
296,297,0.000563881942071,0.0003983258500268,0.0005998540417531,0.1022141434128055,0.0259440513116641,297,7,V
297,298,0.0328250862658023,7.91395542985925e-05,0.0006334528638234,0.0316618153320192,0.0162998735039859,298,7,Y
298,299,0.0,0.078138352281276,0.0033360511586199,0.1299587674266164,0.0528582927166281,299,7,N
299,300,0.0,0.0,0.0,0.0,0.0,300,7,P
300,301,0.0002356946934014,0.0001492806544644,0.0004095529871054,0.0484255687929228,0.0123050242819735,301,7,V
301,302,0.0,0.0007284232153936,0.0003057305428746,0.1877153085701237,0.0471873655820979,302,7,I
302,303,0.0,0.0,0.0,0.0,0.0,303,7,Y
303,304,0.0005654369015246,0.0011670442896952,0.0001487144116157,0.0783765930656101,0.0200644471671114,304,7,I
304,305,0.0001480616338085,0.0002588856965559,0.0001962229100168,0.0759784986594589,0.01914541722496,305,7,M
305,306,0.0,3.099570267826576e-05,0.0003644243306856,0.0887108329347193,0.0222765632420208,306,7,M
306,307,0.0001623468997422,5.3347988640068685e-05,8.572481930688623e-05,0.0569661775488443,0.0143168993141333,307,7,N
307,308,0.0001164653731393,0.0001707771447367,0.0001357787425782,0.0574471843041651,0.0144675513911548,308,7,K
308,309,0.0001189229951705,2.0395858590590796e-05,0.0001612953289798,0.0689680550856915,0.0173171673171081,309,CT/EC,Q
309,310,0.0,0.0,0.0005240572770803,0.1377043075777287,0.0345570912137022,310,CT/EC,F
310,311,0.0054602646268904,6.401182728139384e-05,0.0003443555594837,0.1130444385366293,0.0297282676375712,311,CT/EC,R
311,312,0.0004642540880013,0.0004963265237702,0.0007542858308833,0.1172145234650754,0.0297323474769325,312,CT/EC,N
312,313,0.0,0.0,0.0001148533141785,0.0125351347443337,0.003162497014628,313,CT/EC,C
313,314,0.0005150522920303,0.0001358781754267,0.0104206027120305,0.0283452805494831,0.0098542034322426,314,CT/EC,M
314,315,0.0001316254056291,6.1370293632961e-05,0.0015101325984385,0.0751921330571315,0.019223815338708,315,CT/EC,V
315,316,0.0,0.0013781312458863,0.0013069579848946,0.086835253799179,0.0223800857574899,316,CT/EC,T
316,317,0.0012241668300703,0.0002373739766558,0.0006408521231357,0.0750934567480295,0.0192989624194728,317,CT/EC,T
317,318,0.0001024630619212,0.000475503878448,0.0006612633009752,0.1077436916980827,0.0272457304848568,318,CT/EC,L
318,319,0.0004385814827401,5.3543520984040304e-05,0.0007665707919189,0.054982428727234,0.0140602811307192,319,CT/EC,C
319,320,0.0007890986744314,0.0041404415480767,0.0012376425669981,0.0972062434996421,0.0258433565722871,320,CT/EC,C
320,321,0.0,5.491130306830455e-05,5.741971630507829e-05,0.0622011312792169,0.0155783655746475,321,CT/EC,G
321,322,0.0001479585916968,0.0003484608293116,0.000951780451261,0.104868629133425,0.0265792072514236,322,CT/EC,K
322,323,0.0050451718270778,0.0004119910480295,0.0010574535065969,0.0562534002565146,0.0156920041595547,323,CT/EC,N
323,324,6.188400584505871e-05,0.0239941239573388,0.0002545125399848,0.0680933653991247,0.0231009714755733,324,CT/EC,P
324,325,0.0001945753610925,0.0001866391171167,0.0003555404173027,0.0485807525166889,0.0123293768530502,325,CT/EC,L
325,326,0.0034600950311869,2.407285194118845e-05,0.0008613292521684,0.0738025072328993,0.0195370010920489,326,CT/EC,D
326,327,0.0006794301443733,0.0037702288334323,0.0005287977455431,0.0968549178400057,0.0254583436408386,327,CT/EC,D
327,328,0.0001220359627041,0.0001051942098667,0.0084580798837104,0.0991331893488454,0.0269546248512816,328,CT/EC,E
328,329,7.94267762103118e-05,0.0003857361432581,0.0004924981376976,0.0439577845879389,0.0112288614112762,329,CT/EC,A
329,330,0.0005577679839916,0.00105285543044,0.0013909370254581,0.1356952672358963,0.0346742069189465,330,CT/EC,S
330,331,0.0011221533641219,0.0001618411397304,0.0006061850031684,0.1282770809305533,0.0325418151093935,NA,NA,-
331,332,0.0004626691516023,0.0001564405999797,0.0008414996886024,0.0708693844894973,0.0180824984824204,331,CT/EC,T
332,333,0.0007052835426293,0.0025952305734165,0.0008283127233657,0.0583980294584774,0.0156317140744722,332,CT/EC,T
333,334,0.0097758015617728,0.0001927526845032,0.0037987500693219,0.0915567203920554,0.0263310061769133,333,CT/EC,V
334,335,0.0026361909694969,0.0878364122752182,0.0006508648871272,0.2102804299311807,0.0753509745157558,334,CT/EC,S
335,336,0.0003113177081104,0.0007967463406261,9.429072796354748e-05,0.0956073278928038,0.0242024206673759,335,CT/EC,K
336,337,0.0,0.0031217055339499,0.0006650251591959,0.2707714222692687,0.0686395382406036,336,CT/EC,T
337,338,0.0005763395456597,0.0001622816580903,0.0001521339775708,0.0892196897433882,0.0225276112311773,337,CT/EC,E
338,339,0.0022106328979134,0.0001973795416409,0.0003722384453796,0.0488133405834793,0.0128983978671033,NA,NA,-
339,340,0.0,0.0005148961081763,0.0002942899639635,0.0747895624321887,0.0188996871260821,NA,NA,-
340,341,0.0003053330874536,0.0018925422300341,0.0031010195544751,0.0830971898551092,0.022099021181768,NA,NA,-
341,342,0.000711100117769,0.0002084961620561,0.0002651193535301,0.0434206134570751,0.0111513322726076,NA,NA,-
342,343,9.35308271436952e-05,0.0001501380793424,0.0005628670878647,0.1375606238191435,0.0345917899533736,NA,NA,-
343,344,0.0003898671129718,0.0006243367521535,0.0005919711773308,0.1094885322197931,0.0277736768155623,338,CT/EC,T
344,345,0.0,0.0003548598669606,0.0002497722945439,0.0353772378910225,0.0089954675131317,339,CT/EC,S
345,346,0.0,0.000735949914835,0.0002842617733414,0.0778613494600119,0.019720390287047,340,CT/EC,Q
346,347,0.0017706677317619,3.977912907837639e-06,8.380015274450643e-05,0.1277311332701709,0.0323973947668963,341,CT/EC,V
347,348,0.0022950791753828,0.0002039560325884,0.0008206487735635,0.1395862647617759,0.0357264871858277,342,CT/EC,A
348,349,0.0,6.937406626425196e-05,0.0002193703615004,0.0093544896651929,0.0024108085232394,343,CT/EC,P
