feature,p_value,score,xgb
p1_H2,0.3336574617610003,0.9360363594566953,0.0
p1_H3,0.00014578617806189554,14.597666699827933,1.6671705e-05
p1_PKB,1.49482330884928e-07,28.209453983627707,8.642277e-06
p2_H2,0.7004997146973431,0.14808265463794917,0.0
p2_H3,0.004697627915344545,8.047618037272336,9.265958e-06
p2_PKB,0.03739921800237038,4.349879666221251,4.3486478e-05
p3_H2,3.5072842930139936e-25,116.91817956240068,1.9556726e-05
p3_H3,4.6352963491627444e-05,16.817309613971013,5.700432e-06
p3_PKB,0.00021840790571866519,13.8203647207246,9.85692e-05
p4_H2,0.06127108979978911,3.5147468094927183,2.9145078e-05
p4_H3,2.5572485641486407e-68,389.25467530358463,0.00010444037
p4_PKB,4.793785782455565e-72,416.9441471248144,7.074231e-05
p5_H2,3.971206497473257e-86,528.406988344142,0.0
p5_H3,1.0441147767343315e-91,575.7391506790551,0.0
p5_PKB,1.9432186149996496e-91,573.4076868265478,0.0
p6_H2,1.2051170797358367e-05,19.453942578487897,5.2565025e-05
p6_H3,0.15115288797066212,2.0654148889995647,0.0
p6_PKB,0.040824087574357334,4.199953651252855,8.257028e-06
p7_H2,2.2839601137367394e-26,123.33374284919327,2.814407e-05
p7_H3,4.853439765275403e-58,316.5769531510355,8.849162e-06
p7_PKB,1.8652183857005682e-44,228.30781537228157,1.4412399e-05
p8_H2,0.6242324212611822,0.24019154659233458,0.0
p8_H3,0.6479142432782268,0.20873297240400007,0.0
p8_PKB,0.12746847344339482,2.328989404038105,0.0
p9_H2,4.642136159565266e-21,95.06018576045939,3.245109e-05
p9_H3,0.17424115648333124,1.8500997869671496,0.0
p9_PKB,0.8823567696027717,0.02191589081312031,0.0
p10_H2,0.0029938141841057897,8.87778310800112,1.4150705e-05
p10_H3,9.488748429949714e-23,103.93876022616354,6.0778797e-07
p10_PKB,0.19091308906506751,1.7141130383327567,0.0
p11_H2,6.774930871958931e-35,171.1230810974464,1.1980533e-05
p11_H3,1.1386975462561697e-15,67.48766529737092,1.3178858e-05
p11_PKB,0.06358788606735666,3.452973867663958,1.416228e-05
p12_H2,0.004987380570780258,7.937901053394746,0.0
p12_H3,1.001250087613992e-18,82.98026360200116,0.0
p12_PKB,0.052270998252561554,3.780861577318276,0.0
p13_H2,1.5510652552039195e-49,260.3222576758294,2.712458e-05
p13_H3,8.378570913931338e-09,34.069531333728634,0.0
p13_PKB,5.0451800421592535e-29,137.90051707491875,1.4544562e-05
p14_H2,0.08538519811269829,2.9682862303377777,0.0
p14_H3,0.00310291542234395,8.81155709908757,1.788461e-05
p14_PKB,0.0002778984129224785,13.35869066947221,2.5355146e-05
p15_H2,3.326679646584685e-58,317.6957641849936,6.889282e-05
p15_H3,1.2018356323081374e-121,864.1450161444487,4.106593e-05
p15_PKB,2.180274342880854e-106,709.5496362392366,4.106593e-05
p16_H2,1.3242582801859075e-16,72.1857944014169,3.3633125e-05
p16_H3,1.9623094138366132e-70,404.8778328790842,1.4889256e-05
p16_PKB,2.6482872891407764e-118,828.8350038685553,4.106593e-05
p17_H2,5.367383663037279e-18,79.24973869294604,2.8999384e-05
p17_H3,5.752878411994878e-126,911.0239357367788,0.0
p17_PKB,1.1571231905553267e-119,843.09448443348,4.106593e-05
p18_H2,1.5274891534298565e-11,47.158287817143595,3.7862292e-06
p18_H3,0.04587751005075962,4.001347567522745,0.0
p18_PKB,0.0128057270169337,6.230026025549364,0.0
p19_H2,0.07823355157495332,3.1109836467704066,0.0
p19_H3,0.03266439806692259,4.582782813103054,0.0
p19_PKB,0.03534103282853227,4.447086675795512,0.0
p20_H2,2.8811508740258673e-10,41.02075698473485,1.0856902e-05
p20_H3,0.03973043449427739,4.24634429408599,0.0
p20_PKB,0.018199741967706323,5.605007015865073,0.0
p21_H2,1.3896994304057285e-142,1105.276571042654,2.8830884e-05
p21_H3,8.39728773840215e-83,501.07683412169234,6.3909865e-05
p21_PKB,4.968507263358117e-119,836.4400968706888,4.7849753e-05
p22_H2,3.4436057657669126e-10,40.65044148939542,1.8797056e-05
p22_H3,0.000730811411126396,11.51833808119113,1.3442753e-05
p22_PKB,0.06948917072093101,3.305908880668899,0.0
p23_H2,0.6489007189089951,0.20748059010772166,0.0
p23_H3,0.48041167225103154,0.4985002141448461,0.0
p23_PKB,0.4440610388566817,0.5864779371176917,0.0
p24_H2,8.633279394094889e-43,218.062278178837,7.545937e-05
p24_H3,3.674992016438556e-17,75.00132299804359,2.4742725e-05
p24_PKB,3.6993913990765866e-36,178.45354585298733,2.6785978e-05
p25_H2,5.667265043649223e-12,49.246103356405186,1.1323064e-05
p25_H3,9.111470579200869e-12,48.24526819085452,1.9779388e-06
p25_PKB,5.7457614013923405e-15,63.97642875187425,1.0738077e-05
p26_H2,0.0012305156631253983,10.536038530460653,1.0036812e-05
p26_H3,7.846776651695144e-11,43.729837623876605,1.4103381e-05
p26_PKB,4.020581681481672e-11,45.128069977273064,2.6271362e-05
p27_H2,0.2441657040492354,1.3588314504060741,0.0
p27_H3,0.2783034740889939,1.1773161124013005,0.0
p27_PKB,0.1670131952902905,1.9138118984502615,0.0
p28_H2,4.0094137653987697e-50,264.10025435025454,0.0
p28_H3,0.20012789597567682,1.6447658196090351,0.0
p28_PKB,2.749201573556778e-50,265.1568021060645,5.6928435e-05
p29_H2,8.980312529027912e-13,53.14619042427704,3.198148e-05
p29_H3,3.050702968093216e-08,31.431433942243448,0.0
p29_PKB,1.3471026686994675e-11,47.42247127003552,2.6620692e-05
p30_H2,2.640743709832433e-05,17.915196197942784,4.7538724e-05
p30_H3,1.7760876195089573e-05,18.69208977634685,4.7538724e-05
p30_PKB,0.0030665966956337355,8.833336027980687,3.7804133e-05
p31_H2,0.020617296321458655,5.385040691102019,2.7657277e-05
p31_H3,0.2007252016682707,1.6404006977931234,0.0
p31_PKB,0.0005118729166029562,12.193589398593053,0.0
p32_H2,3.669486235570912e-08,31.055727885458815,3.796782e-05
p32_H3,0.8883026323243588,0.01974225951707716,0.0
p32_PKB,0.1769872188297946,1.8266882300378795,0.0
p33_H2,6.706761511404928e-05,16.09923269361172,7.4884515e-06
p33_H3,0.009703550196744914,6.728067600950861,0.0
p33_PKB,0.41244510135300827,0.6726021549142565,0.0
p34_H2,1.740028148500243e-52,279.4519419641511,1.3174093e-05
p34_H3,3.5295611087240436e-19,85.30733408866006,5.3187237e-06
p34_PKB,0.37417270940531955,0.7908433818919063,0.0
p35_H2,0.04474421068403158,4.0438080801025755,7.59486e-05
p35_H3,0.5413590241872668,0.3734192205052115,0.0
p35_PKB,0.6284484836369691,0.2343920295083753,0.0
p36_H2,0.1661354218443333,1.9217644598247143,0.0
p36_H3,0.621670046747465,0.24375930938639798,0.0
p36_PKB,0.002510354302768461,9.2042847781198,3.839095e-05
p37_H2,6.559983738077645e-11,44.104011929957124,5.5252265e-05
p37_H3,7.912054695247439e-61,335.76874111902765,1.8283565e-05
p37_PKB,7.357574047252144e-10,39.07692891090568,0.0
p38_H2,5.072426914124104e-39,195.32135925534243,2.2766108e-05
p38_H3,0.011330985274869297,6.449202069238833,0.00011687995
p38_PKB,0.00981500882591487,6.707485163906973,4.763684e-05
p39_H2,0.6082295663851149,0.26301530512675114,0.0
p39_H3,6.107785237745287e-07,25.37763215563219,0.0
p39_PKB,1.0347622179184876e-07,28.952941137081922,0.00013650155
p40_H2,9.457921982485922e-14,57.94723809463954,3.0208455e-05
p40_H3,1.4807403003186995e-06,23.607247518865368,0.0
p40_PKB,7.373140399343023e-16,68.43388329049107,3.2744323e-05
p41_H2,5.954408858686208e-09,34.76938518584363,0.000276564
p41_H3,0.0011598968412587542,10.64709948599669,9.4824936e-05
p41_PKB,0.013970145108776533,6.07461755446978,0.00015060254
p42_H2,3.9065370705541366e-09,35.6345059726339,9.146553e-05
p42_H3,0.05592030050261202,3.6674881120365024,0.0
p42_PKB,0.01639072422364628,5.790397255460054,3.092381e-05
p43_H2,2.8113430989301086e-31,150.48626740387434,7.185444e-06
p43_H3,7.394763056464798e-155,1264.1151300925862,0.0
p43_PKB,1.1492708174006653e-23,108.80365206579164,1.5391508e-05
p44_H2,0.8295722466863461,0.046369789133719225,0.0
p44_H3,0.6741691208358396,0.17692331804250253,0.0
p44_PKB,0.32411881397534625,0.9737233716688674,0.0
p45_H2,9.810803247973498e-67,377.7067564780675,7.46453e-05
p45_H3,0.2685524673084425,1.2262132435626576,0.0
p45_PKB,0.00016289074574776585,14.384021795002718,0.000103344566
p46_H2,0.6101900027567195,0.26014922312370103,0.0
p46_H3,0.36534163899642613,0.8205906787931526,0.0
p46_PKB,0.6037541376700833,0.2696328099621017,0.0
p47_H2,0.003612226570841974,8.53086121891628,7.1950894e-06
p47_H3,0.08587472131468281,2.9589962379358803,0.0
p47_PKB,0.3657691197566405,0.8191277159542893,0.0
p48_H2,1.9492974286036153e-155,1271.9537471382448,0.00014934958
p48_H3,0.16432000495335744,1.9383659115124554,0.0
p48_PKB,7.093494047375214e-135,1012.334966764015,0.00021224521
p49_H2,1.1839018352318223e-18,82.6070320304682,3.141091e-05
p49_H3,0.024625256532367024,5.073521773550229,0.0
p49_PKB,1.0651131884057579e-16,72.66324020535066,3.8070342e-05
p50_H2,0.07516695289748797,3.1765476620619673,0.0
p50_H3,0.0012051230019416354,10.575210583670044,0.0
p50_PKB,0.00439949852883357,8.167970069941484,6.392258e-05
p51_H2,1.2440471658029152e-30,146.85846068604158,0.0
p51_H3,5.023976310378154e-56,302.939600015272,0.0
p51_PKB,2.3927924085072594e-46,240.09470375239295,0.0
p52_H2,4.684239977417805e-29,138.07907620370875,1.6653268e-05
p52_H3,6.666837878728188e-60,329.3542822651459,4.1180887e-05
p52_PKB,7.503396991125491e-38,188.38575291312605,0.0
p53_H2,1.466407339621751e-40,204.53280979393594,0.00042418088
p53_H3,0.00259055512751667,9.145909216446212,9.895661e-06
p53_PKB,1.727686333152167e-23,107.86159868036657,6.4265056e-05
p54_H2,4.6979042209029095e-60,330.40483665674185,5.166983e-05
p54_H3,2.337110565230954e-56,305.17562929632794,0.08663157
p54_PKB,3.614523998413464e-51,270.859050687497,1.915689e-05
p55_H2,0.6876572537495393,0.16177709282707645,0.0
p55_H3,1.0,0.0,0.0
p55_PKB,0.687657253363888,0.1617770932488188,0.0
p56_H2,0.002628975817669169,9.118592629059227,5.53672e-05
p56_H3,0.012100883776174439,6.3313431982561,2.080194e-05
p56_PKB,0.007116912455022599,7.289148335913438,2.6864689e-05
p57_H2,5.58497738190971e-09,34.900751363385105,0.00017398527
p57_H3,3.354681649453723e-08,31.238158533868493,0.0
p57_PKB,0.00029665905008235423,13.233695072120032,3.9029328e-05
p58_H2,0.009000239913901142,6.86382360371625,0.0
p58_H3,0.035941826980165875,4.418110008826943,0.0
p58_PKB,0.0436427373516576,4.086178239103213,0.0
p59_H2,0.30781120273595275,1.0416706707063623,0.0
p59_H3,0.6876572537480803,0.1617770928286276,0.0
p59_PKB,0.43899547889005597,0.5996405602816529,0.0
p60_H2,0.58906728363597,0.2920920559894517,0.0
p60_H3,8.022496008958682e-05,15.751857308328196,0.00011663394
p60_PKB,0.0026857311645353352,9.07897504253276,5.789498e-05
p61_H2,0.000668854719704293,11.68604647805262,0.00027179424
p61_H3,0.1652215449405939,1.9300954691471377,0.0
p61_PKB,4.6139049250839867e-11,44.839940091438066,0.0
p62_H2,0.023118389951724484,5.184005907561501,0.00027637059
p62_H3,5.2509374150369115e-05,16.57465084623039,0.0
p62_PKB,7.750549512604398e-05,15.81868933977857,0.0
p63_H2,0.0002910591448621764,13.270148677999332,9.4500276e-05
p63_H3,1.035047924026359e-07,28.952382612165923,0.000108802706
p63_PKB,0.000394840954606012,12.687740596039742,5.3417276e-05
p64_H2,0.5560504355375266,0.3469465358174122,0.0
p64_H3,0.3951398536108659,0.7240214784228811,0.0
p64_PKB,0.009772426728998676,6.715320076743922,7.215119e-05
p65_H2,1.819199139570944e-05,18.64504866123001,0.0
p65_H3,0.0017498127478730258,9.876499198578339,0.0
p65_PKB,0.6540459655898285,0.20102192546221812,0.0
p66_H2,0.17287618799896154,1.8618957973189965,0.0
p66_H3,0.033531643470788124,4.5375790091398125,0.00010386425
p66_PKB,0.033751787287754825,4.526299127890433,0.0
p67_H2,0.8615569009931352,0.03043679672569386,0.0
p67_H3,0.9876750370774465,0.0002388131746416644,0.0
p67_PKB,0.8366448577894757,0.042547021165213667,0.0
p68_H2,0.7772725939759153,0.08008451684158463,0.0
p68_H3,0.7935896444690793,0.06851787576726072,0.0
p68_PKB,0.7997789137018205,0.06438227008678624,0.0
p69_H2,0.023902157771876924,5.125635201167992,1.035666e-05
p69_H3,0.7935896444707874,0.0685178757660827,0.0
p69_PKB,0.14444935521937713,2.135022492625924,0.0
p70_H2,2.926743498222999e-23,106.64533801491363,2.4576723e-06
p70_H3,6.14315199046256e-19,84.06951360872905,0.0
p70_PKB,9.01736759590442e-12,48.26713116878162,1.4399212e-06
p71_H2,3.41145855361053e-10,40.66991137702906,0.0
p71_H3,1.3570042257467894e-13,57.17452647993615,0.0
p71_PKB,5.9053766490202746e-12,49.15928244189258,0.0
p72_H2,0.7320022999897087,0.11738145757845594,0.0
p72_H3,0.7935896444690793,0.06851787576726072,0.0
p72_PKB,0.980624423402648,0.0005902653134868638,0.0
p74_H2,3.18361161868864e-42,214.603472178351,0.0
p74_H3,0.5508875565532458,0.35609907705319094,0.0
p74_PKB,4.5969577828718803e-51,270.1814496834983,9.838374e-06
p75_H2,0.804805483548775,0.06112424222993732,0.0
p75_H3,1.0,0.0,0.0
p75_PKB,0.7095813603446459,0.13881645101305443,0.0
p76_H2,0.19519854755852037,1.6813848808997325,0.0
p76_H3,0.15992835624041585,1.9794097535637214,0.0
p76_PKB,0.3029561250502254,1.062813153846735,0.0
p77_H2,0.000155505874189114,14.473342733077626,3.0860425e-05
p77_H3,1.0,0.0,0.0
p77_PKB,0.00015164819487815378,14.521720683234307,3.0860425e-05
p78_H2,0.9726683222003156,0.0011747766690694305,0.0
p78_H3,1.0,0.0,0.0
p78_PKB,0.9726683222003156,0.0011747766690103924,0.0
p79_H2,4.385451795595867e-12,49.7873206820602,5.524317e-06
p79_H3,1.0,0.0,0.0
p79_PKB,0.2480579929849126,1.336595830001971,0.0
p80_H2,3.613632435944231e-111,756.2055484944668,9.195812e-05
p80_H3,4.0437688380979815e-129,946.1541477664503,4.364465e-06
p80_PKB,2.4481918940670183e-110,747.9828864910414,0.0
p81_H2,9.74505093067961e-09,33.76029603116886,8.7943656e-05
p81_H3,0.846675645256266,0.0374184895001668,0.0
p81_PKB,1.4348161322025207e-17,77.07486420701692,8.474978e-06
p82_H2,3.6696298965237824e-27,127.65948055544773,3.6080473e-05
p82_H3,2.795075740210538e-14,60.56378879385736,0.0
p82_PKB,4.774259894291927e-13,54.48987352165041,0.0
p83_H2,5.9189671160003715e-58,315.98958093027846,0.0007713059
p83_H3,7.128341321343341e-38,188.51721570677051,0.0
p83_PKB,1.8797609364840573e-06,23.13180693342196,0.0001161109
p84_H2,5.482729512623434e-32,154.49313045262417,0.00010672431
p84_H3,0.7457086200174767,0.10526150327545307,0.0
p84_PKB,2.537920876711868e-62,346.2098149299643,0.000111659836
p85_H2,1.482181655695415e-17,77.00314957309725,1.6528511e-05
p85_H3,0.00039402069016162834,12.691705398078478,0.00033302107
p85_PKB,0.04830892335024235,3.91387422705769,1.475838e-05
p86_H2,1.3550096476109065e-81,491.30782444178726,0.006764903
p86_H3,1.0210696629699883e-40,205.4794530344955,9.917101e-06
p86_PKB,9.990832891640183e-12,48.05127968235569,0.0009047291
p87_H2,0.925045174480016,0.008857988952211439,0.0
p87_H3,8.904468880708073e-19,83.24161564234771,0.000106051266
p87_PKB,1.6256999734086232e-37,186.40607911774853,2.9587205e-05
p88_H2,9.241539776680766e-13,53.085282046618005,3.782402e-05
p88_H3,3.766177438034557e-39,196.0914714282292,0.0
p88_PKB,0.0059934179428803745,7.601968936607471,1.6466702e-05
p89_H2,1.8406806814824112e-06,23.17364259583393,0.0003967522
p89_H3,0.12038276913204497,2.418649337514455,0.0
p89_PKB,9.148116402001869e-13,53.106864069068045,0.00011638408
p90_H2,2.826255943429718e-46,239.64127383264957,0.0010956695
p90_H3,8.723432978653571e-88,542.2780653806666,0.0
p90_PKB,1.1130173417161935e-59,327.81809873043727,0.0028957976
p91_H2,0.007109354037658009,7.29107906712328,0.0
p91_H3,7.562244184099615e-15,63.38246937973575,0.0
p91_PKB,9.716059363813847e-112,761.8787931396121,0.0
p92_H2,5.073808944889437e-46,238.0495379672886,0.0001244715
p92_H3,2.310251557440526e-69,396.93811049950335,8.4008956e-05
p92_PKB,0.0007034971744367399,11.590426088306872,2.5461293e-05
p93_H2,4.440092756845882e-59,323.68305824800046,0.004076057
p93_H3,2.079142299422521e-38,191.68241290641367,1.5942087e-05
p93_PKB,8.204344355785309e-28,131.2223479685982,0.00013398875
p94_H2,1.583603177780307e-210,2185.2373011731993,0.26398835
p94_H3,1.2545099526009233e-161,1357.8000966973486,2.8614431e-05
p94_PKB,1.2350548207119052e-101,664.6965563890409,6.7416506e-05
p95_H2,5.166810691368253e-53,282.913909659779,1.5964959e-05
p95_H3,0.5054627620149106,0.4439388448144375,0.0
p95_PKB,5.95579301477925e-38,188.9781262832583,9.708342e-05
p96_H2,0.0005736827569042553,11.977074284619583,0.0008736683
p96_H3,2.5418734186456587e-08,31.80297084323381,3.2104064e-05
p96_PKB,0.9024145831648165,0.015045319719822396,0.0
p97_H2,2.8468179723974774e-43,221.01380937264824,0.00022838572
p97_H3,1.2177135765453737e-56,307.08459902045576,0.0
p97_PKB,2.6103814136960805e-93,589.6764382000993,0.0004064714
p98_H2,5.741950762492512e-09,34.84389738727713,2.7637128e-05
p98_H3,0.006749072263007202,7.385634890878394,0.0
p98_PKB,0.18722778274371255,1.7429520848684885,0.0
p99_H2,6.702255557282542e-64,357.36192312439084,2.1449425e-05
p99_H3,1.0380793743244938e-37,187.55403891136962,5.9276525e-05
p99_PKB,0.004251475258539944,8.230856789243909,0.00014647283
p100_H2,1.248160677227848e-16,72.31550982148457,0.00012754214
p100_H3,8.865259099261173e-11,43.47505177638625,4.511218e-05
p100_PKB,0.010856139059331478,6.526076810718274,5.6308963e-05
p101_H2,1.2650528781548437e-09,37.95672127289231,0.0
p101_H3,2.7869782548368465e-09,36.32880911838745,0.0
p101_PKB,9.280544165037306e-14,57.98778908883339,0.0
p102_H2,0.8091336310978658,0.058390734487007497,0.0
p102_H3,0.8884636295193803,0.019685013533482086,0.0
p102_PKB,0.9238364402081866,0.009146864383807053,0.0
p103_H2,5.483392861299068e-11,44.47876443298752,0.0
p103_H3,7.364179405833685e-22,99.24814538455712,4.005076e-06
p103_PKB,0.17506018695214803,1.8430728052143983,0.0
p104_H2,0.10721883059077736,2.6018998295181563,0.0
p104_H3,0.048216776313249936,3.9171036680037323,0.0
p104_PKB,9.194050129391086e-28,130.95087017591214,6.8991234e-05
p105_H2,2.0509702624130637e-11,46.539294034714466,0.0006883957
p105_H3,0.6970808402092687,0.15166016128681342,0.0
p105_PKB,2.5276996177794035e-16,70.77058241963076,0.0
p106_H2,0.6765218630913763,0.17422411663422613,0.0
p106_H3,0.676521863090868,0.17422411663482745,0.0
p106_PKB,0.6765218608060672,0.17422411924428471,0.0
p107_H2,2.1897772492712127e-12,51.25582981168213,8.9185905e-06
p107_H3,4.176788575618084e-05,17.020176597323015,0.00019272786
p107_PKB,0.998115278070696,5.584030674920425e-06,0.0
p108_H2,7.906301663562678e-07,24.860729414534166,6.1808373e-06
p108_H3,7.938949630171675e-21,93.84431721471078,0.0
p108_PKB,1.506864269433609e-53,286.44047306306845,2.7186175e-05
p109_H2,0.29364693839478717,1.1046029879476822,0.0
p109_H3,0.543657097960603,0.3691904750108652,0.0
p109_PKB,8.527170637615738e-23,104.1842046040011,5.7214977e-05
p110_H2,0.7711684831861554,0.08466215025641842,0.0
p110_H3,0.9215214993272226,0.009713174014597458,0.0
p110_PKB,0.3390013763147929,0.9155456142805766,0.0
p111_H2,9.604283978046826e-12,48.134351937295826,0.00016110255
p111_H3,0.0402945550753128,4.222249915777829,3.2041924e-05
p111_PKB,0.5310440177839337,0.3928120296174582,0.0
p112_H2,1.6537350950677683e-05,18.83213751495188,9.057132e-05
p112_H3,1.0,0.0,0.0
p112_PKB,0.10078351531579477,2.700732567469153,0.0
p113_H2,0.7935896444700401,0.06851787576663589,0.0
p113_H3,0.7935896444707874,0.0685178757660827,0.0
p113_PKB,0.9133741552646992,0.011843037223822584,0.0
p114_H2,6.648800968380088e-35,171.1702455482933,0.00015401615
p114_H3,1.8781033500662772e-07,27.748800198398012,0.0
p114_PKB,0.0054928892371438704,7.76122851200058,0.0
p115_H2,6.176535129072754e-18,78.938716686165,4.1780517e-05
p115_H3,1.1505733595852109e-32,158.33958517299118,2.2278202e-05
p115_PKB,7.80944923200952e-29,136.85040259499578,0.00016939848
p116_H2,0.02634375184632561,4.955801253520084,6.2161635e-05
p116_H3,3.107850212260571e-15,65.30721989636059,2.020142e-06
p116_PKB,1.4098949454374739e-28,135.43277314726507,0.00012547977
p117_H2,2.9208268616189843e-93,589.249543502159,0.00015062904
p117_H3,0.9963351320018337,2.1114079378475796e-05,0.0
p117_PKB,0.030618573653018635,4.694594882716942,0.000109048604
p118_H2,0.008767259454656413,6.911209004138625,0.00053393503
p118_H3,9.045576824821635e-16,67.9886402912022,0.0008885132
p118_PKB,8.736536130534623e-14,58.117190257000445,0.00047492655
p119_H2,0.20152701239019272,1.6345650431764727,0.0
p119_H3,0.03570038070275801,4.429693602141648,2.2709386e-05
p119_PKB,0.044969344655099636,4.035283435060028,0.0002458752
p120_H2,1.2457346465500752e-10,42.76550989818275,0.0
p120_H3,0.0008764015979546533,11.175033077577732,0.0
p120_PKB,4.746347723675476e-40,201.46831985363406,4.905886e-05
p121_H2,0.15861835266285082,1.991902662868503,0.0
p121_H3,0.7935896444690793,0.06851787576726072,0.0
p121_PKB,0.3293260911611643,0.9529694668243023,0.0
p122_H2,1.9057539394312346e-11,46.69347940372089,0.0011341311
p122_H3,2.5810013181379948e-11,46.05695256953934,0.0
p122_PKB,2.748193902752798e-09,36.35764433789525,0.0007583239
p123_H2,1.3978271247646613e-31,152.19651642941784,0.00011544823
p123_H3,4.123458563401331e-37,184.02923319614,1.8129736e-05
p123_PKB,2.6862963918959877e-30,144.98744468235452,0.00016918304
p124_H2,0.015916609743342688,5.842493894343046,0.00017653884
p124_H3,8.7734518234372e-108,723.0050874799261,0.019895243
p124_PKB,3.461481015036169e-115,796.6626942671949,0.018996378
p125_H2,4.384754106939129e-136,1026.5797880070565,3.7634873e-06
p125_H3,4.1649442686967535e-10,40.25580847581764,0.0
p125_PKB,0.00020194044609289535,13.970857790583134,0.0
p126_H2,0.7935896444717481,0.06851787576541014,0.0
p126_H3,0.7935896444714279,0.06851787576567196,0.0
p126_PKB,0.7935896443013797,0.06851787588118789,0.0
p127_H2,0.5797761069880243,0.30690368249556066,0.0
p127_H3,0.6206342073529855,0.2452108689498722,0.0
p127_PKB,0.6050672532370451,0.26768039372161495,0.0
p128_H2,0.7300974562095942,0.1191242008465035,0.0
p128_H3,0.7935896444690793,0.06851787576726072,0.0
p128_PKB,0.7000620658076627,0.14853787147426598,0.0
p129_H2,1.7789109515865505e-09,37.25345423710643,0.0
p129_H3,4.218767432670176e-14,59.67884026612336,0.0
p129_PKB,1.1144767964604565e-21,98.30346188172919,2.402541e-05
p130_H2,3.407951231125182e-27,127.83503546585658,1.6944545e-05
p130_H3,1.0,0.0,0.0
p130_PKB,1.4191512319171656e-62,347.9852732967775,4.591652e-05
p131_H2,1.942276484298879e-06,23.066669726847117,0.0
p131_H3,1.0,0.0,0.0
p131_PKB,0.9964810830749874,1.9465845155581415e-05,0.0
p132_H2,1.0559775671526322e-26,125.15579562167476,0.0
p132_H3,9.745709323930405e-27,125.34553381951592,0.0
p132_PKB,1.0174447704338941e-26,125.2437056652668,0.0
p133_H2,1.9258307506346494e-06,23.083598397108084,3.1947613e-05
p133_H3,3.0053009081357005e-55,297.73389418031803,0.0
p133_PKB,2.485001082758067e-44,227.53709292557318,0.00015770285
p134_H2,0.7935896444702535,0.06851787576650457,0.0
p134_H3,1.0,0.0,0.0
p134_PKB,0.7935896446037941,0.06851787567576952,0.0
p135_H2,0.23203672711007386,1.4309923001594504,0.0
p135_H3,1.0,0.0,0.0
p135_PKB,0.23203673211819653,1.4309922694253197,0.0
p136_H2,3.780595463199832e-19,85.15373936698133,3.5003736e-06
p136_H3,3.93362178481355e-08,30.914407368250465,0.0
p136_PKB,1.0872633665945358e-19,87.94506441446158,0.0
p137_H2,0.099110112177438,2.727568476054493,0.0
p137_H3,0.6876572537480803,0.1617770928286276,0.0
p137_PKB,2.2864874632157265e-07,27.35215683015812,5.596261e-05
p138_H2,0.41651651178382454,0.66096292250196,0.0
p138_H3,0.3639593642489416,0.8253375296479367,0.0
p138_PKB,0.3612254875363362,0.834799847077958,0.0
p139_H2,6.358782145829315e-142,1097.1133934628251,0.0
p139_H3,1.0,0.0,0.0
p139_PKB,6.358766870797932e-142,1097.113406327474,0.0
p141_H2,0.11590632712085007,2.4783676985005996,0.0
p141_H3,0.34993336539076814,0.8749535853576088,0.0
p141_PKB,0.5719023954077769,0.3198328157768255,0.0
p142_H2,0.02775456363442324,4.864989249456694,0.0
p142_H3,0.02775456363440897,4.8649892494575075,0.0
p142_PKB,0.027754563642724196,4.86498924893657,0.0
p143_H2,0.11915596725806413,2.43476761024775,0.0
p143_H3,0.8235406883602393,0.04976601623477222,0.0
p143_PKB,6.182161924053152e-05,16.25735772443465,8.816115e-06
p144_H2,0.008908901441541708,6.882249008952634,2.078382e-05
p144_H3,9.215393358516456e-05,15.483416305688133,0.0
p144_PKB,0.00021720747214295196,13.830941369384428,0.0
p145_H2,1.1788211294148429e-05,19.497344257978188,0.00014904336
p145_H3,2.485255559881717e-19,86.09207867863955,0.0
p145_PKB,2.5580570382355257e-10,41.26790001901692,2.7882603e-05
p146_H2,2.036764548855484e-41,209.70845282624637,2.2766104e-05
p146_H3,1.0,0.0,0.0
p146_PKB,3.2518364836845757e-38,190.53203144022487,6.9972034e-06
p147_H2,2.947042645306873e-12,50.62734735236376,1.7903283e-05
p147_H3,0.004794290654202931,8.010265397098227,0.0
p147_PKB,6.015025595875997e-14,58.91738772454206,1.4954142e-05
p148_H2,0.8097131075930599,0.05802978183449559,0.0
p148_H3,0.7935896444690793,0.06851787576726072,0.0
p148_PKB,0.8457170060606611,0.037893842715599445,0.0
p149_H2,0.00021780022235729608,13.825711468887098,4.9090384e-05
p149_H3,1.0100845868402218e-05,19.801440475007297,0.0
p149_PKB,3.9429233371574136e-39,195.9728095220896,7.705504e-05
p150_H2,0.8021141596780433,0.06285747160680916,0.0
p150_H3,3.0504330300898524e-27,128.09810924706676,2.2430138e-05
p150_PKB,8.611843628649316e-19,83.31609677489251,2.4162631e-05
p151_H2,0.9168984000507726,0.010895564567232237,0.0
p151_H3,9.976016756703805e-06,19.82593375855115,0.00019845065
p151_PKB,0.00012145133153867595,14.949873542916583,8.233178e-05
p152_H2,2.1999466802021542e-44,227.86432341997443,0.0
p152_H3,1.0182947075014071e-43,223.75799870782524,0.0
p152_PKB,5.732266605157638e-48,250.3188189654096,4.6441284e-05
p153_H2,0.11037068196842575,2.5558462124328654,0.0
p153_H3,0.008305415099231647,7.009086908095802,0.0
p153_PKB,0.00386404382118545,8.406665110543717,0.0
p154_H2,3.139871705616111e-06,22.111860557939227,2.7513328e-05
p154_H3,8.027328054458595e-09,34.15722544475125,1.6007321e-05
p154_PKB,2.5091131537608106e-07,27.164993708817082,0.00011487779
p155_H2,9.10107664723865e-09,33.90020313293337,2.6450341e-05
p155_H3,0.49082339951269494,0.4752571837722362,0.0
p155_PKB,0.24504834395110592,1.3537513086677606,0.0
p156_H2,1.1620409420861858e-92,584.0155254596765,0.0
p156_H3,0.36435683604324187,0.8239700192148732,0.0
p156_PKB,3.4739863228238915e-07,26.5102888346445,0.0
p157_H2,7.3475281617726514e-37,182.5575123455208,2.1723632e-05
p157_H3,1.0,0.0,0.0
p157_PKB,7.985218137384545e-15,63.26486337942114,0.0
p158_H2,0.5730565839399061,0.3179155876023011,0.0
p158_H3,0.2137119168769582,1.5491199732831131,0.0
p158_PKB,0.008340765900288483,7.001400001298666,3.4818604e-05
p159_H2,9.620811504045303e-57,307.77550453478807,0.00013044318
p159_H3,0.702320317764357,0.1461975696013501,0.0
p159_PKB,1.9244736638681235e-40,203.8225765424924,0.000787651
p160_H2,5.045792846272498e-45,231.82876449531017,3.5843274e-05
p160_H3,0.16072835875164304,1.9718377898074173,0.0
p160_PKB,0.4632550224034978,0.5386527846721872,0.0
p162_H2,0.09819230267345047,2.7424984899322125,0.0
p162_H3,0.00046691625254508294,12.36840142939539,3.7227026e-05
p162_PKB,4.2452936276206355e-15,64.63147463742438,1.4151122e-05
p163_H2,1.4887672314434269e-16,71.9292180887954,3.9743532e-05
p163_H3,4.661202884039469e-46,238.2800878225493,0.0
p163_PKB,1.5561083179301178e-08,32.803718731741434,2.084394e-05
p164_H2,0.0011094761527181698,10.730677159359107,0.00016501527
p164_H3,4.247776153759684e-27,127.31241785258884,1.4985477e-05
p164_PKB,3.7383765349128363e-06,21.765748529513672,0.0006005368
p165_H2,8.669162249400892e-19,83.30130962683344,2.0161226e-05
p165_H3,0.41152308207195054,0.6752616234028802,0.0
p165_PKB,0.310964799958445,1.0281683974888995,0.0
p166_H2,7.022885557187686e-18,78.65440330984369,8.596106e-05
p166_H3,0.4722489298327771,0.5173095325592664,0.0
p166_PKB,0.7224714444406093,0.12624581936634297,0.0
p167_H2,2.039059235387703e-42,215.78275652969876,0.00015592268
p167_H3,6.528459813354822e-51,269.1937820850124,0.0
p167_PKB,0.15629670665747233,2.0143347822848026,0.0
p168_H2,6.112221974757584e-48,250.1419721567931,4.5823804e-06
p168_H3,0.001045118625371143,10.84313903438704,0.0
p168_PKB,1.4607193581211404e-10,42.43376887858025,0.0
p169_H2,4.3660266135094416e-35,172.22652196229006,1.3398539e-05
p169_H3,2.1650939968063314e-09,36.848610383360906,0.00010520359
p169_PKB,2.2391200069820187e-07,27.394338611621432,2.6665753e-05
p170_H2,0.012367600419696216,6.29230616381262,0.0002242501
p170_H3,1.0,0.0,0.0
p170_PKB,0.9297902948217602,0.007769132796963242,0.0
p171_H2,0.7935896444699333,0.0685178757666603,0.0
p171_H3,0.7935896444690793,0.06851787576726072,0.0
p171_PKB,0.793589644488187,0.06851787575435543,0.0
p172_H2,2.451968186271901e-91,572.5360158691251,2.2541279e-05
p172_H3,0.00029742873206376613,13.228739145061239,0.0
p172_PKB,8.014954558322595e-119,834.2628601237737,0.0
p173_H2,0.4545409042706299,0.5599721118100123,0.0
p173_H3,0.015108511662952292,5.935098515246445,0.0
p173_PKB,0.7649759228799379,0.0894474673564593,0.0
p174_H2,0.7935896444697197,0.06851787576683334,0.0
p174_H3,1.0,0.0,0.0
p174_PKB,0.7935896444560563,0.06851787577611787,0.0
p175_H2,0.23948202517160755,1.386169257408965,0.0
p175_H3,0.23948202517141357,1.386169257410119,0.0
p175_PKB,0.23948202509153685,1.3861692578819587,0.0
p176_H2,0.7300026460653081,0.11921131818584507,0.0
p176_H3,0.730002646066176,0.11921131818508084,0.0
p176_PKB,0.7300026460557596,0.11921131819465192,0.0
p178_H2,8.166878768046198e-12,48.47579920174191,0.00042571506
p178_H3,8.166878770514555e-12,48.475799201105104,0.00042571506
p178_PKB,8.166876250790464e-12,48.47579985110303,0.00042571506
p179_H2,6.776128814282204e-57,308.80421684290593,0.08663157
p179_H3,2.3371105652247766e-56,305.17562929633567,0.08663157
p179_PKB,4.622928471946581e-41,207.5555516953817,0.0001066313
p180_H2,0.7935896444697197,0.06851787576681079,0.0
p180_H3,1.0,0.0,0.0
p180_PKB,0.7419198752357041,0.10853848002577614,0.0
p181_H2,9.347334223503085e-52,274.67997521388764,0.08663157
p181_H3,0.03303947258442027,4.563080265971393,0.0009854385
p181_PKB,1.5607244359403695e-55,299.63744580168265,0.08663157
p182_H2,0.48499801829939426,0.48815993610927905,0.0
p182_H3,0.4849980182991994,0.4881599361096462,0.0
p182_PKB,0.4849980182239314,0.48815993627802207,0.0
p183_H2,1.5234358890937441e-05,18.9932543047334,4.609264e-05
p183_H3,0.9933015215894134,7.053667204886945e-05,0.0
p183_PKB,9.083809900405141e-07,24.582992044062998,0.00011088627
p184_H2,3.1239212636970943e-59,324.7321418236159,0.08663157
p184_H3,3.4221750756298517e-19,85.37641528330728,0.0
p184_PKB,1.1334736000754337e-82,500.01914088193786,0.0
p185_H2,2.3278391697503376e-24,112.50557108188497,4.019354e-05
p185_H3,3.473142939117608e-45,232.83723684913608,0.0
p185_PKB,3.3289699414089964e-42,214.48538516044272,0.0014598621
p186_H2,0.019021939574790758,5.52696590727437,4.234695e-05
p186_H3,0.017505598704646883,5.673789917380311,0.0
p186_PKB,0.01846715315182276,5.579231076074662,0.0
p187_H2,0.15992835624024018,1.9794097535654067,0.0
p187_H3,1.0,0.0,0.0
p187_PKB,0.159928356256498,1.979409753411091,0.0
p188_H2,0.7300026460650715,0.11921131818614276,0.0
p188_H3,0.73000264606444,0.11921131818663666,0.0
p188_PKB,0.7300026460519718,0.11921131819815199,0.0
p189_H2,0.0001784502829765669,14.208507942879018,2.9002207e-05
p189_H3,0.7935896444690793,0.06851787576726072,0.0
p189_PKB,0.00010146767641216678,15.297175238994498,0.0
p191_H2,7.87443889645152e-233,2668.4763001834285,1.0
p191_H3,5.830572725436485e-55,295.81243477755265,0.0
p191_PKB,0.0455074705867311,4.0150886337672835,0.0
p192_H2,1.2133293455447493e-15,67.34957661362887,0.0
p192_H3,4.589182186662902e-54,289.85582083034876,0.0
p192_PKB,5.936231670368032e-09,34.77565488279215,0.0
p193_H2,9.807763395418427e-44,223.85836885745155,2.0503817e-06
p193_H3,0.12501915227042185,2.359341012472102,0.0
p193_PKB,1.0606527222201698e-12,52.792742791867056,2.8645727e-05
p194_H2,0.0017272152081548673,9.900784365535506,1.4469292e-05
p194_H3,1.2478265453370368e-07,28.574326422025955,0.00029359182
p194_PKB,1.2399705554429063e-05,19.397863890769035,2.43768e-05
p195_H2,0.02103830583519827,5.349484418316047,0.00018093949
p195_H3,1.6548458057523567e-06,23.38565369712926,0.0
p195_PKB,0.006856097375970548,7.357016621049979,0.00043626534
p196_H2,0.016800422011358892,5.746618413526582,7.2157795e-06
p196_H3,1.1138281445759502e-05,19.608943637211755,0.0
p196_PKB,1.0859132513866178e-13,57.651414327882456,0.0
p197_H2,1.4691493987197974e-18,82.12652227131983,0.00010571242
p197_H3,3.1559891469316407e-15,65.27389911950198,3.0645802e-05
p197_PKB,8.957694538456188e-38,187.93172589018178,4.8538666e-05
p198_H2,2.295646723801553e-56,305.22799393528,3.503288e-05
p198_H3,9.314205724250204e-62,342.250032194704,0.00010550194
p198_PKB,4.886126523766235e-66,372.66419220424467,5.7409452e-05
p199_H2,1.9961056452016277e-30,145.70869370091685,3.3120068e-05
p199_H3,4.1914468685967845e-14,59.692796061195615,0.00016752668
p199_PKB,3.3881076835598985e-24,111.6337025768076,3.130549e-05
p200_H2,2.7340772431335476e-05,17.847277983905645,0.0
p200_H3,9.930759189875918e-36,175.95656549995942,0.0
p200_PKB,0.0005684151879386341,11.994582429570809,0.0
p201_H2,1.5194963555528281e-18,82.05154958931269,4.529557e-05
p201_H3,0.01282542386114705,6.227277903513606,0.00013741694
p201_PKB,3.4973604583887583e-26,122.32927273670144,8.101676e-06
p202_H2,1.873759586599263e-64,361.3026971897786,0.0
p202_H3,7.099185590292886e-47,243.410946683906,0.0
p202_PKB,0.9503698815001904,0.0038770822754271546,0.0
p203_H2,0.0004987730737252235,12.242870230010958,0.00027467374
p203_H3,0.0004987730737322411,12.242870229984032,0.00027467374
p203_PKB,0.0004987730629570319,12.242870271056285,0.00027467374
p204_H2,5.715340204469525e-46,237.72601016233065,0.0
p204_H3,3.429034758718769e-93,588.6403937177579,0.0
p204_PKB,0.0001672045098355891,14.333719730432444,0.0
p205_H2,2.4322822590669643e-15,65.83879358175386,3.2896383e-05
p205_H3,2.336727768313209e-96,616.6335024021649,3.0407788e-05
p205_PKB,6.950219583518808e-51,269.01762796838295,0.0076057944
p206_H2,1.3041260251201408e-72,421.20851719311923,0.00021472947
p206_H3,1.2607281479944194e-15,67.2662344520689,0.0
p206_PKB,4.696734002853653e-42,213.57553971644478,0.00024512663
p207_H2,6.992474622953353e-10,39.18225797389497,0.0
p207_H3,0.7935896444684388,0.0685178757676727,0.0
p207_PKB,2.671825772718244e-12,50.83473127620484,0.00065474573
p208_H2,6.437256966882929e-27,126.3271629290557,0.0
p208_H3,0.015208781882750873,5.923333527599419,0.0
p208_PKB,0.017277513961633555,5.697008578640479,0.00021158172
p209_H2,0.4685952311047894,0.5259006135968407,0.0
p209_H3,0.40908561308029256,0.6823347507213097,0.0
p209_PKB,2.9964777154465747e-05,17.6681653908322,3.037326e-05
p210_H2,9.657744756612767e-56,301.03430113136676,0.03293907
p210_H3,3.3521846817638744e-17,75.20372828733213,0.0
p210_PKB,0.0004129405314655137,12.602313291090566,0.0
p211_H2,5.519998096695577e-08,30.22622861978973,0.0
p211_H3,5.852371523188662e-10,39.55078076215073,0.0
p211_PKB,5.648743547418544e-10,39.624137679452566,0.0
p212_H2,1.6022421184010541e-50,266.6707006470276,2.3437908e-05
p212_H3,0.4379004233307583,0.6025167654847777,0.0
p212_PKB,3.3139325687175866e-54,290.793250131257,0.08663157
p213_H2,2.954887856900854e-07,26.83579962899113,6.0498758e-05
p213_H3,0.6653158595877453,0.18730048619921522,0.0
p213_PKB,3.107804833522179e-09,36.104675986658116,3.7933216e-05
p214_H2,2.2655426604170717e-10,41.52034467976101,6.813815e-05
p214_H3,0.469052147663953,0.5248203467134946,0.0
p214_PKB,0.7373551132354941,0.11256077474378658,0.0
p215_H2,0.9999996962960112,1.2317416362612156e-13,0.0
p215_H3,1.0,0.0,0.0
p215_PKB,0.316389122850302,1.0053570427817042,0.0
p216_H2,1.6580738980054047e-06,23.38177035576233,1.3338123e-05
p216_H3,1.0,0.0,0.0
p216_PKB,8.36760821601093e-06,20.172457983534763,8.224455e-06
p217_H2,4.924746683407972e-07,25.809378321960562,5.9398633e-05
p217_H3,4.2074339216403185e-18,79.7894090142904,7.841765e-05
p217_PKB,2.1267255199262337e-12,51.317691888314414,0.00013263711
p218_H2,0.002228911104823995,9.425303911961027,3.835193e-05
p218_H3,3.96313144070531e-05,17.122512494464413,0.0
p218_PKB,0.042750234502940215,4.12134563056234,3.95817e-05
p219_H2,0.3391492789510967,0.9149846724043202,0.0
p219_H3,1.0,0.0,0.0
p219_PKB,0.09008873867021441,2.8813249454505425,0.0
p220_H2,2.3171388339880673e-06,22.71553961587909,2.0979021e-05
p220_H3,0.7091590146394349,0.1392398093112345,0.0
p220_PKB,1.6562948065988368e-23,107.95906163543418,0.00055910036
p221_H2,6.603635144950832e-30,142.80702297719506,0.00023178608
p221_H3,0.16574767802204865,1.925292746834392,0.0
p221_PKB,2.2855924767008763e-47,246.5154409360646,0.0
p222_H2,9.32727363530332e-58,314.645039816724,2.2230664e-05
p222_H3,1.4711261583906787e-28,135.33085916885375,0.0
p222_PKB,1.1457276510887327e-26,124.96291879330403,0.0
p223_H2,0.23948202517159373,1.386169257409022,0.0
p223_H3,0.2394820251721669,1.3861692574056168,0.0
p223_PKB,0.2394820205855359,1.3861692844952709,0.0
p224_H2,5.4987910597610805e-56,302.67609533381506,0.0009875888
p224_H3,1.9326952320037977e-107,719.6852635907328,0.0
p224_PKB,9.131048745018725e-87,533.7279584729151,0.00010195622
p225_H2,0.18759456802773966,1.7400522893947366,0.0
p225_H3,8.964073537004291e-13,53.15003524750799,0.0
p225_PKB,5.495909718181909e-05,16.485989088227374,0.00016748138
p226_H2,1.1402751546066434e-52,280.6554608491466,0.0
p226_H3,1.0,0.0,0.0
p226_PKB,1.1402749161657902e-52,280.655461445008,0.0
p227_H2,5.246176885113077e-38,189.30365008466484,1.959236e-06
p227_H3,7.350489249608664e-55,295.14173861858114,0.0
p227_PKB,1.5700881480498314e-40,204.3542620873007,0.0
p228_H2,6.7512037392032774e-49,256.23291445195105,7.8387005e-05
p228_H3,4.4573305818919186e-24,110.99723714510321,1.9152882e-05
p228_PKB,2.162972957998527e-07,27.464066477804828,1.8850358e-05
p229_H2,0.32891377188178506,0.9545968574345204,0.0
p229_H3,0.11993058271879518,2.42456907280904,0.0
p229_PKB,0.17717324656848787,1.8251174495035807,0.0
p230_H2,0.010381541888613089,6.60644755732444,0.0
p230_H3,1.0,0.0,0.0
p230_PKB,0.0399222123760969,4.238113034757579,0.0
p231_H2,0.07331423640154049,3.2175704428513745,0.0
p231_H3,0.05444200111327919,3.71243993741456,1.940024e-05
p231_PKB,0.15067406808130648,2.0702698995069344,0.0
p232_H2,8.477992837189043e-06,20.1466128816435,0.0
p232_H3,8.015897054834133e-05,15.753451801215588,0.0
p232_PKB,0.01915552753102672,5.514616770850697,0.00040179407
p233_H2,0.016414883847075196,5.787784410368613,0.0
p233_H3,0.15992835624041585,1.9794097535637214,0.0
p233_PKB,0.004799468003622163,8.008286513888262,0.0
p234_H2,0.494586009374846,0.4670583290003786,0.0
p234_H3,0.15992835624041585,1.9794097535637214,0.0
p234_PKB,0.0077753681952516685,7.128546693030381,0.0
p235_H2,0.8679786012572674,0.027653044086358786,0.0
p235_H3,0.045065846096560655,4.031643215047223,2.601302e-05
p235_PKB,0.00013908438375915692,14.688365272190332,3.545595e-05
p236_H2,0.04272264410998767,4.122445076962437,0.0
p236_H3,0.03158977606428312,4.640571023620775,0.0
p236_PKB,0.04794203826501575,3.9267711978704187,6.289998e-05
p237_H2,0.5383102105284733,0.3790806289843751,0.0
p237_H3,1.0,0.0,0.0
p237_PKB,0.0587572542614681,3.584658076475104,0.0
p238_H2,1.059378461858222e-53,287.45134462207017,1.302357e-05
p238_H3,0.0001130051365794681,15.089054080092355,0.0
p238_PKB,1.9890545409399756e-62,346.9537325929195,0.060880914
p239_H2,0.019244200172623398,5.506468868043756,0.0
p239_H3,0.2862563302870805,1.1390085194805166,0.0
p239_PKB,0.02041710758172343,5.402212704662303,6.5504566e-05
p240_H2,0.3875051598751186,0.7477560345223586,0.0
p240_H3,0.27049402565770153,1.216301298878859,0.0
p240_PKB,0.26519404712440786,1.243571658379664,0.0
p241_H2,5.074416819995084e-55,296.2148294793239,1.592527e-05
p241_H3,8.159902173250151e-52,275.0646841791194,1.592527e-05
p241_PKB,0.27053250277418994,1.216105767925174,0.0
p242_H2,4.9522714551012775e-06,21.208728519141285,1.8942439e-05
p242_H3,1.0,0.0,0.0
p242_PKB,4.952271467109536e-06,21.2087285143424,1.8942439e-05
p243_H2,0.47321006304415514,0.5150674077844284,0.0
p243_H3,0.4732100630431262,0.5150674077868015,0.0
p243_PKB,0.47321006328724946,0.515067407218246,0.0
p244_H2,0.43245247180753077,0.6169912245748296,0.0
p244_H3,1.0,0.0,0.0
p244_PKB,0.33123302976284985,0.945478072469761,0.0
p245_H2,0.7935896444703603,0.06851787576640433,0.0
p245_H3,0.0030323574923395587,8.854109939471224,0.0
p245_PKB,0.0031689266314716504,8.772629644776735,0.0
p246_H2,0.5462437619353568,0.36447004395128424,0.0
p246_H3,0.7472013514382589,0.1039856457574476,0.0
p246_PKB,0.6328342650304178,0.2284516319120103,0.0
p247_H2,0.7935896444703603,0.06851787576641355,0.0
p247_H3,1.0,0.0,0.0
p247_PKB,0.9309804902485452,0.007507305061653134,0.0
p248_H2,0.851556586835646,0.035046413211686486,0.0
p248_H3,2.4803542862332535e-09,36.56868930014525,3.869493e-05
p248_PKB,0.0008590919554883955,11.2126891294567,4.7944293e-05
p249_H2,1.0,0.0,0.0
p249_H3,1.0,0.0,0.0
p249_PKB,0.5374954298989312,0.38060356662689987,0.0
p250_H2,0.325429971048269,0.9684562257108023,0.0
p250_H3,0.22992118535613634,1.4440470813106245,0.0
p250_PKB,0.22427970270805916,1.4795802150695792,0.0
p251_H2,6.8498846404580225e-06,20.567426191561577,0.0
p251_H3,0.2826077837652848,1.156413369996689,0.0
p251_PKB,9.050237429462624e-05,15.5184163787067,0.0
p252_H2,5.7567305870322254e-08,30.14101634226998,0.00040044458
p252_H3,0.00018354227654206252,14.15441289089302,8.801942e-06
p252_PKB,0.10523588391994994,2.6316438101393103,0.0
p253_H2,0.65367850575095,0.20147911436865493,0.0
p253_H3,0.7935896444690793,0.06851787576726072,0.0
p253_PKB,0.6812187294347873,0.1689082645936906,0.0
p254_H2,7.360436540787332e-05,15.918812487261016,0.0
p254_H3,0.4732100630444356,0.5150674077836515,0.0
p254_PKB,0.0014802795492555032,10.18941162221614,0.0
p255_H2,0.15542933055459385,2.022813047106248,0.0
p255_H3,1.0,0.0,0.0
p255_PKB,0.02536233183836391,5.022014804237167,2.9577945e-05
p256_H2,0.0024455091307135418,9.25288846852333,1.1703559e-05
p256_H3,1.0,0.0,0.0
p256_PKB,0.8334032840229153,0.04427778502378418,0.0
p257_H2,0.35240626659091856,0.8660096997667721,0.0
p257_H3,1.0,0.0,0.0
p257_PKB,0.23146312296694685,1.4345176979992473,0.0
p258_H2,2.606431817814854e-25,117.6127104751565,4.277803e-06
p258_H3,1.0,0.0,0.0
p258_PKB,0.004343450581299406,8.191523958622238,0.0
p259_H2,5.0810674781184204e-74,431.91360571606015,3.1622378e-05
p259_H3,0.4403464652246015,0.5961072868644954,0.0
p259_PKB,7.286494070621567e-08,29.663146056682976,2.6599722e-05
p260_H2,8.89684833329986e-36,176.23418592564417,3.0362853e-05
p260_H3,1.840283141500172e-47,247.1102843823213,0.0
p260_PKB,1.4671473245769105e-52,279.93751373608546,2.4447694e-05
p261_H2,3.854458220439312e-44,226.35919186117633,0.0013439734
p261_H3,3.854458219025182e-44,226.3591918621601,0.0013439734
p261_PKB,3.854455792853161e-44,226.35919355007013,0.0013439734
p262_H2,0.9053062760201274,0.014162706478465311,0.0
p262_H3,1.0,0.0,0.0
p262_PKB,0.7947620704774413,0.06772392412624277,0.0
p263_H2,8.165404760754684e-27,125.76413668975422,2.9234518e-05
p263_H3,1.696971256981714e-19,86.94660863083395,0.0
p263_PKB,0.5005219648715173,0.454335109397337,0.0
p264_H2,0.013899241335799575,6.083692076093501,0.00066702976
p264_H3,0.9305393122329897,0.007603831120746976,0.0
p264_PKB,0.006225517900626848,7.532681942284854,0.0
p265_H2,1.5525766856541332e-132,985.1030639544592,0.37189427
p265_H3,0.15992835624002846,1.9794097535674304,0.0
p265_PKB,4.8903358497730465e-132,979.362556104321,0.0
p266_H2,5.672259311427204e-21,94.60583082724769,0.0005050115
p266_H3,0.010751701835845288,6.543448390231898,0.00040815308
p266_PKB,0.9014823864557069,0.015335620329843383,0.0
p267_H2,0.7935896444700401,0.06851787576659614,0.0
p267_H3,0.7935896444690793,0.06851787576726072,0.0
p267_PKB,0.7935896444849846,0.06851787575649736,0.0
p268_H2,0.7935896444697197,0.06851787576686255,0.0
p268_H3,0.7935896444680118,0.06851787576799205,0.0
p268_PKB,0.7935896387013223,0.06851787968528253,0.0
p269_H2,4.524015011030539e-06,21.387783648857162,0.0032259815
p269_H3,7.268458424287469e-37,182.58505315083167,0.0005477591
p269_PKB,3.2392897764021926e-37,184.64487082761227,0.0005477591
p270_H2,2.1244001896358814e-10,41.65411813736146,0.00013286078
p270_H3,0.17724786262960932,1.8244879423292346,0.0
p270_PKB,6.349892475034619e-28,131.8334537392547,2.3168019e-05
p271_H2,1.238959824936341e-20,92.83746154690456,2.4194334e-05
p271_H3,4.857613248275975e-09,35.187056057164746,0.00093122444
p271_PKB,3.581900766463688e-07,26.44879361270135,0.00029542623
p272_H2,5.020160304743138e-06,21.18178330508692,0.0
p272_H3,0.9439240919039754,0.004951339250943447,0.0
p272_PKB,0.3335257792799544,0.9365468273180309,0.0
p273_H2,0.2092048929105012,1.580036212201886,0.0
p273_H3,0.044720444321105224,4.044710628666809,1.26647665e-05
p273_PKB,8.072130192124429e-42,212.1460121968642,8.745624e-05
p274_H2,0.1143272694983017,2.500044869926489,0.0
p274_H3,2.112522789114692e-49,259.46173706710204,0.0
p274_PKB,0.011391187424754179,6.439693244577122,2.3511171e-05
p275_H2,3.692715774616461e-30,144.21537469344918,0.00028130997
p275_H3,0.0017835397781036507,9.840839811820388,0.0
p275_PKB,3.2079222786239454e-160,1337.9504051525655,0.00015043559
p276_H2,0.5008691144644289,0.4535989373669193,0.0
p276_H3,0.21745037059467404,1.5240587924795796,0.0
p276_PKB,1.9788174253525978e-08,32.31334701647807,0.018284624
p277_H2,2.444323594665232e-44,227.58141291252048,3.968394e-05
p277_H3,5.568038233005275e-45,231.5630317716705,6.420505e-05
p277_PKB,2.1060116077286765e-77,458.04576785675005,0.0016596039
p278_H2,0.9482767187703895,0.004211482359731404,0.0
p278_H3,0.0030708792977966214,8.830754290720234,0.0
p278_PKB,0.041789551209937166,4.160074990767556,0.00014104016
p279_H2,1.6920600099601901e-37,186.30376893695856,8.480168e-05
p279_H3,3.913230904486757e-50,264.168206702983,0.008391234
p279_PKB,2.94264328555077e-39,196.73020329227322,0.0010908121
p280_H2,7.045805735864483e-112,763.270214460023,3.6242385e-05
p280_H3,2.503254715493089e-125,904.0034692463129,0.0
p280_PKB,3.0000049910977586e-40,202.66392116094607,0.000122037854
p281_H2,1.063647295119688e-40,205.37255697186632,4.8366323e-06
p281_H3,4.4410929742971044e-15,64.53384077861912,0.0
p281_PKB,0.000639731875468053,11.770396428517472,0.0002574491
p282_H2,0.5591790949453703,0.3414781034730284,0.0
p282_H3,0.7290788999599374,0.12006197888186783,0.0
p282_PKB,0.0022647059874128217,9.395665040253801,3.2471664e-05
p283_H2,1.6566695861285372e-53,286.16874557877907,0.0
p283_H3,0.38307075676611935,0.7618508690758674,0.0
p283_PKB,7.411774912535641e-39,194.3415131545667,7.41022e-05
p284_H2,3.014344877279433e-185,1721.994511966729,1.13792885e-05
p284_H3,0.00011397939791362395,15.072473338888496,0.0
p284_PKB,2.3568314161497707e-48,252.77150982024438,6.526049e-05
p285_H2,3.386479726408247e-177,1590.9868045679475,0.19150405
p285_H3,1.1762252082416937e-25,119.4775136827498,0.0
p285_PKB,1.766144426605779e-86,531.3370135135862,0.0
p286_H2,4.3158249527070174e-172,1511.680663373838,2.057952e-05
p286_H3,4.5879655872722e-95,605.1272972005175,4.0225907e-05
p286_PKB,4.532800739579122e-103,678.0825502643333,4.9632934e-05
p287_H2,3.414103097722491e-12,50.31630382639814,2.5518279e-05
p287_H3,9.736996996841752e-07,24.44416154117784,0.0
p287_PKB,6.676630174462039e-07,25.199203768185946,2.5186242e-05
p288_H2,5.3234341213211545e-37,183.37816225152852,0.008516633
p288_H3,0.18089261748424584,1.7941065054341472,0.0
p288_PKB,0.019661758116691627,5.468616293844423,0.0
p289_H2,0.24985362977867334,1.3264814902956257,0.0
p289_H3,6.433656942712369e-38,188.78015538116057,0.0048105554
p289_PKB,3.304566659078257e-39,196.4298773355124,0.0048105554
p290_H2,4.953912818612845e-07,25.79752976868941,2.641059e-05
p290_H3,1.0,0.0,0.0
p290_PKB,2.2322210902274858e-10,41.551156289571274,2.9001274e-05
p291_H2,0.7935896444699333,0.0685178757666603,0.0
p291_H3,1.0,0.0,0.0
p291_PKB,0.7935896445103904,0.06851787573916268,0.0
p292_H2,6.266216052908457e-10,39.409280139806555,0.0020970611
p292_H3,4.910875198974966e-10,39.914202940684895,0.0014783351
p292_PKB,8.29148518438473e-10,38.82971375790497,0.0014783351
p293_H2,4.045586902969724e-09,35.56265501575151,0.0
p293_H3,1.901585330773539e-50,266.1901466983532,0.0
p293_PKB,5.9915369729107196e-18,79.00606095774577,0.0
p294_H2,2.8788466707349958e-05,17.746420850075673,0.00033008234
p294_H3,0.47321006304484103,0.515067407782758,0.0
p294_PKB,5.649127154660552e-06,20.94828387309424,0.0
p295_H2,8.670021564281415e-102,666.123190446476,0.027683789
p295_H3,9.04475006413454e-104,684.659955790915,0.027683789
p295_PKB,5.984557710149273e-100,649.1510166122575,0.027683789
p296_H2,0.7935896444702535,0.06851787576650457,0.0
p296_H3,1.0,0.0,0.0
p296_PKB,0.7935896445277903,0.06851787572736791,0.0
p297_H2,2.835151299410002e-06,22.314556369523114,2.0674574e-05
p297_H3,2.2698235309034027e-07,27.366895436106315,0.00025354966
p297_PKB,7.489464209749427e-08,29.607467353890794,0.00025354966
p298_H2,2.1189290601475492e-13,56.222084727756126,2.8705592e-05
p298_H3,3.676852723140807e-21,95.58905987221276,3.8059028e-05
p298_PKB,1.0320509003960941e-21,98.47855093745548,3.8059028e-05
p299_H2,4.4364924849442854e-38,189.73398548314077,3.985944e-05
p299_H3,5.1836535737874235e-24,110.64717253793152,0.00019528215
p299_PKB,3.7977057100946855e-80,479.70884220519247,6.104128e-05
p300_H2,5.975687623724745e-106,705.3543906894068,3.787553e-05
p300_H3,1.0,0.0,0.0
p300_PKB,9.040190640598745e-07,24.592617662909113,0.0
p301_H2,0.14325542476448463,2.147802628538081,0.0
p301_H3,0.9788075216453584,0.0007061846831849869,0.0
p301_PKB,0.17642286401932059,1.8314652298106477,0.0
p302_H2,0.7935896444700401,0.06851787576657538,0.0
p302_H3,0.7935896444707874,0.0685178757660827,0.0
p302_PKB,0.7935896444272345,0.06851787579574346,0.0
p303_H2,0.39354377410530794,0.7289285890818229,0.0
p303_H3,1.0,0.0,0.0
p303_PKB,0.25055618556705583,1.32254844781333,0.0
p304_H2,1.1152714561351898e-06,24.1729147718336,1.4615609e-05
p304_H3,0.7935896444684388,0.0685178757676727,0.0
p304_PKB,0.5491133405633467,0.35928169183685726,0.0
p305_H2,0.422928481984969,0.6429715933110678,0.0
p305_H3,1.0,0.0,0.0
p305_PKB,0.46413353509955657,0.5365388089925412,0.0
p306_H2,0.7935896444053513,0.068517875810538,0.0
p306_H3,0.7935896444714279,0.06851787576567196,0.0
p306_PKB,0.7935895942202555,0.0685179099011082,0.0
p307_H2,1.3459781653316205e-47,247.96959949757303,0.0
p307_H3,4.3030697968481136e-08,30.731967321422868,0.0
p307_PKB,4.292113855813116e-40,201.7303423267319,7.108817e-05
p308_H2,0.0013274287388114294,10.393722930403397,1.7256116e-05
p308_H3,0.11059436622331155,2.5526330387346747,0.0
p308_PKB,0.0013345266415567933,10.38371787310898,0.00034790798
p309_H2,0.1364744831599974,2.2227390684445854,0.0
p309_H3,1.0,0.0,0.0
p309_PKB,0.027926334315333867,4.854262626181358,0.00014135092
p310_H2,0.7935896444700401,0.06851787576654782,0.0
p310_H3,0.7935896444707874,0.0685178757660827,0.0
p310_PKB,0.7935896444328921,0.06851787579184851,0.0
p311_H2,0.3505254519502662,0.8728043160334855,0.0
p311_H3,5.0185954499503584e-46,238.07927589650993,0.0
p311_PKB,7.657493496368772e-38,188.33364034570616,0.0
p312_H2,0.10100481195481523,2.6972202518597395,0.0
p312_H3,0.12860804649552893,2.3150888587546987,0.0
p312_PKB,0.0650055198117056,3.4163500958606168,0.0
p313_H2,0.981934757667516,0.0005131146215122795,0.0
p313_H3,1.0,0.0,0.0
p313_PKB,0.9819347576471001,0.0005131146226945923,0.0
p314_H2,2.888595223059811e-22,101.38655030711095,6.113868e-05
p314_H3,0.025163037949117138,5.035786256330324,0.0
p314_PKB,4.3810349267224336e-16,69.56905332375885,0.0
p315_H2,8.914653845539311e-26,120.12829520022413,1.9227587e-05
p315_H3,1.3516843940626873e-87,540.6788844137592,0.0
p315_PKB,2.0509095968988815e-80,481.84389693158073,2.0241245e-05
p316_H2,0.8080675062577194,0.059057913281471065,0.0
p316_H3,0.8080675062585281,0.05905791328089137,0.0
p316_PKB,0.8080675062656903,0.05905791327638653,0.0
p317_H2,0.0464501287605385,3.9803130056177447,0.0
p317_H3,0.4732100630444356,0.5150674077836515,0.0
p317_PKB,0.00891990805486655,6.880018431088113,0.0
p318_H2,1.4745874579266912e-13,56.99680402154203,0.00012709243
p318_H3,3.2696865980908745e-06,22.03145850550342,0.0
p318_PKB,1.0868632628856311e-20,93.13360499609871,0.00015814987
p319_H2,9.192662289827036e-101,656.6324330091318,1.4592368e-05
p319_H3,1.3947020411076713e-06,23.72663373191465,0.0
p319_PKB,1.217951915089095e-53,287.05102761219274,0.0002175944
p320_H2,6.53743525266501e-07,25.241410762618433,0.0
p320_H3,0.13347812001418413,2.257195644231497,0.0
p320_PKB,3.536224526098817e-25,116.89896309936117,0.0
p321_H2,4.777072977034911e-100,650.048713936287,0.0001450009
p321_H3,1.0,0.0,0.0
p321_PKB,6.165669101660126e-51,269.35469284347766,0.00014397896
p322_H2,0.19283785414138305,1.6993082723124753,0.0
p322_H3,0.080089503917431,3.072636265048706,0.0
p322_PKB,0.048402574534550526,3.9105987417064783,2.5515197e-05
p323_H2,8.794726655120662e-58,314.818745382803,0.0
p323_H3,2.3375953255187226e-50,265.61131138919745,0.0
p323_PKB,3.761526270428251e-47,245.14942748179817,7.0059825e-05
p324_H2,3.304601517460856e-13,55.27379765887346,5.0856597e-05
p324_H3,6.094045998873752e-19,84.08742419147859,0.0
p324_PKB,6.669066249225141e-17,73.69090078183446,7.0780784e-06
p325_H2,0.13946349982051612,2.189202616532244,0.0
p325_H3,6.080193148155414e-07,25.38670683541724,3.1913405e-05
p325_PKB,0.000939090717997442,11.044698388449055,0.0
p326_H2,1.5125681782939513e-28,135.26426930789046,2.7877984e-05
p326_H3,0.00020810324286333606,13.913132465112911,0.00010663002
p326_PKB,0.7054361299033332,0.1430034638595039,0.0
p327_H2,5.7135573919625095e-90,560.7950970523311,7.2110574e-06
p327_H3,9.116018968986638e-27,125.50354364965222,0.0
p327_PKB,3.2129998223213866e-19,85.51745464433564,0.0
p328_H2,3.917110261983063e-13,54.911370304472214,6.9035756e-05
p328_H3,3.679167139760003e-78,463.9858491058459,0.0
p328_PKB,7.51443281295089e-26,120.5297367816523,0.00014299959
p329_H2,0.024598858836269815,5.075396091927866,3.2137414e-05
p329_H3,0.024954555236285873,5.050314715999217,7.7698234e-05
p329_PKB,0.0808516589110383,3.057165911660975,0.0
p330_H2,1.2899479716500298e-51,273.768548461439,0.0
p330_H3,5.987666653715454e-52,275.94177759801005,0.0
p330_PKB,0.2575068012475855,1.2843548661098345,0.0
p331_H2,4.951797711749306e-27,126.9488037321105,0.0
p331_H3,1.8427782144162221e-13,56.52036240592003,0.0
p331_PKB,2.692777314702725e-06,22.416904186830102,1.0809422e-05
p332_H2,2.0879202917299256e-55,298.7915111528491,1.9497209e-05
p332_H3,0.5080884755324756,0.4384844519285811,0.0
p332_PKB,0.6181111120334841,0.24876907711861015,0.0
p333_H2,1.0589413663079102e-47,248.62907901772562,0.00012499819
p333_H3,1.896026194278673e-31,151.44992257035997,0.0
p333_PKB,0.022097736885686385,5.263180020307871,1.7059832e-05
p334_H2,5.338644230743254e-70,401.6479244513957,2.5906977e-05
p334_H3,1.072334840547489e-24,114.30940920433704,2.6040223e-05
p334_PKB,0.5683359967782182,0.32580521863719036,0.0
p335_H2,1.02478856544279e-41,211.5168009870363,1.7585033e-05
p335_H3,0.4248792695516751,0.63757864004927,0.0
p335_PKB,0.050308105198951465,3.8453711690868224,3.2092223e-05
p336_H2,6.8686307955333705e-06,20.562029066098443,3.9726383e-05
p336_H3,4.1295474490564045e-14,59.72475603318729,3.0719588e-05
p336_PKB,1.639667036094702e-10,42.19309499703476,4.5048415e-05
p337_H2,0.22056521214251476,1.5035677444074214,0.0
p337_H3,7.356257970283922e-08,29.643834559800265,3.1998054e-05
p337_PKB,2.6509537194811736e-08,31.717387393201914,2.9472962e-05
p338_H2,4.121634963960462e-12,49.91835423538071,1.508912e-05
p338_H3,2.5070066640273073e-17,75.84373587777975,3.9633327e-05
p338_PKB,2.1319079099908142e-17,76.20104647726586,2.546556e-05
p339_H2,0.0008616687007033071,11.207035115151461,2.8277502e-05
p339_H3,0.00010274367173737696,15.273013595789143,9.520736e-06
p339_PKB,2.752974379569567e-05,17.833811409089765,0.00016437782
p340_H2,3.7425846119787553e-13,55.008494709904554,0.0
p340_H3,0.8201594199442446,0.051725084655806636,0.0
p340_PKB,1.4395363227493267e-11,47.282942052213656,9.462131e-05
p341_H2,0.5248656291307339,0.40475701453668245,0.0
p341_H3,0.034506483668835575,4.488206329572709,0.0
p341_PKB,0.05930924120605726,3.569037301467625,0.0
p342_H2,0.0001370080748268301,14.71736231957507,0.0
p342_H3,0.006383276395603294,7.487080320668967,0.0
p342_PKB,0.0002538588107817473,13.531953277931686,0.0
p343_H2,3.6551324962492885e-05,17.280272554642675,1.6158823e-05
p343_H3,0.2606867166950659,1.2673035232735903,0.0
p343_PKB,0.20589834360973597,1.603224581406699,0.0
p344_H2,2.7141018392375163e-10,41.14484919717096,6.836578e-06
p344_H3,1.7579697696687073e-10,42.04806207238784,0.0
p344_PKB,1.921181907746345e-10,41.863295368357164,0.0
p345_H2,1.986478638256174e-05,18.472581588778983,0.000110273
p345_H3,0.00010980461639961204,15.144556841090994,1.8014363e-05
p345_PKB,1.4143386650298536e-10,42.500988117975034,0.0
p346_H2,3.0655277022294606e-08,31.42156774995394,1.3931298e-05
p346_H3,6.716145921371279e-12,48.88797676635209,0.0
p346_PKB,4.4210981503058507e-13,54.653530419880724,1.3049189e-05
p347_H2,0.013382928109601558,6.15124736481801,8.092313e-06
p347_H3,3.259934513934286e-05,17.503578880197395,1.6252077e-05
p347_PKB,5.378537170775274e-06,21.045358631614516,1.6252077e-05
p348_H2,6.380450503213988e-08,29.932344469651703,0.0
p348_H3,2.0155140305872483e-07,27.6064046043787,0.0
p348_PKB,5.594691833064768e-07,25.553536042613004,0.0
p349_H2,0.3282487728946165,0.9572272798049385,0.0
p349_H3,3.168092351256349e-08,31.35459422338834,1.79349e-05
p349_PKB,1.2659242580997594e-06,23.919935122048827,3.9934125e-06
p350_H2,2.582072216770643e-19,86.00654244804699,0.0
p350_H3,2.3514170304102307e-21,96.60438558227027,0.0
p350_PKB,2.4297457537095384e-21,96.5299106724828,0.0
p351_H2,0.046844765025169474,3.9659753152639152,0.000104081424
p351_H3,5.3298415850531174e-11,44.53816445230236,0.0
p351_PKB,2.1300413938080856e-09,36.88223227917672,3.1236243e-05
p352_H2,0.014921234818604403,5.957289744880321,2.0216075e-05
p352_H3,0.004257088762431522,8.228431421335324,0.0
p352_PKB,0.005888111869794061,7.634315643276313,0.0004146614
p353_H2,3.007399747936033e-29,139.14589067429267,5.1126535e-05
p353_H3,2.9541925616240063e-12,50.62222254512958,2.2597564e-05
p353_PKB,0.0003326458881066734,13.014843104007722,0.0004146614
