feature,xgb,mean
1_H2,2.6528401576797478e-05,2.6528401576797478e-05
1_H3,8.823128041512973e-07,8.823128041512973e-07
1_NCI,2.069108440139189e-08,2.069108440139189e-08
1_PKB,5.308858817443252e-06,5.308858817443252e-06
2_H2,4.443159559741616e-05,4.443159559741616e-05
2_H3,1.1759037988667842e-05,1.1759037988667842e-05
2_NCI,5.3280527936294675e-05,5.3280527936294675e-05
2_SCT,0.0,0.0
3_H2,1.5951785826473497e-05,1.5951785826473497e-05
3_H3,1.3075642527837772e-05,1.3075642527837772e-05
3_NCI,0.00025612046010792255,0.00025612046010792255
3_SCT,9.441440852242522e-06,9.441440852242522e-06
4_H2,0.0002483174321241677,0.0002483174321241677
4_H3,0.0,0.0
4_NCI,5.506286470335908e-05,5.506286470335908e-05
4_SCT,0.0,0.0
4_PKB,5.92267133470159e-06,5.92267133470159e-06
5_H2,2.1591499717033003e-06,2.1591499717033003e-06
5_H3,4.0665108258508553e-07,4.0665108258508553e-07
5_NCI,1.2022295777569525e-05,1.2022295777569525e-05
5_SCT,0.00024854548973962665,0.00024854548973962665
6_H2,9.815318662731443e-06,9.815318662731443e-06
6_H3,1.9285267626401037e-05,1.9285267626401037e-05
6_NCI,0.0,0.0
6_SCT,0.0013748012715950608,0.0013748012715950608
6_PKB,0.0,0.0
7_H2,6.857507287350018e-06,6.857507287350018e-06
7_H3,0.0,0.0
7_NCI,7.536128396168351e-05,7.536128396168351e-05
7_SCT,3.9051807107171044e-05,3.9051807107171044e-05
8_H2,5.3539828513748944e-05,5.3539828513748944e-05
8_H3,9.987496014218777e-06,9.987496014218777e-06
8_NCI,4.671393253374845e-05,4.671393253374845e-05
8_SCT,0.0,0.0
8_PKB,6.982985360082239e-05,6.982985360082239e-05
9_H2,8.14325176179409e-05,8.14325176179409e-05
9_H3,0.0,0.0
9_NCI,2.3197628252091818e-05,2.3197628252091818e-05
9_SCT,0.0,0.0
9_PKB,4.823188282898627e-05,4.823188282898627e-05
10_H2,0.00020910824241582304,0.00020910824241582304
10_H3,0.0,0.0
10_NCI,3.7175530451349914e-05,3.7175530451349914e-05
10_SCT,0.0,0.0
10_PKB,0.0,0.0
11_H2,0.00011699864262482151,0.00011699864262482151
11_H3,0.0,0.0
11_NCI,3.403049777261913e-05,3.403049777261913e-05
11_SCT,0.0,0.0
11_PKB,0.0,0.0
12_NCI,0.0,0.0
13_H2,4.879176776739769e-05,4.879176776739769e-05
13_H3,0.0,0.0
13_NCI,2.7540602332010167e-06,2.7540602332010167e-06
13_SCT,0.0,0.0
14_H2,0.0,0.0
14_H3,0.0,0.0
14_NCI,0.0,0.0
14_SCT,0.0,0.0
14_PKB,0.0,0.0
15_H2,1.5097333744051866e-05,1.5097333744051866e-05
15_H3,6.430607868423976e-07,6.430607868423976e-07
15_NCI,3.7780704587930813e-05,3.7780704587930813e-05
15_SCT,0.0,0.0
15_PKB,4.108061330043711e-05,4.108061330043711e-05
17_H2,9.603844773664605e-06,9.603844773664605e-06
17_H3,0.0,0.0
17_NCI,0.0001525652187410742,0.0001525652187410742
17_SCT,2.1310099327820353e-05,2.1310099327820353e-05
17_PKB,4.090693255420774e-05,4.090693255420774e-05
18_H2,2.3937280275276862e-05,2.3937280275276862e-05
18_NCI,0.0,0.0
18_PKB,3.800753620453179e-05,3.800753620453179e-05
19_H2,4.916139459965052e-06,4.916139459965052e-06
19_H3,0.0,0.0
19_SCT,0.0,0.0
19_PKB,3.8373040297301486e-05,3.8373040297301486e-05
20_H2,5.265828804112971e-05,5.265828804112971e-05
20_H3,0.0,0.0
20_NCI,2.3076906074948056e-07,2.3076906074948056e-07
20_SCT,0.0,0.0
20_PKB,0.0,0.0
21_H2,0.0,0.0
22_H2,6.932233372936025e-05,6.932233372936025e-05
22_H3,0.0,0.0
22_SCT,0.0,0.0
22_PKB,0.0,0.0
24_H2,0.00014048145385459065,0.00014048145385459065
24_H3,0.0,0.0
24_NCI,0.0,0.0
24_PKB,0.0,0.0
25_H3,0.0,0.0
25_NCI,1.55483721755445e-05,1.55483721755445e-05
25_PKB,0.0,0.0
26_H2,0.0,0.0
26_H3,0.0,0.0
26_SCT,0.0,0.0
26_PKB,1.9707535102497786e-05,1.9707535102497786e-05
27_H2,2.1848874894203618e-05,2.1848874894203618e-05
29_H2,6.697298522340134e-05,6.697298522340134e-05
29_PKB,2.8352105800877325e-05,2.8352105800877325e-05
30_H3,2.352107912884094e-06,2.352107912884094e-06
31_H2,4.78201172882109e-07,4.78201172882109e-07
31_NCI,0.0005651986575685441,0.0005651986575685441
32_H2,0.0023367733228951693,0.0023367733228951693
32_NCI,0.0,0.0
32_SCT,0.0,0.0
33_H2,1.7437481858451065e-07,1.7437481858451065e-07
33_H3,0.0,0.0
33_SCT,1.911256003950257e-05,1.911256003950257e-05
33_PKB,8.641988824820146e-05,8.641988824820146e-05
34_H2,1.6048528777901083e-05,1.6048528777901083e-05
34_H3,1.3139005204720888e-05,1.3139005204720888e-05
34_NCI,5.8516961871646345e-05,5.8516961871646345e-05
34_SCT,0.0,0.0
34_PKB,0.00017439661314710975,0.00017439661314710975
35_H2,3.985387593274936e-06,3.985387593274936e-06
35_H3,0.0,0.0
35_NCI,3.465561894699931e-05,3.465561894699931e-05
35_PKB,0.0,0.0
36_H3,1.222939772560494e-06,1.222939772560494e-06
36_NCI,7.5918665061180945e-06,7.5918665061180945e-06
36_SCT,1.9498951587593183e-05,1.9498951587593183e-05
36_PKB,0.002538614673539996,0.002538614673539996
37_H3,0.0001826630177674815,0.0001826630177674815
38_H2,0.00018917671695817262,0.00018917671695817262
38_NCI,5.636215064441785e-05,5.636215064441785e-05
38_SCT,0.0,0.0
38_PKB,9.267383575206622e-06,9.267383575206622e-06
39_H2,0.0001972919999388978,0.0001972919999388978
39_NCI,2.431957545923069e-05,2.431957545923069e-05
39_SCT,0.0,0.0
39_PKB,3.104204006376676e-05,3.104204006376676e-05
40_H2,9.414264059159905e-05,9.414264059159905e-05
40_H3,0.0,0.0
40_NCI,0.00013162201503291726,0.00013162201503291726
40_PKB,0.0,0.0
41_H2,0.00012737794895656407,0.00012737794895656407
41_H3,0.0,0.0
41_NCI,1.6663491351209814e-06,1.6663491351209814e-06
41_SCT,0.0,0.0
41_PKB,0.0,0.0
42_H2,3.979545726906508e-05,3.979545726906508e-05
42_H3,2.6410105419927277e-05,2.6410105419927277e-05
42_NCI,3.0449387850239873e-05,3.0449387850239873e-05
42_SCT,0.0,0.0
42_PKB,1.5400131815113127e-05,1.5400131815113127e-05
43_H2,0.0,0.0
43_NCI,0.0,0.0
43_PKB,0.0,0.0
44_H2,4.423956124810502e-05,4.423956124810502e-05
44_PKB,0.0,0.0
45_H2,9.369424515170977e-05,9.369424515170977e-05
45_NCI,0.0,0.0
45_SCT,0.0,0.0
45_PKB,0.0,0.0
46_H2,2.7289965146337636e-05,2.7289965146337636e-05
46_H3,0.0,0.0
46_NCI,0.00015656919276807457,0.00015656919276807457
46_SCT,0.0,0.0
46_PKB,0.0002035100042121485,0.0002035100042121485
47_H2,0.0,0.0
47_NCI,0.0,0.0
47_PKB,0.0,0.0
48_H2,0.0005331021966412663,0.0005331021966412663
48_SCT,0.0,0.0
48_PKB,0.00013961651711724699,0.00013961651711724699
49_H2,7.924689271021634e-05,7.924689271021634e-05
49_H3,0.0,0.0
49_NCI,7.034141890471801e-05,7.034141890471801e-05
49_SCT,1.0216859891443164e-06,1.0216859891443164e-06
49_PKB,1.9402716134209186e-05,1.9402716134209186e-05
50_H2,1.4633877981395926e-05,1.4633877981395926e-05
50_H3,0.0,0.0
50_NCI,0.0,0.0
50_SCT,0.0,0.0
50_PKB,0.00027035464881919324,0.00027035464881919324
51_H2,0.0,0.0
51_NCI,0.0,0.0
51_SCT,0.0,0.0
51_PKB,0.0,0.0
52_H2,0.00017378706252202392,0.00017378706252202392
52_H3,0.0,0.0
52_NCI,1.6468811736558564e-05,1.6468811736558564e-05
52_SCT,0.0,0.0
52_PKB,0.0,0.0
53_H2,0.00016559252981096506,0.00016559252981096506
53_NCI,0.0,0.0
53_SCT,0.0,0.0
53_PKB,0.0,0.0
54_H2,1.88435642485274e-05,1.88435642485274e-05
54_NCI,0.0,0.0
54_SCT,0.0,0.0
54_PKB,8.771214925218374e-05,8.771214925218374e-05
56_H2,0.0009108905214816332,0.0009108905214816332
56_NCI,0.0,0.0
56_SCT,0.0,0.0
56_PKB,0.0,0.0
57_H2,2.3423846869263798e-05,2.3423846869263798e-05
57_H3,0.0,0.0
57_NCI,4.5405749915516935e-06,4.5405749915516935e-06
57_SCT,0.0,0.0
57_PKB,0.0,0.0
59_NCI,0.0,0.0
60_H2,2.1896914404351264e-05,2.1896914404351264e-05
60_H3,5.357705958886072e-05,5.357705958886072e-05
60_NCI,0.00014768466644454747,0.00014768466644454747
60_SCT,0.0,0.0
60_PKB,0.0,0.0
61_H2,0.0,0.0
61_NCI,0.0,0.0
61_SCT,0.0,0.0
61_PKB,0.0,0.0
63_H2,1.5082789104781114e-05,1.5082789104781114e-05
63_H3,0.0,0.0
63_NCI,0.0,0.0
63_SCT,0.0,0.0
63_PKB,0.0,0.0
64_H2,7.830765753169544e-06,7.830765753169544e-06
64_SCT,0.0,0.0
64_PKB,0.0,0.0
65_H2,0.0,0.0
65_H3,0.0,0.0
65_NCI,0.0,0.0
65_SCT,0.0,0.0
65_PKB,0.0,0.0
66_H3,0.0,0.0
67_H3,0.0,0.0
67_NCI,0.0,0.0
67_PKB,0.0,0.0
69_SCT,0.0,0.0
70_H2,0.0,0.0
70_H3,0.0,0.0
70_NCI,0.0,0.0
70_SCT,0.0,0.0
70_PKB,0.0,0.0
71_NCI,3.601066055125557e-06,3.601066055125557e-06
71_SCT,0.0,0.0
74_H3,0.0,0.0
74_NCI,0.0,0.0
77_H2,0.0,0.0
77_NCI,0.0,0.0
79_H2,0.0,0.0
79_NCI,0.0,0.0
79_PKB,0.0,0.0
80_H2,2.3043385226628743e-05,2.3043385226628743e-05
80_H3,0.0,0.0
80_NCI,6.951577233849093e-06,6.951577233849093e-06
80_SCT,0.0,0.0
81_H2,5.174526904738741e-06,5.174526904738741e-06
81_NCI,0.001248443964868784,0.001248443964868784
81_SCT,0.0,0.0
81_PKB,0.0,0.0
82_H2,4.479353810893372e-05,4.479353810893372e-05
82_H3,0.0,0.0
82_NCI,0.0,0.0
82_SCT,0.0,0.0
82_PKB,0.0,0.0
83_H2,7.700186688452959e-05,7.700186688452959e-05
83_H3,0.0,0.0
83_SCT,0.0004460224008653313,0.0004460224008653313
84_H2,0.0001547307037981227,0.0001547307037981227
84_NCI,0.0006296153296716511,0.0006296153296716511
84_SCT,0.0002321278880117461,0.0002321278880117461
84_PKB,0.00040542372153140604,0.00040542372153140604
85_H2,0.0,0.0
85_H3,0.0,0.0
85_NCI,0.0,0.0
85_SCT,0.0,0.0
85_PKB,0.0,0.0
86_H2,0.0019121331861242652,0.0019121331861242652
86_H3,0.00037029286613687873,0.00037029286613687873
86_NCI,0.0004902962828055024,0.0004902962828055024
86_SCT,0.00020262472389731556,0.00020262472389731556
86_PKB,0.0005529435584321618,0.0005529435584321618
87_H3,0.0,0.0
87_NCI,0.0005910109612159431,0.0005910109612159431
87_SCT,0.0,0.0
87_PKB,0.00011108726903330535,0.00011108726903330535
88_H2,0.0003080888418480754,0.0003080888418480754
88_H3,0.0,0.0
88_NCI,4.523110328591429e-05,4.523110328591429e-05
88_SCT,5.4027128499001265e-05,5.4027128499001265e-05
88_PKB,3.854138049064204e-05,3.854138049064204e-05
89_H2,9.102299372898415e-05,9.102299372898415e-05
89_NCI,2.214451160398312e-05,2.214451160398312e-05
89_SCT,0.0,0.0
89_PKB,0.0,0.0
90_H2,0.0003932718245778233,0.0003932718245778233
90_H3,0.00012676183541771024,0.00012676183541771024
90_NCI,2.5045546863111667e-05,2.5045546863111667e-05
90_SCT,0.0,0.0
90_PKB,2.7778396542998962e-05,2.7778396542998962e-05
91_H2,7.103462121449411e-05,7.103462121449411e-05
91_H3,0.0,0.0
91_NCI,3.347664460306987e-05,3.347664460306987e-05
91_SCT,0.0,0.0
91_PKB,3.291339089628309e-05,3.291339089628309e-05
92_H2,0.0,0.0
92_H3,0.0,0.0
92_NCI,0.0,0.0
92_SCT,0.0,0.0
92_PKB,0.0,0.0
93_H2,0.00022147438721731305,0.00022147438721731305
93_H3,1.2855392924393527e-05,1.2855392924393527e-05
93_NCI,0.0022165330592542887,0.0022165330592542887
93_SCT,0.0,0.0
93_PKB,0.0001276022958336398,0.0001276022958336398
94_H2,0.03373180329799652,0.03373180329799652
94_H3,0.026412617415189743,0.026412617415189743
94_NCI,0.00012454397801775485,0.00012454397801775485
94_SCT,1.3925982784712687e-05,1.3925982784712687e-05
94_PKB,0.03157207369804382,0.03157207369804382
95_H2,2.5138226192211732e-05,2.5138226192211732e-05
95_NCI,0.00010452351853018627,0.00010452351853018627
95_SCT,0.0,0.0
95_PKB,1.5748670193715952e-05,1.5748670193715952e-05
96_H3,0.001987362978979945,0.001987362978979945
96_NCI,0.003273539710789919,0.003273539710789919
96_SCT,0.0,0.0
96_PKB,9.752608457347378e-05,9.752608457347378e-05
97_H2,4.766798883792944e-05,4.766798883792944e-05
97_H3,0.0,0.0
97_NCI,6.408259650925174e-05,6.408259650925174e-05
97_SCT,0.0,0.0
97_PKB,0.000669442000798881,0.000669442000798881
98_NCI,0.0,0.0
99_H2,0.0,0.0
99_H3,0.0,0.0
99_NCI,1.87065961654298e-05,1.87065961654298e-05
99_SCT,0.0,0.0
99_PKB,5.619710464088712e-06,5.619710464088712e-06
100_H2,3.588479739846662e-05,3.588479739846662e-05
100_H3,0.0,0.0
100_NCI,0.00018646736862137914,0.00018646736862137914
100_SCT,0.0,0.0
100_PKB,8.908934978535399e-05,8.908934978535399e-05
101_H2,8.90135343070142e-05,8.90135343070142e-05
101_NCI,0.0009934564586728811,0.0009934564586728811
101_PKB,2.861979191948194e-05,2.861979191948194e-05
103_H3,0.0,0.0
103_NCI,0.0,0.0
104_H2,0.008822054602205753,0.008822054602205753
104_SCT,0.0,0.0
104_PKB,0.0,0.0
105_H2,9.280125595978461e-06,9.280125595978461e-06
105_NCI,0.0,0.0
105_SCT,0.0,0.0
105_PKB,0.0,0.0
107_H2,0.0,0.0
107_H3,0.0,0.0
107_NCI,9.915739065036178e-05,9.915739065036178e-05
107_SCT,0.0,0.0
107_PKB,0.0,0.0
108_H3,0.001489879097789526,0.001489879097789526
108_NCI,7.902357901912183e-05,7.902357901912183e-05
108_SCT,0.0,0.0
108_PKB,0.0001925315154949203,0.0001925315154949203
109_H2,0.0013274515513330698,0.0013274515513330698
109_NCI,0.00015556674043182284,0.00015556674043182284
109_SCT,0.0,0.0
109_PKB,7.202902634162456e-05,7.202902634162456e-05
110_H3,6.251556624192744e-05,6.251556624192744e-05
111_H3,1.0716481483541429e-05,1.0716481483541429e-05
111_NCI,0.000451430183602497,0.000451430183602497
111_PKB,0.0004789995728060603,0.0004789995728060603
113_H2,0.00024347919679712504,0.00024347919679712504
113_H3,0.0,0.0
113_NCI,0.0005291203851811588,0.0005291203851811588
113_SCT,0.0004887053510174155,0.0004887053510174155
113_PKB,2.5258717869292013e-05,2.5258717869292013e-05
114_H2,0.000530240242369473,0.000530240242369473
114_H3,0.0,0.0
114_SCT,0.0,0.0
114_PKB,0.0,0.0
115_H2,0.0,0.0
115_H3,0.0,0.0
115_NCI,0.0,0.0
115_SCT,0.0,0.0
115_PKB,4.945445107296109e-05,4.945445107296109e-05
116_H2,0.00016895370208658278,0.00016895370208658278
116_H3,0.0,0.0
116_NCI,6.067847789381631e-05,6.067847789381631e-05
116_PKB,0.0001298126735491678,0.0001298126735491678
117_H2,0.0002675026189535856,0.0002675026189535856
117_H3,7.341447053477168e-05,7.341447053477168e-05
117_NCI,1.901992072816938e-05,1.901992072816938e-05
117_SCT,0.0,0.0
117_PKB,1.906285251607187e-05,1.906285251607187e-05
118_H2,0.00017520645633339882,0.00017520645633339882
118_H3,0.0,0.0
118_SCT,7.892967005318496e-06,7.892967005318496e-06
118_PKB,0.0005726013914681971,0.0005726013914681971
119_H2,3.111486876150593e-05,3.111486876150593e-05
119_H3,0.0,0.0
120_H3,0.0,0.0
120_NCI,0.0,0.0
120_PKB,0.0,0.0
122_H2,0.00014908613229636103,0.00014908613229636103
122_H3,0.0,0.0
122_NCI,0.00010182599362451583,0.00010182599362451583
122_PKB,0.000478310976177454,0.000478310976177454
123_H2,0.0,0.0
123_H3,0.0,0.0
123_NCI,0.0,0.0
123_PKB,1.170944142359076e-05,1.170944142359076e-05
124_H2,2.244620736746583e-05,2.244620736746583e-05
124_H3,0.0005387342534959316,0.0005387342534959316
124_NCI,1.2812412023777142e-05,1.2812412023777142e-05
125_H3,0.0,0.0
125_PKB,0.0,0.0
129_H2,0.0,0.0
129_H3,0.0,0.0
129_NCI,9.660464456828777e-06,9.660464456828777e-06
129_SCT,0.0,0.0
129_PKB,0.0,0.0
130_H2,0.0,0.0
130_SCT,0.0,0.0
131_H2,0.0,0.0
131_NCI,0.0,0.0
132_H3,0.0,0.0
133_H3,0.0,0.0
133_NCI,0.00011573953815968707,0.00011573953815968707
133_SCT,0.0,0.0
133_PKB,4.700925273937173e-06,4.700925273937173e-06
136_H2,0.0,0.0
136_H3,0.0,0.0
136_NCI,0.0,0.0
136_PKB,0.0,0.0
137_H2,2.2457135855802335e-05,2.2457135855802335e-05
137_NCI,5.802773011964746e-05,5.802773011964746e-05
137_SCT,0.0,0.0
137_PKB,0.0,0.0
138_NCI,0.0,0.0
139_NCI,0.0,0.0
143_H2,6.739920354448259e-05,6.739920354448259e-05
143_NCI,3.898977865901543e-06,3.898977865901543e-06
143_SCT,0.0,0.0
143_PKB,0.0,0.0
144_H2,0.0,0.0
144_H3,0.0,0.0
144_SCT,0.0,0.0
145_H2,0.0,0.0
145_H3,0.0,0.0
145_SCT,0.0,0.0
145_PKB,0.0,0.0
146_H2,0.0,0.0
146_NCI,0.0,0.0
146_SCT,0.0,0.0
147_H2,0.0,0.0
147_H3,0.0,0.0
147_SCT,0.0,0.0
149_H2,5.332211003405973e-05,5.332211003405973e-05
149_H3,0.0,0.0
149_NCI,0.0,0.0
149_SCT,0.0,0.0
149_PKB,0.0,0.0
150_H2,5.0925242248922586e-05,5.0925242248922586e-05
150_H3,0.0,0.0
150_NCI,0.0,0.0
150_SCT,0.0,0.0
150_PKB,0.0,0.0
151_H2,9.755683095136192e-06,9.755683095136192e-06
151_H3,0.0,0.0
151_NCI,0.0007701238500885665,0.0007701238500885665
151_SCT,0.0,0.0
151_PKB,0.0,0.0
152_H2,0.0,0.0
152_NCI,0.0,0.0
152_SCT,0.0,0.0
152_PKB,0.0,0.0
154_H2,1.3674559340870474e-05,1.3674559340870474e-05
154_H3,0.0,0.0
154_NCI,8.138343400787562e-05,8.138343400787562e-05
154_SCT,0.0,0.0
154_PKB,1.3354341717786156e-05,1.3354341717786156e-05
155_H3,0.0,0.0
155_NCI,9.680440416559577e-05,9.680440416559577e-05
155_SCT,0.0,0.0
155_PKB,4.899981377093354e-06,4.899981377093354e-06
156_H2,0.0,0.0
156_NCI,0.0,0.0
156_SCT,0.0,0.0
156_PKB,0.0,0.0
157_H2,0.0,0.0
157_NCI,1.965850606211461e-05,1.965850606211461e-05
157_SCT,0.0,0.0
158_H2,0.0003723037661984563,0.0003723037661984563
158_H3,0.0,0.0
158_NCI,5.5911161325639114e-05,5.5911161325639114e-05
158_SCT,0.0,0.0
158_PKB,3.63393992302008e-05,3.63393992302008e-05
159_H2,2.8407237095962046e-06,2.8407237095962046e-06
159_NCI,0.00020968247554264963,0.00020968247554264963
159_SCT,0.0,0.0
159_PKB,0.0003994066792074591,0.0003994066792074591
160_H2,1.1953695320698898e-05,1.1953695320698898e-05
160_H3,0.0,0.0
160_NCI,0.0,0.0
160_SCT,0.0,0.0
162_H2,3.637350528151728e-05,3.637350528151728e-05
162_H3,0.0,0.0
162_NCI,6.761565600754693e-05,6.761565600754693e-05
162_SCT,0.0,0.0
162_PKB,0.0003680221561808139,0.0003680221561808139
163_H2,0.0,0.0
163_H3,0.0,0.0
163_SCT,1.9013130440725945e-05,1.9013130440725945e-05
163_PKB,1.782535582606215e-05,1.782535582606215e-05
164_H2,0.0002758258779067546,0.0002758258779067546
164_H3,0.0,0.0
164_NCI,2.787910125334747e-05,2.787910125334747e-05
164_SCT,0.0,0.0
164_PKB,0.0,0.0
165_H2,3.802420906140469e-05,3.802420906140469e-05
165_H3,0.0,0.0
166_H2,0.0001914826425490901,0.0001914826425490901
166_H3,0.0,0.0
166_NCI,3.524468411342241e-05,3.524468411342241e-05
166_SCT,9.86393297353061e-06,9.86393297353061e-06
167_H2,0.0,0.0
167_NCI,0.0,0.0
167_SCT,0.0,0.0
167_PKB,0.0,0.0
168_H2,6.15467115494539e-06,6.15467115494539e-06
168_H3,0.0,0.0
168_NCI,0.0,0.0
168_SCT,0.0,0.0
168_PKB,0.0,0.0
169_H2,0.00012422067811712623,0.00012422067811712623
169_H3,0.0,0.0
169_NCI,5.44060931133572e-05,5.44060931133572e-05
169_PKB,0.00030860217520967126,0.00030860217520967126
170_H2,0.0,0.0
172_H2,4.139455541007919e-06,4.139455541007919e-06
172_H3,0.0,0.0
173_H2,0.000291437900159508,0.000291437900159508
173_H3,0.0,0.0
173_NCI,2.5607623683754355e-05,2.5607623683754355e-05
173_SCT,0.0,0.0
173_PKB,0.0,0.0
178_H3,3.8035697798477486e-05,3.8035697798477486e-05
179_H2,1.3954831047158223e-05,1.3954831047158223e-05
179_NCI,0.0,0.0
179_PKB,0.018077943474054337,0.018077943474054337
181_H2,0.00016752096416894346,0.00016752096416894346
181_H3,4.8771704314276576e-05,4.8771704314276576e-05
181_NCI,0.0007844001520425081,0.0007844001520425081
181_SCT,2.3000429791864008e-05,2.3000429791864008e-05
181_PKB,0.002137149218469858,0.002137149218469858
183_H2,0.0001591966865817085,0.0001591966865817085
183_NCI,0.0,0.0
183_PKB,0.0,0.0
184_H2,0.009310447610914707,0.009310447610914707
184_H3,0.0,0.0
184_NCI,0.0,0.0
184_SCT,0.0,0.0
184_PKB,0.0,0.0
185_H2,2.8908536478411406e-05,2.8908536478411406e-05
185_H3,0.0,0.0
185_NCI,0.0,0.0
185_SCT,0.0,0.0
189_NCI,4.3633954192046076e-05,4.3633954192046076e-05
191_H2,0.0,0.0
191_PKB,0.0,0.0
194_H2,2.4862018108251505e-05,2.4862018108251505e-05
194_NCI,2.751744796114508e-05,2.751744796114508e-05
194_SCT,0.0,0.0
194_PKB,2.353687523282133e-05,2.353687523282133e-05
195_H2,5.99120676270104e-06,5.99120676270104e-06
195_H3,0.0,0.0
195_NCI,0.00018428577459417284,0.00018428577459417284
195_SCT,0.0,0.0
195_PKB,1.6543985111638904e-05,1.6543985111638904e-05
196_H2,0.0,0.0
196_H3,0.0,0.0
196_SCT,0.0,0.0
196_PKB,0.0,0.0
197_H2,0.0,0.0
197_H3,1.1204107977391686e-05,1.1204107977391686e-05
197_NCI,0.0,0.0
197_SCT,0.0,0.0
197_PKB,0.0,0.0
198_H2,9.855234566202853e-07,9.855234566202853e-07
198_H3,0.004459327552467585,0.004459327552467585
198_NCI,5.045408761361614e-05,5.045408761361614e-05
198_SCT,0.0,0.0
198_PKB,0.0,0.0
199_H2,0.0,0.0
199_H3,7.429665856761858e-05,7.429665856761858e-05
199_NCI,0.0,0.0
199_SCT,0.0,0.0
199_PKB,0.0,0.0
200_H3,0.0,0.0
200_NCI,0.0,0.0
200_SCT,0.0,0.0
201_H2,0.0,0.0
201_PKB,0.0,0.0
202_H2,6.02257605351042e-05,6.02257605351042e-05
202_H3,0.0,0.0
202_NCI,8.060304026002996e-06,8.060304026002996e-06
202_SCT,0.0,0.0
202_PKB,0.0,0.0
203_H3,2.3835208651235007e-07,2.3835208651235007e-07
204_H2,0.0,0.0
204_H3,0.0,0.0
204_PKB,0.0,0.0
205_H2,0.0003494449774734676,0.0003494449774734676
205_H3,0.0,0.0
205_NCI,0.00020765677618328482,0.00020765677618328482
205_SCT,0.0,0.0
205_PKB,0.0,0.0
206_H2,0.011872591450810432,0.011872591450810432
206_H3,0.0,0.0
207_H2,3.7767156754853204e-05,3.7767156754853204e-05
207_NCI,0.0,0.0
207_PKB,0.0,0.0
208_NCI,0.0,0.0
208_PKB,0.0,0.0
209_H2,6.22817751718685e-05,6.22817751718685e-05
209_H3,0.0,0.0
209_NCI,0.0006334003410302103,0.0006334003410302103
209_SCT,0.0,0.0
210_H2,0.00027980393497273326,0.00027980393497273326
210_NCI,0.0,0.0
210_SCT,0.0,0.0
210_PKB,8.898423402570188e-05,8.898423402570188e-05
211_H2,0.0,0.0
211_NCI,0.0,0.0
211_SCT,0.0,0.0
212_H3,0.0,0.0
212_SCT,0.0,0.0
213_H2,9.042114470503293e-06,9.042114470503293e-06
213_H3,0.0,0.0
213_NCI,3.292232577223331e-05,3.292232577223331e-05
213_PKB,6.86444400344044e-05,6.86444400344044e-05
214_H3,0.0,0.0
214_NCI,0.0,0.0
214_SCT,7.233693759189919e-05,7.233693759189919e-05
214_PKB,0.00015808324678801,0.00015808324678801
216_H2,3.9029713661875576e-05,3.9029713661875576e-05
216_SCT,0.0,0.0
217_H2,0.0002506028686184436,0.0002506028686184436
217_H3,0.00013529443822335452,0.00013529443822335452
217_NCI,7.768953946651891e-05,7.768953946651891e-05
217_SCT,0.0,0.0
217_PKB,0.0001194707365357317,0.0001194707365357317
218_H2,7.212722994154319e-05,7.212722994154319e-05
218_NCI,2.3304668502532877e-05,2.3304668502532877e-05
218_PKB,0.0,0.0
219_H2,0.0,0.0
219_NCI,3.997780731879175e-05,3.997780731879175e-05
220_H2,8.513085049344227e-05,8.513085049344227e-05
220_NCI,2.099201265082229e-05,2.099201265082229e-05
220_SCT,0.0,0.0
220_PKB,0.0,0.0
221_H2,0.0,0.0
221_NCI,0.0,0.0
221_SCT,0.0,0.0
221_PKB,0.0,0.0
222_H2,0.0,0.0
222_H3,0.0,0.0
224_H2,0.0,0.0
224_H3,0.0,0.0
224_NCI,7.796786121616606e-06,7.796786121616606e-06
225_H2,0.0,0.0
225_H3,0.0,0.0
225_NCI,0.0,0.0
225_SCT,0.0,0.0
227_H2,0.0,0.0
227_NCI,0.0,0.0
227_PKB,0.0,0.0
228_H2,3.194326927768998e-05,3.194326927768998e-05
228_H3,0.0,0.0
228_NCI,0.0,0.0
228_SCT,0.0,0.0
228_PKB,6.102090628701262e-05,6.102090628701262e-05
229_H2,0.0,0.0
229_H3,0.0,0.0
229_SCT,0.0,0.0
229_PKB,0.0,0.0
230_H2,0.0,0.0
230_NCI,0.0,0.0
231_H2,5.330890417098999e-05,5.330890417098999e-05
231_H3,0.0,0.0
231_NCI,2.9451339287334122e-05,2.9451339287334122e-05
231_PKB,0.0,0.0
232_H2,0.0,0.0
232_H3,0.0,0.0
232_NCI,0.0,0.0
233_H2,0.0,0.0
233_NCI,0.0,0.0
233_PKB,0.0,0.0
235_H3,0.0,0.0
235_NCI,0.0,0.0
235_SCT,0.0,0.0
235_PKB,0.0,0.0
236_H2,0.0,0.0
236_NCI,0.0,0.0
236_SCT,0.0,0.0
238_H2,0.0,0.0
238_H3,0.0,0.0
238_NCI,0.0,0.0
238_SCT,0.0,0.0
238_PKB,0.0,0.0
239_NCI,0.0,0.0
241_H3,0.0,0.0
241_NCI,0.0,0.0
241_PKB,0.0,0.0
242_H2,0.0,0.0
245_H3,0.0,0.0
248_H3,0.0,0.0
248_NCI,0.0,0.0
248_PKB,1.1111235835414845e-05,1.1111235835414845e-05
249_NCI,0.0,0.0
251_H2,0.0,0.0
252_H2,7.413267303491011e-05,7.413267303491011e-05
252_H3,0.0,0.0
252_NCI,0.0,0.0
252_SCT,0.0,0.0
252_PKB,0.0,0.0
254_H2,0.0,0.0
254_NCI,0.0,0.0
254_SCT,0.0,0.0
255_H2,1.2995467841392383e-05,1.2995467841392383e-05
255_NCI,2.640400816744659e-05,2.640400816744659e-05
255_PKB,0.0,0.0
256_H2,0.0,0.0
256_NCI,0.0,0.0
256_SCT,0.0,0.0
258_H2,1.3576278433902189e-05,1.3576278433902189e-05
258_NCI,0.0,0.0
258_PKB,0.0,0.0
259_H2,6.64646431687288e-05,6.64646431687288e-05
259_NCI,0.0002868032897822559,0.0002868032897822559
259_SCT,0.0,0.0
259_PKB,6.092098828958115e-06,6.092098828958115e-06
260_H2,0.0,0.0
260_H3,0.0,0.0
260_NCI,0.0,0.0
260_SCT,0.0,0.0
260_PKB,0.0,0.0
261_H3,0.00043113058200106025,0.00043113058200106025
262_SCT,0.0,0.0
263_H2,0.0001452658325433731,0.0001452658325433731
263_H3,0.0,0.0
263_NCI,1.609309038030915e-05,1.609309038030915e-05
263_SCT,0.0,0.0
263_PKB,0.0,0.0
264_H2,0.0,0.0
264_NCI,0.0,0.0
264_SCT,0.0,0.0
265_H2,0.013376366347074509,0.013376366347074509
265_NCI,0.0004574080230668187,0.0004574080230668187
265_PKB,5.704803334083408e-05,5.704803334083408e-05
266_H2,0.00024246264365501702,0.00024246264365501702
266_H3,0.0,0.0
266_NCI,3.4026685170829296e-05,3.4026685170829296e-05
266_SCT,0.0,0.0
266_PKB,0.00012761449033860117,0.00012761449033860117
269_H2,0.0012528487714007497,0.0012528487714007497
269_H3,9.57495576585643e-05,9.57495576585643e-05
269_SCT,0.0,0.0
269_PKB,0.00020297411538194865,0.00020297411538194865
270_H2,0.0,0.0
270_H3,0.0,0.0
270_NCI,0.0,0.0
270_SCT,0.0,0.0
270_PKB,0.0021878783591091633,0.0021878783591091633
271_H2,0.00022276351228356361,0.00022276351228356361
271_NCI,0.0,0.0
271_SCT,0.0,0.0
271_PKB,0.001276554656215012,0.001276554656215012
272_NCI,0.0,0.0
272_SCT,0.0,0.0
273_H2,6.232340820133686e-05,6.232340820133686e-05
273_H3,0.0,0.0
273_SCT,0.0,0.0
273_PKB,9.592476271791384e-05,9.592476271791384e-05
274_H2,0.0,0.0
274_H3,1.2726281966024544e-05,1.2726281966024544e-05
274_NCI,0.0,0.0
275_H2,0.0,0.0
275_H3,0.0,0.0
275_NCI,0.0004354478733148426,0.0004354478733148426
275_SCT,0.0,0.0
275_PKB,0.03424980863928795,0.03424980863928795
276_H2,6.730968743795529e-05,6.730968743795529e-05
276_NCI,9.957104339264333e-06,9.957104339264333e-06
276_SCT,0.0,0.0
276_PKB,9.113894520851318e-06,9.113894520851318e-06
277_H2,6.688965186185669e-06,6.688965186185669e-06
277_H3,0.0,0.0
277_NCI,0.0,0.0
277_SCT,0.0,0.0
277_PKB,0.0,0.0
278_H2,2.8092328648199327e-05,2.8092328648199327e-05
278_NCI,0.0,0.0
278_PKB,0.0,0.0
279_H2,0.0,0.0
279_H3,0.0,0.0
279_NCI,0.0,0.0
279_SCT,0.0,0.0
279_PKB,0.0,0.0
280_H2,0.0,0.0
280_SCT,3.5986460716230795e-05,3.5986460716230795e-05
280_PKB,0.0,0.0
281_H2,0.0,0.0
281_H3,0.0,0.0
281_NCI,0.0,0.0
281_SCT,0.0,0.0
282_H2,0.0004996075294911861,0.0004996075294911861
282_H3,0.0,0.0
282_NCI,8.489008178003132e-05,8.489008178003132e-05
282_SCT,0.0003103881608694792,0.0003103881608694792
282_PKB,6.363228021655232e-05,6.363228021655232e-05
283_H2,0.0,0.0
283_NCI,0.0,0.0
283_SCT,0.0,0.0
283_PKB,0.0,0.0
284_H2,0.0,0.0
284_H3,0.0,0.0
284_SCT,0.0,0.0
284_PKB,0.0,0.0
285_H2,0.038809921592473984,0.038809921592473984
285_H3,0.0,0.0
285_NCI,0.0,0.0
285_SCT,0.0,0.0
286_H2,1.0,1.0
286_H3,0.0,0.0
286_NCI,1.9570121366996318e-05,1.9570121366996318e-05
286_PKB,0.0,0.0
287_H2,0.00043697436922229826,0.00043697436922229826
287_H3,0.0,0.0
287_NCI,0.0,0.0
287_SCT,0.0,0.0
287_PKB,4.617335071088746e-05,4.617335071088746e-05
288_H2,0.0,0.0
288_NCI,0.0,0.0
288_PKB,0.0,0.0
289_H3,0.0002876102225854993,0.0002876102225854993
289_NCI,0.0,0.0
289_SCT,0.0,0.0
290_H2,1.9079994672210887e-05,1.9079994672210887e-05
290_NCI,0.0,0.0
290_PKB,0.0,0.0
293_H3,1.270060511160409e-05,1.270060511160409e-05
293_PKB,8.872709258866962e-06,8.872709258866962e-06
294_NCI,0.0,0.0
294_SCT,0.0,0.0
295_H3,0.0,0.0
295_NCI,0.0,0.0
295_SCT,0.0,0.0
297_H2,0.00021332236065063626,0.00021332236065063626
297_SCT,0.0,0.0
297_PKB,0.0,0.0
298_H2,0.0,0.0
298_H3,0.0,0.0
298_NCI,0.0,0.0
298_SCT,0.0,0.0
299_H2,5.595185575657524e-05,5.595185575657524e-05
299_H3,0.0,0.0
299_NCI,0.00012324559793341905,0.00012324559793341905
299_SCT,0.0,0.0
299_PKB,0.0,0.0
300_H2,0.0,0.0
300_NCI,3.3678024919936433e-05,3.3678024919936433e-05
300_PKB,0.0,0.0
303_H2,0.0,0.0
303_SCT,0.0,0.0
304_H2,1.1901205652975477e-05,1.1901205652975477e-05
304_NCI,3.661107621155679e-05,3.661107621155679e-05
307_H2,3.40079132001847e-05,3.40079132001847e-05
307_H3,0.0,0.0
307_NCI,0.0,0.0
307_SCT,0.0,0.0
307_PKB,0.0,0.0
308_H2,0.0,0.0
308_NCI,0.000546773720998317,0.000546773720998317
308_SCT,0.0,0.0
308_PKB,0.0,0.0
309_H2,0.0,0.0
309_NCI,0.0,0.0
311_H3,0.0,0.0
311_NCI,0.0,0.0
311_PKB,0.0,0.0
314_H2,0.0,0.0
314_NCI,0.0,0.0
314_SCT,0.0,0.0
314_PKB,0.0,0.0
315_H2,0.0,0.0
315_H3,0.0,0.0
315_NCI,0.0,0.0
315_SCT,0.0,0.0
315_PKB,0.0,0.0
317_H2,0.04338611289858818,0.04338611289858818
317_NCI,0.0,0.0
317_PKB,0.0,0.0
318_H2,5.7951005146605894e-05,5.7951005146605894e-05
318_H3,0.0,0.0
318_NCI,0.0006655498873442411,0.0006655498873442411
318_SCT,0.0,0.0
318_PKB,0.0,0.0
319_H2,3.315888898214325e-05,3.315888898214325e-05
319_NCI,0.15155981481075287,0.15155981481075287
319_SCT,0.0,0.0
319_PKB,0.0,0.0
320_H2,0.0,0.0
320_H3,0.0,0.0
320_NCI,0.0,0.0
320_PKB,0.0,0.0
321_H2,0.0,0.0
321_NCI,0.0,0.0
321_PKB,0.0,0.0
322_H2,0.0,0.0
322_NCI,0.0,0.0
322_SCT,0.0,0.0
323_H2,0.0,0.0
323_H3,0.0,0.0
323_NCI,0.0,0.0
323_SCT,0.0,0.0
323_PKB,0.0,0.0
324_H2,0.0,0.0
324_H3,8.368460839847103e-06,8.368460839847103e-06
324_NCI,0.0,0.0
324_SCT,0.0,0.0
325_H2,0.0,0.0
325_H3,9.786341252038255e-06,9.786341252038255e-06
325_NCI,0.0,0.0
325_SCT,0.0,0.0
325_PKB,8.451591384073254e-06,8.451591384073254e-06
326_H2,0.0,0.0
326_H3,0.0,0.0
326_NCI,9.194211997964885e-06,9.194211997964885e-06
326_PKB,0.0,0.0
327_H2,4.498670023167506e-06,4.498670023167506e-06
327_H3,0.0,0.0
327_NCI,0.0,0.0
327_SCT,0.0,0.0
328_H2,3.4054930438287556e-05,3.4054930438287556e-05
328_H3,0.0,0.0
328_NCI,0.0,0.0
328_SCT,0.0,0.0
328_PKB,0.00010476549505256116,0.00010476549505256116
329_H3,0.0,0.0
329_NCI,0.0,0.0
329_PKB,1.2958333172718994e-05,1.2958333172718994e-05
330_H2,0.0,0.0
330_H3,0.0,0.0
330_NCI,0.0,0.0
330_SCT,0.0,0.0
330_PKB,0.0,0.0
331_H3,0.0,0.0
331_SCT,0.0,0.0
331_PKB,0.0,0.0
332_H2,0.00016878671885933727,0.00016878671885933727
332_H3,0.0,0.0
332_NCI,9.490090633335058e-06,9.490090633335058e-06
332_SCT,0.0,0.0
332_PKB,8.790389256319031e-05,8.790389256319031e-05
333_H2,0.0017059392994269729,0.0017059392994269729
333_H3,3.0332683309097774e-05,3.0332683309097774e-05
333_NCI,5.126836913404986e-05,5.126836913404986e-05
333_PKB,0.0,0.0
334_H2,0.0,0.0
334_H3,0.0,0.0
334_NCI,0.0,0.0
335_H2,0.0,0.0
335_H3,0.0,0.0
335_NCI,0.0,0.0
335_SCT,0.0,0.0
335_PKB,0.0004684886953327805,0.0004684886953327805
336_H2,1.540995617688168e-05,1.540995617688168e-05
336_H3,5.499987310031429e-05,5.499987310031429e-05
336_NCI,2.824066541506909e-05,2.824066541506909e-05
336_SCT,0.0,0.0
337_H3,0.0034218369983136654,0.0034218369983136654
337_NCI,0.0022308197803795338,0.0022308197803795338
337_SCT,0.0,0.0
337_PKB,3.642679803306237e-05,3.642679803306237e-05
338_H2,7.492002623621374e-06,7.492002623621374e-06
338_H3,0.0,0.0
338_NCI,0.0,0.0
338_SCT,0.0,0.0
339_H3,7.527662819484249e-05,7.527662819484249e-05
339_SCT,0.0,0.0
340_H2,0.0,0.0
340_SCT,0.0,0.0
341_SCT,0.00011730484402505681,0.00011730484402505681
342_H2,6.838869012426585e-05,6.838869012426585e-05
342_H3,0.0001019035917124711,0.0001019035917124711
342_SCT,0.0,0.0
342_PKB,0.0,0.0
343_H3,0.0,0.0
344_H3,0.0,0.0
344_SCT,0.0,0.0
344_PKB,0.0,0.0
345_H2,0.0,0.0
345_NCI,0.0,0.0
345_SCT,0.0,0.0
346_H2,0.0,0.0
346_H3,0.0,0.0
347_H2,2.408415821264498e-05,2.408415821264498e-05
347_NCI,4.7799880121601745e-05,4.7799880121601745e-05
347_SCT,0.0,0.0
349_H2,0.0,0.0
349_NCI,0.0,0.0
349_SCT,0.0,0.0
351_H2,6.915318226674572e-05,6.915318226674572e-05
351_NCI,4.508757228904869e-06,4.508757228904869e-06
351_SCT,0.0,0.0
351_PKB,1.0049771844933275e-05,1.0049771844933275e-05
352_H2,0.0,0.0
352_H3,0.0,0.0
352_NCI,0.0,0.0
352_SCT,0.0,0.0
353_H2,0.0,0.0
353_H3,0.0009564645006321371,0.0009564645006321371
353_NCI,0.0,0.0
353_SCT,3.8214679079828784e-05,3.8214679079828784e-05
12_H2,0.0,0.0
12_H3,0.0,0.0
12_SCT,0.0,0.0
12_PKB,0.0,0.0
322_H3,0.0,0.0
322_PKB,0.0,0.0
13_PKB,0.0,0.0
26_NCI,0.0,0.0
33_NCI,0.0,0.0
58_H2,0.0,0.0
58_H3,0.0,0.0
58_NCI,0.0,0.0
58_SCT,0.0,0.0
58_PKB,0.0,0.0
204_NCI,0.0,0.0
40_SCT,0.0,0.0
66_NCI,0.0,0.0
66_PKB,0.0,0.0
69_H2,0.0,0.0
69_PKB,0.0,0.0
71_H2,3.601066055125557e-06,3.601066055125557e-06
71_PKB,3.601066055125557e-06,3.601066055125557e-06
77_PKB,0.0,0.0
80_PKB,0.0,0.0
83_NCI,0.0,0.0
110_H2,6.251556624192744e-05,6.251556624192744e-05
110_NCI,6.251556624192744e-05,6.251556624192744e-05
110_SCT,6.251556624192744e-05,6.251556624192744e-05
110_PKB,6.251556624192744e-05,6.251556624192744e-05
114_NCI,0.0,0.0
122_SCT,0.00014908613229636103,0.00014908613229636103
19_NCI,0.0,0.0
230_PKB,0.0,0.0
123_SCT,0.0,0.0
124_PKB,0.0005387342534959316,0.0005387342534959316
125_H2,0.0,0.0
172_SCT,0.0,0.0
172_PKB,0.0,0.0
280_H3,0.0,0.0
280_NCI,0.0,0.0
125_NCI,0.0,0.0
125_SCT,0.0,0.0
204_SCT,0.0,0.0
130_PKB,0.0,0.0
132_H2,0.0,0.0
132_NCI,0.0,0.0
132_SCT,0.0,0.0
132_PKB,0.0,0.0
139_H2,0.0,0.0
139_PKB,0.0,0.0
144_PKB,0.0,0.0
144_NCI,4.3633954192046076e-05,4.3633954192046076e-05
189_H2,4.3633954192046076e-05,4.3633954192046076e-05
189_SCT,4.3633954192046076e-05,4.3633954192046076e-05
189_PKB,4.3633954192046076e-05,4.3633954192046076e-05
146_PKB,0.0,0.0
21_H3,0.0,0.0
21_NCI,0.0,0.0
21_SCT,0.0,0.0
21_PKB,0.0,0.0
43_H3,0.0,0.0
157_PKB,0.0,0.0
278_H3,0.0,0.0
178_H2,3.8035697798477486e-05,3.8035697798477486e-05
178_NCI,3.8035697798477486e-05,3.8035697798477486e-05
178_PKB,3.8035697798477486e-05,3.8035697798477486e-05
208_H2,0.0,0.0
208_SCT,0.0,0.0
210_H3,0.0,0.0
185_PKB,0.0,0.0
196_NCI,0.0,0.0
201_SCT,0.0,0.0
203_H2,2.3835208651235007e-07,2.3835208651235007e-07
203_NCI,2.3835208651235007e-07,2.3835208651235007e-07
203_PKB,2.3835208651235007e-07,2.3835208651235007e-07
211_H3,0.0,0.0
211_PKB,0.0,0.0
222_NCI,0.0,0.0
222_SCT,0.0,0.0
222_PKB,0.0,0.0
22_NCI,0.0,0.0
224_PKB,0.0,0.0
232_SCT,0.0,0.0
235_H2,0.0,0.0
236_H3,0.0,0.0
236_PKB,0.0,0.0
241_H2,0.0,0.0
241_SCT,0.0,0.0
242_NCI,0.0,0.0
242_PKB,0.0,0.0
245_NCI,0.0,0.0
245_PKB,0.0,0.0
249_PKB,0.0,0.0
251_NCI,0.0,0.0
251_PKB,0.0,0.0
254_PKB,0.0,0.0
25_H2,0.0,0.0
25_SCT,0.0,0.0
71_H3,0.0,0.0
261_H2,0.00043113058200106025,0.00043113058200106025
261_NCI,0.00043113058200106025,0.00043113058200106025
261_PKB,0.00043113058200106025,0.00043113058200106025
262_H2,0.0,0.0
262_NCI,0.0,0.0
262_PKB,0.0,0.0
264_PKB,0.0,0.0
274_PKB,0.0,0.0
278_SCT,0.0,0.0
284_NCI,0.0,0.0
285_PKB,0.0,0.0
286_SCT,1.0,1.0
289_PKB,0.0002876102225854993,0.0002876102225854993
294_H2,0.0,0.0
294_PKB,0.0,0.0
28_H2,0.0,0.0
28_NCI,0.0,0.0
28_PKB,0.0,0.0
51_H3,0.0,0.0
54_H3,0.0,0.0
74_H2,0.0,0.0
74_PKB,0.0,0.0
152_H3,0.0,0.0
167_H3,0.0,0.0
179_H3,0.0,0.0
179_SCT,0.0,0.0
191_H3,0.0,0.0
191_SCT,0.0,0.0
192_H2,0.0,0.0
192_H3,0.0,0.0
192_NCI,0.0,0.0
192_PKB,0.0,0.0
193_H2,0.0,0.0
193_NCI,0.0,0.0
193_PKB,0.0,0.0
201_NCI,0.0,0.0
206_SCT,0.0,0.0
206_PKB,0.0,0.0
212_H2,0.0,0.0
212_NCI,0.0,0.0
212_PKB,0.0,0.0
226_H2,0.0,0.0
226_NCI,0.0,0.0
226_PKB,0.0,0.0
227_H3,0.0,0.0
227_SCT,0.0,0.0
321_SCT,0.0,0.0
295_H2,0.0,0.0
295_PKB,0.0,0.0
298_PKB,0.0,0.0
303_NCI,0.0,0.0
303_PKB,0.0,0.0
309_PKB,0.0,0.0
320_SCT,0.0,0.0
324_PKB,0.0,0.0
329_H2,0.0,0.0
329_SCT,0.0,0.0
331_H2,0.0,0.0
334_SCT,0.0,0.0
334_PKB,0.0,0.0
30_H2,2.352107912884094e-06,2.352107912884094e-06
30_NCI,2.352107912884094e-06,2.352107912884094e-06
30_SCT,2.352107912884094e-06,2.352107912884094e-06
30_PKB,2.352107912884094e-06,2.352107912884094e-06
338_PKB,0.0,0.0
339_PKB,0.0,0.0
340_H3,0.0,0.0
340_NCI,0.0,0.0
340_PKB,0.0,0.0
341_H3,0.0,0.0
341_PKB,0.0,0.0
343_H2,0.0,0.0
343_NCI,0.0,0.0
343_SCT,0.0,0.0
343_PKB,0.0,0.0
344_NCI,0.0,0.0
345_H3,0.0,0.0
345_PKB,0.0,0.0
346_NCI,0.0,0.0
346_SCT,0.0,0.0
346_PKB,0.0,0.0
347_H3,0.0,0.0
347_PKB,0.0,0.0
352_PKB,0.0,0.0
31_PKB,4.78201172882109e-07,4.78201172882109e-07
37_H2,0.0001826630177674815,0.0001826630177674815
37_NCI,0.0001826630177674815,0.0001826630177674815
37_PKB,0.0001826630177674815,0.0001826630177674815
