,feature,xgb,mean,true_position,TMD,amino_acid
0,1_H2,2.652840157679748e-05,2.652840157679748e-05,1,CT/EC,M
1,1_H3,8.823128041512973e-07,8.823128041512973e-07,1,CT/EC,M
2,1_NCI,2.069108440139189e-08,2.069108440139189e-08,1,CT/EC,M
3,1_PKB,5.308858817443252e-06,5.308858817443252e-06,1,CT/EC,M
4,2_H2,4.443159559741616e-05,4.443159559741616e-05,2,CT/EC,N
5,2_H3,1.1759037988667842e-05,1.1759037988667842e-05,2,CT/EC,N
6,2_NCI,5.328052793629468e-05,5.328052793629468e-05,2,CT/EC,N
7,2_SCT,0.0,0.0,2,CT/EC,N
8,3_H3,1.3075642527837772e-05,1.3075642527837772e-05,3,N-Termina,G
9,3_H2,1.5951785826473497e-05,1.5951785826473497e-05,3,N-Termina,G
10,3_NCI,0.0002561204601079,0.0002561204601079,3,N-Termina,G
11,3_SCT,9.441440852242522e-06,9.441440852242522e-06,3,N-Termina,G
12,4_H3,0.0,0.0,4,N-Termina,T
13,4_NCI,5.506286470335908e-05,5.506286470335908e-05,4,N-Termina,T
14,4_H2,0.0002483174321241,0.0002483174321241,4,N-Termina,T
15,4_PKB,5.92267133470159e-06,5.92267133470159e-06,4,N-Termina,T
16,4_SCT,0.0,0.0,4,N-Termina,T
17,5_H3,4.0665108258508553e-07,4.0665108258508553e-07,5,N-Termina,E
18,5_H2,2.1591499717033003e-06,2.1591499717033003e-06,5,N-Termina,E
19,5_NCI,1.2022295777569523e-05,1.2022295777569523e-05,5,N-Termina,E
20,5_SCT,0.0002485454897396,0.0002485454897396,5,N-Termina,E
21,6_H3,1.928526762640104e-05,1.928526762640104e-05,6,N-Termina,G
22,6_H2,9.815318662731444e-06,9.815318662731444e-06,6,N-Termina,G
23,6_NCI,0.0,0.0,6,N-Termina,G
24,6_SCT,0.001374801271595,0.001374801271595,6,N-Termina,G
25,6_PKB,0.0,0.0,6,N-Termina,G
26,7_SCT,3.905180710717104e-05,3.905180710717104e-05,7,N-Termina,P
27,7_H3,0.0,0.0,7,N-Termina,P
28,7_H2,6.857507287350018e-06,6.857507287350018e-06,7,N-Termina,P
29,7_NCI,7.536128396168351e-05,7.536128396168351e-05,7,N-Termina,P
30,8_PKB,6.982985360082239e-05,6.982985360082239e-05,8,N-Termina,N
31,8_H3,9.987496014218776e-06,9.987496014218776e-06,8,N-Termina,N
32,8_SCT,0.0,0.0,8,N-Termina,N
33,8_NCI,4.671393253374845e-05,4.671393253374845e-05,8,N-Termina,N
34,8_H2,5.3539828513748944e-05,5.3539828513748944e-05,8,N-Termina,N
35,9_NCI,2.3197628252091818e-05,2.3197628252091818e-05,9,N-Termina,F
36,9_H2,8.14325176179409e-05,8.14325176179409e-05,9,N-Termina,F
37,9_PKB,4.823188282898627e-05,4.823188282898627e-05,9,N-Termina,F
38,9_SCT,0.0,0.0,9,N-Termina,F
39,9_H3,0.0,0.0,9,N-Termina,F
40,10_PKB,0.0,0.0,10,N-Termina,Y
41,10_SCT,0.0,0.0,10,N-Termina,Y
42,10_NCI,3.717553045134992e-05,3.717553045134992e-05,10,N-Termina,Y
43,10_H3,0.0,0.0,10,N-Termina,Y
44,10_H2,0.0002091082424158,0.0002091082424158,10,N-Termina,Y
45,11_NCI,3.403049777261913e-05,3.403049777261913e-05,11,N-Termina,V
46,11_H3,0.0,0.0,11,N-Termina,V
47,11_H2,0.0001169986426248,0.0001169986426248,11,N-Termina,V
48,11_SCT,0.0,0.0,11,N-Termina,V
49,11_PKB,0.0,0.0,11,N-Termina,V
50,12_PKB,0.0,0.0,12,N-Termina,P
51,12_H3,0.0,0.0,12,N-Termina,P
52,12_H2,0.0,0.0,12,N-Termina,P
53,12_SCT,0.0,0.0,12,N-Termina,P
54,12_NCI,0.0,0.0,12,N-Termina,P
55,13_NCI,2.7540602332010167e-06,2.7540602332010167e-06,13,N-Termina,F
56,13_H2,4.879176776739769e-05,4.879176776739769e-05,13,N-Termina,F
57,13_H3,0.0,0.0,13,N-Termina,F
58,13_SCT,0.0,0.0,13,N-Termina,F
59,13_PKB,0.0,0.0,13,N-Termina,F
60,14_H3,0.0,0.0,NA,NA,-
61,14_NCI,0.0,0.0,NA,NA,-
62,14_SCT,0.0,0.0,NA,NA,-
63,14_PKB,0.0,0.0,NA,NA,-
64,14_H2,0.0,0.0,NA,NA,-
65,15_NCI,3.778070458793081e-05,3.778070458793081e-05,14,N-Termina,S
66,15_PKB,4.108061330043711e-05,4.108061330043711e-05,14,N-Termina,S
67,15_H3,6.430607868423976e-07,6.430607868423976e-07,14,N-Termina,S
68,15_SCT,0.0,0.0,14,N-Termina,S
69,15_H2,1.5097333744051866e-05,1.5097333744051866e-05,14,N-Termina,S
70,17_PKB,4.090693255420774e-05,4.090693255420774e-05,16,N-Termina,K
71,17_NCI,0.000152565218741,0.000152565218741,16,N-Termina,K
72,17_H2,9.603844773664603e-06,9.603844773664603e-06,16,N-Termina,K
73,17_H3,0.0,0.0,16,N-Termina,K
74,17_SCT,2.1310099327820357e-05,2.1310099327820357e-05,16,N-Termina,K
75,18_PKB,3.800753620453179e-05,3.800753620453179e-05,17,N-Termina,T
76,18_NCI,0.0,0.0,17,N-Termina,T
77,18_H2,2.3937280275276865e-05,2.3937280275276865e-05,17,N-Termina,T
78,19_PKB,3.8373040297301486e-05,3.8373040297301486e-05,18,N-Termina,G
79,19_NCI,0.0,0.0,18,N-Termina,G
80,19_H2,4.916139459965052e-06,4.916139459965052e-06,18,N-Termina,G
81,19_H3,0.0,0.0,18,N-Termina,G
82,19_SCT,0.0,0.0,18,N-Termina,G
83,20_NCI,2.3076906074948059e-07,2.3076906074948059e-07,19,N-Termina,V
84,20_PKB,0.0,0.0,19,N-Termina,V
85,20_SCT,0.0,0.0,19,N-Termina,V
86,20_H2,5.265828804112971e-05,5.265828804112971e-05,19,N-Termina,V
87,20_H3,0.0,0.0,19,N-Termina,V
88,21_SCT,0.0,0.0,20,N-Termina,R
89,21_H2,0.0,0.0,20,N-Termina,R
90,21_H3,0.0,0.0,20,N-Termina,R
91,21_NCI,0.0,0.0,20,N-Termina,R
92,21_PKB,0.0,0.0,20,N-Termina,R
93,22_PKB,0.0,0.0,21,N-Termina,S
94,22_NCI,0.0,0.0,21,N-Termina,S
95,22_H2,6.932233372936025e-05,6.932233372936025e-05,21,N-Termina,S
96,22_SCT,0.0,0.0,21,N-Termina,S
97,22_H3,0.0,0.0,21,N-Termina,S
98,24_H2,0.0001404814538545,0.0001404814538545,23,N-Termina,F
99,24_PKB,0.0,0.0,23,N-Termina,F
100,24_NCI,0.0,0.0,23,N-Termina,F
101,24_H3,0.0,0.0,23,N-Termina,F
102,25_H3,0.0,0.0,24,N-Termina,E
103,25_H2,0.0,0.0,24,N-Termina,E
104,25_NCI,1.55483721755445e-05,1.55483721755445e-05,24,N-Termina,E
105,25_PKB,0.0,0.0,24,N-Termina,E
106,25_SCT,0.0,0.0,24,N-Termina,E
107,26_H3,0.0,0.0,25,N-Termina,A
108,26_PKB,1.9707535102497783e-05,1.9707535102497783e-05,25,N-Termina,A
109,26_NCI,0.0,0.0,25,N-Termina,A
110,26_H2,0.0,0.0,25,N-Termina,A
111,26_SCT,0.0,0.0,25,N-Termina,A
112,27_H2,2.1848874894203615e-05,2.1848874894203615e-05,26,N-Termina,P
113,28_PKB,0.0,0.0,27,N-Termina,Q
114,28_NCI,0.0,0.0,27,N-Termina,Q
115,28_H2,0.0,0.0,27,N-Termina,Q
116,29_H2,6.697298522340134e-05,6.697298522340134e-05,28,N-Termina,Y
117,29_PKB,2.8352105800877325e-05,2.8352105800877325e-05,28,N-Termina,Y
118,30_H2,2.352107912884094e-06,2.352107912884094e-06,29,N-Termina,Y
119,30_SCT,2.352107912884094e-06,2.352107912884094e-06,29,N-Termina,Y
120,30_PKB,2.352107912884094e-06,2.352107912884094e-06,29,N-Termina,Y
121,30_NCI,2.352107912884094e-06,2.352107912884094e-06,29,N-Termina,Y
122,30_H3,2.352107912884094e-06,2.352107912884094e-06,29,N-Termina,Y
123,31_H2,4.78201172882109e-07,4.78201172882109e-07,30,N-Termina,L
124,31_NCI,0.0005651986575685,0.0005651986575685,30,N-Termina,L
125,31_PKB,4.78201172882109e-07,4.78201172882109e-07,30,N-Termina,L
126,32_NCI,0.0,0.0,31,N-Termina,A
127,32_H2,0.0023367733228951,0.0023367733228951,31,N-Termina,A
128,32_SCT,0.0,0.0,31,N-Termina,A
129,33_H2,1.7437481858451065e-07,1.7437481858451065e-07,32,N-Termina,E
130,33_SCT,1.911256003950257e-05,1.911256003950257e-05,32,N-Termina,E
131,33_PKB,8.641988824820146e-05,8.641988824820146e-05,32,N-Termina,E
132,33_H3,0.0,0.0,32,N-Termina,E
133,33_NCI,0.0,0.0,32,N-Termina,E
134,34_PKB,0.0001743966131471,0.0001743966131471,33,N-Termina,P
135,34_H2,1.6048528777901083e-05,1.6048528777901083e-05,33,N-Termina,P
136,34_H3,1.3139005204720888e-05,1.3139005204720888e-05,33,N-Termina,P
137,34_NCI,5.8516961871646345e-05,5.8516961871646345e-05,33,N-Termina,P
138,34_SCT,0.0,0.0,33,N-Termina,P
139,35_H2,3.985387593274936e-06,3.985387593274936e-06,34,N-Termina,W
140,35_PKB,0.0,0.0,34,N-Termina,W
141,35_NCI,3.465561894699931e-05,3.465561894699931e-05,34,N-Termina,W
142,35_H3,0.0,0.0,34,N-Termina,W
143,36_H3,1.222939772560494e-06,1.222939772560494e-06,35,N-Termina,Q
144,36_PKB,0.0025386146735399,0.0025386146735399,35,N-Termina,Q
145,36_SCT,1.9498951587593183e-05,1.9498951587593183e-05,35,N-Termina,Q
146,36_NCI,7.5918665061180945e-06,7.5918665061180945e-06,35,N-Termina,Q
147,37_PKB,0.0001826630177674,0.0001826630177674,36,N-Termina,F
148,37_NCI,0.0001826630177674,0.0001826630177674,36,N-Termina,F
149,37_H2,0.0001826630177674,0.0001826630177674,36,N-Termina,F
150,37_H3,0.0001826630177674,0.0001826630177674,36,N-Termina,F
151,38_PKB,9.267383575206622e-06,9.267383575206622e-06,37,1,S
152,38_SCT,0.0,0.0,37,1,S
153,38_NCI,5.636215064441785e-05,5.636215064441785e-05,37,1,S
154,38_H2,0.0001891767169581,0.0001891767169581,37,1,S
155,39_H2,0.0001972919999388,0.0001972919999388,38,1,M
156,39_PKB,3.104204006376676e-05,3.104204006376676e-05,38,1,M
157,39_SCT,0.0,0.0,38,1,M
158,39_NCI,2.431957545923069e-05,2.431957545923069e-05,38,1,M
159,40_H3,0.0,0.0,39,1,L
160,40_NCI,0.0001316220150329,0.0001316220150329,39,1,L
161,40_SCT,0.0,0.0,39,1,L
162,40_PKB,0.0,0.0,39,1,L
163,40_H2,9.414264059159903e-05,9.414264059159903e-05,39,1,L
164,41_NCI,1.6663491351209814e-06,1.6663491351209814e-06,40,1,A
165,41_SCT,0.0,0.0,40,1,A
166,41_H3,0.0,0.0,40,1,A
167,41_PKB,0.0,0.0,40,1,A
168,41_H2,0.0001273779489565,0.0001273779489565,40,1,A
169,42_NCI,3.0449387850239876e-05,3.0449387850239876e-05,41,1,A
170,42_H3,2.641010541992728e-05,2.641010541992728e-05,41,1,A
171,42_H2,3.979545726906508e-05,3.979545726906508e-05,41,1,A
172,42_SCT,0.0,0.0,41,1,A
173,42_PKB,1.5400131815113127e-05,1.5400131815113127e-05,41,1,A
174,43_H3,0.0,0.0,42,1,Y
175,43_H2,0.0,0.0,42,1,Y
176,43_PKB,0.0,0.0,42,1,Y
177,43_NCI,0.0,0.0,42,1,Y
178,44_H2,4.423956124810502e-05,4.423956124810502e-05,43,1,M
179,44_PKB,0.0,0.0,43,1,M
180,45_PKB,0.0,0.0,44,1,F
181,45_H2,9.369424515170977e-05,9.369424515170977e-05,44,1,F
182,45_SCT,0.0,0.0,44,1,F
183,45_NCI,0.0,0.0,44,1,F
184,46_NCI,0.000156569192768,0.000156569192768,45,1,L
185,46_PKB,0.0002035100042121,0.0002035100042121,45,1,L
186,46_H2,2.728996514633764e-05,2.728996514633764e-05,45,1,L
187,46_SCT,0.0,0.0,45,1,L
188,46_H3,0.0,0.0,45,1,L
189,47_PKB,0.0,0.0,46,1,L
190,47_NCI,0.0,0.0,46,1,L
191,47_H2,0.0,0.0,46,1,L
192,48_SCT,0.0,0.0,47,1,I
193,48_H2,0.0005331021966412,0.0005331021966412,47,1,I
194,48_PKB,0.0001396165171172,0.0001396165171172,47,1,I
195,49_H2,7.924689271021634e-05,7.924689271021634e-05,48,1,M
196,49_H3,0.0,0.0,48,1,M
197,49_NCI,7.034141890471801e-05,7.034141890471801e-05,48,1,M
198,49_PKB,1.9402716134209182e-05,1.9402716134209182e-05,48,1,M
199,49_SCT,1.0216859891443164e-06,1.0216859891443164e-06,48,1,M
200,50_NCI,0.0,0.0,49,1,L
201,50_PKB,0.0002703546488191,0.0002703546488191,49,1,L
202,50_H2,1.4633877981395926e-05,1.4633877981395926e-05,49,1,L
203,50_SCT,0.0,0.0,49,1,L
204,50_H3,0.0,0.0,49,1,L
205,51_PKB,0.0,0.0,50,1,G
206,51_SCT,0.0,0.0,50,1,G
207,51_H3,0.0,0.0,50,1,G
208,51_H2,0.0,0.0,50,1,G
209,51_NCI,0.0,0.0,50,1,G
210,52_H3,0.0,0.0,51,1,F
211,52_SCT,0.0,0.0,51,1,F
212,52_NCI,1.6468811736558564e-05,1.6468811736558564e-05,51,1,F
213,52_PKB,0.0,0.0,51,1,F
214,52_H2,0.000173787062522,0.000173787062522,51,1,F
215,53_H2,0.0001655925298109,0.0001655925298109,52,1,P
216,53_PKB,0.0,0.0,52,1,P
217,53_SCT,0.0,0.0,52,1,P
218,53_NCI,0.0,0.0,52,1,P
219,54_PKB,8.771214925218374e-05,8.771214925218374e-05,53,1,I
220,54_NCI,0.0,0.0,53,1,I
221,54_H2,1.88435642485274e-05,1.88435642485274e-05,53,1,I
222,54_H3,0.0,0.0,53,1,I
223,54_SCT,0.0,0.0,53,1,I
224,56_NCI,0.0,0.0,55,1,F
225,56_SCT,0.0,0.0,55,1,F
226,56_PKB,0.0,0.0,55,1,F
227,56_H2,0.0009108905214816,0.0009108905214816,55,1,F
228,57_SCT,0.0,0.0,56,1,L
229,57_NCI,4.5405749915516935e-06,4.5405749915516935e-06,56,1,L
230,57_PKB,0.0,0.0,56,1,L
231,57_H3,0.0,0.0,56,1,L
232,57_H2,2.34238468692638e-05,2.34238468692638e-05,56,1,L
233,58_H3,0.0,0.0,57,1,T
234,58_NCI,0.0,0.0,57,1,T
235,58_PKB,0.0,0.0,57,1,T
236,58_SCT,0.0,0.0,57,1,T
237,58_H2,0.0,0.0,57,1,T
238,59_NCI,0.0,0.0,58,1,L
239,60_NCI,0.0001476846664445,0.0001476846664445,59,1,Y
240,60_PKB,0.0,0.0,59,1,Y
241,60_SCT,0.0,0.0,59,1,Y
242,60_H2,2.1896914404351264e-05,2.1896914404351264e-05,59,1,Y
243,60_H3,5.357705958886072e-05,5.357705958886072e-05,59,1,Y
244,61_H2,0.0,0.0,60,1,V
245,61_PKB,0.0,0.0,60,1,V
246,61_SCT,0.0,0.0,60,1,V
247,61_NCI,0.0,0.0,60,1,V
248,63_PKB,0.0,0.0,62,CT/EC,V
249,63_H2,1.5082789104781114e-05,1.5082789104781114e-05,62,CT/EC,V
250,63_SCT,0.0,0.0,62,CT/EC,V
251,63_NCI,0.0,0.0,62,CT/EC,V
252,63_H3,0.0,0.0,62,CT/EC,V
253,64_PKB,0.0,0.0,63,CT/EC,Q
254,64_H2,7.830765753169544e-06,7.830765753169544e-06,63,CT/EC,Q
255,64_SCT,0.0,0.0,63,CT/EC,Q
256,65_H2,0.0,0.0,64,CT/EC,H
257,65_H3,0.0,0.0,64,CT/EC,H
258,65_NCI,0.0,0.0,64,CT/EC,H
259,65_PKB,0.0,0.0,64,CT/EC,H
260,65_SCT,0.0,0.0,64,CT/EC,H
261,66_PKB,0.0,0.0,65,CT/EC,K
262,66_NCI,0.0,0.0,65,CT/EC,K
263,66_H3,0.0,0.0,65,CT/EC,K
264,67_PKB,0.0,0.0,66,CT/EC,K
265,67_NCI,0.0,0.0,66,CT/EC,K
266,67_H3,0.0,0.0,66,CT/EC,K
267,69_SCT,0.0,0.0,68,CT/EC,R
268,69_H2,0.0,0.0,68,CT/EC,R
269,69_PKB,0.0,0.0,68,CT/EC,R
270,70_NCI,0.0,0.0,69,CT/EC,T
271,70_H3,0.0,0.0,69,CT/EC,T
272,70_PKB,0.0,0.0,69,CT/EC,T
273,70_H2,0.0,0.0,69,CT/EC,T
274,70_SCT,0.0,0.0,69,CT/EC,T
275,71_PKB,3.601066055125557e-06,3.601066055125557e-06,70,CT/EC,P
276,71_H3,0.0,0.0,70,CT/EC,P
277,71_H2,3.601066055125557e-06,3.601066055125557e-06,70,CT/EC,P
278,71_NCI,3.601066055125557e-06,3.601066055125557e-06,70,CT/EC,P
279,71_SCT,0.0,0.0,70,CT/EC,P
280,74_NCI,0.0,0.0,73,CT/EC,Y
281,74_PKB,0.0,0.0,73,CT/EC,Y
282,74_H3,0.0,0.0,73,CT/EC,Y
283,74_H2,0.0,0.0,73,CT/EC,Y
284,77_NCI,0.0,0.0,76,2,L
285,77_PKB,0.0,0.0,76,2,L
286,77_H2,0.0,0.0,76,2,L
287,79_NCI,0.0,0.0,78,2,L
288,79_PKB,0.0,0.0,78,2,L
289,79_H2,0.0,0.0,78,2,L
290,80_H2,2.3043385226628743e-05,2.3043385226628743e-05,79,2,A
291,80_PKB,0.0,0.0,79,2,A
292,80_H3,0.0,0.0,79,2,A
293,80_NCI,6.951577233849093e-06,6.951577233849093e-06,79,2,A
294,80_SCT,0.0,0.0,79,2,A
295,81_SCT,0.0,0.0,80,2,V
296,81_NCI,0.0012484439648687,0.0012484439648687,80,2,V
297,81_PKB,0.0,0.0,80,2,V
298,81_H2,5.174526904738741e-06,5.174526904738741e-06,80,2,V
299,82_H2,4.479353810893372e-05,4.479353810893372e-05,81,2,A
300,82_NCI,0.0,0.0,81,2,A
301,82_H3,0.0,0.0,81,2,A
302,82_SCT,0.0,0.0,81,2,A
303,82_PKB,0.0,0.0,81,2,A
304,83_H3,0.0,0.0,82,2,D
305,83_NCI,0.0,0.0,82,2,D
306,83_H2,7.700186688452959e-05,7.700186688452959e-05,82,2,D
307,83_SCT,0.0004460224008653,0.0004460224008653,82,2,D
308,84_SCT,0.0002321278880117,0.0002321278880117,83,2,L
309,84_PKB,0.0004054237215314,0.0004054237215314,83,2,L
310,84_NCI,0.0006296153296716,0.0006296153296716,83,2,L
311,84_H2,0.0001547307037981,0.0001547307037981,83,2,L
312,85_SCT,0.0,0.0,84,2,F
313,85_H3,0.0,0.0,84,2,F
314,85_PKB,0.0,0.0,84,2,F
315,85_NCI,0.0,0.0,84,2,F
316,85_H2,0.0,0.0,84,2,F
317,86_PKB,0.0005529435584321,0.0005529435584321,85,2,M
318,86_H2,0.0019121331861242,0.0019121331861242,85,2,M
319,86_NCI,0.0004902962828055,0.0004902962828055,85,2,M
320,86_SCT,0.0002026247238973,0.0002026247238973,85,2,M
321,86_H3,0.0003702928661368,0.0003702928661368,85,2,M
322,87_H3,0.0,0.0,86,2,V
323,87_NCI,0.0005910109612159,0.0005910109612159,86,2,V
324,87_PKB,0.0001110872690333,0.0001110872690333,86,2,V
325,87_SCT,0.0,0.0,86,2,V
326,88_NCI,4.523110328591429e-05,4.523110328591429e-05,87,2,F
327,88_H3,0.0,0.0,87,2,F
328,88_PKB,3.854138049064204e-05,3.854138049064204e-05,87,2,F
329,88_SCT,5.402712849900127e-05,5.402712849900127e-05,87,2,F
330,88_H2,0.000308088841848,0.000308088841848,87,2,F
331,89_PKB,0.0,0.0,88,2,G
332,89_SCT,0.0,0.0,88,2,G
333,89_NCI,2.214451160398312e-05,2.214451160398312e-05,88,2,G
334,89_H2,9.102299372898416e-05,9.102299372898416e-05,88,2,G
335,90_H3,0.0001267618354177,0.0001267618354177,89,2,G
336,90_SCT,0.0,0.0,89,2,G
337,90_H2,0.0003932718245778,0.0003932718245778,89,2,G
338,90_NCI,2.5045546863111667e-05,2.5045546863111667e-05,89,2,G
339,90_PKB,2.777839654299896e-05,2.777839654299896e-05,89,2,G
340,91_H2,7.103462121449411e-05,7.103462121449411e-05,90,2,F
341,91_SCT,0.0,0.0,90,2,F
342,91_NCI,3.347664460306987e-05,3.347664460306987e-05,90,2,F
343,91_H3,0.0,0.0,90,2,F
344,91_PKB,3.291339089628309e-05,3.291339089628309e-05,90,2,F
345,92_H3,0.0,0.0,91,2,T
346,92_SCT,0.0,0.0,91,2,T
347,92_H2,0.0,0.0,91,2,T
348,92_PKB,0.0,0.0,91,2,T
349,92_NCI,0.0,0.0,91,2,T
350,93_PKB,0.0001276022958336,0.0001276022958336,92,2,T
351,93_H2,0.0002214743872173,0.0002214743872173,92,2,T
352,93_H3,1.2855392924393527e-05,1.2855392924393527e-05,92,2,T
353,93_NCI,0.0022165330592542,0.0022165330592542,92,2,T
354,93_SCT,0.0,0.0,92,2,T
355,94_H3,0.0264126174151897,0.0264126174151897,93,2,T
356,94_H2,0.0337318032979965,0.0337318032979965,93,2,T
357,94_PKB,0.0315720736980438,0.0315720736980438,93,2,T
358,94_SCT,1.3925982784712689e-05,1.3925982784712689e-05,93,2,T
359,94_NCI,0.0001245439780177,0.0001245439780177,93,2,T
360,95_H2,2.513822619221173e-05,2.513822619221173e-05,94,2,L
361,95_PKB,1.5748670193715952e-05,1.5748670193715952e-05,94,2,L
362,95_SCT,0.0,0.0,94,2,L
363,95_NCI,0.0001045235185301,0.0001045235185301,94,2,L
364,96_H3,0.0019873629789799,0.0019873629789799,95,2,Y
365,96_PKB,9.752608457347378e-05,9.752608457347378e-05,95,2,Y
366,96_SCT,0.0,0.0,95,2,Y
367,96_NCI,0.0032735397107899,0.0032735397107899,95,2,Y
368,97_H2,4.766798883792944e-05,4.766798883792944e-05,96,CT/EC,T
369,97_SCT,0.0,0.0,96,CT/EC,T
370,97_NCI,6.408259650925174e-05,6.408259650925174e-05,96,CT/EC,T
371,97_H3,0.0,0.0,96,CT/EC,T
372,97_PKB,0.0006694420007988,0.0006694420007988,96,CT/EC,T
373,98_NCI,0.0,0.0,97,CT/EC,S
374,99_PKB,5.619710464088712e-06,5.619710464088712e-06,98,CT/EC,L
375,99_H2,0.0,0.0,98,CT/EC,L
376,99_H3,0.0,0.0,98,CT/EC,L
377,99_NCI,1.87065961654298e-05,1.87065961654298e-05,98,CT/EC,L
378,99_SCT,0.0,0.0,98,CT/EC,L
379,100_H2,3.588479739846662e-05,3.588479739846662e-05,99,CT/EC,H
380,100_H3,0.0,0.0,99,CT/EC,H
381,100_PKB,8.908934978535399e-05,8.908934978535399e-05,99,CT/EC,H
382,100_SCT,0.0,0.0,99,CT/EC,H
383,100_NCI,0.0001864673686213,0.0001864673686213,99,CT/EC,H
384,101_PKB,2.861979191948194e-05,2.861979191948194e-05,100,CT/EC,G
385,101_H2,8.90135343070142e-05,8.90135343070142e-05,100,CT/EC,G
386,101_NCI,0.0009934564586728,0.0009934564586728,100,CT/EC,G
387,103_H3,0.0,0.0,102,CT/EC,F
388,103_NCI,0.0,0.0,102,CT/EC,F
389,104_PKB,0.0,0.0,103,CT/EC,V
390,104_SCT,0.0,0.0,103,CT/EC,V
391,104_H2,0.0088220546022057,0.0088220546022057,103,CT/EC,V
392,105_H2,9.28012559597846e-06,9.28012559597846e-06,104,CT/EC,F
393,105_PKB,0.0,0.0,104,CT/EC,F
394,105_SCT,0.0,0.0,104,CT/EC,F
395,105_NCI,0.0,0.0,104,CT/EC,F
396,107_H2,0.0,0.0,106,CT/EC,P
397,107_SCT,0.0,0.0,106,CT/EC,P
398,107_PKB,0.0,0.0,106,CT/EC,P
399,107_NCI,9.915739065036178e-05,9.915739065036178e-05,106,CT/EC,P
400,107_H3,0.0,0.0,106,CT/EC,P
401,108_SCT,0.0,0.0,107,CT/EC,T
402,108_PKB,0.0001925315154949,0.0001925315154949,107,CT/EC,T
403,108_NCI,7.902357901912183e-05,7.902357901912183e-05,107,CT/EC,T
404,108_H3,0.0014898790977895,0.0014898790977895,107,CT/EC,T
405,109_H2,0.001327451551333,0.001327451551333,108,CT/EC,G
406,109_NCI,0.0001555667404318,0.0001555667404318,108,CT/EC,G
407,109_SCT,0.0,0.0,108,CT/EC,G
408,109_PKB,7.202902634162456e-05,7.202902634162456e-05,108,CT/EC,G
409,110_SCT,6.251556624192744e-05,6.251556624192744e-05,109,CT/EC,C
410,110_PKB,6.251556624192744e-05,6.251556624192744e-05,109,CT/EC,C
411,110_H2,6.251556624192744e-05,6.251556624192744e-05,109,CT/EC,C
412,110_NCI,6.251556624192744e-05,6.251556624192744e-05,109,CT/EC,C
413,110_H3,6.251556624192744e-05,6.251556624192744e-05,109,CT/EC,C
414,111_NCI,0.0004514301836024,0.0004514301836024,110,CT/EC,N
415,111_PKB,0.000478999572806,0.000478999572806,110,CT/EC,N
416,111_H3,1.0716481483541427e-05,1.0716481483541427e-05,110,CT/EC,N
417,113_PKB,2.5258717869292013e-05,2.5258717869292013e-05,112,3,E
418,113_SCT,0.0004887053510174,0.0004887053510174,112,3,E
419,113_NCI,0.0005291203851811,0.0005291203851811,112,3,E
420,113_H3,0.0,0.0,112,3,E
421,113_H2,0.0002434791967971,0.0002434791967971,112,3,E
422,114_H2,0.0005302402423694,0.0005302402423694,113,3,G
423,114_H3,0.0,0.0,113,3,G
424,114_SCT,0.0,0.0,113,3,G
425,114_NCI,0.0,0.0,113,3,G
426,114_PKB,0.0,0.0,113,3,G
427,115_PKB,4.945445107296109e-05,4.945445107296109e-05,114,3,F
428,115_H2,0.0,0.0,114,3,F
429,115_SCT,0.0,0.0,114,3,F
430,115_H3,0.0,0.0,114,3,F
431,115_NCI,0.0,0.0,114,3,F
432,116_PKB,0.0001298126735491,0.0001298126735491,115,3,F
433,116_H2,0.0001689537020865,0.0001689537020865,115,3,F
434,116_H3,0.0,0.0,115,3,F
435,116_NCI,6.067847789381631e-05,6.067847789381631e-05,115,3,F
436,117_H2,0.0002675026189535,0.0002675026189535,116,3,A
437,117_H3,7.341447053477168e-05,7.341447053477168e-05,116,3,A
438,117_PKB,1.906285251607187e-05,1.906285251607187e-05,116,3,A
439,117_NCI,1.901992072816938e-05,1.901992072816938e-05,116,3,A
440,117_SCT,0.0,0.0,116,3,A
441,118_PKB,0.0005726013914681,0.0005726013914681,117,3,T
442,118_SCT,7.892967005318496e-06,7.892967005318496e-06,117,3,T
443,118_H2,0.0001752064563333,0.0001752064563333,117,3,T
444,118_H3,0.0,0.0,117,3,T
445,119_H3,0.0,0.0,118,3,L
446,119_H2,3.111486876150593e-05,3.111486876150593e-05,118,3,L
447,120_NCI,0.0,0.0,119,3,G
448,120_PKB,0.0,0.0,119,3,G
449,120_H3,0.0,0.0,119,3,G
450,122_H3,0.0,0.0,121,3,E
451,122_PKB,0.0004783109761774,0.0004783109761774,121,3,E
452,122_H2,0.0001490861322963,0.0001490861322963,121,3,E
453,122_NCI,0.0001018259936245,0.0001018259936245,121,3,E
454,122_SCT,0.0001490861322963,0.0001490861322963,121,3,E
455,123_H3,0.0,0.0,122,3,I
456,123_SCT,0.0,0.0,122,3,I
457,123_PKB,1.170944142359076e-05,1.170944142359076e-05,122,3,I
458,123_NCI,0.0,0.0,122,3,I
459,123_H2,0.0,0.0,122,3,I
460,124_H2,2.244620736746583e-05,2.244620736746583e-05,123,3,A
461,124_PKB,0.0005387342534959,0.0005387342534959,123,3,A
462,124_H3,0.0005387342534959,0.0005387342534959,123,3,A
463,124_NCI,1.2812412023777142e-05,1.2812412023777142e-05,123,3,A
464,125_NCI,0.0,0.0,124,3,L
465,125_PKB,0.0,0.0,124,3,L
466,125_H3,0.0,0.0,124,3,L
467,125_H2,0.0,0.0,124,3,L
468,125_SCT,0.0,0.0,124,3,L
469,129_SCT,0.0,0.0,128,3,V
470,129_PKB,0.0,0.0,128,3,V
471,129_H2,0.0,0.0,128,3,V
472,129_H3,0.0,0.0,128,3,V
473,129_NCI,9.660464456828777e-06,9.660464456828777e-06,128,3,V
474,130_PKB,0.0,0.0,129,3,V
475,130_SCT,0.0,0.0,129,3,V
476,130_H2,0.0,0.0,129,3,V
477,131_NCI,0.0,0.0,130,3,L
478,131_H2,0.0,0.0,130,3,L
479,132_NCI,0.0,0.0,131,3,A
480,132_H2,0.0,0.0,131,3,A
481,132_PKB,0.0,0.0,131,3,A
482,132_SCT,0.0,0.0,131,3,A
483,132_H3,0.0,0.0,131,3,A
484,133_SCT,0.0,0.0,132,3,I
485,133_NCI,0.0001157395381596,0.0001157395381596,132,3,I
486,133_H3,0.0,0.0,132,3,I
487,133_PKB,4.700925273937173e-06,4.700925273937173e-06,132,3,I
488,136_PKB,0.0,0.0,135,CT/EC,Y
489,136_NCI,0.0,0.0,135,CT/EC,Y
490,136_H3,0.0,0.0,135,CT/EC,Y
491,136_H2,0.0,0.0,135,CT/EC,Y
492,137_NCI,5.802773011964746e-05,5.802773011964746e-05,136,CT/EC,V
493,137_SCT,0.0,0.0,136,CT/EC,V
494,137_PKB,0.0,0.0,136,CT/EC,V
495,137_H2,2.245713585580233e-05,2.245713585580233e-05,136,CT/EC,V
496,138_NCI,0.0,0.0,137,CT/EC,V
497,139_PKB,0.0,0.0,138,CT/EC,V
498,139_NCI,0.0,0.0,138,CT/EC,V
499,139_H2,0.0,0.0,138,CT/EC,V
500,143_H2,6.739920354448259e-05,6.739920354448259e-05,142,CT/EC,M
501,143_NCI,3.898977865901543e-06,3.898977865901543e-06,142,CT/EC,M
502,143_PKB,0.0,0.0,142,CT/EC,M
503,143_SCT,0.0,0.0,142,CT/EC,M
504,144_NCI,4.363395419204608e-05,4.363395419204608e-05,143,CT/EC,S
505,144_H2,0.0,0.0,143,CT/EC,S
506,144_H3,0.0,0.0,143,CT/EC,S
507,144_PKB,0.0,0.0,143,CT/EC,S
508,144_SCT,0.0,0.0,143,CT/EC,S
509,145_PKB,0.0,0.0,144,CT/EC,N
510,145_SCT,0.0,0.0,144,CT/EC,N
511,145_H3,0.0,0.0,144,CT/EC,N
512,145_H2,0.0,0.0,144,CT/EC,N
513,146_H2,0.0,0.0,145,CT/EC,F
514,146_SCT,0.0,0.0,145,CT/EC,F
515,146_NCI,0.0,0.0,145,CT/EC,F
516,146_PKB,0.0,0.0,145,CT/EC,F
517,147_H3,0.0,0.0,146,CT/EC,R
518,147_SCT,0.0,0.0,146,CT/EC,R
519,147_H2,0.0,0.0,146,CT/EC,R
520,149_H2,5.332211003405973e-05,5.332211003405973e-05,148,CT/EC,G
521,149_NCI,0.0,0.0,148,CT/EC,G
522,149_PKB,0.0,0.0,148,CT/EC,G
523,149_SCT,0.0,0.0,148,CT/EC,G
524,149_H3,0.0,0.0,148,CT/EC,G
525,150_PKB,0.0,0.0,149,CT/EC,E
526,150_H3,0.0,0.0,149,CT/EC,E
527,150_NCI,0.0,0.0,149,CT/EC,E
528,150_H2,5.0925242248922586e-05,5.0925242248922586e-05,149,CT/EC,E
529,150_SCT,0.0,0.0,149,CT/EC,E
530,151_NCI,0.0007701238500885,0.0007701238500885,150,CT/EC,N
531,151_SCT,0.0,0.0,150,CT/EC,N
532,151_PKB,0.0,0.0,150,CT/EC,N
533,151_H3,0.0,0.0,150,CT/EC,N
534,151_H2,9.755683095136192e-06,9.755683095136192e-06,150,CT/EC,N
535,152_SCT,0.0,0.0,151,CT/EC,H
536,152_NCI,0.0,0.0,151,CT/EC,H
537,152_H2,0.0,0.0,151,CT/EC,H
538,152_PKB,0.0,0.0,151,CT/EC,H
539,152_H3,0.0,0.0,151,CT/EC,H
540,154_SCT,0.0,0.0,153,4,I
541,154_PKB,1.3354341717786156e-05,1.3354341717786156e-05,153,4,I
542,154_H3,0.0,0.0,153,4,I
543,154_NCI,8.138343400787562e-05,8.138343400787562e-05,153,4,I
544,154_H2,1.3674559340870474e-05,1.3674559340870474e-05,153,4,I
545,155_NCI,9.680440416559576e-05,9.680440416559576e-05,154,4,M
546,155_H3,0.0,0.0,154,4,M
547,155_SCT,0.0,0.0,154,4,M
548,155_PKB,4.899981377093354e-06,4.899981377093354e-06,154,4,M
549,156_NCI,0.0,0.0,155,4,G
550,156_H2,0.0,0.0,155,4,G
551,156_SCT,0.0,0.0,155,4,G
552,156_PKB,0.0,0.0,155,4,G
553,157_SCT,0.0,0.0,156,4,V
554,157_PKB,0.0,0.0,156,4,V
555,157_NCI,1.965850606211461e-05,1.965850606211461e-05,156,4,V
556,157_H2,0.0,0.0,156,4,V
557,158_PKB,3.63393992302008e-05,3.63393992302008e-05,157,4,A
558,158_SCT,0.0,0.0,157,4,A
559,158_NCI,5.591116132563912e-05,5.591116132563912e-05,157,4,A
560,158_H2,0.0003723037661984,0.0003723037661984,157,4,A
561,158_H3,0.0,0.0,157,4,A
562,159_NCI,0.0002096824755426,0.0002096824755426,158,4,F
563,159_H2,2.840723709596205e-06,2.840723709596205e-06,158,4,F
564,159_PKB,0.0003994066792074,0.0003994066792074,158,4,F
565,159_SCT,0.0,0.0,158,4,F
566,160_H2,1.1953695320698898e-05,1.1953695320698898e-05,159,4,T
567,160_H3,0.0,0.0,159,4,T
568,160_SCT,0.0,0.0,159,4,T
569,160_NCI,0.0,0.0,159,4,T
570,162_PKB,0.0003680221561808,0.0003680221561808,161,4,V
571,162_NCI,6.761565600754693e-05,6.761565600754693e-05,161,4,V
572,162_H3,0.0,0.0,161,4,V
573,162_SCT,0.0,0.0,161,4,V
574,162_H2,3.637350528151728e-05,3.637350528151728e-05,161,4,V
575,163_SCT,1.9013130440725945e-05,1.9013130440725945e-05,162,4,M
576,163_PKB,1.782535582606215e-05,1.782535582606215e-05,162,4,M
577,163_H3,0.0,0.0,162,4,M
578,163_H2,0.0,0.0,162,4,M
579,164_SCT,0.0,0.0,163,4,A
580,164_H2,0.0002758258779067,0.0002758258779067,163,4,A
581,164_H3,0.0,0.0,163,4,A
582,164_NCI,2.787910125334747e-05,2.787910125334747e-05,163,4,A
583,164_PKB,0.0,0.0,163,4,A
584,165_H2,3.802420906140469e-05,3.802420906140469e-05,164,4,L
585,165_H3,0.0,0.0,164,4,L
586,166_H3,0.0,0.0,165,4,A
587,166_NCI,3.524468411342241e-05,3.524468411342241e-05,165,4,A
588,166_H2,0.000191482642549,0.000191482642549,165,4,A
589,166_SCT,9.86393297353061e-06,9.86393297353061e-06,165,4,A
590,167_H2,0.0,0.0,166,4,C
591,167_NCI,0.0,0.0,166,4,C
592,167_H3,0.0,0.0,166,4,C
593,167_PKB,0.0,0.0,166,4,C
594,167_SCT,0.0,0.0,166,4,C
595,168_PKB,0.0,0.0,167,4,A
596,168_NCI,0.0,0.0,167,4,A
597,168_SCT,0.0,0.0,167,4,A
598,168_H3,0.0,0.0,167,4,A
599,168_H2,6.15467115494539e-06,6.15467115494539e-06,167,4,A
600,169_H3,0.0,0.0,168,4,A
601,169_PKB,0.0003086021752096,0.0003086021752096,168,4,A
602,169_NCI,5.44060931133572e-05,5.44060931133572e-05,168,4,A
603,169_H2,0.0001242206781171,0.0001242206781171,168,4,A
604,170_H2,0.0,0.0,169,4,P
605,172_H3,0.0,0.0,171,4,L
606,172_H2,4.139455541007919e-06,4.139455541007919e-06,171,4,L
607,172_PKB,0.0,0.0,171,4,L
608,172_SCT,0.0,0.0,171,4,L
609,173_NCI,2.5607623683754355e-05,2.5607623683754355e-05,172,4,V
610,173_SCT,0.0,0.0,172,4,V
611,173_H2,0.0002914379001595,0.0002914379001595,172,4,V
612,173_H3,0.0,0.0,172,4,V
613,173_PKB,0.0,0.0,172,4,V
614,178_NCI,3.8035697798477486e-05,3.8035697798477486e-05,177,CT/EC,Y
615,178_H3,3.8035697798477486e-05,3.8035697798477486e-05,177,CT/EC,Y
616,178_H2,3.8035697798477486e-05,3.8035697798477486e-05,177,CT/EC,Y
617,178_PKB,3.8035697798477486e-05,3.8035697798477486e-05,177,CT/EC,Y
618,179_H2,1.3954831047158224e-05,1.3954831047158224e-05,178,CT/EC,I
619,179_NCI,0.0,0.0,178,CT/EC,I
620,179_PKB,0.0180779434740543,0.0180779434740543,178,CT/EC,I
621,179_SCT,0.0,0.0,178,CT/EC,I
622,179_H3,0.0,0.0,178,CT/EC,I
623,181_SCT,2.3000429791864008e-05,2.3000429791864008e-05,180,CT/EC,E
624,181_H2,0.0001675209641689,0.0001675209641689,180,CT/EC,E
625,181_NCI,0.0007844001520425,0.0007844001520425,180,CT/EC,E
626,181_PKB,0.0021371492184698,0.0021371492184698,180,CT/EC,E
627,181_H3,4.8771704314276576e-05,4.8771704314276576e-05,180,CT/EC,E
628,183_NCI,0.0,0.0,182,CT/EC,M
629,183_H2,0.0001591966865817,0.0001591966865817,182,CT/EC,M
630,183_PKB,0.0,0.0,182,CT/EC,M
631,184_H2,0.0093104476109147,0.0093104476109147,183,CT/EC,Q
632,184_NCI,0.0,0.0,183,CT/EC,Q
633,184_PKB,0.0,0.0,183,CT/EC,Q
634,184_SCT,0.0,0.0,183,CT/EC,Q
635,184_H3,0.0,0.0,183,CT/EC,Q
636,185_H3,0.0,0.0,184,CT/EC,C
637,185_PKB,0.0,0.0,184,CT/EC,C
638,185_NCI,0.0,0.0,184,CT/EC,C
639,185_H2,2.890853647841141e-05,2.890853647841141e-05,184,CT/EC,C
640,185_SCT,0.0,0.0,184,CT/EC,C
641,189_NCI,4.363395419204608e-05,4.363395419204608e-05,188,CT/EC,I
642,189_H2,4.363395419204608e-05,4.363395419204608e-05,188,CT/EC,I
643,189_SCT,4.363395419204608e-05,4.363395419204608e-05,188,CT/EC,I
644,189_PKB,4.363395419204608e-05,4.363395419204608e-05,188,CT/EC,I
645,191_H3,0.0,0.0,190,CT/EC,Y
646,191_SCT,0.0,0.0,190,CT/EC,Y
647,191_H2,0.0,0.0,190,CT/EC,Y
648,191_PKB,0.0,0.0,190,CT/EC,Y
649,192_PKB,0.0,0.0,191,CT/EC,Y
650,192_NCI,0.0,0.0,191,CT/EC,Y
651,192_H3,0.0,0.0,191,CT/EC,Y
652,192_H2,0.0,0.0,191,CT/EC,Y
653,193_PKB,0.0,0.0,192,CT/EC,T
654,193_H2,0.0,0.0,192,CT/EC,T
655,193_NCI,0.0,0.0,192,CT/EC,T
656,194_H2,2.4862018108251505e-05,2.4862018108251505e-05,193,CT/EC,P
657,194_SCT,0.0,0.0,193,CT/EC,P
658,194_PKB,2.353687523282133e-05,2.353687523282133e-05,193,CT/EC,P
659,194_NCI,2.751744796114508e-05,2.751744796114508e-05,193,CT/EC,P
660,195_NCI,0.0001842857745941,0.0001842857745941,194,CT/EC,H
661,195_SCT,0.0,0.0,194,CT/EC,H
662,195_H2,5.99120676270104e-06,5.99120676270104e-06,194,CT/EC,H
663,195_PKB,1.6543985111638904e-05,1.6543985111638904e-05,194,CT/EC,H
664,195_H3,0.0,0.0,194,CT/EC,H
665,196_H3,0.0,0.0,195,CT/EC,E
666,196_NCI,0.0,0.0,195,CT/EC,E
667,196_SCT,0.0,0.0,195,CT/EC,E
668,196_H2,0.0,0.0,195,CT/EC,E
669,196_PKB,0.0,0.0,195,CT/EC,E
670,197_H2,0.0,0.0,196,CT/EC,E
671,197_SCT,0.0,0.0,196,CT/EC,E
672,197_H3,1.1204107977391686e-05,1.1204107977391686e-05,196,CT/EC,E
673,197_NCI,0.0,0.0,196,CT/EC,E
674,197_PKB,0.0,0.0,196,CT/EC,E
675,198_SCT,0.0,0.0,197,CT/EC,T
676,198_NCI,5.045408761361614e-05,5.045408761361614e-05,197,CT/EC,T
677,198_H2,9.855234566202853e-07,9.855234566202853e-07,197,CT/EC,T
678,198_PKB,0.0,0.0,197,CT/EC,T
679,198_H3,0.0044593275524675,0.0044593275524675,197,CT/EC,T
680,199_H2,0.0,0.0,198,CT/EC,N
681,199_H3,7.429665856761858e-05,7.429665856761858e-05,198,CT/EC,N
682,199_PKB,0.0,0.0,198,CT/EC,N
683,199_NCI,0.0,0.0,198,CT/EC,N
684,199_SCT,0.0,0.0,198,CT/EC,N
685,200_H3,0.0,0.0,199,CT/EC,N
686,200_NCI,0.0,0.0,199,CT/EC,N
687,200_SCT,0.0,0.0,199,CT/EC,N
688,201_H2,0.0,0.0,200,CT/EC,E
689,201_NCI,0.0,0.0,200,CT/EC,E
690,201_SCT,0.0,0.0,200,CT/EC,E
691,201_PKB,0.0,0.0,200,CT/EC,E
692,202_H2,6.02257605351042e-05,6.02257605351042e-05,201,CT/EC,S
693,202_NCI,8.060304026002996e-06,8.060304026002996e-06,201,CT/EC,S
694,202_PKB,0.0,0.0,201,CT/EC,S
695,202_H3,0.0,0.0,201,CT/EC,S
696,202_SCT,0.0,0.0,201,CT/EC,S
697,203_PKB,2.383520865123501e-07,2.383520865123501e-07,202,CT/EC,F
698,203_NCI,2.383520865123501e-07,2.383520865123501e-07,202,CT/EC,F
699,203_H3,2.383520865123501e-07,2.383520865123501e-07,202,CT/EC,F
700,203_H2,2.383520865123501e-07,2.383520865123501e-07,202,CT/EC,F
701,204_NCI,0.0,0.0,203,5,V
702,204_SCT,0.0,0.0,203,5,V
703,204_PKB,0.0,0.0,203,5,V
704,204_H3,0.0,0.0,203,5,V
705,204_H2,0.0,0.0,203,5,V
706,205_H2,0.0003494449774734,0.0003494449774734,204,5,I
707,205_PKB,0.0,0.0,204,5,I
708,205_SCT,0.0,0.0,204,5,I
709,205_NCI,0.0002076567761832,0.0002076567761832,204,5,I
710,205_H3,0.0,0.0,204,5,I
711,206_H2,0.0118725914508104,0.0118725914508104,205,5,Y
712,206_PKB,0.0,0.0,205,5,Y
713,206_SCT,0.0,0.0,205,5,Y
714,206_H3,0.0,0.0,205,5,Y
715,207_H2,3.77671567548532e-05,3.77671567548532e-05,206,5,M
716,207_NCI,0.0,0.0,206,5,M
717,207_PKB,0.0,0.0,206,5,M
718,208_PKB,0.0,0.0,207,5,F
719,208_NCI,0.0,0.0,207,5,F
720,208_H2,0.0,0.0,207,5,F
721,208_SCT,0.0,0.0,207,5,F
722,209_SCT,0.0,0.0,208,5,V
723,209_H3,0.0,0.0,208,5,V
724,209_NCI,0.0006334003410302,0.0006334003410302,208,5,V
725,209_H2,6.22817751718685e-05,6.22817751718685e-05,208,5,V
726,210_PKB,8.898423402570188e-05,8.898423402570188e-05,209,5,V
727,210_H2,0.0002798039349727,0.0002798039349727,209,5,V
728,210_NCI,0.0,0.0,209,5,V
729,210_H3,0.0,0.0,209,5,V
730,210_SCT,0.0,0.0,209,5,V
731,211_PKB,0.0,0.0,210,5,H
732,211_NCI,0.0,0.0,210,5,H
733,211_SCT,0.0,0.0,210,5,H
734,211_H3,0.0,0.0,210,5,H
735,211_H2,0.0,0.0,210,5,H
736,212_NCI,0.0,0.0,211,5,F
737,212_H3,0.0,0.0,211,5,F
738,212_H2,0.0,0.0,211,5,F
739,212_PKB,0.0,0.0,211,5,F
740,212_SCT,0.0,0.0,211,5,F
741,213_H3,0.0,0.0,212,5,I
742,213_NCI,3.292232577223331e-05,3.292232577223331e-05,212,5,I
743,213_PKB,6.86444400344044e-05,6.86444400344044e-05,212,5,I
744,213_H2,9.042114470503291e-06,9.042114470503291e-06,212,5,I
745,214_NCI,0.0,0.0,213,5,I
746,214_SCT,7.233693759189919e-05,7.233693759189919e-05,213,5,I
747,214_PKB,0.000158083246788,0.000158083246788,213,5,I
748,214_H3,0.0,0.0,213,5,I
749,216_SCT,0.0,0.0,215,5,L
750,216_H2,3.9029713661875576e-05,3.9029713661875576e-05,215,5,L
751,217_H2,0.0002506028686184,0.0002506028686184,216,5,I
752,217_SCT,0.0,0.0,216,5,I
753,217_H3,0.0001352944382233,0.0001352944382233,216,5,I
754,217_PKB,0.0001194707365357,0.0001194707365357,216,5,I
755,217_NCI,7.768953946651891e-05,7.768953946651891e-05,216,5,I
756,218_NCI,2.330466850253288e-05,2.330466850253288e-05,217,5,V
757,218_PKB,0.0,0.0,217,5,V
758,218_H2,7.212722994154319e-05,7.212722994154319e-05,217,5,V
759,219_NCI,3.997780731879175e-05,3.997780731879175e-05,218,5,I
760,219_H2,0.0,0.0,218,5,I
761,220_H2,8.513085049344227e-05,8.513085049344227e-05,219,5,F
762,220_NCI,2.099201265082229e-05,2.099201265082229e-05,219,5,F
763,220_PKB,0.0,0.0,219,5,F
764,220_SCT,0.0,0.0,219,5,F
765,221_NCI,0.0,0.0,220,5,F
766,221_PKB,0.0,0.0,220,5,F
767,221_H2,0.0,0.0,220,5,F
768,221_SCT,0.0,0.0,220,5,F
769,222_H2,0.0,0.0,221,5,C
770,222_SCT,0.0,0.0,221,5,C
771,222_NCI,0.0,0.0,221,5,C
772,222_H3,0.0,0.0,221,5,C
773,222_PKB,0.0,0.0,221,5,C
774,224_NCI,7.796786121616606e-06,7.796786121616606e-06,223,5,G
775,224_H3,0.0,0.0,223,5,G
776,224_PKB,0.0,0.0,223,5,G
777,224_H2,0.0,0.0,223,5,G
778,225_H2,0.0,0.0,224,5,Q
779,225_SCT,0.0,0.0,224,5,Q
780,225_H3,0.0,0.0,224,5,Q
781,225_NCI,0.0,0.0,224,5,Q
782,226_H2,0.0,0.0,225,CT/EC,L
783,226_PKB,0.0,0.0,225,CT/EC,L
784,226_NCI,0.0,0.0,225,CT/EC,L
785,227_H2,0.0,0.0,226,CT/EC,V
786,227_PKB,0.0,0.0,226,CT/EC,V
787,227_NCI,0.0,0.0,226,CT/EC,V
788,227_H3,0.0,0.0,226,CT/EC,V
789,227_SCT,0.0,0.0,226,CT/EC,V
790,228_NCI,0.0,0.0,227,CT/EC,F
791,228_PKB,6.102090628701262e-05,6.102090628701262e-05,227,CT/EC,F
792,228_H2,3.194326927768998e-05,3.194326927768998e-05,227,CT/EC,F
793,228_H3,0.0,0.0,227,CT/EC,F
794,228_SCT,0.0,0.0,227,CT/EC,F
795,229_SCT,0.0,0.0,228,CT/EC,T
796,229_PKB,0.0,0.0,228,CT/EC,T
797,229_H2,0.0,0.0,228,CT/EC,T
798,229_H3,0.0,0.0,228,CT/EC,T
799,230_NCI,0.0,0.0,229,CT/EC,V
800,230_H2,0.0,0.0,229,CT/EC,V
801,230_PKB,0.0,0.0,229,CT/EC,V
802,231_H3,0.0,0.0,230,CT/EC,K
803,231_PKB,0.0,0.0,230,CT/EC,K
804,231_H2,5.330890417098999e-05,5.330890417098999e-05,230,CT/EC,K
805,231_NCI,2.945133928733412e-05,2.945133928733412e-05,230,CT/EC,K
806,232_NCI,0.0,0.0,231,CT/EC,E
807,232_SCT,0.0,0.0,231,CT/EC,E
808,232_H3,0.0,0.0,231,CT/EC,E
809,232_H2,0.0,0.0,231,CT/EC,E
810,233_PKB,0.0,0.0,232,CT/EC,A
811,233_NCI,0.0,0.0,232,CT/EC,A
812,233_H2,0.0,0.0,232,CT/EC,A
813,235_PKB,0.0,0.0,234,CT/EC,A
814,235_H2,0.0,0.0,234,CT/EC,A
815,235_SCT,0.0,0.0,234,CT/EC,A
816,235_H3,0.0,0.0,234,CT/EC,A
817,235_NCI,0.0,0.0,234,CT/EC,A
818,236_SCT,0.0,0.0,235,CT/EC,Q
819,236_NCI,0.0,0.0,235,CT/EC,Q
820,236_PKB,0.0,0.0,235,CT/EC,Q
821,236_H2,0.0,0.0,235,CT/EC,Q
822,236_H3,0.0,0.0,235,CT/EC,Q
823,238_PKB,0.0,0.0,237,CT/EC,Q
824,238_SCT,0.0,0.0,237,CT/EC,Q
825,238_H2,0.0,0.0,237,CT/EC,Q
826,238_NCI,0.0,0.0,237,CT/EC,Q
827,238_H3,0.0,0.0,237,CT/EC,Q
828,239_NCI,0.0,0.0,238,CT/EC,E
829,241_H3,0.0,0.0,240,CT/EC,A
830,241_PKB,0.0,0.0,240,CT/EC,A
831,241_NCI,0.0,0.0,240,CT/EC,A
832,241_SCT,0.0,0.0,240,CT/EC,A
833,241_H2,0.0,0.0,240,CT/EC,A
834,242_NCI,0.0,0.0,241,CT/EC,T
835,242_PKB,0.0,0.0,241,CT/EC,T
836,242_H2,0.0,0.0,241,CT/EC,T
837,245_NCI,0.0,0.0,244,CT/EC,K
838,245_H3,0.0,0.0,244,CT/EC,K
839,245_PKB,0.0,0.0,244,CT/EC,K
840,248_H3,0.0,0.0,247,CT/EC,K
841,248_NCI,0.0,0.0,247,CT/EC,K
842,248_PKB,1.1111235835414844e-05,1.1111235835414844e-05,247,CT/EC,K
843,249_NCI,0.0,0.0,248,CT/EC,E
844,249_PKB,0.0,0.0,248,CT/EC,E
845,251_PKB,0.0,0.0,250,CT/EC,T
846,251_NCI,0.0,0.0,250,CT/EC,T
847,251_H2,0.0,0.0,250,CT/EC,T
848,252_SCT,0.0,0.0,251,CT/EC,R
849,252_H2,7.413267303491011e-05,7.413267303491011e-05,251,CT/EC,R
850,252_H3,0.0,0.0,251,CT/EC,R
851,252_PKB,0.0,0.0,251,CT/EC,R
852,252_NCI,0.0,0.0,251,CT/EC,R
853,254_PKB,0.0,0.0,253,6,V
854,254_H2,0.0,0.0,253,6,V
855,254_SCT,0.0,0.0,253,6,V
856,254_NCI,0.0,0.0,253,6,V
857,255_NCI,2.640400816744659e-05,2.640400816744659e-05,254,6,I
858,255_PKB,0.0,0.0,254,6,I
859,255_H2,1.2995467841392385e-05,1.2995467841392385e-05,254,6,I
860,256_NCI,0.0,0.0,255,6,I
861,256_SCT,0.0,0.0,255,6,I
862,256_H2,0.0,0.0,255,6,I
863,258_NCI,0.0,0.0,257,6,V
864,258_PKB,0.0,0.0,257,6,V
865,258_H2,1.3576278433902187e-05,1.3576278433902187e-05,257,6,V
866,259_NCI,0.0002868032897822,0.0002868032897822,258,6,I
867,259_SCT,0.0,0.0,258,6,I
868,259_PKB,6.092098828958115e-06,6.092098828958115e-06,258,6,I
869,259_H2,6.64646431687288e-05,6.64646431687288e-05,258,6,I
870,260_H2,0.0,0.0,259,6,A
871,260_NCI,0.0,0.0,259,6,A
872,260_H3,0.0,0.0,259,6,A
873,260_SCT,0.0,0.0,259,6,A
874,260_PKB,0.0,0.0,259,6,A
875,261_H3,0.000431130582001,0.000431130582001,260,6,F
876,261_H2,0.000431130582001,0.000431130582001,260,6,F
877,261_NCI,0.000431130582001,0.000431130582001,260,6,F
878,261_PKB,0.000431130582001,0.000431130582001,260,6,F
879,262_H2,0.0,0.0,261,6,L
880,262_SCT,0.0,0.0,261,6,L
881,262_PKB,0.0,0.0,261,6,L
882,262_NCI,0.0,0.0,261,6,L
883,263_PKB,0.0,0.0,262,6,I
884,263_SCT,0.0,0.0,262,6,I
885,263_H3,0.0,0.0,262,6,I
886,263_NCI,1.609309038030915e-05,1.609309038030915e-05,262,6,I
887,263_H2,0.0001452658325433,0.0001452658325433,262,6,I
888,264_SCT,0.0,0.0,263,6,C
889,264_NCI,0.0,0.0,263,6,C
890,264_PKB,0.0,0.0,263,6,C
891,264_H2,0.0,0.0,263,6,C
892,265_PKB,5.704803334083408e-05,5.704803334083408e-05,264,6,W
893,265_NCI,0.0004574080230668,0.0004574080230668,264,6,W
894,265_H2,0.0133763663470745,0.0133763663470745,264,6,W
895,266_SCT,0.0,0.0,265,6,L
896,266_H3,0.0,0.0,265,6,L
897,266_H2,0.000242462643655,0.000242462643655,265,6,L
898,266_NCI,3.4026685170829296e-05,3.4026685170829296e-05,265,6,L
899,266_PKB,0.0001276144903386,0.0001276144903386,265,6,L
900,269_H3,9.57495576585643e-05,9.57495576585643e-05,268,6,A
901,269_SCT,0.0,0.0,268,6,A
902,269_H2,0.0012528487714007,0.0012528487714007,268,6,A
903,269_PKB,0.0002029741153819,0.0002029741153819,268,6,A
904,270_PKB,0.0021878783591091,0.0021878783591091,269,6,G
905,270_NCI,0.0,0.0,269,6,G
906,270_SCT,0.0,0.0,269,6,G
907,270_H3,0.0,0.0,269,6,G
908,270_H2,0.0,0.0,269,6,G
909,271_H2,0.0002227635122835,0.0002227635122835,270,6,V
910,271_NCI,0.0,0.0,270,6,V
911,271_SCT,0.0,0.0,270,6,V
912,271_PKB,0.001276554656215,0.001276554656215,270,6,V
913,272_NCI,0.0,0.0,271,6,A
914,272_SCT,0.0,0.0,271,6,A
915,273_PKB,9.592476271791384e-05,9.592476271791384e-05,272,6,F
916,273_H2,6.232340820133686e-05,6.232340820133686e-05,272,6,F
917,273_H3,0.0,0.0,272,6,F
918,273_SCT,0.0,0.0,272,6,F
919,274_H2,0.0,0.0,273,6,Y
920,274_H3,1.2726281966024544e-05,1.2726281966024544e-05,273,6,Y
921,274_NCI,0.0,0.0,273,6,Y
922,274_PKB,0.0,0.0,273,6,Y
923,275_PKB,0.0342498086392879,0.0342498086392879,274,6,I
924,275_H2,0.0,0.0,274,6,I
925,275_H3,0.0,0.0,274,6,I
926,275_SCT,0.0,0.0,274,6,I
927,275_NCI,0.0004354478733148,0.0004354478733148,274,6,I
928,276_H2,6.730968743795529e-05,6.730968743795529e-05,275,CT/EC,F
929,276_SCT,0.0,0.0,275,CT/EC,F
930,276_PKB,9.113894520851318e-06,9.113894520851318e-06,275,CT/EC,F
931,276_NCI,9.957104339264332e-06,9.957104339264332e-06,275,CT/EC,F
932,277_PKB,0.0,0.0,276,CT/EC,T
933,277_SCT,0.0,0.0,276,CT/EC,T
934,277_H2,6.688965186185669e-06,6.688965186185669e-06,276,CT/EC,T
935,277_NCI,0.0,0.0,276,CT/EC,T
936,277_H3,0.0,0.0,276,CT/EC,T
937,278_H3,0.0,0.0,277,CT/EC,H
938,278_SCT,0.0,0.0,277,CT/EC,H
939,278_PKB,0.0,0.0,277,CT/EC,H
940,278_H2,2.8092328648199327e-05,2.8092328648199327e-05,277,CT/EC,H
941,278_NCI,0.0,0.0,277,CT/EC,H
942,279_SCT,0.0,0.0,278,CT/EC,Q
943,279_H3,0.0,0.0,278,CT/EC,Q
944,279_H2,0.0,0.0,278,CT/EC,Q
945,279_PKB,0.0,0.0,278,CT/EC,Q
946,279_NCI,0.0,0.0,278,CT/EC,Q
947,280_SCT,3.5986460716230795e-05,3.5986460716230795e-05,279,CT/EC,G
948,280_PKB,0.0,0.0,279,CT/EC,G
949,280_NCI,0.0,0.0,279,CT/EC,G
950,280_H2,0.0,0.0,279,CT/EC,G
951,280_H3,0.0,0.0,279,CT/EC,G
952,281_NCI,0.0,0.0,280,CT/EC,S
953,281_H3,0.0,0.0,280,CT/EC,S
954,281_H2,0.0,0.0,280,CT/EC,S
955,281_SCT,0.0,0.0,280,CT/EC,S
956,282_H3,0.0,0.0,281,CT/EC,D
957,282_SCT,0.0003103881608694,0.0003103881608694,281,CT/EC,D
958,282_H2,0.0004996075294911,0.0004996075294911,281,CT/EC,D
959,282_NCI,8.489008178003132e-05,8.489008178003132e-05,281,CT/EC,D
960,282_PKB,6.363228021655232e-05,6.363228021655232e-05,281,CT/EC,D
961,283_SCT,0.0,0.0,282,CT/EC,F
962,283_PKB,0.0,0.0,282,CT/EC,F
963,283_H2,0.0,0.0,282,CT/EC,F
964,283_NCI,0.0,0.0,282,CT/EC,F
965,284_SCT,0.0,0.0,283,CT/EC,G
966,284_NCI,0.0,0.0,283,CT/EC,G
967,284_H2,0.0,0.0,283,CT/EC,G
968,284_PKB,0.0,0.0,283,CT/EC,G
969,284_H3,0.0,0.0,283,CT/EC,G
970,285_H2,0.0388099215924739,0.0388099215924739,284,CT/EC,P
971,285_H3,0.0,0.0,284,CT/EC,P
972,285_PKB,0.0,0.0,284,CT/EC,P
973,285_SCT,0.0,0.0,284,CT/EC,P
974,285_NCI,0.0,0.0,284,CT/EC,P
975,286_PKB,0.0,0.0,285,CT/EC,I
976,286_H2,1.0,1.0,285,CT/EC,I
977,286_SCT,1.0,1.0,285,CT/EC,I
978,286_H3,0.0,0.0,285,CT/EC,I
979,286_NCI,1.957012136699632e-05,1.957012136699632e-05,285,CT/EC,I
980,287_NCI,0.0,0.0,286,CT/EC,F
981,287_H3,0.0,0.0,286,CT/EC,F
982,287_H2,0.0004369743692222,0.0004369743692222,286,CT/EC,F
983,287_PKB,4.617335071088746e-05,4.617335071088746e-05,286,CT/EC,F
984,287_SCT,0.0,0.0,286,CT/EC,F
985,288_NCI,0.0,0.0,287,7,M
986,288_H2,0.0,0.0,287,7,M
987,288_PKB,0.0,0.0,287,7,M
988,289_NCI,0.0,0.0,288,7,T
989,289_SCT,0.0,0.0,288,7,T
990,289_PKB,0.0002876102225854,0.0002876102225854,288,7,T
991,289_H3,0.0002876102225854,0.0002876102225854,288,7,T
992,290_PKB,0.0,0.0,289,7,I
993,290_NCI,0.0,0.0,289,7,I
994,290_H2,1.9079994672210887e-05,1.9079994672210887e-05,289,7,I
995,293_PKB,8.872709258866962e-06,8.872709258866962e-06,292,7,F
996,293_H3,1.270060511160409e-05,1.270060511160409e-05,292,7,F
997,294_SCT,0.0,0.0,293,7,F
998,294_NCI,0.0,0.0,293,7,F
999,294_PKB,0.0,0.0,293,7,F
1000,294_H2,0.0,0.0,293,7,F
1001,295_NCI,0.0,0.0,294,7,A
1002,295_H3,0.0,0.0,294,7,A
1003,295_H2,0.0,0.0,294,7,A
1004,295_PKB,0.0,0.0,294,7,A
1005,295_SCT,0.0,0.0,294,7,A
1006,297_PKB,0.0,0.0,296,7,T
1007,297_H2,0.0002133223606506,0.0002133223606506,296,7,T
1008,297_SCT,0.0,0.0,296,7,T
1009,298_NCI,0.0,0.0,297,7,S
1010,298_H2,0.0,0.0,297,7,S
1011,298_H3,0.0,0.0,297,7,S
1012,298_SCT,0.0,0.0,297,7,S
1013,298_PKB,0.0,0.0,297,7,S
1014,299_NCI,0.0001232455979334,0.0001232455979334,298,7,A
1015,299_H3,0.0,0.0,298,7,A
1016,299_H2,5.595185575657524e-05,5.595185575657524e-05,298,7,A
1017,299_PKB,0.0,0.0,298,7,A
1018,299_SCT,0.0,0.0,298,7,A
1019,300_NCI,3.3678024919936433e-05,3.3678024919936433e-05,299,7,V
1020,300_H2,0.0,0.0,299,7,V
1021,300_PKB,0.0,0.0,299,7,V
1022,303_H2,0.0,0.0,302,7,P
1023,303_PKB,0.0,0.0,302,7,P
1024,303_SCT,0.0,0.0,302,7,P
1025,303_NCI,0.0,0.0,302,7,P
1026,304_H2,1.1901205652975476e-05,1.1901205652975476e-05,303,7,V
1027,304_NCI,3.661107621155679e-05,3.661107621155679e-05,303,7,V
1028,307_SCT,0.0,0.0,306,7,I
1029,307_H3,0.0,0.0,306,7,I
1030,307_NCI,0.0,0.0,306,7,I
1031,307_H2,3.40079132001847e-05,3.40079132001847e-05,306,7,I
1032,307_PKB,0.0,0.0,306,7,I
1033,308_H2,0.0,0.0,307,7,M
1034,308_NCI,0.0005467737209983,0.0005467737209983,307,7,M
1035,308_SCT,0.0,0.0,307,7,M
1036,308_PKB,0.0,0.0,307,7,M
1037,309_H2,0.0,0.0,308,7,M
1038,309_NCI,0.0,0.0,308,7,M
1039,309_PKB,0.0,0.0,308,7,M
1040,311_PKB,0.0,0.0,310,CT/EC,K
1041,311_H3,0.0,0.0,310,CT/EC,K
1042,311_NCI,0.0,0.0,310,CT/EC,K
1043,314_PKB,0.0,0.0,313,CT/EC,R
1044,314_H2,0.0,0.0,313,CT/EC,R
1045,314_NCI,0.0,0.0,313,CT/EC,R
1046,314_SCT,0.0,0.0,313,CT/EC,R
1047,315_SCT,0.0,0.0,314,CT/EC,N
1048,315_H2,0.0,0.0,314,CT/EC,N
1049,315_H3,0.0,0.0,314,CT/EC,N
1050,315_PKB,0.0,0.0,314,CT/EC,N
1051,315_NCI,0.0,0.0,314,CT/EC,N
1052,317_PKB,0.0,0.0,316,CT/EC,M
1053,317_H2,0.0433861128985881,0.0433861128985881,316,CT/EC,M
1054,317_NCI,0.0,0.0,316,CT/EC,M
1055,318_SCT,0.0,0.0,317,CT/EC,V
1056,318_H2,5.795100514660589e-05,5.795100514660589e-05,317,CT/EC,V
1057,318_H3,0.0,0.0,317,CT/EC,V
1058,318_PKB,0.0,0.0,317,CT/EC,V
1059,318_NCI,0.0006655498873442,0.0006655498873442,317,CT/EC,V
1060,319_SCT,0.0,0.0,318,CT/EC,T
1061,319_H2,3.315888898214325e-05,3.315888898214325e-05,318,CT/EC,T
1062,319_NCI,0.1515598148107528,0.1515598148107528,318,CT/EC,T
1063,319_PKB,0.0,0.0,318,CT/EC,T
1064,320_H3,0.0,0.0,319,CT/EC,T
1065,320_NCI,0.0,0.0,319,CT/EC,T
1066,320_H2,0.0,0.0,319,CT/EC,T
1067,320_PKB,0.0,0.0,319,CT/EC,T
1068,320_SCT,0.0,0.0,319,CT/EC,T
1069,321_PKB,0.0,0.0,320,CT/EC,L
1070,321_H2,0.0,0.0,320,CT/EC,L
1071,321_SCT,0.0,0.0,320,CT/EC,L
1072,321_NCI,0.0,0.0,320,CT/EC,L
1073,322_H3,0.0,0.0,321,CT/EC,C
1074,322_PKB,0.0,0.0,321,CT/EC,C
1075,322_H2,0.0,0.0,321,CT/EC,C
1076,322_SCT,0.0,0.0,321,CT/EC,C
1077,322_NCI,0.0,0.0,321,CT/EC,C
1078,323_NCI,0.0,0.0,322,CT/EC,C
1079,323_PKB,0.0,0.0,322,CT/EC,C
1080,323_SCT,0.0,0.0,322,CT/EC,C
1081,323_H2,0.0,0.0,322,CT/EC,C
1082,323_H3,0.0,0.0,322,CT/EC,C
1083,324_NCI,0.0,0.0,323,CT/EC,G
1084,324_SCT,0.0,0.0,323,CT/EC,G
1085,324_PKB,0.0,0.0,323,CT/EC,G
1086,324_H2,0.0,0.0,323,CT/EC,G
1087,324_H3,8.368460839847103e-06,8.368460839847103e-06,323,CT/EC,G
1088,325_H2,0.0,0.0,324,CT/EC,K
1089,325_NCI,0.0,0.0,324,CT/EC,K
1090,325_SCT,0.0,0.0,324,CT/EC,K
1091,325_H3,9.786341252038255e-06,9.786341252038255e-06,324,CT/EC,K
1092,325_PKB,8.451591384073254e-06,8.451591384073254e-06,324,CT/EC,K
1093,326_H3,0.0,0.0,325,CT/EC,P
1094,326_NCI,9.194211997964883e-06,9.194211997964883e-06,325,CT/EC,P
1095,326_H2,0.0,0.0,325,CT/EC,P
1096,326_PKB,0.0,0.0,325,CT/EC,P
1097,327_SCT,0.0,0.0,326,CT/EC,L
1098,327_H3,0.0,0.0,326,CT/EC,L
1099,327_NCI,0.0,0.0,326,CT/EC,L
1100,327_H2,4.498670023167506e-06,4.498670023167506e-06,326,CT/EC,L
1101,328_H2,3.405493043828756e-05,3.405493043828756e-05,327,CT/EC,G
1102,328_NCI,0.0,0.0,327,CT/EC,G
1103,328_SCT,0.0,0.0,327,CT/EC,G
1104,328_H3,0.0,0.0,327,CT/EC,G
1105,328_PKB,0.0001047654950525,0.0001047654950525,327,CT/EC,G
1106,329_SCT,0.0,0.0,328,CT/EC,D
1107,329_H3,0.0,0.0,328,CT/EC,D
1108,329_NCI,0.0,0.0,328,CT/EC,D
1109,329_H2,0.0,0.0,328,CT/EC,D
1110,329_PKB,1.2958333172718994e-05,1.2958333172718994e-05,328,CT/EC,D
1111,330_NCI,0.0,0.0,329,CT/EC,D
1112,330_PKB,0.0,0.0,329,CT/EC,D
1113,330_H2,0.0,0.0,329,CT/EC,D
1114,330_H3,0.0,0.0,329,CT/EC,D
1115,330_SCT,0.0,0.0,329,CT/EC,D
1116,331_SCT,0.0,0.0,330,CT/EC,E
1117,331_H2,0.0,0.0,330,CT/EC,E
1118,331_H3,0.0,0.0,330,CT/EC,E
1119,331_PKB,0.0,0.0,330,CT/EC,E
1120,332_NCI,9.490090633335058e-06,9.490090633335058e-06,331,CT/EC,A
1121,332_SCT,0.0,0.0,331,CT/EC,A
1122,332_H2,0.0001687867188593,0.0001687867188593,331,CT/EC,A
1123,332_H3,0.0,0.0,331,CT/EC,A
1124,332_PKB,8.790389256319031e-05,8.790389256319031e-05,331,CT/EC,A
1125,333_PKB,0.0,0.0,332,CT/EC,S
1126,333_H2,0.0017059392994269,0.0017059392994269,332,CT/EC,S
1127,333_NCI,5.126836913404986e-05,5.126836913404986e-05,332,CT/EC,S
1128,333_H3,3.033268330909777e-05,3.033268330909777e-05,332,CT/EC,S
1129,334_PKB,0.0,0.0,NA,NA,-
1130,334_NCI,0.0,0.0,NA,NA,-
1131,334_H2,0.0,0.0,NA,NA,-
1132,334_H3,0.0,0.0,NA,NA,-
1133,334_SCT,0.0,0.0,NA,NA,-
1134,335_H2,0.0,0.0,333,CT/EC,T
1135,335_NCI,0.0,0.0,333,CT/EC,T
1136,335_SCT,0.0,0.0,333,CT/EC,T
1137,335_PKB,0.0004684886953327,0.0004684886953327,333,CT/EC,T
1138,335_H3,0.0,0.0,333,CT/EC,T
1139,336_H2,1.540995617688168e-05,1.540995617688168e-05,334,CT/EC,T
1140,336_H3,5.499987310031429e-05,5.499987310031429e-05,334,CT/EC,T
1141,336_SCT,0.0,0.0,334,CT/EC,T
1142,336_NCI,2.824066541506909e-05,2.824066541506909e-05,334,CT/EC,T
1143,337_SCT,0.0,0.0,335,CT/EC,V
1144,337_NCI,0.0022308197803795,0.0022308197803795,335,CT/EC,V
1145,337_PKB,3.642679803306237e-05,3.642679803306237e-05,335,CT/EC,V
1146,337_H3,0.0034218369983136,0.0034218369983136,335,CT/EC,V
1147,338_PKB,0.0,0.0,336,CT/EC,S
1148,338_SCT,0.0,0.0,336,CT/EC,S
1149,338_H2,7.492002623621374e-06,7.492002623621374e-06,336,CT/EC,S
1150,338_NCI,0.0,0.0,336,CT/EC,S
1151,338_H3,0.0,0.0,336,CT/EC,S
1152,339_H3,7.527662819484249e-05,7.527662819484249e-05,337,CT/EC,K
1153,339_SCT,0.0,0.0,337,CT/EC,K
1154,339_PKB,0.0,0.0,337,CT/EC,K
1155,340_PKB,0.0,0.0,338,CT/EC,T
1156,340_H2,0.0,0.0,338,CT/EC,T
1157,340_H3,0.0,0.0,338,CT/EC,T
1158,340_NCI,0.0,0.0,338,CT/EC,T
1159,340_SCT,0.0,0.0,338,CT/EC,T
1160,341_PKB,0.0,0.0,339,CT/EC,E
1161,341_H3,0.0,0.0,339,CT/EC,E
1162,341_SCT,0.000117304844025,0.000117304844025,339,CT/EC,E
1163,342_SCT,0.0,0.0,NA,NA,-
1164,342_H3,0.0001019035917124,0.0001019035917124,NA,NA,-
1165,342_H2,6.838869012426585e-05,6.838869012426585e-05,NA,NA,-
1166,342_PKB,0.0,0.0,NA,NA,-
1167,343_SCT,0.0,0.0,NA,NA,-
1168,343_H3,0.0,0.0,NA,NA,-
1169,343_H2,0.0,0.0,NA,NA,-
1170,343_PKB,0.0,0.0,NA,NA,-
1171,343_NCI,0.0,0.0,NA,NA,-
1172,344_NCI,0.0,0.0,NA,NA,-
1173,344_SCT,0.0,0.0,NA,NA,-
1174,344_PKB,0.0,0.0,NA,NA,-
1175,344_H3,0.0,0.0,NA,NA,-
1176,345_NCI,0.0,0.0,NA,NA,-
1177,345_H2,0.0,0.0,NA,NA,-
1178,345_H3,0.0,0.0,NA,NA,-
1179,345_PKB,0.0,0.0,NA,NA,-
1180,345_SCT,0.0,0.0,NA,NA,-
1181,346_SCT,0.0,0.0,NA,NA,-
1182,346_PKB,0.0,0.0,NA,NA,-
1183,346_H3,0.0,0.0,NA,NA,-
1184,346_H2,0.0,0.0,NA,NA,-
1185,346_NCI,0.0,0.0,NA,NA,-
1186,347_NCI,4.779988012160175e-05,4.779988012160175e-05,340,CT/EC,T
1187,347_H2,2.408415821264498e-05,2.408415821264498e-05,340,CT/EC,T
1188,347_H3,0.0,0.0,340,CT/EC,T
1189,347_PKB,0.0,0.0,340,CT/EC,T
1190,347_SCT,0.0,0.0,340,CT/EC,T
1191,349_NCI,0.0,0.0,342,CT/EC,Q
1192,349_SCT,0.0,0.0,342,CT/EC,Q
1193,349_H2,0.0,0.0,342,CT/EC,Q
1194,351_NCI,4.508757228904869e-06,4.508757228904869e-06,344,CT/EC,A
1195,351_SCT,0.0,0.0,344,CT/EC,A
1196,351_H2,6.915318226674572e-05,6.915318226674572e-05,344,CT/EC,A
1197,351_PKB,1.0049771844933277e-05,1.0049771844933277e-05,344,CT/EC,A
1198,352_H2,0.0,0.0,345,CT/EC,P
1199,352_NCI,0.0,0.0,345,CT/EC,P
1200,352_H3,0.0,0.0,345,CT/EC,P
1201,352_SCT,0.0,0.0,345,CT/EC,P
1202,352_PKB,0.0,0.0,345,CT/EC,P
1203,353_SCT,3.8214679079828784e-05,3.8214679079828784e-05,346,CT/EC,A
1204,353_H3,0.0009564645006321,0.0009564645006321,346,CT/EC,A
1205,353_NCI,0.0,0.0,346,CT/EC,A
1206,353_H2,0.0,0.0,346,CT/EC,A
