,feature,rf,gbc,et,mean,true_position,TMD,amino_acid
0,1,0.0424722416079649,0.1546724875785433,0.001021486301807,0.0660554051627717,1,CT/EC,L
1,2,0.0343560129823576,0.0552377472791221,0.0,0.0298645867538265,2,CT/EC,A
2,3,0.2382545355455091,0.1696140083519373,0.3333339009217362,0.2470674816063942,3,N-Termina,E
3,4,0.0133169425728844,0.0051093842018382,0.0002674619462173,0.00623126290698,4,N-Termina,P
4,5,0.3280421204518389,0.2544100536300988,0.5,0.3608173913606459,5,N-Termina,W
5,6,0.0045119028813264,0.0010166521065931,0.0001324277273873,0.0018869942384356,6,N-Termina,Q
6,7,0.0,0.0,0.0,0.0,7,N-Termina,F
7,8,0.0262189204579538,0.0043720627221601,0.0004379314430981,0.0103429715410707,8,N-Termina,S
8,9,0.2390020421248454,0.1810287603561368,0.3333339009217362,0.2511215678009061,9,N-Termina,M
9,10,0.6541340655173434,0.5088201072601977,1.0,0.7209847242591804,10,N-Termina,L
10,11,0.0267895576749927,0.0379037645748142,0.0006521935385307,0.0217818385961125,11,N-Termina,A
11,12,0.0111710615462305,0.0054506522184578,0.0011275210327141,0.0059164115991341,12,N-Termina,A
12,13,0.0074617260844508,0.0004439819709931,0.0002874788889027,0.0027310623147822,13,N-Termina,Y
13,14,0.0,0.0,0.0,0.0,14,N-Termina,M
14,15,0.3202934129281582,0.0067872699783904,1.4505036962702609e-06,0.1090273778034149,15,N-Termina,F
15,16,0.0414282944539437,0.109157461695067,7.611182606055842e-05,0.0502206226583571,16,N-Termina,L
16,17,0.3497180262966498,0.3099429913789315,0.5,0.3865536725585271,17,N-Termina,L
17,18,0.0257025862874123,0.0,0.0,0.0085675287624707,18,N-Termina,I
18,19,0.1171367061862765,0.0262882720236964,0.0001124060281589,0.0478457947460439,19,N-Termina,M
19,20,0.0263618889735659,0.0055433165069338,2.898525653120588e-06,0.0106360346687176,20,N-Termina,L
20,21,0.0,0.0,0.0,0.0,21,N-Termina,G
21,22,0.0446849219076818,0.0081147152144401,3.3799101074775758e-06,0.0176010056774098,22,N-Termina,F
22,23,0.0303096670414226,0.0159679545081095,2.1530668721878516e-05,0.015433050739418,23,N-Termina,P
23,24,0.6693353636536855,0.260589249518296,0.5000111429568922,0.4766452520429579,24,N-Termina,I
24,25,0.0,0.0,0.0,0.0,25,N-Termina,N
25,26,0.0157967099621507,0.0142951526766971,8.198499152831906e-07,0.010030894162921,26,N-Termina,F
26,27,0.7969826504270107,0.008058276676567,0.0,0.2683469757011926,27,N-Termina,L
27,28,0.6541340655173434,0.5088201072601977,1.0,0.7209847242591804,28,N-Termina,T
28,29,0.0,0.0,0.0,0.0,29,N-Termina,K
29,30,0.0,0.0,0.0,0.0,30,N-Termina,L
30,31,0.0,0.0,0.0,0.0,31,N-Termina,R
31,32,0.6541340655173434,0.5088201072601977,1.0,0.7209847242591804,32,N-Termina,T
32,33,0.6541340655173434,0.5088201072601977,1.0,0.7209847242591804,33,N-Termina,P
33,34,0.0,0.0,0.0,0.0,34,N-Termina,L
34,35,0.0,0.0,0.0,0.0,35,N-Termina,N
35,36,0.0,0.0,0.0,0.0,36,N-Termina,Y
36,37,0.0,0.0,0.0,0.0,37,1,I
37,38,0.0,0.0,0.0,0.0,38,1,L
38,39,0.0,0.0,0.0,0.0,39,1,L
39,40,0.0,0.0,0.0,0.0,40,1,N
40,41,0.3378499460323225,0.2562723850662292,0.5007327913949399,0.3649517074978305,41,1,L
41,42,0.0921384472858585,0.0116928862443902,7.7255088170916e-06,0.0346130196796886,42,1,A
42,43,0.046788800099628,0.0085236748828475,0.000345743218681,0.0185527394003855,43,1,V
43,44,0.0264144923606339,0.0077654931020365,4.5942025402431794e-05,0.0114086424960243,44,1,A
44,45,0.6541340655173434,0.5088201072601977,1.0,0.7209847242591804,45,1,D
45,46,0.2222016358129646,0.0258312234518333,0.0070759844152088,0.0850362812266689,46,1,L
46,47,0.0338899467468228,0.017405991121152,9.703274961716052e-05,0.017130990205864,47,1,F
47,48,1.0,0.6729350100004357,0.4143183146374395,0.6957511082126251,48,1,M
48,49,0.0491941651108184,0.001000755354063,0.0001161553454285,0.0167703586034366,49,1,V
49,50,0.0098324859431739,0.0025797064091665,2.152242279934859e-06,0.0041381148648734,50,1,F
50,51,0.0194594100096926,0.0051796451879963,3.121736215885994e-06,0.0082140589779682,51,1,G
51,52,0.5753988802595041,0.3727759925012675,0.5337132273329396,0.493962700031237,52,1,G
52,53,0.5374786949169257,1.0,0.500008957254483,0.6791625507238029,53,1,F
53,54,0.0186038407065843,0.0,0.0,0.0062012802355281,54,1,T
54,55,0.1792777583039823,0.1217411905539865,0.005125122717052,0.1020480238583402,55,1,T
55,56,0.2254469147825312,0.1704413406461096,0.3333343312845479,0.2430741955710629,56,1,T
56,57,0.009214741610717,0.0096629945288289,0.0,0.006292578713182,57,1,L
57,58,0.0126576016134651,2.1010796761370684e-05,1.1745926670841344e-06,0.0042265956676312,58,1,G
58,59,0.0,0.0,0.0,0.0,59,1,Y
59,60,0.0125457388890318,0.000890885870448,0.0,0.0044788749198266,60,1,F
60,61,0.03633304191788,0.0117888184752349,0.0003938235046398,0.0161718946325849,61,1,V
61,62,0.0498151417907519,0.0040341383380105,6.604919861413545e-05,0.0179717764424588,62,CT/EC,F
62,63,0.0,0.0,0.0,0.0,63,CT/EC,G
63,64,0.0091884940405586,0.0074076969569592,0.0005440470270541,0.0057134126748573,64,CT/EC,P
64,65,0.0444183315785866,0.0150120355083212,0.0047260410258775,0.0213854693709284,65,CT/EC,T
65,66,0.0768684094740464,0.0587063927094258,0.0184381385902844,0.0513376469245855,66,CT/EC,G
66,67,0.0,0.0,0.0,0.0,67,CT/EC,C
67,68,0.0890033821757324,0.0001401469374835,0.0,0.0297145097044053,68,CT/EC,N
68,69,0.3034689330611209,0.3365263452123136,0.0040122521033939,0.2146691767922761,69,CT/EC,L
69,70,0.4721910056961116,0.3791601703512678,0.0447768103676712,0.2987093288050169,70,CT/EC,E
70,71,0.2991765621327508,0.1888275261017059,2.135222236791923e-05,0.1626751468189415,71,CT/EC,G
71,72,0.0125457388890318,0.000890885870448,0.0,0.0044788749198266,72,CT/EC,F
72,73,0.0779665986553521,0.0354563133533401,0.0064348133620957,0.039952575123596,73,CT/EC,F
73,74,0.3321080660494565,0.2544100536300988,0.50000066218647,0.362172927288675,74,2,A
74,75,0.2291322314314719,0.1565803292039519,0.0135325193433419,0.1330816933262552,75,2,T
75,76,0.0750787160705015,0.0333235908179824,0.0010261563853422,0.0364761544246087,76,2,L
76,77,0.1415086693497858,0.0181752511470768,0.0,0.0532279734989541,77,2,G
77,78,0.0,0.0,0.0,0.0,78,2,G
78,79,0.6541340655173434,0.5088201072601977,1.0,0.7209847242591804,79,2,E
79,80,0.0,0.0,0.0,0.0,80,2,I
80,81,0.3298222630494454,0.2600964002084855,0.5000004598517153,0.363306374369882,81,2,A
81,82,0.6541340655173434,0.5088201072601977,1.0,0.7209847242591804,82,2,L
82,83,0.0,0.0,0.0,0.0,83,2,W
83,84,0.0,0.0,0.0,0.0,84,2,S
84,85,0.0,0.0,0.0,0.0,85,2,L
85,86,0.0061782262002133,0.0002802938749671,0.0,0.0021528400250601,86,2,V
86,87,0.0645060728584673,0.0002472797671763,0.0,0.0215844508752145,87,2,V
87,88,0.3293629960885834,0.2567160867238249,0.5000010878777722,0.3620267235633935,88,2,L
88,89,0.0,0.0,0.0,0.0,89,2,A
89,90,0.0100820665815694,0.0,1.3243729400728466e-06,0.0033611303181698,90,2,I
90,91,0.0,0.0,0.0,0.0,91,2,E
91,92,0.0,0.0,0.0,0.0,92,2,R
92,93,0.1254680322625817,0.5666453493955089,1.040578738628665e-06,0.2307048074122764,93,2,Y
93,94,0.3401264408847911,0.2547736225533755,0.500002736117706,0.3649675998519575,94,2,V
94,95,0.0,0.0,0.0,0.0,95,2,V
95,96,0.0,0.0,0.0,0.0,96,CT/EC,V
96,97,0.0,0.0,0.0,0.0,97,CT/EC,C
97,98,0.0,0.0,0.0,0.0,98,CT/EC,K
98,99,0.0,0.0,0.0,0.0,99,CT/EC,P
99,100,0.3432211524831474,0.2660185143827575,0.5002292709014045,0.3698229792557697,100,CT/EC,M
100,101,0.0,0.0,0.0,0.0,101,CT/EC,S
101,102,0.0143235064468441,0.0059717542786318,3.3131221202511096e-06,0.006766191282532,102,CT/EC,N
102,103,0.0204580872611142,0.0090395063110849,6.437924014242999e-06,0.0098346771654044,103,CT/EC,F
103,104,0.0591507520384835,0.0122567284099342,0.0003368747535553,0.0239147850673244,104,CT/EC,R
104,105,0.0,0.0,0.0,0.0,105,CT/EC,F
105,106,4.92605548220927e-07,0.0003862362579176,0.0,0.0001289096211552,106,CT/EC,H
106,107,0.0,0.0,0.0,0.0,107,CT/EC,A
107,108,0.2281219462719657,0.171130556838999,0.3333333333333333,0.244195278814766,108,CT/EC,I
108,109,0.0181362707055113,0.0188256510351814,1.2012912728112163e-05,0.0123246448844736,109,CT/EC,M
109,110,0.0140556386095968,0.0089068545474649,7.452915621360808e-06,0.0076566486908943,110,CT/EC,G
110,111,0.6541340655173434,0.5088201072601977,1.0,0.7209847242591804,111,3,V
111,112,0.0150764535409103,0.0031775431740558,4.830304315241082e-06,0.0060862756730938,112,3,A
112,113,0.0105312174718357,0.0027786578816169,2.1623249546294347e-05,0.0044438328676663,113,3,F
113,114,0.0002626798675384,4.890216414718728e-06,1.5135690743689676e-06,8.969455100919515e-05,114,3,T
114,115,0.0,0.0,0.0,0.0,115,3,W
115,116,0.0274794606356553,0.0131584008942059,7.672954335342677e-07,0.0135462096084316,116,3,V
116,117,0.1725171417894103,0.1273233954453957,0.2500003547427518,0.1832802973258526,117,3,M
117,118,0.1274384702917797,0.2443559552400664,3.2478669720834072e-06,0.123932557799606,118,3,A
118,119,0.6845366617900277,0.0123583917763943,2.228591378433318e-05,0.2323057798267354,119,3,L
119,120,0.1515960186458058,0.0841174397325644,0.0001313831542234,0.0786149471775312,120,3,A
120,121,0.054517497016427,0.0003049051626118,0.0,0.0182741340596796,121,3,C
121,122,0.0466169953499817,0.0139498499002154,9.699506603559353e-05,0.0202212801054109,122,3,A
122,123,0.04268694518469,0.0091866996402272,6.41756807618706e-05,0.0173126068352263,123,3,A
123,124,0.0,0.0,0.0,0.0,124,3,P
124,125,0.0,0.0,0.0,0.0,125,3,P
125,126,0.6541340655173434,0.5088201072601977,1.0,0.7209847242591804,126,3,L
126,127,0.0,0.0,0.0,0.0,127,3,V
127,128,0.0,0.0,0.0,0.0,128,3,G
128,129,0.0,0.0,0.0,0.0,129,3,W
129,130,0.0,0.0,0.0,0.0,130,3,S
130,131,0.0,0.0,0.0,0.0,131,3,R
131,132,0.0188805105020109,0.0236690432571618,0.0010894205494408,0.0145463247695378,132,3,Y
132,133,0.0148121355320437,0.0232250483279209,0.0,0.0126790612866549,133,CT/EC,I
133,134,0.0,0.0,0.0,0.0,134,CT/EC,P
134,135,0.0,0.0,0.0,0.0,135,CT/EC,E
135,136,0.0,0.0,0.0,0.0,136,CT/EC,G
136,137,0.0192264796895217,0.0006641376654629,3.102466239236973e-06,0.0066312399404079,137,CT/EC,M
137,138,0.0125457388890318,0.000890885870448,0.0,0.0044788749198266,138,CT/EC,Q
138,139,4.92605548220927e-07,0.0003862362579176,0.0,0.0001289096211552,139,CT/EC,C
139,140,4.92605548220927e-07,0.0003862362579176,0.0,0.0001289096211552,140,CT/EC,S
140,141,0.0,0.0,0.0,0.0,141,CT/EC,C
141,142,0.0,0.0,0.0,0.0,142,CT/EC,G
142,143,0.0,0.0,0.0,0.0,143,CT/EC,I
143,144,0.0,0.0,0.0,0.0,144,CT/EC,D
144,145,0.0,0.0,0.0,0.0,145,CT/EC,Y
145,146,0.0,0.0,0.0,0.0,146,CT/EC,Y
146,147,0.0,0.0,0.0,0.0,147,CT/EC,T
147,148,0.4571921098125311,0.2019116961843728,0.3333333333333333,0.3308123797767457,148,CT/EC,P
148,149,0.0149639551156783,0.010874049116302,1.844662309387179e-06,0.0086132829647632,149,CT/EC,H
149,150,0.6857879184160226,0.3026744261476004,0.5,0.496154114854541,150,CT/EC,E
150,151,0.0445289211743867,0.0003625305580473,0.0,0.0149638172441447,151,CT/EC,E
151,152,0.0186147461142502,0.0048463457885267,5.202893693143321e-07,0.007820537397382,152,CT/EC,T
152,153,0.0515072666785758,0.0060717816393709,0.0,0.0191930161059822,153,4,N
153,154,0.7174417713147018,0.0965287450350031,0.0,0.2713235054499016,154,4,N
154,155,0.0,0.0,0.0,0.0,155,4,E
155,156,0.0172679361995204,0.0730068171018247,1.8919613429612096e-06,0.0300922150875627,156,4,S
156,157,0.0,0.0,0.0,0.0,157,4,F
157,158,0.6541340655173434,0.5088201072601977,1.0,0.7209847242591804,158,4,V
158,159,0.2511924489240802,0.0328909256492195,6.478799722237989e-07,0.0946946741510906,159,4,I
159,160,0.0061782262002133,0.0002802938749671,0.0,0.0021528400250601,160,4,Y
160,161,0.0,0.0,0.0,0.0,161,4,M
161,162,0.0002151850645465,0.0049769898855921,0.0,0.0017307249833795,162,4,F
162,163,0.2517960722231927,0.0323775869968161,0.0,0.0947245530733363,163,4,V
163,164,0.0133501357945395,0.0007116530576598,0.0,0.0046872629507331,164,4,V
164,165,0.0061782262002133,0.0002802938749671,0.0,0.0021528400250601,165,4,H
165,166,0.0,0.0,0.0,0.0,166,4,F
166,167,0.0755953467937252,0.21971934348783,2.0621064776233453e-06,0.0984389174626776,167,4,I
167,168,0.0406307903621998,0.0348408836309568,0.0,0.0251572246643855,168,4,I
168,169,0.0,0.0,0.0,0.0,169,4,P
169,170,0.0082310347777685,0.0112746884275774,0.0,0.0065019077351153,170,4,L
170,171,0.0093174243680682,0.0006116077416881,4.835012320900865e-07,0.0033098385369961,171,4,I
171,172,0.0059932966054325,0.0001694550758434,0.0001211192853402,0.0020946236555387,172,4,V
172,173,0.0061782262002133,0.0002802938749671,0.0,0.0021528400250601,173,4,I
173,174,0.0373342299692892,0.0005008363287915,3.951157417095603e-05,0.0126248592907505,174,CT/EC,F
174,175,0.0,0.0,0.0,0.0,175,CT/EC,F
175,176,0.0774360253419352,0.0190383328967126,2.08115747725733e-06,0.0321588131320417,176,CT/EC,C
176,177,0.0,0.0,0.0,0.0,177,CT/EC,Y
177,178,0.0241401699060867,0.0146645292055525,8.601197869229347e-06,0.0129377667698361,178,CT/EC,G
178,179,0.0126042341992841,0.0084009951084439,6.437924014242999e-06,0.0070038890772474,179,CT/EC,Q
179,180,0.0,0.0,0.0,0.0,180,CT/EC,L
180,181,0.0,0.0,0.0,0.0,181,CT/EC,V
181,182,0.0194828342539891,0.003892694345194,0.0005764514897243,0.0079839933629691,182,CT/EC,F
182,183,0.0570942538305146,0.0066176209449333,9.068275825776565e-06,0.0212403143504245,183,CT/EC,T
183,184,0.0,0.0,0.0,0.0,184,CT/EC,V
184,185,0.0050368309679372,0.0002068876134132,0.0,0.0017479061937834,185,CT/EC,K
185,186,0.0071997756972255,0.0009936244666766,1.3401392845975232e-06,0.0027315801010622,186,CT/EC,E
186,187,0.0774360253419352,0.0190383328967126,2.08115747725733e-06,0.0321588131320417,187,CT/EC,A
187,188,0.0,0.0,0.0,0.0,188,CT/EC,A
188,189,0.6541340655173434,0.5088201072601977,1.0,0.7209847242591804,189,CT/EC,A
189,190,0.0774360253419352,0.0190383328967126,2.08115747725733e-06,0.0321588131320417,190,CT/EC,Q
190,191,0.0,0.0,0.0,0.0,191,CT/EC,Q
191,192,0.371572178801057,0.0482643725175015,0.0,0.1399455171061862,192,CT/EC,Q
192,193,0.0151472564736179,0.002306033093726,1.0878777722026952e-06,0.0058181258150387,193,CT/EC,E
193,194,0.0,0.0,0.0,0.0,194,CT/EC,S
194,195,0.0,0.0,0.0,0.0,195,CT/EC,A
195,196,0.0935278583358983,0.0029648585291932,0.0013560072007646,0.0326162413552854,196,CT/EC,T
196,197,0.0,0.0,0.0,0.0,197,CT/EC,T
197,198,0.0,0.0,0.0,0.0,198,CT/EC,Q
198,199,0.0,0.0,0.0,0.0,199,CT/EC,K
199,200,0.0,0.0,0.0,0.0,200,CT/EC,A
200,201,0.0,0.0,0.0,0.0,201,CT/EC,E
201,202,0.0,0.0,0.0,0.0,202,CT/EC,K
202,203,0.0,0.0,0.0,0.0,203,5,E
203,204,0.0,0.0,0.0,0.0,204,5,V
204,205,0.6541340655173434,0.5088201072601977,1.0,0.7209847242591804,205,5,T
205,206,0.0082242013723418,0.0025905959500739,0.0007457374840544,0.0038535116021567,206,5,R
206,207,0.0,0.0,0.0,0.0,207,5,M
207,208,0.0,0.0,0.0,0.0,208,5,V
208,209,0.0208033259300828,0.0181218331333145,0.0005221802079031,0.0131491130904335,209,5,I
209,210,0.0,0.0,0.0,0.0,210,5,V
210,211,0.2439926252578814,0.1268960767968799,1.7489693571986544e-06,0.1236301503413728,211,5,I
211,212,0.6541340655173434,0.5088201072601977,1.0,0.7209847242591804,212,5,A
212,213,0.0,0.0,0.0,0.0,213,5,F
213,214,0.3333399022031876,0.2548554965653228,0.5,0.3627317995895034,214,5,L
214,215,0.0457683252295606,0.0501181977361892,1.0878777722026954e-06,0.0319625369478407,215,5,I
215,216,0.0,0.0,0.0,0.0,216,5,C
216,217,0.6541340655173434,0.5088201072601977,1.0,0.7209847242591804,217,5,W
217,218,0.2420370039949946,0.0368540427912098,2.12741603826749e-05,0.0929707736488623,218,5,L
218,219,0.0,0.0,0.0,0.0,219,5,P
219,220,0.0,0.0,0.0,0.0,220,5,Y
220,221,0.0097068510793589,0.005273334406389,0.00018843170547,0.005056205730406,221,5,A
221,222,0.0551600945358518,0.0123757276785418,0.0002598350322527,0.0225985524155488,222,5,G
222,223,0.0337754909662172,0.0119336326577752,0.0001589830166184,0.0152893688802036,223,5,V
223,224,0.0115050951257562,0.0,0.0,0.0038350317085854,224,5,A
224,225,0.1368358893759549,0.0100193484753442,0.0012586533733032,0.0493712970748674,225,CT/EC,F
225,226,0.6541340655173434,0.5088201072601977,1.0,0.7209847242591804,226,CT/EC,Y
226,227,0.4050864713958229,0.1616415631719716,0.0092713349355156,0.1919997898344367,227,CT/EC,I
227,228,0.002498297806137,0.0001532009587812,1.1351768057767243e-06,0.000884211313908,228,CT/EC,F
228,229,0.006510187757753,0.0030370835692626,2.650497696203989e-06,0.0031833072749039,229,CT/EC,T
229,230,0.0321702763953827,0.0059731208446327,1.0090460495793109e-06,0.012714802095355,230,CT/EC,H
230,231,0.0209951354140039,0.0001763217909306,0.0,0.0070571524016448,231,CT/EC,Q
231,232,0.2354649707872732,0.1742302135141401,0.3333407619712614,0.2476786487575582,232,CT/EC,G
232,233,0.1842004918843756,0.0241387365374284,5.439388861013477e-07,0.0694465907868967,233,CT/EC,S
233,234,0.203440805051756,0.0245108950719712,3.31859654543672e-05,0.0759949620297272,234,CT/EC,D
234,235,0.0735672596977717,0.0049284122009392,0.0,0.026165223966237,235,CT/EC,F
235,236,0.0,0.0,0.0,0.0,236,CT/EC,G
236,237,0.0191241625882221,0.000445442935224,0.0,0.0065232018411487,237,CT/EC,P
237,238,0.0005248748358215,0.0,0.0,0.0001749582786071,238,CT/EC,I
238,239,0.0168283052125775,0.0044688575181506,0.0,0.007099054243576,239,CT/EC,F
239,240,0.6541340655173434,0.5088201072601977,1.0,0.7209847242591804,240,CT/EC,M
240,241,0.0566059220048528,0.2613844125859778,7.43053484409024e-05,0.1060215466464238,241,CT/EC,T
241,242,0.0,0.0,0.0,0.0,242,CT/EC,I
242,243,0.0,0.0,0.0,0.0,243,CT/EC,P
243,244,0.1903797895208541,0.0004107770641289,7.445218247694683e-07,0.0635971037022692,244,CT/EC,A
244,245,0.3983165304901889,0.491715253340977,0.5,0.463343927943722,245,CT/EC,F
245,246,0.0055901477535653,0.0,0.0002889609252881,0.0019597028929511,246,CT/EC,F
246,247,0.0100820665815694,0.0,1.3243729400728466e-06,0.0033611303181698,247,CT/EC,A
247,248,0.0,0.0,0.0,0.0,248,CT/EC,K
248,249,0.0614217585642049,0.0021709439238465,0.0196478344311723,0.0277468456397412,249,CT/EC,T
249,250,0.0,0.0,0.0,0.0,250,CT/EC,S
250,251,0.6541340655173434,0.5088201072601977,1.0,0.7209847242591804,251,CT/EC,A
251,252,0.0,0.0,0.0,0.0,252,CT/EC,V
252,253,0.0,0.0,0.0,0.0,253,6,Y
253,254,0.0,0.0,0.0,0.0,254,6,N
254,255,0.0,0.0,0.0,0.0,255,6,P
255,256,0.3277453205856262,0.2551674509118368,0.5,0.3609709238324877,256,6,V
256,257,0.0,0.0,0.0,0.0,257,6,I
257,258,0.0,0.0,0.0,0.0,258,6,Y
258,259,0.2351610206001423,0.1815243473526236,0.333632526422613,0.250105964791793,259,6,I
259,260,0.6541340655173434,0.5088201072601977,1.0,0.7209847242591804,260,6,M
260,261,0.0008385039709628,0.0,2.270353611553452e-06,0.0002802581081914,261,6,M
261,262,0.0,0.0,0.0,0.0,262,6,N
262,263,0.0,0.0,0.0,0.0,263,6,K
263,264,0.0,0.0,0.0,0.0,264,6,Q
264,265,0.0,0.0,0.0,0.0,265,6,F
265,266,0.0796705598013869,0.000284081378556,0.0,0.0266515470599809,266,6,R
266,267,0.6541340655173434,0.5088201072601977,1.0,0.7209847242591804,267,6,N
267,268,0.0,0.0,0.0,0.0,268,6,C
268,269,0.6541340655173434,0.5088201072601977,1.0,0.7209847242591804,269,6,M
269,270,0.0,0.0,0.0,0.0,270,6,V
270,271,0.2114726973027018,0.1494838521931297,1.0405787386286649e-06,0.1203191966915234,271,6,T
271,272,0.0391345522702517,0.0088444065102886,7.725508817091599e-06,0.0159955614297858,272,6,T
